ISO-10303-21;
HEADER;
FILE_DESCRIPTION(('Open CASCADE Model'),'2;1');
FILE_NAME('Open CASCADE Shape Model','2026-08-09T10:42:59',('Author'),(
    'Open CASCADE'),'Open CASCADE STEP processor 7.9','Open CASCADE 7.9'
  ,'Unknown');
FILE_SCHEMA(('AUTOMOTIVE_DESIGN { 1 0 10303 214 1 1 1 1 }'));
ENDSEC;
DATA;
#1 = APPLICATION_PROTOCOL_DEFINITION('international standard',
  'automotive_design',2000,#2);
#2 = APPLICATION_CONTEXT(
  'core data for automotive mechanical design processes');
#3 = SHAPE_DEFINITION_REPRESENTATION(#4,#10);
#4 = PRODUCT_DEFINITION_SHAPE('','',#5);
#5 = PRODUCT_DEFINITION('design','',#6,#9);
#6 = PRODUCT_DEFINITION_FORMATION('','',#7);
#7 = PRODUCT('Open CASCADE STEP translator 7.9 9',
  'Open CASCADE STEP translator 7.9 9','',(#8));
#8 = PRODUCT_CONTEXT('',#2,'mechanical');
#9 = PRODUCT_DEFINITION_CONTEXT('part definition',#2,'design');
#10 = ADVANCED_BREP_SHAPE_REPRESENTATION('',(#11,#15),#17869);
#11 = AXIS2_PLACEMENT_3D('',#12,#13,#14);
#12 = CARTESIAN_POINT('',(0.,0.,0.));
#13 = DIRECTION('',(0.,0.,1.));
#14 = DIRECTION('',(1.,0.,-0.));
#15 = MANIFOLD_SOLID_BREP('',#16);
#16 = CLOSED_SHELL('',(#17,#105,#140,#1494,#1549,#1625,#1679,#1729,#1778
    ,#1827,#1877,#1927,#1954,#2009,#2064,#2119,#2174,#2229,#2284,#2339,
    #2394,#2449,#2504,#2559,#2614,#2669,#2724,#2779,#2834,#2889,#2944,
    #2999,#3054,#3109,#3164,#3219,#3274,#3329,#3384,#3439,#3494,#3549,
    #3604,#3659,#3714,#3769,#3824,#3879,#3934,#3963,#4208,#4243,#4278,
    #4313,#4348,#4383,#4418,#4453,#4488,#4523,#4558,#4593,#4628,#4663,
    #4698,#4733,#4768,#4803,#4838,#4873,#4908,#4943,#4978,#5013,#5048,
    #5083,#5118,#5153,#5188,#5223,#5258,#5293,#5328,#5363,#5398,#5433,
    #5468,#5544,#5598,#5648,#5697,#5746,#5796,#5846,#5873,#5928,#5983,
    #6038,#6093,#6148,#6203,#6258,#6313,#6368,#6423,#6478,#6533,#6588,
    #6643,#6698,#6753,#6808,#6863,#6918,#6973,#7028,#7083,#7138,#7193,
    #7248,#7303,#7358,#7413,#7468,#7523,#7578,#7633,#7688,#7743,#7798,
    #7853,#8098,#8127,#8156,#8185,#8214,#8243,#8272,#8301,#8330,#8359,
    #8388,#8417,#8446,#8475,#8504,#8533,#8562,#8591,#8620,#8649,#8678,
    #8707,#8736,#8765,#8794,#8823,#8852,#8881,#8910,#8939,#8968,#8997,
    #9026,#9055,#9084,#9113,#9142,#9218,#9272,#9322,#9371,#9420,#9470,
    #9520,#9547,#9792,#9868,#9922,#9972,#10021,#10070,#10120,#10170,
    #10197,#10442,#10518,#10572,#10622,#10671,#10720,#10770,#10820,
    #10847,#11154,#11230,#11284,#11334,#11383,#11432,#11482,#11532,
    #11559,#11609,#11659,#11910,#11986,#12040,#12090,#12139,#12188,
    #12238,#12288,#12315,#12560,#12636,#12686,#12735,#12785,#12834,
    #12884,#12933,#12965,#13198,#13275,#13324,#13374,#13423,#13473,
    #13522,#13576,#13603,#14761,#14816,#14871,#14926,#14981,#15036,
    #15091,#15146,#15201,#15256,#15311,#15366,#15421,#15476,#15531,
    #15586,#15641,#15696,#15751,#15806,#15861,#15916,#15971,#16026,
    #16081,#16136,#16191,#16246,#16301,#16356,#16411,#16466,#16521,
    #16576,#16631,#16686,#16741,#16796,#16825,#16854,#16883,#16912,
    #16941,#16970,#16999,#17028,#17057,#17086,#17115,#17144,#17173,
    #17202,#17231,#17260,#17289,#17318,#17347,#17376,#17405,#17434,
    #17463,#17492,#17521,#17550,#17579,#17608,#17637,#17666,#17695,
    #17724,#17753,#17782,#17811,#17840));
#17 = ADVANCED_FACE('',(#18),#31,.T.);
#18 = FACE_BOUND('',#19,.T.);
#19 = EDGE_LOOP('',(#20,#54,#77,#104));
#20 = ORIENTED_EDGE('',*,*,#21,.F.);
#21 = EDGE_CURVE('',#22,#22,#24,.T.);
#22 = VERTEX_POINT('',#23);
#23 = CARTESIAN_POINT('',(-24.43,1.42,11.98));
#24 = SURFACE_CURVE('',#25,(#30,#42),.PCURVE_S1.);
#25 = CIRCLE('',#26,0.5);
#26 = AXIS2_PLACEMENT_3D('',#27,#28,#29);
#27 = CARTESIAN_POINT('',(-24.93,1.42,11.98));
#28 = DIRECTION('',(0.,0.,1.));
#29 = DIRECTION('',(1.,0.,-0.));
#30 = PCURVE('',#31,#36);
#31 = CYLINDRICAL_SURFACE('',#32,0.5);
#32 = AXIS2_PLACEMENT_3D('',#33,#34,#35);
#33 = CARTESIAN_POINT('',(-24.93,1.42,11.53));
#34 = DIRECTION('',(0.,0.,1.));
#35 = DIRECTION('',(1.,0.,-0.));
#36 = DEFINITIONAL_REPRESENTATION('',(#37),#41);
#37 = LINE('',#38,#39);
#38 = CARTESIAN_POINT('',(0.,0.45));
#39 = VECTOR('',#40,1.);
#40 = DIRECTION('',(1.,0.));
#41 = ( GEOMETRIC_REPRESENTATION_CONTEXT(2) 
PARAMETRIC_REPRESENTATION_CONTEXT() REPRESENTATION_CONTEXT('2D SPACE',''
  ) );
#42 = PCURVE('',#43,#48);
#43 = PLANE('',#44);
#44 = AXIS2_PLACEMENT_3D('',#45,#46,#47);
#45 = CARTESIAN_POINT('',(-24.93,1.42,11.98));
#46 = DIRECTION('',(0.,0.,1.));
#47 = DIRECTION('',(1.,0.,-0.));
#48 = DEFINITIONAL_REPRESENTATION('',(#49),#53);
#49 = CIRCLE('',#50,0.5);
#50 = AXIS2_PLACEMENT_2D('',#51,#52);
#51 = CARTESIAN_POINT('',(0.,0.));
#52 = DIRECTION('',(1.,0.));
#53 = ( GEOMETRIC_REPRESENTATION_CONTEXT(2) 
PARAMETRIC_REPRESENTATION_CONTEXT() REPRESENTATION_CONTEXT('2D SPACE',''
  ) );
#54 = ORIENTED_EDGE('',*,*,#55,.F.);
#55 = EDGE_CURVE('',#56,#22,#58,.T.);
#56 = VERTEX_POINT('',#57);
#57 = CARTESIAN_POINT('',(-24.43,1.42,11.53));
#58 = SEAM_CURVE('',#59,(#63,#70),.PCURVE_S1.);
#59 = LINE('',#60,#61);
#60 = CARTESIAN_POINT('',(-24.43,1.42,11.53));
#61 = VECTOR('',#62,1.);
#62 = DIRECTION('',(0.,0.,1.));
#63 = PCURVE('',#31,#64);
#64 = DEFINITIONAL_REPRESENTATION('',(#65),#69);
#65 = LINE('',#66,#67);
#66 = CARTESIAN_POINT('',(6.28318530718,-0.));
#67 = VECTOR('',#68,1.);
#68 = DIRECTION('',(0.,1.));
#69 = ( GEOMETRIC_REPRESENTATION_CONTEXT(2) 
PARAMETRIC_REPRESENTATION_CONTEXT() REPRESENTATION_CONTEXT('2D SPACE',''
  ) );
#70 = PCURVE('',#31,#71);
#71 = DEFINITIONAL_REPRESENTATION('',(#72),#76);
#72 = LINE('',#73,#74);
#73 = CARTESIAN_POINT('',(0.,-0.));
#74 = VECTOR('',#75,1.);
#75 = DIRECTION('',(0.,1.));
#76 = ( GEOMETRIC_REPRESENTATION_CONTEXT(2) 
PARAMETRIC_REPRESENTATION_CONTEXT() REPRESENTATION_CONTEXT('2D SPACE',''
  ) );
#77 = ORIENTED_EDGE('',*,*,#78,.T.);
#78 = EDGE_CURVE('',#56,#56,#79,.T.);
#79 = SURFACE_CURVE('',#80,(#85,#92),.PCURVE_S1.);
#80 = CIRCLE('',#81,0.5);
#81 = AXIS2_PLACEMENT_3D('',#82,#83,#84);
#82 = CARTESIAN_POINT('',(-24.93,1.42,11.53));
#83 = DIRECTION('',(0.,0.,1.));
#84 = DIRECTION('',(1.,0.,-0.));
#85 = PCURVE('',#31,#86);
#86 = DEFINITIONAL_REPRESENTATION('',(#87),#91);
#87 = LINE('',#88,#89);
#88 = CARTESIAN_POINT('',(0.,0.));
#89 = VECTOR('',#90,1.);
#90 = DIRECTION('',(1.,0.));
#91 = ( GEOMETRIC_REPRESENTATION_CONTEXT(2) 
PARAMETRIC_REPRESENTATION_CONTEXT() REPRESENTATION_CONTEXT('2D SPACE',''
  ) );
#92 = PCURVE('',#93,#98);
#93 = PLANE('',#94);
#94 = AXIS2_PLACEMENT_3D('',#95,#96,#97);
#95 = CARTESIAN_POINT('',(-2.423754771756E-16,6.780802921531E-02,11.53)
  );
#96 = DIRECTION('',(0.,0.,1.));
#97 = DIRECTION('',(1.,0.,-0.));
#98 = DEFINITIONAL_REPRESENTATION('',(#99),#103);
#99 = CIRCLE('',#100,0.5);
#100 = AXIS2_PLACEMENT_2D('',#101,#102);
#101 = CARTESIAN_POINT('',(-24.93,1.352191970785));
#102 = DIRECTION('',(1.,0.));
#103 = ( GEOMETRIC_REPRESENTATION_CONTEXT(2) 
PARAMETRIC_REPRESENTATION_CONTEXT() REPRESENTATION_CONTEXT('2D SPACE',''
  ) );
#104 = ORIENTED_EDGE('',*,*,#55,.T.);
#105 = ADVANCED_FACE('',(#106,#109),#43,.T.);
#106 = FACE_BOUND('',#107,.T.);
#107 = EDGE_LOOP('',(#108));
#108 = ORIENTED_EDGE('',*,*,#21,.T.);
#109 = FACE_BOUND('',#110,.T.);
#110 = EDGE_LOOP('',(#111));
#111 = ORIENTED_EDGE('',*,*,#112,.F.);
#112 = EDGE_CURVE('',#113,#113,#115,.T.);
#113 = VERTEX_POINT('',#114);
#114 = CARTESIAN_POINT('',(-24.62,1.42,11.98));
#115 = SURFACE_CURVE('',#116,(#121,#128),.PCURVE_S1.);
#116 = CIRCLE('',#117,0.31);
#117 = AXIS2_PLACEMENT_3D('',#118,#119,#120);
#118 = CARTESIAN_POINT('',(-24.93,1.42,11.98));
#119 = DIRECTION('',(0.,0.,1.));
#120 = DIRECTION('',(1.,0.,-0.));
#121 = PCURVE('',#43,#122);
#122 = DEFINITIONAL_REPRESENTATION('',(#123),#127);
#123 = CIRCLE('',#124,0.31);
#124 = AXIS2_PLACEMENT_2D('',#125,#126);
#125 = CARTESIAN_POINT('',(0.,0.));
#126 = DIRECTION('',(1.,0.));
#127 = ( GEOMETRIC_REPRESENTATION_CONTEXT(2) 
PARAMETRIC_REPRESENTATION_CONTEXT() REPRESENTATION_CONTEXT('2D SPACE',''
  ) );
#128 = PCURVE('',#129,#134);
#129 = CYLINDRICAL_SURFACE('',#130,0.31);
#130 = AXIS2_PLACEMENT_3D('',#131,#132,#133);
#131 = CARTESIAN_POINT('',(-24.93,1.42,11.88));
#132 = DIRECTION('',(0.,0.,1.));
#133 = DIRECTION('',(1.,0.,-0.));
#134 = DEFINITIONAL_REPRESENTATION('',(#135),#139);
#135 = LINE('',#136,#137);
#136 = CARTESIAN_POINT('',(0.,1.E-01));
#137 = VECTOR('',#138,1.);
#138 = DIRECTION('',(1.,0.));
#139 = ( GEOMETRIC_REPRESENTATION_CONTEXT(2) 
PARAMETRIC_REPRESENTATION_CONTEXT() REPRESENTATION_CONTEXT('2D SPACE',''
  ) );
#140 = ADVANCED_FACE('',(#141,#375,#406,#437,#468,#499,#530,#561,#592,
    #623,#654,#685,#716,#747,#778,#809,#840,#871,#902,#933,#936,#967,
    #998,#1029,#1060,#1091,#1122,#1153,#1184,#1215,#1246,#1277,#1308,
    #1339,#1370,#1401,#1432,#1463),#93,.T.);
#141 = FACE_BOUND('',#142,.T.);
#142 = EDGE_LOOP('',(#143,#173,#202,#230,#259,#287,#316,#344));
#143 = ORIENTED_EDGE('',*,*,#144,.T.);
#144 = EDGE_CURVE('',#145,#147,#149,.T.);
#145 = VERTEX_POINT('',#146);
#146 = CARTESIAN_POINT('',(-24.45585487715,-3.38,11.53));
#147 = VERTEX_POINT('',#148);
#148 = CARTESIAN_POINT('',(24.455854877158,-3.38,11.53));
#149 = SURFACE_CURVE('',#150,(#154,#161),.PCURVE_S1.);
#150 = LINE('',#151,#152);
#151 = CARTESIAN_POINT('',(-25.29688,-3.38,11.53));
#152 = VECTOR('',#153,1.);
#153 = DIRECTION('',(1.,0.,0.));
#154 = PCURVE('',#93,#155);
#155 = DEFINITIONAL_REPRESENTATION('',(#156),#160);
#156 = LINE('',#157,#158);
#157 = CARTESIAN_POINT('',(-25.29688,-3.447808029215));
#158 = VECTOR('',#159,1.);
#159 = DIRECTION('',(1.,0.));
#160 = ( GEOMETRIC_REPRESENTATION_CONTEXT(2) 
PARAMETRIC_REPRESENTATION_CONTEXT() REPRESENTATION_CONTEXT('2D SPACE',''
  ) );
#161 = PCURVE('',#162,#167);
#162 = PLANE('',#163);
#163 = AXIS2_PLACEMENT_3D('',#164,#165,#166);
#164 = CARTESIAN_POINT('',(-25.29688,-3.38,10.47));
#165 = DIRECTION('',(0.,1.,0.));
#166 = DIRECTION('',(1.,0.,0.));
#167 = DEFINITIONAL_REPRESENTATION('',(#168),#172);
#168 = LINE('',#169,#170);
#169 = CARTESIAN_POINT('',(0.,-1.06));
#170 = VECTOR('',#171,1.);
#171 = DIRECTION('',(1.,0.));
#172 = ( GEOMETRIC_REPRESENTATION_CONTEXT(2) 
PARAMETRIC_REPRESENTATION_CONTEXT() REPRESENTATION_CONTEXT('2D SPACE',''
  ) );
#173 = ORIENTED_EDGE('',*,*,#174,.T.);
#174 = EDGE_CURVE('',#147,#175,#177,.T.);
#175 = VERTEX_POINT('',#176);
#176 = CARTESIAN_POINT('',(25.441052166857,-2.551424328408,11.53));
#177 = SURFACE_CURVE('',#178,(#183,#190),.PCURVE_S1.);
#178 = CIRCLE('',#179,1.);
#179 = AXIS2_PLACEMENT_3D('',#180,#181,#182);
#180 = CARTESIAN_POINT('',(24.455854877158,-2.38,11.53));
#181 = DIRECTION('',(0.,0.,1.));
#182 = DIRECTION('',(0.,-1.,0.));
#183 = PCURVE('',#93,#184);
#184 = DEFINITIONAL_REPRESENTATION('',(#185),#189);
#185 = CIRCLE('',#186,1.);
#186 = AXIS2_PLACEMENT_2D('',#187,#188);
#187 = CARTESIAN_POINT('',(24.455854877158,-2.447808029215));
#188 = DIRECTION('',(0.,-1.));
#189 = ( GEOMETRIC_REPRESENTATION_CONTEXT(2) 
PARAMETRIC_REPRESENTATION_CONTEXT() REPRESENTATION_CONTEXT('2D SPACE',''
  ) );
#190 = PCURVE('',#191,#196);
#191 = CYLINDRICAL_SURFACE('',#192,1.);
#192 = AXIS2_PLACEMENT_3D('',#193,#194,#195);
#193 = CARTESIAN_POINT('',(24.455854877158,-2.38,10.47));
#194 = DIRECTION('',(0.,0.,1.));
#195 = DIRECTION('',(0.,-1.,0.));
#196 = DEFINITIONAL_REPRESENTATION('',(#197),#201);
#197 = LINE('',#198,#199);
#198 = CARTESIAN_POINT('',(0.,1.06));
#199 = VECTOR('',#200,1.);
#200 = DIRECTION('',(1.,0.));
#201 = ( GEOMETRIC_REPRESENTATION_CONTEXT(2) 
PARAMETRIC_REPRESENTATION_CONTEXT() REPRESENTATION_CONTEXT('2D SPACE',''
  ) );
#202 = ORIENTED_EDGE('',*,*,#203,.T.);
#203 = EDGE_CURVE('',#175,#204,#206,.T.);
#204 = VERTEX_POINT('',#205);
#205 = CARTESIAN_POINT('',(26.269292166857,2.208575671592,11.53));
#206 = SURFACE_CURVE('',#207,(#211,#218),.PCURVE_S1.);
#207 = LINE('',#208,#209);
#208 = CARTESIAN_POINT('',(25.29688,-3.38,11.53));
#209 = VECTOR('',#210,1.);
#210 = DIRECTION('',(0.171424328408,0.985197289699,0.));
#211 = PCURVE('',#93,#212);
#212 = DEFINITIONAL_REPRESENTATION('',(#213),#217);
#213 = LINE('',#214,#215);
#214 = CARTESIAN_POINT('',(25.29688,-3.447808029215));
#215 = VECTOR('',#216,1.);
#216 = DIRECTION('',(0.171424328408,0.985197289699));
#217 = ( GEOMETRIC_REPRESENTATION_CONTEXT(2) 
PARAMETRIC_REPRESENTATION_CONTEXT() REPRESENTATION_CONTEXT('2D SPACE',''
  ) );
#218 = PCURVE('',#219,#224);
#219 = PLANE('',#220);
#220 = AXIS2_PLACEMENT_3D('',#221,#222,#223);
#221 = CARTESIAN_POINT('',(25.29688,-3.38,10.47));
#222 = DIRECTION('',(-0.985197289699,0.171424328408,0.));
#223 = DIRECTION('',(0.171424328408,0.985197289699,0.));
#224 = DEFINITIONAL_REPRESENTATION('',(#225),#229);
#225 = LINE('',#226,#227);
#226 = CARTESIAN_POINT('',(0.,-1.06));
#227 = VECTOR('',#228,1.);
#228 = DIRECTION('',(1.,0.));
#229 = ( GEOMETRIC_REPRESENTATION_CONTEXT(2) 
PARAMETRIC_REPRESENTATION_CONTEXT() REPRESENTATION_CONTEXT('2D SPACE',''
  ) );
#230 = ORIENTED_EDGE('',*,*,#231,.T.);
#231 = EDGE_CURVE('',#204,#232,#234,.T.);
#232 = VERTEX_POINT('',#233);
#233 = CARTESIAN_POINT('',(25.284094877158,3.38,11.53));
#234 = SURFACE_CURVE('',#235,(#240,#247),.PCURVE_S1.);
#235 = CIRCLE('',#236,1.);
#236 = AXIS2_PLACEMENT_3D('',#237,#238,#239);
#237 = CARTESIAN_POINT('',(25.284094877158,2.38,11.53));
#238 = DIRECTION('',(0.,0.,1.));
#239 = DIRECTION('',(0.,-1.,0.));
#240 = PCURVE('',#93,#241);
#241 = DEFINITIONAL_REPRESENTATION('',(#242),#246);
#242 = CIRCLE('',#243,1.);
#243 = AXIS2_PLACEMENT_2D('',#244,#245);
#244 = CARTESIAN_POINT('',(25.284094877158,2.312191970785));
#245 = DIRECTION('',(0.,-1.));
#246 = ( GEOMETRIC_REPRESENTATION_CONTEXT(2) 
PARAMETRIC_REPRESENTATION_CONTEXT() REPRESENTATION_CONTEXT('2D SPACE',''
  ) );
#247 = PCURVE('',#248,#253);
#248 = CYLINDRICAL_SURFACE('',#249,1.);
#249 = AXIS2_PLACEMENT_3D('',#250,#251,#252);
#250 = CARTESIAN_POINT('',(25.284094877158,2.38,10.47));
#251 = DIRECTION('',(0.,0.,1.));
#252 = DIRECTION('',(0.985197289699,-0.171424328408,0.));
#253 = DEFINITIONAL_REPRESENTATION('',(#254),#258);
#254 = LINE('',#255,#256);
#255 = CARTESIAN_POINT('',(-1.398521109841,1.06));
#256 = VECTOR('',#257,1.);
#257 = DIRECTION('',(1.,0.));
#258 = ( GEOMETRIC_REPRESENTATION_CONTEXT(2) 
PARAMETRIC_REPRESENTATION_CONTEXT() REPRESENTATION_CONTEXT('2D SPACE',''
  ) );
#259 = ORIENTED_EDGE('',*,*,#260,.T.);
#260 = EDGE_CURVE('',#232,#261,#263,.T.);
#261 = VERTEX_POINT('',#262);
#262 = CARTESIAN_POINT('',(-25.28409487715,3.38,11.53));
#263 = SURFACE_CURVE('',#264,(#268,#275),.PCURVE_S1.);
#264 = LINE('',#265,#266);
#265 = CARTESIAN_POINT('',(26.47312,3.38,11.53));
#266 = VECTOR('',#267,1.);
#267 = DIRECTION('',(-1.,0.,0.));
#268 = PCURVE('',#93,#269);
#269 = DEFINITIONAL_REPRESENTATION('',(#270),#274);
#270 = LINE('',#271,#272);
#271 = CARTESIAN_POINT('',(26.47312,3.312191970785));
#272 = VECTOR('',#273,1.);
#273 = DIRECTION('',(-1.,0.));
#274 = ( GEOMETRIC_REPRESENTATION_CONTEXT(2) 
PARAMETRIC_REPRESENTATION_CONTEXT() REPRESENTATION_CONTEXT('2D SPACE',''
  ) );
#275 = PCURVE('',#276,#281);
#276 = PLANE('',#277);
#277 = AXIS2_PLACEMENT_3D('',#278,#279,#280);
#278 = CARTESIAN_POINT('',(26.47312,3.38,10.47));
#279 = DIRECTION('',(0.,-1.,0.));
#280 = DIRECTION('',(-1.,0.,0.));
#281 = DEFINITIONAL_REPRESENTATION('',(#282),#286);
#282 = LINE('',#283,#284);
#283 = CARTESIAN_POINT('',(0.,-1.06));
#284 = VECTOR('',#285,1.);
#285 = DIRECTION('',(1.,0.));
#286 = ( GEOMETRIC_REPRESENTATION_CONTEXT(2) 
PARAMETRIC_REPRESENTATION_CONTEXT() REPRESENTATION_CONTEXT('2D SPACE',''
  ) );
#287 = ORIENTED_EDGE('',*,*,#288,.T.);
#288 = EDGE_CURVE('',#261,#289,#291,.T.);
#289 = VERTEX_POINT('',#290);
#290 = CARTESIAN_POINT('',(-26.26929216685,2.208575671592,11.53));
#291 = SURFACE_CURVE('',#292,(#297,#304),.PCURVE_S1.);
#292 = CIRCLE('',#293,1.);
#293 = AXIS2_PLACEMENT_3D('',#294,#295,#296);
#294 = CARTESIAN_POINT('',(-25.28409487715,2.38,11.53));
#295 = DIRECTION('',(0.,0.,1.));
#296 = DIRECTION('',(0.,-1.,0.));
#297 = PCURVE('',#93,#298);
#298 = DEFINITIONAL_REPRESENTATION('',(#299),#303);
#299 = CIRCLE('',#300,1.);
#300 = AXIS2_PLACEMENT_2D('',#301,#302);
#301 = CARTESIAN_POINT('',(-25.28409487715,2.312191970785));
#302 = DIRECTION('',(0.,-1.));
#303 = ( GEOMETRIC_REPRESENTATION_CONTEXT(2) 
PARAMETRIC_REPRESENTATION_CONTEXT() REPRESENTATION_CONTEXT('2D SPACE',''
  ) );
#304 = PCURVE('',#305,#310);
#305 = CYLINDRICAL_SURFACE('',#306,1.);
#306 = AXIS2_PLACEMENT_3D('',#307,#308,#309);
#307 = CARTESIAN_POINT('',(-25.28409487715,2.38,10.47));
#308 = DIRECTION('',(0.,0.,1.));
#309 = DIRECTION('',(-0.,1.,0.));
#310 = DEFINITIONAL_REPRESENTATION('',(#311),#315);
#311 = LINE('',#312,#313);
#312 = CARTESIAN_POINT('',(-3.14159265359,1.06));
#313 = VECTOR('',#314,1.);
#314 = DIRECTION('',(1.,0.));
#315 = ( GEOMETRIC_REPRESENTATION_CONTEXT(2) 
PARAMETRIC_REPRESENTATION_CONTEXT() REPRESENTATION_CONTEXT('2D SPACE',''
  ) );
#316 = ORIENTED_EDGE('',*,*,#317,.T.);
#317 = EDGE_CURVE('',#289,#318,#320,.T.);
#318 = VERTEX_POINT('',#319);
#319 = CARTESIAN_POINT('',(-25.44105216685,-2.551424328408,11.53));
#320 = SURFACE_CURVE('',#321,(#325,#332),.PCURVE_S1.);
#321 = LINE('',#322,#323);
#322 = CARTESIAN_POINT('',(-26.47312,3.38,11.53));
#323 = VECTOR('',#324,1.);
#324 = DIRECTION('',(0.171424328408,-0.985197289699,0.));
#325 = PCURVE('',#93,#326);
#326 = DEFINITIONAL_REPRESENTATION('',(#327),#331);
#327 = LINE('',#328,#329);
#328 = CARTESIAN_POINT('',(-26.47312,3.312191970785));
#329 = VECTOR('',#330,1.);
#330 = DIRECTION('',(0.171424328408,-0.985197289699));
#331 = ( GEOMETRIC_REPRESENTATION_CONTEXT(2) 
PARAMETRIC_REPRESENTATION_CONTEXT() REPRESENTATION_CONTEXT('2D SPACE',''
  ) );
#332 = PCURVE('',#333,#338);
#333 = PLANE('',#334);
#334 = AXIS2_PLACEMENT_3D('',#335,#336,#337);
#335 = CARTESIAN_POINT('',(-26.47312,3.38,10.47));
#336 = DIRECTION('',(0.985197289699,0.171424328408,-0.));
#337 = DIRECTION('',(0.171424328408,-0.985197289699,0.));
#338 = DEFINITIONAL_REPRESENTATION('',(#339),#343);
#339 = LINE('',#340,#341);
#340 = CARTESIAN_POINT('',(0.,-1.06));
#341 = VECTOR('',#342,1.);
#342 = DIRECTION('',(1.,0.));
#343 = ( GEOMETRIC_REPRESENTATION_CONTEXT(2) 
PARAMETRIC_REPRESENTATION_CONTEXT() REPRESENTATION_CONTEXT('2D SPACE',''
  ) );
#344 = ORIENTED_EDGE('',*,*,#345,.F.);
#345 = EDGE_CURVE('',#145,#318,#346,.T.);
#346 = SURFACE_CURVE('',#347,(#352,#363),.PCURVE_S1.);
#347 = CIRCLE('',#348,1.);
#348 = AXIS2_PLACEMENT_3D('',#349,#350,#351);
#349 = CARTESIAN_POINT('',(-24.45585487715,-2.38,11.53));
#350 = DIRECTION('',(-0.,-0.,-1.));
#351 = DIRECTION('',(0.,-1.,0.));
#352 = PCURVE('',#93,#353);
#353 = DEFINITIONAL_REPRESENTATION('',(#354),#362);
#354 = ( BOUNDED_CURVE() B_SPLINE_CURVE(2,(#355,#356,#357,#358,#359,#360
,#361),.UNSPECIFIED.,.T.,.F.) B_SPLINE_CURVE_WITH_KNOTS((1,2,2,2,2,1),(
    -2.094395102393,0.,2.094395102393,4.188790204786,6.28318530718,
8.377580409573),.UNSPECIFIED.) CURVE() GEOMETRIC_REPRESENTATION_ITEM() 
RATIONAL_B_SPLINE_CURVE((1.,0.5,1.,0.5,1.,0.5,1.)) REPRESENTATION_ITEM(
  '') );
#355 = CARTESIAN_POINT('',(-24.45585487715,-3.447808029215));
#356 = CARTESIAN_POINT('',(-26.18790568472,-3.447808029215));
#357 = CARTESIAN_POINT('',(-25.32188028094,-1.947808029215));
#358 = CARTESIAN_POINT('',(-24.45585487715,-0.447808029215));
#359 = CARTESIAN_POINT('',(-23.58982947337,-1.947808029215));
#360 = CARTESIAN_POINT('',(-22.72380406958,-3.447808029215));
#361 = CARTESIAN_POINT('',(-24.45585487715,-3.447808029215));
#362 = ( GEOMETRIC_REPRESENTATION_CONTEXT(2) 
PARAMETRIC_REPRESENTATION_CONTEXT() REPRESENTATION_CONTEXT('2D SPACE',''
  ) );
#363 = PCURVE('',#364,#369);
#364 = CYLINDRICAL_SURFACE('',#365,1.);
#365 = AXIS2_PLACEMENT_3D('',#366,#367,#368);
#366 = CARTESIAN_POINT('',(-24.45585487715,-2.38,10.47));
#367 = DIRECTION('',(0.,0.,1.));
#368 = DIRECTION('',(0.,-1.,0.));
#369 = DEFINITIONAL_REPRESENTATION('',(#370),#374);
#370 = LINE('',#371,#372);
#371 = CARTESIAN_POINT('',(-0.,1.06));
#372 = VECTOR('',#373,1.);
#373 = DIRECTION('',(-1.,0.));
#374 = ( GEOMETRIC_REPRESENTATION_CONTEXT(2) 
PARAMETRIC_REPRESENTATION_CONTEXT() REPRESENTATION_CONTEXT('2D SPACE',''
  ) );
#375 = FACE_BOUND('',#376,.T.);
#376 = EDGE_LOOP('',(#377));
#377 = ORIENTED_EDGE('',*,*,#378,.F.);
#378 = EDGE_CURVE('',#379,#379,#381,.T.);
#379 = VERTEX_POINT('',#380);
#380 = CARTESIAN_POINT('',(-23.045,-1.42,11.53));
#381 = SURFACE_CURVE('',#382,(#387,#394),.PCURVE_S1.);
#382 = CIRCLE('',#383,0.5);
#383 = AXIS2_PLACEMENT_3D('',#384,#385,#386);
#384 = CARTESIAN_POINT('',(-23.545,-1.42,11.53));
#385 = DIRECTION('',(0.,0.,1.));
#386 = DIRECTION('',(1.,0.,-0.));
#387 = PCURVE('',#93,#388);
#388 = DEFINITIONAL_REPRESENTATION('',(#389),#393);
#389 = CIRCLE('',#390,0.5);
#390 = AXIS2_PLACEMENT_2D('',#391,#392);
#391 = CARTESIAN_POINT('',(-23.545,-1.487808029215));
#392 = DIRECTION('',(1.,0.));
#393 = ( GEOMETRIC_REPRESENTATION_CONTEXT(2) 
PARAMETRIC_REPRESENTATION_CONTEXT() REPRESENTATION_CONTEXT('2D SPACE',''
  ) );
#394 = PCURVE('',#395,#400);
#395 = CYLINDRICAL_SURFACE('',#396,0.5);
#396 = AXIS2_PLACEMENT_3D('',#397,#398,#399);
#397 = CARTESIAN_POINT('',(-23.545,-1.42,11.53));
#398 = DIRECTION('',(0.,0.,1.));
#399 = DIRECTION('',(1.,0.,-0.));
#400 = DEFINITIONAL_REPRESENTATION('',(#401),#405);
#401 = LINE('',#402,#403);
#402 = CARTESIAN_POINT('',(0.,0.));
#403 = VECTOR('',#404,1.);
#404 = DIRECTION('',(1.,0.));
#405 = ( GEOMETRIC_REPRESENTATION_CONTEXT(2) 
PARAMETRIC_REPRESENTATION_CONTEXT() REPRESENTATION_CONTEXT('2D SPACE',''
  ) );
#406 = FACE_BOUND('',#407,.T.);
#407 = EDGE_LOOP('',(#408));
#408 = ORIENTED_EDGE('',*,*,#409,.F.);
#409 = EDGE_CURVE('',#410,#410,#412,.T.);
#410 = VERTEX_POINT('',#411);
#411 = CARTESIAN_POINT('',(-20.275,-1.42,11.53));
#412 = SURFACE_CURVE('',#413,(#418,#425),.PCURVE_S1.);
#413 = CIRCLE('',#414,0.5);
#414 = AXIS2_PLACEMENT_3D('',#415,#416,#417);
#415 = CARTESIAN_POINT('',(-20.775,-1.42,11.53));
#416 = DIRECTION('',(0.,0.,1.));
#417 = DIRECTION('',(1.,0.,-0.));
#418 = PCURVE('',#93,#419);
#419 = DEFINITIONAL_REPRESENTATION('',(#420),#424);
#420 = CIRCLE('',#421,0.5);
#421 = AXIS2_PLACEMENT_2D('',#422,#423);
#422 = CARTESIAN_POINT('',(-20.775,-1.487808029215));
#423 = DIRECTION('',(1.,0.));
#424 = ( GEOMETRIC_REPRESENTATION_CONTEXT(2) 
PARAMETRIC_REPRESENTATION_CONTEXT() REPRESENTATION_CONTEXT('2D SPACE',''
  ) );
#425 = PCURVE('',#426,#431);
#426 = CYLINDRICAL_SURFACE('',#427,0.5);
#427 = AXIS2_PLACEMENT_3D('',#428,#429,#430);
#428 = CARTESIAN_POINT('',(-20.775,-1.42,11.53));
#429 = DIRECTION('',(0.,0.,1.));
#430 = DIRECTION('',(1.,0.,-0.));
#431 = DEFINITIONAL_REPRESENTATION('',(#432),#436);
#432 = LINE('',#433,#434);
#433 = CARTESIAN_POINT('',(0.,0.));
#434 = VECTOR('',#435,1.);
#435 = DIRECTION('',(1.,0.));
#436 = ( GEOMETRIC_REPRESENTATION_CONTEXT(2) 
PARAMETRIC_REPRESENTATION_CONTEXT() REPRESENTATION_CONTEXT('2D SPACE',''
  ) );
#437 = FACE_BOUND('',#438,.T.);
#438 = EDGE_LOOP('',(#439));
#439 = ORIENTED_EDGE('',*,*,#440,.F.);
#440 = EDGE_CURVE('',#441,#441,#443,.T.);
#441 = VERTEX_POINT('',#442);
#442 = CARTESIAN_POINT('',(-17.505,-1.42,11.53));
#443 = SURFACE_CURVE('',#444,(#449,#456),.PCURVE_S1.);
#444 = CIRCLE('',#445,0.5);
#445 = AXIS2_PLACEMENT_3D('',#446,#447,#448);
#446 = CARTESIAN_POINT('',(-18.005,-1.42,11.53));
#447 = DIRECTION('',(0.,0.,1.));
#448 = DIRECTION('',(1.,0.,-0.));
#449 = PCURVE('',#93,#450);
#450 = DEFINITIONAL_REPRESENTATION('',(#451),#455);
#451 = CIRCLE('',#452,0.5);
#452 = AXIS2_PLACEMENT_2D('',#453,#454);
#453 = CARTESIAN_POINT('',(-18.005,-1.487808029215));
#454 = DIRECTION('',(1.,0.));
#455 = ( GEOMETRIC_REPRESENTATION_CONTEXT(2) 
PARAMETRIC_REPRESENTATION_CONTEXT() REPRESENTATION_CONTEXT('2D SPACE',''
  ) );
#456 = PCURVE('',#457,#462);
#457 = CYLINDRICAL_SURFACE('',#458,0.5);
#458 = AXIS2_PLACEMENT_3D('',#459,#460,#461);
#459 = CARTESIAN_POINT('',(-18.005,-1.42,11.53));
#460 = DIRECTION('',(0.,0.,1.));
#461 = DIRECTION('',(1.,0.,-0.));
#462 = DEFINITIONAL_REPRESENTATION('',(#463),#467);
#463 = LINE('',#464,#465);
#464 = CARTESIAN_POINT('',(0.,0.));
#465 = VECTOR('',#466,1.);
#466 = DIRECTION('',(1.,0.));
#467 = ( GEOMETRIC_REPRESENTATION_CONTEXT(2) 
PARAMETRIC_REPRESENTATION_CONTEXT() REPRESENTATION_CONTEXT('2D SPACE',''
  ) );
#468 = FACE_BOUND('',#469,.T.);
#469 = EDGE_LOOP('',(#470));
#470 = ORIENTED_EDGE('',*,*,#471,.F.);
#471 = EDGE_CURVE('',#472,#472,#474,.T.);
#472 = VERTEX_POINT('',#473);
#473 = CARTESIAN_POINT('',(-14.735,-1.42,11.53));
#474 = SURFACE_CURVE('',#475,(#480,#487),.PCURVE_S1.);
#475 = CIRCLE('',#476,0.5);
#476 = AXIS2_PLACEMENT_3D('',#477,#478,#479);
#477 = CARTESIAN_POINT('',(-15.235,-1.42,11.53));
#478 = DIRECTION('',(0.,0.,1.));
#479 = DIRECTION('',(1.,0.,-0.));
#480 = PCURVE('',#93,#481);
#481 = DEFINITIONAL_REPRESENTATION('',(#482),#486);
#482 = CIRCLE('',#483,0.5);
#483 = AXIS2_PLACEMENT_2D('',#484,#485);
#484 = CARTESIAN_POINT('',(-15.235,-1.487808029215));
#485 = DIRECTION('',(1.,0.));
#486 = ( GEOMETRIC_REPRESENTATION_CONTEXT(2) 
PARAMETRIC_REPRESENTATION_CONTEXT() REPRESENTATION_CONTEXT('2D SPACE',''
  ) );
#487 = PCURVE('',#488,#493);
#488 = CYLINDRICAL_SURFACE('',#489,0.5);
#489 = AXIS2_PLACEMENT_3D('',#490,#491,#492);
#490 = CARTESIAN_POINT('',(-15.235,-1.42,11.53));
#491 = DIRECTION('',(0.,0.,1.));
#492 = DIRECTION('',(1.,0.,-0.));
#493 = DEFINITIONAL_REPRESENTATION('',(#494),#498);
#494 = LINE('',#495,#496);
#495 = CARTESIAN_POINT('',(0.,0.));
#496 = VECTOR('',#497,1.);
#497 = DIRECTION('',(1.,0.));
#498 = ( GEOMETRIC_REPRESENTATION_CONTEXT(2) 
PARAMETRIC_REPRESENTATION_CONTEXT() REPRESENTATION_CONTEXT('2D SPACE',''
  ) );
#499 = FACE_BOUND('',#500,.T.);
#500 = EDGE_LOOP('',(#501));
#501 = ORIENTED_EDGE('',*,*,#502,.F.);
#502 = EDGE_CURVE('',#503,#503,#505,.T.);
#503 = VERTEX_POINT('',#504);
#504 = CARTESIAN_POINT('',(-11.965,-1.42,11.53));
#505 = SURFACE_CURVE('',#506,(#511,#518),.PCURVE_S1.);
#506 = CIRCLE('',#507,0.5);
#507 = AXIS2_PLACEMENT_3D('',#508,#509,#510);
#508 = CARTESIAN_POINT('',(-12.465,-1.42,11.53));
#509 = DIRECTION('',(0.,0.,1.));
#510 = DIRECTION('',(1.,0.,-0.));
#511 = PCURVE('',#93,#512);
#512 = DEFINITIONAL_REPRESENTATION('',(#513),#517);
#513 = CIRCLE('',#514,0.5);
#514 = AXIS2_PLACEMENT_2D('',#515,#516);
#515 = CARTESIAN_POINT('',(-12.465,-1.487808029215));
#516 = DIRECTION('',(1.,0.));
#517 = ( GEOMETRIC_REPRESENTATION_CONTEXT(2) 
PARAMETRIC_REPRESENTATION_CONTEXT() REPRESENTATION_CONTEXT('2D SPACE',''
  ) );
#518 = PCURVE('',#519,#524);
#519 = CYLINDRICAL_SURFACE('',#520,0.5);
#520 = AXIS2_PLACEMENT_3D('',#521,#522,#523);
#521 = CARTESIAN_POINT('',(-12.465,-1.42,11.53));
#522 = DIRECTION('',(0.,0.,1.));
#523 = DIRECTION('',(1.,0.,-0.));
#524 = DEFINITIONAL_REPRESENTATION('',(#525),#529);
#525 = LINE('',#526,#527);
#526 = CARTESIAN_POINT('',(0.,0.));
#527 = VECTOR('',#528,1.);
#528 = DIRECTION('',(1.,0.));
#529 = ( GEOMETRIC_REPRESENTATION_CONTEXT(2) 
PARAMETRIC_REPRESENTATION_CONTEXT() REPRESENTATION_CONTEXT('2D SPACE',''
  ) );
#530 = FACE_BOUND('',#531,.T.);
#531 = EDGE_LOOP('',(#532));
#532 = ORIENTED_EDGE('',*,*,#533,.F.);
#533 = EDGE_CURVE('',#534,#534,#536,.T.);
#534 = VERTEX_POINT('',#535);
#535 = CARTESIAN_POINT('',(-9.195,-1.42,11.53));
#536 = SURFACE_CURVE('',#537,(#542,#549),.PCURVE_S1.);
#537 = CIRCLE('',#538,0.5);
#538 = AXIS2_PLACEMENT_3D('',#539,#540,#541);
#539 = CARTESIAN_POINT('',(-9.695,-1.42,11.53));
#540 = DIRECTION('',(0.,0.,1.));
#541 = DIRECTION('',(1.,0.,-0.));
#542 = PCURVE('',#93,#543);
#543 = DEFINITIONAL_REPRESENTATION('',(#544),#548);
#544 = CIRCLE('',#545,0.5);
#545 = AXIS2_PLACEMENT_2D('',#546,#547);
#546 = CARTESIAN_POINT('',(-9.695,-1.487808029215));
#547 = DIRECTION('',(1.,0.));
#548 = ( GEOMETRIC_REPRESENTATION_CONTEXT(2) 
PARAMETRIC_REPRESENTATION_CONTEXT() REPRESENTATION_CONTEXT('2D SPACE',''
  ) );
#549 = PCURVE('',#550,#555);
#550 = CYLINDRICAL_SURFACE('',#551,0.5);
#551 = AXIS2_PLACEMENT_3D('',#552,#553,#554);
#552 = CARTESIAN_POINT('',(-9.695,-1.42,11.53));
#553 = DIRECTION('',(0.,0.,1.));
#554 = DIRECTION('',(1.,0.,-0.));
#555 = DEFINITIONAL_REPRESENTATION('',(#556),#560);
#556 = LINE('',#557,#558);
#557 = CARTESIAN_POINT('',(0.,0.));
#558 = VECTOR('',#559,1.);
#559 = DIRECTION('',(1.,0.));
#560 = ( GEOMETRIC_REPRESENTATION_CONTEXT(2) 
PARAMETRIC_REPRESENTATION_CONTEXT() REPRESENTATION_CONTEXT('2D SPACE',''
  ) );
#561 = FACE_BOUND('',#562,.T.);
#562 = EDGE_LOOP('',(#563));
#563 = ORIENTED_EDGE('',*,*,#564,.F.);
#564 = EDGE_CURVE('',#565,#565,#567,.T.);
#565 = VERTEX_POINT('',#566);
#566 = CARTESIAN_POINT('',(-6.425,-1.42,11.53));
#567 = SURFACE_CURVE('',#568,(#573,#580),.PCURVE_S1.);
#568 = CIRCLE('',#569,0.5);
#569 = AXIS2_PLACEMENT_3D('',#570,#571,#572);
#570 = CARTESIAN_POINT('',(-6.925,-1.42,11.53));
#571 = DIRECTION('',(0.,0.,1.));
#572 = DIRECTION('',(1.,0.,-0.));
#573 = PCURVE('',#93,#574);
#574 = DEFINITIONAL_REPRESENTATION('',(#575),#579);
#575 = CIRCLE('',#576,0.5);
#576 = AXIS2_PLACEMENT_2D('',#577,#578);
#577 = CARTESIAN_POINT('',(-6.925,-1.487808029215));
#578 = DIRECTION('',(1.,0.));
#579 = ( GEOMETRIC_REPRESENTATION_CONTEXT(2) 
PARAMETRIC_REPRESENTATION_CONTEXT() REPRESENTATION_CONTEXT('2D SPACE',''
  ) );
#580 = PCURVE('',#581,#586);
#581 = CYLINDRICAL_SURFACE('',#582,0.5);
#582 = AXIS2_PLACEMENT_3D('',#583,#584,#585);
#583 = CARTESIAN_POINT('',(-6.925,-1.42,11.53));
#584 = DIRECTION('',(0.,0.,1.));
#585 = DIRECTION('',(1.,0.,-0.));
#586 = DEFINITIONAL_REPRESENTATION('',(#587),#591);
#587 = LINE('',#588,#589);
#588 = CARTESIAN_POINT('',(0.,0.));
#589 = VECTOR('',#590,1.);
#590 = DIRECTION('',(1.,0.));
#591 = ( GEOMETRIC_REPRESENTATION_CONTEXT(2) 
PARAMETRIC_REPRESENTATION_CONTEXT() REPRESENTATION_CONTEXT('2D SPACE',''
  ) );
#592 = FACE_BOUND('',#593,.T.);
#593 = EDGE_LOOP('',(#594));
#594 = ORIENTED_EDGE('',*,*,#595,.F.);
#595 = EDGE_CURVE('',#596,#596,#598,.T.);
#596 = VERTEX_POINT('',#597);
#597 = CARTESIAN_POINT('',(-3.655,-1.42,11.53));
#598 = SURFACE_CURVE('',#599,(#604,#611),.PCURVE_S1.);
#599 = CIRCLE('',#600,0.5);
#600 = AXIS2_PLACEMENT_3D('',#601,#602,#603);
#601 = CARTESIAN_POINT('',(-4.155,-1.42,11.53));
#602 = DIRECTION('',(0.,0.,1.));
#603 = DIRECTION('',(1.,0.,-0.));
#604 = PCURVE('',#93,#605);
#605 = DEFINITIONAL_REPRESENTATION('',(#606),#610);
#606 = CIRCLE('',#607,0.5);
#607 = AXIS2_PLACEMENT_2D('',#608,#609);
#608 = CARTESIAN_POINT('',(-4.155,-1.487808029215));
#609 = DIRECTION('',(1.,0.));
#610 = ( GEOMETRIC_REPRESENTATION_CONTEXT(2) 
PARAMETRIC_REPRESENTATION_CONTEXT() REPRESENTATION_CONTEXT('2D SPACE',''
  ) );
#611 = PCURVE('',#612,#617);
#612 = CYLINDRICAL_SURFACE('',#613,0.5);
#613 = AXIS2_PLACEMENT_3D('',#614,#615,#616);
#614 = CARTESIAN_POINT('',(-4.155,-1.42,11.53));
#615 = DIRECTION('',(0.,0.,1.));
#616 = DIRECTION('',(1.,0.,-0.));
#617 = DEFINITIONAL_REPRESENTATION('',(#618),#622);
#618 = LINE('',#619,#620);
#619 = CARTESIAN_POINT('',(0.,0.));
#620 = VECTOR('',#621,1.);
#621 = DIRECTION('',(1.,0.));
#622 = ( GEOMETRIC_REPRESENTATION_CONTEXT(2) 
PARAMETRIC_REPRESENTATION_CONTEXT() REPRESENTATION_CONTEXT('2D SPACE',''
  ) );
#623 = FACE_BOUND('',#624,.T.);
#624 = EDGE_LOOP('',(#625));
#625 = ORIENTED_EDGE('',*,*,#626,.F.);
#626 = EDGE_CURVE('',#627,#627,#629,.T.);
#627 = VERTEX_POINT('',#628);
#628 = CARTESIAN_POINT('',(-0.885,-1.42,11.53));
#629 = SURFACE_CURVE('',#630,(#635,#642),.PCURVE_S1.);
#630 = CIRCLE('',#631,0.5);
#631 = AXIS2_PLACEMENT_3D('',#632,#633,#634);
#632 = CARTESIAN_POINT('',(-1.385,-1.42,11.53));
#633 = DIRECTION('',(0.,0.,1.));
#634 = DIRECTION('',(1.,0.,-0.));
#635 = PCURVE('',#93,#636);
#636 = DEFINITIONAL_REPRESENTATION('',(#637),#641);
#637 = CIRCLE('',#638,0.5);
#638 = AXIS2_PLACEMENT_2D('',#639,#640);
#639 = CARTESIAN_POINT('',(-1.385,-1.487808029215));
#640 = DIRECTION('',(1.,0.));
#641 = ( GEOMETRIC_REPRESENTATION_CONTEXT(2) 
PARAMETRIC_REPRESENTATION_CONTEXT() REPRESENTATION_CONTEXT('2D SPACE',''
  ) );
#642 = PCURVE('',#643,#648);
#643 = CYLINDRICAL_SURFACE('',#644,0.5);
#644 = AXIS2_PLACEMENT_3D('',#645,#646,#647);
#645 = CARTESIAN_POINT('',(-1.385,-1.42,11.53));
#646 = DIRECTION('',(0.,0.,1.));
#647 = DIRECTION('',(1.,0.,-0.));
#648 = DEFINITIONAL_REPRESENTATION('',(#649),#653);
#649 = LINE('',#650,#651);
#650 = CARTESIAN_POINT('',(0.,0.));
#651 = VECTOR('',#652,1.);
#652 = DIRECTION('',(1.,0.));
#653 = ( GEOMETRIC_REPRESENTATION_CONTEXT(2) 
PARAMETRIC_REPRESENTATION_CONTEXT() REPRESENTATION_CONTEXT('2D SPACE',''
  ) );
#654 = FACE_BOUND('',#655,.T.);
#655 = EDGE_LOOP('',(#656));
#656 = ORIENTED_EDGE('',*,*,#657,.F.);
#657 = EDGE_CURVE('',#658,#658,#660,.T.);
#658 = VERTEX_POINT('',#659);
#659 = CARTESIAN_POINT('',(1.885,-1.42,11.53));
#660 = SURFACE_CURVE('',#661,(#666,#673),.PCURVE_S1.);
#661 = CIRCLE('',#662,0.5);
#662 = AXIS2_PLACEMENT_3D('',#663,#664,#665);
#663 = CARTESIAN_POINT('',(1.385,-1.42,11.53));
#664 = DIRECTION('',(0.,0.,1.));
#665 = DIRECTION('',(1.,0.,-0.));
#666 = PCURVE('',#93,#667);
#667 = DEFINITIONAL_REPRESENTATION('',(#668),#672);
#668 = CIRCLE('',#669,0.5);
#669 = AXIS2_PLACEMENT_2D('',#670,#671);
#670 = CARTESIAN_POINT('',(1.385,-1.487808029215));
#671 = DIRECTION('',(1.,0.));
#672 = ( GEOMETRIC_REPRESENTATION_CONTEXT(2) 
PARAMETRIC_REPRESENTATION_CONTEXT() REPRESENTATION_CONTEXT('2D SPACE',''
  ) );
#673 = PCURVE('',#674,#679);
#674 = CYLINDRICAL_SURFACE('',#675,0.5);
#675 = AXIS2_PLACEMENT_3D('',#676,#677,#678);
#676 = CARTESIAN_POINT('',(1.385,-1.42,11.53));
#677 = DIRECTION('',(0.,0.,1.));
#678 = DIRECTION('',(1.,0.,-0.));
#679 = DEFINITIONAL_REPRESENTATION('',(#680),#684);
#680 = LINE('',#681,#682);
#681 = CARTESIAN_POINT('',(0.,0.));
#682 = VECTOR('',#683,1.);
#683 = DIRECTION('',(1.,0.));
#684 = ( GEOMETRIC_REPRESENTATION_CONTEXT(2) 
PARAMETRIC_REPRESENTATION_CONTEXT() REPRESENTATION_CONTEXT('2D SPACE',''
  ) );
#685 = FACE_BOUND('',#686,.T.);
#686 = EDGE_LOOP('',(#687));
#687 = ORIENTED_EDGE('',*,*,#688,.F.);
#688 = EDGE_CURVE('',#689,#689,#691,.T.);
#689 = VERTEX_POINT('',#690);
#690 = CARTESIAN_POINT('',(4.655,-1.42,11.53));
#691 = SURFACE_CURVE('',#692,(#697,#704),.PCURVE_S1.);
#692 = CIRCLE('',#693,0.5);
#693 = AXIS2_PLACEMENT_3D('',#694,#695,#696);
#694 = CARTESIAN_POINT('',(4.155,-1.42,11.53));
#695 = DIRECTION('',(0.,0.,1.));
#696 = DIRECTION('',(1.,0.,-0.));
#697 = PCURVE('',#93,#698);
#698 = DEFINITIONAL_REPRESENTATION('',(#699),#703);
#699 = CIRCLE('',#700,0.5);
#700 = AXIS2_PLACEMENT_2D('',#701,#702);
#701 = CARTESIAN_POINT('',(4.155,-1.487808029215));
#702 = DIRECTION('',(1.,0.));
#703 = ( GEOMETRIC_REPRESENTATION_CONTEXT(2) 
PARAMETRIC_REPRESENTATION_CONTEXT() REPRESENTATION_CONTEXT('2D SPACE',''
  ) );
#704 = PCURVE('',#705,#710);
#705 = CYLINDRICAL_SURFACE('',#706,0.5);
#706 = AXIS2_PLACEMENT_3D('',#707,#708,#709);
#707 = CARTESIAN_POINT('',(4.155,-1.42,11.53));
#708 = DIRECTION('',(0.,0.,1.));
#709 = DIRECTION('',(1.,0.,-0.));
#710 = DEFINITIONAL_REPRESENTATION('',(#711),#715);
#711 = LINE('',#712,#713);
#712 = CARTESIAN_POINT('',(0.,0.));
#713 = VECTOR('',#714,1.);
#714 = DIRECTION('',(1.,0.));
#715 = ( GEOMETRIC_REPRESENTATION_CONTEXT(2) 
PARAMETRIC_REPRESENTATION_CONTEXT() REPRESENTATION_CONTEXT('2D SPACE',''
  ) );
#716 = FACE_BOUND('',#717,.T.);
#717 = EDGE_LOOP('',(#718));
#718 = ORIENTED_EDGE('',*,*,#719,.F.);
#719 = EDGE_CURVE('',#720,#720,#722,.T.);
#720 = VERTEX_POINT('',#721);
#721 = CARTESIAN_POINT('',(7.425,-1.42,11.53));
#722 = SURFACE_CURVE('',#723,(#728,#735),.PCURVE_S1.);
#723 = CIRCLE('',#724,0.5);
#724 = AXIS2_PLACEMENT_3D('',#725,#726,#727);
#725 = CARTESIAN_POINT('',(6.925,-1.42,11.53));
#726 = DIRECTION('',(0.,0.,1.));
#727 = DIRECTION('',(1.,0.,-0.));
#728 = PCURVE('',#93,#729);
#729 = DEFINITIONAL_REPRESENTATION('',(#730),#734);
#730 = CIRCLE('',#731,0.5);
#731 = AXIS2_PLACEMENT_2D('',#732,#733);
#732 = CARTESIAN_POINT('',(6.925,-1.487808029215));
#733 = DIRECTION('',(1.,0.));
#734 = ( GEOMETRIC_REPRESENTATION_CONTEXT(2) 
PARAMETRIC_REPRESENTATION_CONTEXT() REPRESENTATION_CONTEXT('2D SPACE',''
  ) );
#735 = PCURVE('',#736,#741);
#736 = CYLINDRICAL_SURFACE('',#737,0.5);
#737 = AXIS2_PLACEMENT_3D('',#738,#739,#740);
#738 = CARTESIAN_POINT('',(6.925,-1.42,11.53));
#739 = DIRECTION('',(0.,0.,1.));
#740 = DIRECTION('',(1.,0.,-0.));
#741 = DEFINITIONAL_REPRESENTATION('',(#742),#746);
#742 = LINE('',#743,#744);
#743 = CARTESIAN_POINT('',(0.,0.));
#744 = VECTOR('',#745,1.);
#745 = DIRECTION('',(1.,0.));
#746 = ( GEOMETRIC_REPRESENTATION_CONTEXT(2) 
PARAMETRIC_REPRESENTATION_CONTEXT() REPRESENTATION_CONTEXT('2D SPACE',''
  ) );
#747 = FACE_BOUND('',#748,.T.);
#748 = EDGE_LOOP('',(#749));
#749 = ORIENTED_EDGE('',*,*,#750,.F.);
#750 = EDGE_CURVE('',#751,#751,#753,.T.);
#751 = VERTEX_POINT('',#752);
#752 = CARTESIAN_POINT('',(10.195,-1.42,11.53));
#753 = SURFACE_CURVE('',#754,(#759,#766),.PCURVE_S1.);
#754 = CIRCLE('',#755,0.5);
#755 = AXIS2_PLACEMENT_3D('',#756,#757,#758);
#756 = CARTESIAN_POINT('',(9.695,-1.42,11.53));
#757 = DIRECTION('',(0.,0.,1.));
#758 = DIRECTION('',(1.,0.,-0.));
#759 = PCURVE('',#93,#760);
#760 = DEFINITIONAL_REPRESENTATION('',(#761),#765);
#761 = CIRCLE('',#762,0.5);
#762 = AXIS2_PLACEMENT_2D('',#763,#764);
#763 = CARTESIAN_POINT('',(9.695,-1.487808029215));
#764 = DIRECTION('',(1.,0.));
#765 = ( GEOMETRIC_REPRESENTATION_CONTEXT(2) 
PARAMETRIC_REPRESENTATION_CONTEXT() REPRESENTATION_CONTEXT('2D SPACE',''
  ) );
#766 = PCURVE('',#767,#772);
#767 = CYLINDRICAL_SURFACE('',#768,0.5);
#768 = AXIS2_PLACEMENT_3D('',#769,#770,#771);
#769 = CARTESIAN_POINT('',(9.695,-1.42,11.53));
#770 = DIRECTION('',(0.,0.,1.));
#771 = DIRECTION('',(1.,0.,-0.));
#772 = DEFINITIONAL_REPRESENTATION('',(#773),#777);
#773 = LINE('',#774,#775);
#774 = CARTESIAN_POINT('',(0.,0.));
#775 = VECTOR('',#776,1.);
#776 = DIRECTION('',(1.,0.));
#777 = ( GEOMETRIC_REPRESENTATION_CONTEXT(2) 
PARAMETRIC_REPRESENTATION_CONTEXT() REPRESENTATION_CONTEXT('2D SPACE',''
  ) );
#778 = FACE_BOUND('',#779,.T.);
#779 = EDGE_LOOP('',(#780));
#780 = ORIENTED_EDGE('',*,*,#781,.F.);
#781 = EDGE_CURVE('',#782,#782,#784,.T.);
#782 = VERTEX_POINT('',#783);
#783 = CARTESIAN_POINT('',(12.965,-1.42,11.53));
#784 = SURFACE_CURVE('',#785,(#790,#797),.PCURVE_S1.);
#785 = CIRCLE('',#786,0.5);
#786 = AXIS2_PLACEMENT_3D('',#787,#788,#789);
#787 = CARTESIAN_POINT('',(12.465,-1.42,11.53));
#788 = DIRECTION('',(0.,0.,1.));
#789 = DIRECTION('',(1.,0.,-0.));
#790 = PCURVE('',#93,#791);
#791 = DEFINITIONAL_REPRESENTATION('',(#792),#796);
#792 = CIRCLE('',#793,0.5);
#793 = AXIS2_PLACEMENT_2D('',#794,#795);
#794 = CARTESIAN_POINT('',(12.465,-1.487808029215));
#795 = DIRECTION('',(1.,0.));
#796 = ( GEOMETRIC_REPRESENTATION_CONTEXT(2) 
PARAMETRIC_REPRESENTATION_CONTEXT() REPRESENTATION_CONTEXT('2D SPACE',''
  ) );
#797 = PCURVE('',#798,#803);
#798 = CYLINDRICAL_SURFACE('',#799,0.5);
#799 = AXIS2_PLACEMENT_3D('',#800,#801,#802);
#800 = CARTESIAN_POINT('',(12.465,-1.42,11.53));
#801 = DIRECTION('',(0.,0.,1.));
#802 = DIRECTION('',(1.,0.,-0.));
#803 = DEFINITIONAL_REPRESENTATION('',(#804),#808);
#804 = LINE('',#805,#806);
#805 = CARTESIAN_POINT('',(0.,0.));
#806 = VECTOR('',#807,1.);
#807 = DIRECTION('',(1.,0.));
#808 = ( GEOMETRIC_REPRESENTATION_CONTEXT(2) 
PARAMETRIC_REPRESENTATION_CONTEXT() REPRESENTATION_CONTEXT('2D SPACE',''
  ) );
#809 = FACE_BOUND('',#810,.T.);
#810 = EDGE_LOOP('',(#811));
#811 = ORIENTED_EDGE('',*,*,#812,.F.);
#812 = EDGE_CURVE('',#813,#813,#815,.T.);
#813 = VERTEX_POINT('',#814);
#814 = CARTESIAN_POINT('',(15.735,-1.42,11.53));
#815 = SURFACE_CURVE('',#816,(#821,#828),.PCURVE_S1.);
#816 = CIRCLE('',#817,0.5);
#817 = AXIS2_PLACEMENT_3D('',#818,#819,#820);
#818 = CARTESIAN_POINT('',(15.235,-1.42,11.53));
#819 = DIRECTION('',(0.,0.,1.));
#820 = DIRECTION('',(1.,0.,-0.));
#821 = PCURVE('',#93,#822);
#822 = DEFINITIONAL_REPRESENTATION('',(#823),#827);
#823 = CIRCLE('',#824,0.5);
#824 = AXIS2_PLACEMENT_2D('',#825,#826);
#825 = CARTESIAN_POINT('',(15.235,-1.487808029215));
#826 = DIRECTION('',(1.,0.));
#827 = ( GEOMETRIC_REPRESENTATION_CONTEXT(2) 
PARAMETRIC_REPRESENTATION_CONTEXT() REPRESENTATION_CONTEXT('2D SPACE',''
  ) );
#828 = PCURVE('',#829,#834);
#829 = CYLINDRICAL_SURFACE('',#830,0.5);
#830 = AXIS2_PLACEMENT_3D('',#831,#832,#833);
#831 = CARTESIAN_POINT('',(15.235,-1.42,11.53));
#832 = DIRECTION('',(0.,0.,1.));
#833 = DIRECTION('',(1.,0.,-0.));
#834 = DEFINITIONAL_REPRESENTATION('',(#835),#839);
#835 = LINE('',#836,#837);
#836 = CARTESIAN_POINT('',(0.,0.));
#837 = VECTOR('',#838,1.);
#838 = DIRECTION('',(1.,0.));
#839 = ( GEOMETRIC_REPRESENTATION_CONTEXT(2) 
PARAMETRIC_REPRESENTATION_CONTEXT() REPRESENTATION_CONTEXT('2D SPACE',''
  ) );
#840 = FACE_BOUND('',#841,.T.);
#841 = EDGE_LOOP('',(#842));
#842 = ORIENTED_EDGE('',*,*,#843,.F.);
#843 = EDGE_CURVE('',#844,#844,#846,.T.);
#844 = VERTEX_POINT('',#845);
#845 = CARTESIAN_POINT('',(18.505,-1.42,11.53));
#846 = SURFACE_CURVE('',#847,(#852,#859),.PCURVE_S1.);
#847 = CIRCLE('',#848,0.5);
#848 = AXIS2_PLACEMENT_3D('',#849,#850,#851);
#849 = CARTESIAN_POINT('',(18.005,-1.42,11.53));
#850 = DIRECTION('',(0.,0.,1.));
#851 = DIRECTION('',(1.,0.,-0.));
#852 = PCURVE('',#93,#853);
#853 = DEFINITIONAL_REPRESENTATION('',(#854),#858);
#854 = CIRCLE('',#855,0.5);
#855 = AXIS2_PLACEMENT_2D('',#856,#857);
#856 = CARTESIAN_POINT('',(18.005,-1.487808029215));
#857 = DIRECTION('',(1.,0.));
#858 = ( GEOMETRIC_REPRESENTATION_CONTEXT(2) 
PARAMETRIC_REPRESENTATION_CONTEXT() REPRESENTATION_CONTEXT('2D SPACE',''
  ) );
#859 = PCURVE('',#860,#865);
#860 = CYLINDRICAL_SURFACE('',#861,0.5);
#861 = AXIS2_PLACEMENT_3D('',#862,#863,#864);
#862 = CARTESIAN_POINT('',(18.005,-1.42,11.53));
#863 = DIRECTION('',(0.,0.,1.));
#864 = DIRECTION('',(1.,0.,-0.));
#865 = DEFINITIONAL_REPRESENTATION('',(#866),#870);
#866 = LINE('',#867,#868);
#867 = CARTESIAN_POINT('',(0.,0.));
#868 = VECTOR('',#869,1.);
#869 = DIRECTION('',(1.,0.));
#870 = ( GEOMETRIC_REPRESENTATION_CONTEXT(2) 
PARAMETRIC_REPRESENTATION_CONTEXT() REPRESENTATION_CONTEXT('2D SPACE',''
  ) );
#871 = FACE_BOUND('',#872,.T.);
#872 = EDGE_LOOP('',(#873));
#873 = ORIENTED_EDGE('',*,*,#874,.F.);
#874 = EDGE_CURVE('',#875,#875,#877,.T.);
#875 = VERTEX_POINT('',#876);
#876 = CARTESIAN_POINT('',(21.275,-1.42,11.53));
#877 = SURFACE_CURVE('',#878,(#883,#890),.PCURVE_S1.);
#878 = CIRCLE('',#879,0.5);
#879 = AXIS2_PLACEMENT_3D('',#880,#881,#882);
#880 = CARTESIAN_POINT('',(20.775,-1.42,11.53));
#881 = DIRECTION('',(0.,0.,1.));
#882 = DIRECTION('',(1.,0.,-0.));
#883 = PCURVE('',#93,#884);
#884 = DEFINITIONAL_REPRESENTATION('',(#885),#889);
#885 = CIRCLE('',#886,0.5);
#886 = AXIS2_PLACEMENT_2D('',#887,#888);
#887 = CARTESIAN_POINT('',(20.775,-1.487808029215));
#888 = DIRECTION('',(1.,0.));
#889 = ( GEOMETRIC_REPRESENTATION_CONTEXT(2) 
PARAMETRIC_REPRESENTATION_CONTEXT() REPRESENTATION_CONTEXT('2D SPACE',''
  ) );
#890 = PCURVE('',#891,#896);
#891 = CYLINDRICAL_SURFACE('',#892,0.5);
#892 = AXIS2_PLACEMENT_3D('',#893,#894,#895);
#893 = CARTESIAN_POINT('',(20.775,-1.42,11.53));
#894 = DIRECTION('',(0.,0.,1.));
#895 = DIRECTION('',(1.,0.,-0.));
#896 = DEFINITIONAL_REPRESENTATION('',(#897),#901);
#897 = LINE('',#898,#899);
#898 = CARTESIAN_POINT('',(0.,0.));
#899 = VECTOR('',#900,1.);
#900 = DIRECTION('',(1.,0.));
#901 = ( GEOMETRIC_REPRESENTATION_CONTEXT(2) 
PARAMETRIC_REPRESENTATION_CONTEXT() REPRESENTATION_CONTEXT('2D SPACE',''
  ) );
#902 = FACE_BOUND('',#903,.T.);
#903 = EDGE_LOOP('',(#904));
#904 = ORIENTED_EDGE('',*,*,#905,.F.);
#905 = EDGE_CURVE('',#906,#906,#908,.T.);
#906 = VERTEX_POINT('',#907);
#907 = CARTESIAN_POINT('',(24.045,-1.42,11.53));
#908 = SURFACE_CURVE('',#909,(#914,#921),.PCURVE_S1.);
#909 = CIRCLE('',#910,0.5);
#910 = AXIS2_PLACEMENT_3D('',#911,#912,#913);
#911 = CARTESIAN_POINT('',(23.545,-1.42,11.53));
#912 = DIRECTION('',(0.,0.,1.));
#913 = DIRECTION('',(1.,0.,-0.));
#914 = PCURVE('',#93,#915);
#915 = DEFINITIONAL_REPRESENTATION('',(#916),#920);
#916 = CIRCLE('',#917,0.5);
#917 = AXIS2_PLACEMENT_2D('',#918,#919);
#918 = CARTESIAN_POINT('',(23.545,-1.487808029215));
#919 = DIRECTION('',(1.,0.));
#920 = ( GEOMETRIC_REPRESENTATION_CONTEXT(2) 
PARAMETRIC_REPRESENTATION_CONTEXT() REPRESENTATION_CONTEXT('2D SPACE',''
  ) );
#921 = PCURVE('',#922,#927);
#922 = CYLINDRICAL_SURFACE('',#923,0.5);
#923 = AXIS2_PLACEMENT_3D('',#924,#925,#926);
#924 = CARTESIAN_POINT('',(23.545,-1.42,11.53));
#925 = DIRECTION('',(0.,0.,1.));
#926 = DIRECTION('',(1.,0.,-0.));
#927 = DEFINITIONAL_REPRESENTATION('',(#928),#932);
#928 = LINE('',#929,#930);
#929 = CARTESIAN_POINT('',(0.,0.));
#930 = VECTOR('',#931,1.);
#931 = DIRECTION('',(1.,0.));
#932 = ( GEOMETRIC_REPRESENTATION_CONTEXT(2) 
PARAMETRIC_REPRESENTATION_CONTEXT() REPRESENTATION_CONTEXT('2D SPACE',''
  ) );
#933 = FACE_BOUND('',#934,.T.);
#934 = EDGE_LOOP('',(#935));
#935 = ORIENTED_EDGE('',*,*,#78,.F.);
#936 = FACE_BOUND('',#937,.T.);
#937 = EDGE_LOOP('',(#938));
#938 = ORIENTED_EDGE('',*,*,#939,.F.);
#939 = EDGE_CURVE('',#940,#940,#942,.T.);
#940 = VERTEX_POINT('',#941);
#941 = CARTESIAN_POINT('',(-21.66,1.42,11.53));
#942 = SURFACE_CURVE('',#943,(#948,#955),.PCURVE_S1.);
#943 = CIRCLE('',#944,0.5);
#944 = AXIS2_PLACEMENT_3D('',#945,#946,#947);
#945 = CARTESIAN_POINT('',(-22.16,1.42,11.53));
#946 = DIRECTION('',(0.,0.,1.));
#947 = DIRECTION('',(1.,0.,-0.));
#948 = PCURVE('',#93,#949);
#949 = DEFINITIONAL_REPRESENTATION('',(#950),#954);
#950 = CIRCLE('',#951,0.5);
#951 = AXIS2_PLACEMENT_2D('',#952,#953);
#952 = CARTESIAN_POINT('',(-22.16,1.352191970785));
#953 = DIRECTION('',(1.,0.));
#954 = ( GEOMETRIC_REPRESENTATION_CONTEXT(2) 
PARAMETRIC_REPRESENTATION_CONTEXT() REPRESENTATION_CONTEXT('2D SPACE',''
  ) );
#955 = PCURVE('',#956,#961);
#956 = CYLINDRICAL_SURFACE('',#957,0.5);
#957 = AXIS2_PLACEMENT_3D('',#958,#959,#960);
#958 = CARTESIAN_POINT('',(-22.16,1.42,11.53));
#959 = DIRECTION('',(0.,0.,1.));
#960 = DIRECTION('',(1.,0.,-0.));
#961 = DEFINITIONAL_REPRESENTATION('',(#962),#966);
#962 = LINE('',#963,#964);
#963 = CARTESIAN_POINT('',(0.,0.));
#964 = VECTOR('',#965,1.);
#965 = DIRECTION('',(1.,0.));
#966 = ( GEOMETRIC_REPRESENTATION_CONTEXT(2) 
PARAMETRIC_REPRESENTATION_CONTEXT() REPRESENTATION_CONTEXT('2D SPACE',''
  ) );
#967 = FACE_BOUND('',#968,.T.);
#968 = EDGE_LOOP('',(#969));
#969 = ORIENTED_EDGE('',*,*,#970,.F.);
#970 = EDGE_CURVE('',#971,#971,#973,.T.);
#971 = VERTEX_POINT('',#972);
#972 = CARTESIAN_POINT('',(-18.89,1.42,11.53));
#973 = SURFACE_CURVE('',#974,(#979,#986),.PCURVE_S1.);
#974 = CIRCLE('',#975,0.5);
#975 = AXIS2_PLACEMENT_3D('',#976,#977,#978);
#976 = CARTESIAN_POINT('',(-19.39,1.42,11.53));
#977 = DIRECTION('',(0.,0.,1.));
#978 = DIRECTION('',(1.,0.,-0.));
#979 = PCURVE('',#93,#980);
#980 = DEFINITIONAL_REPRESENTATION('',(#981),#985);
#981 = CIRCLE('',#982,0.5);
#982 = AXIS2_PLACEMENT_2D('',#983,#984);
#983 = CARTESIAN_POINT('',(-19.39,1.352191970785));
#984 = DIRECTION('',(1.,0.));
#985 = ( GEOMETRIC_REPRESENTATION_CONTEXT(2) 
PARAMETRIC_REPRESENTATION_CONTEXT() REPRESENTATION_CONTEXT('2D SPACE',''
  ) );
#986 = PCURVE('',#987,#992);
#987 = CYLINDRICAL_SURFACE('',#988,0.5);
#988 = AXIS2_PLACEMENT_3D('',#989,#990,#991);
#989 = CARTESIAN_POINT('',(-19.39,1.42,11.53));
#990 = DIRECTION('',(0.,0.,1.));
#991 = DIRECTION('',(1.,0.,-0.));
#992 = DEFINITIONAL_REPRESENTATION('',(#993),#997);
#993 = LINE('',#994,#995);
#994 = CARTESIAN_POINT('',(0.,0.));
#995 = VECTOR('',#996,1.);
#996 = DIRECTION('',(1.,0.));
#997 = ( GEOMETRIC_REPRESENTATION_CONTEXT(2) 
PARAMETRIC_REPRESENTATION_CONTEXT() REPRESENTATION_CONTEXT('2D SPACE',''
  ) );
#998 = FACE_BOUND('',#999,.T.);
#999 = EDGE_LOOP('',(#1000));
#1000 = ORIENTED_EDGE('',*,*,#1001,.F.);
#1001 = EDGE_CURVE('',#1002,#1002,#1004,.T.);
#1002 = VERTEX_POINT('',#1003);
#1003 = CARTESIAN_POINT('',(-16.12,1.42,11.53));
#1004 = SURFACE_CURVE('',#1005,(#1010,#1017),.PCURVE_S1.);
#1005 = CIRCLE('',#1006,0.5);
#1006 = AXIS2_PLACEMENT_3D('',#1007,#1008,#1009);
#1007 = CARTESIAN_POINT('',(-16.62,1.42,11.53));
#1008 = DIRECTION('',(0.,0.,1.));
#1009 = DIRECTION('',(1.,0.,-0.));
#1010 = PCURVE('',#93,#1011);
#1011 = DEFINITIONAL_REPRESENTATION('',(#1012),#1016);
#1012 = CIRCLE('',#1013,0.5);
#1013 = AXIS2_PLACEMENT_2D('',#1014,#1015);
#1014 = CARTESIAN_POINT('',(-16.62,1.352191970785));
#1015 = DIRECTION('',(1.,0.));
#1016 = ( GEOMETRIC_REPRESENTATION_CONTEXT(2) 
PARAMETRIC_REPRESENTATION_CONTEXT() REPRESENTATION_CONTEXT('2D SPACE',''
  ) );
#1017 = PCURVE('',#1018,#1023);
#1018 = CYLINDRICAL_SURFACE('',#1019,0.5);
#1019 = AXIS2_PLACEMENT_3D('',#1020,#1021,#1022);
#1020 = CARTESIAN_POINT('',(-16.62,1.42,11.53));
#1021 = DIRECTION('',(0.,0.,1.));
#1022 = DIRECTION('',(1.,0.,-0.));
#1023 = DEFINITIONAL_REPRESENTATION('',(#1024),#1028);
#1024 = LINE('',#1025,#1026);
#1025 = CARTESIAN_POINT('',(0.,0.));
#1026 = VECTOR('',#1027,1.);
#1027 = DIRECTION('',(1.,0.));
#1028 = ( GEOMETRIC_REPRESENTATION_CONTEXT(2) 
PARAMETRIC_REPRESENTATION_CONTEXT() REPRESENTATION_CONTEXT('2D SPACE',''
  ) );
#1029 = FACE_BOUND('',#1030,.T.);
#1030 = EDGE_LOOP('',(#1031));
#1031 = ORIENTED_EDGE('',*,*,#1032,.F.);
#1032 = EDGE_CURVE('',#1033,#1033,#1035,.T.);
#1033 = VERTEX_POINT('',#1034);
#1034 = CARTESIAN_POINT('',(-13.35,1.42,11.53));
#1035 = SURFACE_CURVE('',#1036,(#1041,#1048),.PCURVE_S1.);
#1036 = CIRCLE('',#1037,0.5);
#1037 = AXIS2_PLACEMENT_3D('',#1038,#1039,#1040);
#1038 = CARTESIAN_POINT('',(-13.85,1.42,11.53));
#1039 = DIRECTION('',(0.,0.,1.));
#1040 = DIRECTION('',(1.,0.,-0.));
#1041 = PCURVE('',#93,#1042);
#1042 = DEFINITIONAL_REPRESENTATION('',(#1043),#1047);
#1043 = CIRCLE('',#1044,0.5);
#1044 = AXIS2_PLACEMENT_2D('',#1045,#1046);
#1045 = CARTESIAN_POINT('',(-13.85,1.352191970785));
#1046 = DIRECTION('',(1.,0.));
#1047 = ( GEOMETRIC_REPRESENTATION_CONTEXT(2) 
PARAMETRIC_REPRESENTATION_CONTEXT() REPRESENTATION_CONTEXT('2D SPACE',''
  ) );
#1048 = PCURVE('',#1049,#1054);
#1049 = CYLINDRICAL_SURFACE('',#1050,0.5);
#1050 = AXIS2_PLACEMENT_3D('',#1051,#1052,#1053);
#1051 = CARTESIAN_POINT('',(-13.85,1.42,11.53));
#1052 = DIRECTION('',(0.,0.,1.));
#1053 = DIRECTION('',(1.,0.,-0.));
#1054 = DEFINITIONAL_REPRESENTATION('',(#1055),#1059);
#1055 = LINE('',#1056,#1057);
#1056 = CARTESIAN_POINT('',(0.,0.));
#1057 = VECTOR('',#1058,1.);
#1058 = DIRECTION('',(1.,0.));
#1059 = ( GEOMETRIC_REPRESENTATION_CONTEXT(2) 
PARAMETRIC_REPRESENTATION_CONTEXT() REPRESENTATION_CONTEXT('2D SPACE',''
  ) );
#1060 = FACE_BOUND('',#1061,.T.);
#1061 = EDGE_LOOP('',(#1062));
#1062 = ORIENTED_EDGE('',*,*,#1063,.F.);
#1063 = EDGE_CURVE('',#1064,#1064,#1066,.T.);
#1064 = VERTEX_POINT('',#1065);
#1065 = CARTESIAN_POINT('',(-10.58,1.42,11.53));
#1066 = SURFACE_CURVE('',#1067,(#1072,#1079),.PCURVE_S1.);
#1067 = CIRCLE('',#1068,0.5);
#1068 = AXIS2_PLACEMENT_3D('',#1069,#1070,#1071);
#1069 = CARTESIAN_POINT('',(-11.08,1.42,11.53));
#1070 = DIRECTION('',(0.,0.,1.));
#1071 = DIRECTION('',(1.,0.,-0.));
#1072 = PCURVE('',#93,#1073);
#1073 = DEFINITIONAL_REPRESENTATION('',(#1074),#1078);
#1074 = CIRCLE('',#1075,0.5);
#1075 = AXIS2_PLACEMENT_2D('',#1076,#1077);
#1076 = CARTESIAN_POINT('',(-11.08,1.352191970785));
#1077 = DIRECTION('',(1.,0.));
#1078 = ( GEOMETRIC_REPRESENTATION_CONTEXT(2) 
PARAMETRIC_REPRESENTATION_CONTEXT() REPRESENTATION_CONTEXT('2D SPACE',''
  ) );
#1079 = PCURVE('',#1080,#1085);
#1080 = CYLINDRICAL_SURFACE('',#1081,0.5);
#1081 = AXIS2_PLACEMENT_3D('',#1082,#1083,#1084);
#1082 = CARTESIAN_POINT('',(-11.08,1.42,11.53));
#1083 = DIRECTION('',(0.,0.,1.));
#1084 = DIRECTION('',(1.,0.,-0.));
#1085 = DEFINITIONAL_REPRESENTATION('',(#1086),#1090);
#1086 = LINE('',#1087,#1088);
#1087 = CARTESIAN_POINT('',(0.,0.));
#1088 = VECTOR('',#1089,1.);
#1089 = DIRECTION('',(1.,0.));
#1090 = ( GEOMETRIC_REPRESENTATION_CONTEXT(2) 
PARAMETRIC_REPRESENTATION_CONTEXT() REPRESENTATION_CONTEXT('2D SPACE',''
  ) );
#1091 = FACE_BOUND('',#1092,.T.);
#1092 = EDGE_LOOP('',(#1093));
#1093 = ORIENTED_EDGE('',*,*,#1094,.F.);
#1094 = EDGE_CURVE('',#1095,#1095,#1097,.T.);
#1095 = VERTEX_POINT('',#1096);
#1096 = CARTESIAN_POINT('',(-7.81,1.42,11.53));
#1097 = SURFACE_CURVE('',#1098,(#1103,#1110),.PCURVE_S1.);
#1098 = CIRCLE('',#1099,0.5);
#1099 = AXIS2_PLACEMENT_3D('',#1100,#1101,#1102);
#1100 = CARTESIAN_POINT('',(-8.31,1.42,11.53));
#1101 = DIRECTION('',(0.,0.,1.));
#1102 = DIRECTION('',(1.,0.,-0.));
#1103 = PCURVE('',#93,#1104);
#1104 = DEFINITIONAL_REPRESENTATION('',(#1105),#1109);
#1105 = CIRCLE('',#1106,0.5);
#1106 = AXIS2_PLACEMENT_2D('',#1107,#1108);
#1107 = CARTESIAN_POINT('',(-8.31,1.352191970785));
#1108 = DIRECTION('',(1.,0.));
#1109 = ( GEOMETRIC_REPRESENTATION_CONTEXT(2) 
PARAMETRIC_REPRESENTATION_CONTEXT() REPRESENTATION_CONTEXT('2D SPACE',''
  ) );
#1110 = PCURVE('',#1111,#1116);
#1111 = CYLINDRICAL_SURFACE('',#1112,0.5);
#1112 = AXIS2_PLACEMENT_3D('',#1113,#1114,#1115);
#1113 = CARTESIAN_POINT('',(-8.31,1.42,11.53));
#1114 = DIRECTION('',(0.,0.,1.));
#1115 = DIRECTION('',(1.,0.,-0.));
#1116 = DEFINITIONAL_REPRESENTATION('',(#1117),#1121);
#1117 = LINE('',#1118,#1119);
#1118 = CARTESIAN_POINT('',(0.,0.));
#1119 = VECTOR('',#1120,1.);
#1120 = DIRECTION('',(1.,0.));
#1121 = ( GEOMETRIC_REPRESENTATION_CONTEXT(2) 
PARAMETRIC_REPRESENTATION_CONTEXT() REPRESENTATION_CONTEXT('2D SPACE',''
  ) );
#1122 = FACE_BOUND('',#1123,.T.);
#1123 = EDGE_LOOP('',(#1124));
#1124 = ORIENTED_EDGE('',*,*,#1125,.F.);
#1125 = EDGE_CURVE('',#1126,#1126,#1128,.T.);
#1126 = VERTEX_POINT('',#1127);
#1127 = CARTESIAN_POINT('',(-5.04,1.42,11.53));
#1128 = SURFACE_CURVE('',#1129,(#1134,#1141),.PCURVE_S1.);
#1129 = CIRCLE('',#1130,0.5);
#1130 = AXIS2_PLACEMENT_3D('',#1131,#1132,#1133);
#1131 = CARTESIAN_POINT('',(-5.54,1.42,11.53));
#1132 = DIRECTION('',(0.,0.,1.));
#1133 = DIRECTION('',(1.,0.,-0.));
#1134 = PCURVE('',#93,#1135);
#1135 = DEFINITIONAL_REPRESENTATION('',(#1136),#1140);
#1136 = CIRCLE('',#1137,0.5);
#1137 = AXIS2_PLACEMENT_2D('',#1138,#1139);
#1138 = CARTESIAN_POINT('',(-5.54,1.352191970785));
#1139 = DIRECTION('',(1.,0.));
#1140 = ( GEOMETRIC_REPRESENTATION_CONTEXT(2) 
PARAMETRIC_REPRESENTATION_CONTEXT() REPRESENTATION_CONTEXT('2D SPACE',''
  ) );
#1141 = PCURVE('',#1142,#1147);
#1142 = CYLINDRICAL_SURFACE('',#1143,0.5);
#1143 = AXIS2_PLACEMENT_3D('',#1144,#1145,#1146);
#1144 = CARTESIAN_POINT('',(-5.54,1.42,11.53));
#1145 = DIRECTION('',(0.,0.,1.));
#1146 = DIRECTION('',(1.,0.,-0.));
#1147 = DEFINITIONAL_REPRESENTATION('',(#1148),#1152);
#1148 = LINE('',#1149,#1150);
#1149 = CARTESIAN_POINT('',(0.,0.));
#1150 = VECTOR('',#1151,1.);
#1151 = DIRECTION('',(1.,0.));
#1152 = ( GEOMETRIC_REPRESENTATION_CONTEXT(2) 
PARAMETRIC_REPRESENTATION_CONTEXT() REPRESENTATION_CONTEXT('2D SPACE',''
  ) );
#1153 = FACE_BOUND('',#1154,.T.);
#1154 = EDGE_LOOP('',(#1155));
#1155 = ORIENTED_EDGE('',*,*,#1156,.F.);
#1156 = EDGE_CURVE('',#1157,#1157,#1159,.T.);
#1157 = VERTEX_POINT('',#1158);
#1158 = CARTESIAN_POINT('',(-2.27,1.42,11.53));
#1159 = SURFACE_CURVE('',#1160,(#1165,#1172),.PCURVE_S1.);
#1160 = CIRCLE('',#1161,0.5);
#1161 = AXIS2_PLACEMENT_3D('',#1162,#1163,#1164);
#1162 = CARTESIAN_POINT('',(-2.77,1.42,11.53));
#1163 = DIRECTION('',(0.,0.,1.));
#1164 = DIRECTION('',(1.,0.,-0.));
#1165 = PCURVE('',#93,#1166);
#1166 = DEFINITIONAL_REPRESENTATION('',(#1167),#1171);
#1167 = CIRCLE('',#1168,0.5);
#1168 = AXIS2_PLACEMENT_2D('',#1169,#1170);
#1169 = CARTESIAN_POINT('',(-2.77,1.352191970785));
#1170 = DIRECTION('',(1.,0.));
#1171 = ( GEOMETRIC_REPRESENTATION_CONTEXT(2) 
PARAMETRIC_REPRESENTATION_CONTEXT() REPRESENTATION_CONTEXT('2D SPACE',''
  ) );
#1172 = PCURVE('',#1173,#1178);
#1173 = CYLINDRICAL_SURFACE('',#1174,0.5);
#1174 = AXIS2_PLACEMENT_3D('',#1175,#1176,#1177);
#1175 = CARTESIAN_POINT('',(-2.77,1.42,11.53));
#1176 = DIRECTION('',(0.,0.,1.));
#1177 = DIRECTION('',(1.,0.,-0.));
#1178 = DEFINITIONAL_REPRESENTATION('',(#1179),#1183);
#1179 = LINE('',#1180,#1181);
#1180 = CARTESIAN_POINT('',(0.,0.));
#1181 = VECTOR('',#1182,1.);
#1182 = DIRECTION('',(1.,0.));
#1183 = ( GEOMETRIC_REPRESENTATION_CONTEXT(2) 
PARAMETRIC_REPRESENTATION_CONTEXT() REPRESENTATION_CONTEXT('2D SPACE',''
  ) );
#1184 = FACE_BOUND('',#1185,.T.);
#1185 = EDGE_LOOP('',(#1186));
#1186 = ORIENTED_EDGE('',*,*,#1187,.F.);
#1187 = EDGE_CURVE('',#1188,#1188,#1190,.T.);
#1188 = VERTEX_POINT('',#1189);
#1189 = CARTESIAN_POINT('',(0.5,1.42,11.53));
#1190 = SURFACE_CURVE('',#1191,(#1196,#1203),.PCURVE_S1.);
#1191 = CIRCLE('',#1192,0.5);
#1192 = AXIS2_PLACEMENT_3D('',#1193,#1194,#1195);
#1193 = CARTESIAN_POINT('',(0.,1.42,11.53));
#1194 = DIRECTION('',(0.,0.,1.));
#1195 = DIRECTION('',(1.,0.,-0.));
#1196 = PCURVE('',#93,#1197);
#1197 = DEFINITIONAL_REPRESENTATION('',(#1198),#1202);
#1198 = CIRCLE('',#1199,0.5);
#1199 = AXIS2_PLACEMENT_2D('',#1200,#1201);
#1200 = CARTESIAN_POINT('',(2.423754771756E-16,1.352191970785));
#1201 = DIRECTION('',(1.,0.));
#1202 = ( GEOMETRIC_REPRESENTATION_CONTEXT(2) 
PARAMETRIC_REPRESENTATION_CONTEXT() REPRESENTATION_CONTEXT('2D SPACE',''
  ) );
#1203 = PCURVE('',#1204,#1209);
#1204 = CYLINDRICAL_SURFACE('',#1205,0.5);
#1205 = AXIS2_PLACEMENT_3D('',#1206,#1207,#1208);
#1206 = CARTESIAN_POINT('',(0.,1.42,11.53));
#1207 = DIRECTION('',(0.,0.,1.));
#1208 = DIRECTION('',(1.,0.,-0.));
#1209 = DEFINITIONAL_REPRESENTATION('',(#1210),#1214);
#1210 = LINE('',#1211,#1212);
#1211 = CARTESIAN_POINT('',(0.,0.));
#1212 = VECTOR('',#1213,1.);
#1213 = DIRECTION('',(1.,0.));
#1214 = ( GEOMETRIC_REPRESENTATION_CONTEXT(2) 
PARAMETRIC_REPRESENTATION_CONTEXT() REPRESENTATION_CONTEXT('2D SPACE',''
  ) );
#1215 = FACE_BOUND('',#1216,.T.);
#1216 = EDGE_LOOP('',(#1217));
#1217 = ORIENTED_EDGE('',*,*,#1218,.F.);
#1218 = EDGE_CURVE('',#1219,#1219,#1221,.T.);
#1219 = VERTEX_POINT('',#1220);
#1220 = CARTESIAN_POINT('',(3.27,1.42,11.53));
#1221 = SURFACE_CURVE('',#1222,(#1227,#1234),.PCURVE_S1.);
#1222 = CIRCLE('',#1223,0.5);
#1223 = AXIS2_PLACEMENT_3D('',#1224,#1225,#1226);
#1224 = CARTESIAN_POINT('',(2.77,1.42,11.53));
#1225 = DIRECTION('',(0.,0.,1.));
#1226 = DIRECTION('',(1.,0.,-0.));
#1227 = PCURVE('',#93,#1228);
#1228 = DEFINITIONAL_REPRESENTATION('',(#1229),#1233);
#1229 = CIRCLE('',#1230,0.5);
#1230 = AXIS2_PLACEMENT_2D('',#1231,#1232);
#1231 = CARTESIAN_POINT('',(2.77,1.352191970785));
#1232 = DIRECTION('',(1.,0.));
#1233 = ( GEOMETRIC_REPRESENTATION_CONTEXT(2) 
PARAMETRIC_REPRESENTATION_CONTEXT() REPRESENTATION_CONTEXT('2D SPACE',''
  ) );
#1234 = PCURVE('',#1235,#1240);
#1235 = CYLINDRICAL_SURFACE('',#1236,0.5);
#1236 = AXIS2_PLACEMENT_3D('',#1237,#1238,#1239);
#1237 = CARTESIAN_POINT('',(2.77,1.42,11.53));
#1238 = DIRECTION('',(0.,0.,1.));
#1239 = DIRECTION('',(1.,0.,-0.));
#1240 = DEFINITIONAL_REPRESENTATION('',(#1241),#1245);
#1241 = LINE('',#1242,#1243);
#1242 = CARTESIAN_POINT('',(0.,0.));
#1243 = VECTOR('',#1244,1.);
#1244 = DIRECTION('',(1.,0.));
#1245 = ( GEOMETRIC_REPRESENTATION_CONTEXT(2) 
PARAMETRIC_REPRESENTATION_CONTEXT() REPRESENTATION_CONTEXT('2D SPACE',''
  ) );
#1246 = FACE_BOUND('',#1247,.T.);
#1247 = EDGE_LOOP('',(#1248));
#1248 = ORIENTED_EDGE('',*,*,#1249,.F.);
#1249 = EDGE_CURVE('',#1250,#1250,#1252,.T.);
#1250 = VERTEX_POINT('',#1251);
#1251 = CARTESIAN_POINT('',(6.04,1.42,11.53));
#1252 = SURFACE_CURVE('',#1253,(#1258,#1265),.PCURVE_S1.);
#1253 = CIRCLE('',#1254,0.5);
#1254 = AXIS2_PLACEMENT_3D('',#1255,#1256,#1257);
#1255 = CARTESIAN_POINT('',(5.54,1.42,11.53));
#1256 = DIRECTION('',(0.,0.,1.));
#1257 = DIRECTION('',(1.,0.,-0.));
#1258 = PCURVE('',#93,#1259);
#1259 = DEFINITIONAL_REPRESENTATION('',(#1260),#1264);
#1260 = CIRCLE('',#1261,0.5);
#1261 = AXIS2_PLACEMENT_2D('',#1262,#1263);
#1262 = CARTESIAN_POINT('',(5.54,1.352191970785));
#1263 = DIRECTION('',(1.,0.));
#1264 = ( GEOMETRIC_REPRESENTATION_CONTEXT(2) 
PARAMETRIC_REPRESENTATION_CONTEXT() REPRESENTATION_CONTEXT('2D SPACE',''
  ) );
#1265 = PCURVE('',#1266,#1271);
#1266 = CYLINDRICAL_SURFACE('',#1267,0.5);
#1267 = AXIS2_PLACEMENT_3D('',#1268,#1269,#1270);
#1268 = CARTESIAN_POINT('',(5.54,1.42,11.53));
#1269 = DIRECTION('',(0.,0.,1.));
#1270 = DIRECTION('',(1.,0.,-0.));
#1271 = DEFINITIONAL_REPRESENTATION('',(#1272),#1276);
#1272 = LINE('',#1273,#1274);
#1273 = CARTESIAN_POINT('',(0.,0.));
#1274 = VECTOR('',#1275,1.);
#1275 = DIRECTION('',(1.,0.));
#1276 = ( GEOMETRIC_REPRESENTATION_CONTEXT(2) 
PARAMETRIC_REPRESENTATION_CONTEXT() REPRESENTATION_CONTEXT('2D SPACE',''
  ) );
#1277 = FACE_BOUND('',#1278,.T.);
#1278 = EDGE_LOOP('',(#1279));
#1279 = ORIENTED_EDGE('',*,*,#1280,.F.);
#1280 = EDGE_CURVE('',#1281,#1281,#1283,.T.);
#1281 = VERTEX_POINT('',#1282);
#1282 = CARTESIAN_POINT('',(8.81,1.42,11.53));
#1283 = SURFACE_CURVE('',#1284,(#1289,#1296),.PCURVE_S1.);
#1284 = CIRCLE('',#1285,0.5);
#1285 = AXIS2_PLACEMENT_3D('',#1286,#1287,#1288);
#1286 = CARTESIAN_POINT('',(8.31,1.42,11.53));
#1287 = DIRECTION('',(0.,0.,1.));
#1288 = DIRECTION('',(1.,0.,-0.));
#1289 = PCURVE('',#93,#1290);
#1290 = DEFINITIONAL_REPRESENTATION('',(#1291),#1295);
#1291 = CIRCLE('',#1292,0.5);
#1292 = AXIS2_PLACEMENT_2D('',#1293,#1294);
#1293 = CARTESIAN_POINT('',(8.31,1.352191970785));
#1294 = DIRECTION('',(1.,0.));
#1295 = ( GEOMETRIC_REPRESENTATION_CONTEXT(2) 
PARAMETRIC_REPRESENTATION_CONTEXT() REPRESENTATION_CONTEXT('2D SPACE',''
  ) );
#1296 = PCURVE('',#1297,#1302);
#1297 = CYLINDRICAL_SURFACE('',#1298,0.5);
#1298 = AXIS2_PLACEMENT_3D('',#1299,#1300,#1301);
#1299 = CARTESIAN_POINT('',(8.31,1.42,11.53));
#1300 = DIRECTION('',(0.,0.,1.));
#1301 = DIRECTION('',(1.,0.,-0.));
#1302 = DEFINITIONAL_REPRESENTATION('',(#1303),#1307);
#1303 = LINE('',#1304,#1305);
#1304 = CARTESIAN_POINT('',(0.,0.));
#1305 = VECTOR('',#1306,1.);
#1306 = DIRECTION('',(1.,0.));
#1307 = ( GEOMETRIC_REPRESENTATION_CONTEXT(2) 
PARAMETRIC_REPRESENTATION_CONTEXT() REPRESENTATION_CONTEXT('2D SPACE',''
  ) );
#1308 = FACE_BOUND('',#1309,.T.);
#1309 = EDGE_LOOP('',(#1310));
#1310 = ORIENTED_EDGE('',*,*,#1311,.F.);
#1311 = EDGE_CURVE('',#1312,#1312,#1314,.T.);
#1312 = VERTEX_POINT('',#1313);
#1313 = CARTESIAN_POINT('',(11.58,1.42,11.53));
#1314 = SURFACE_CURVE('',#1315,(#1320,#1327),.PCURVE_S1.);
#1315 = CIRCLE('',#1316,0.5);
#1316 = AXIS2_PLACEMENT_3D('',#1317,#1318,#1319);
#1317 = CARTESIAN_POINT('',(11.08,1.42,11.53));
#1318 = DIRECTION('',(0.,0.,1.));
#1319 = DIRECTION('',(1.,0.,-0.));
#1320 = PCURVE('',#93,#1321);
#1321 = DEFINITIONAL_REPRESENTATION('',(#1322),#1326);
#1322 = CIRCLE('',#1323,0.5);
#1323 = AXIS2_PLACEMENT_2D('',#1324,#1325);
#1324 = CARTESIAN_POINT('',(11.08,1.352191970785));
#1325 = DIRECTION('',(1.,0.));
#1326 = ( GEOMETRIC_REPRESENTATION_CONTEXT(2) 
PARAMETRIC_REPRESENTATION_CONTEXT() REPRESENTATION_CONTEXT('2D SPACE',''
  ) );
#1327 = PCURVE('',#1328,#1333);
#1328 = CYLINDRICAL_SURFACE('',#1329,0.5);
#1329 = AXIS2_PLACEMENT_3D('',#1330,#1331,#1332);
#1330 = CARTESIAN_POINT('',(11.08,1.42,11.53));
#1331 = DIRECTION('',(0.,0.,1.));
#1332 = DIRECTION('',(1.,0.,-0.));
#1333 = DEFINITIONAL_REPRESENTATION('',(#1334),#1338);
#1334 = LINE('',#1335,#1336);
#1335 = CARTESIAN_POINT('',(0.,0.));
#1336 = VECTOR('',#1337,1.);
#1337 = DIRECTION('',(1.,0.));
#1338 = ( GEOMETRIC_REPRESENTATION_CONTEXT(2) 
PARAMETRIC_REPRESENTATION_CONTEXT() REPRESENTATION_CONTEXT('2D SPACE',''
  ) );
#1339 = FACE_BOUND('',#1340,.T.);
#1340 = EDGE_LOOP('',(#1341));
#1341 = ORIENTED_EDGE('',*,*,#1342,.F.);
#1342 = EDGE_CURVE('',#1343,#1343,#1345,.T.);
#1343 = VERTEX_POINT('',#1344);
#1344 = CARTESIAN_POINT('',(14.35,1.42,11.53));
#1345 = SURFACE_CURVE('',#1346,(#1351,#1358),.PCURVE_S1.);
#1346 = CIRCLE('',#1347,0.5);
#1347 = AXIS2_PLACEMENT_3D('',#1348,#1349,#1350);
#1348 = CARTESIAN_POINT('',(13.85,1.42,11.53));
#1349 = DIRECTION('',(0.,0.,1.));
#1350 = DIRECTION('',(1.,0.,-0.));
#1351 = PCURVE('',#93,#1352);
#1352 = DEFINITIONAL_REPRESENTATION('',(#1353),#1357);
#1353 = CIRCLE('',#1354,0.5);
#1354 = AXIS2_PLACEMENT_2D('',#1355,#1356);
#1355 = CARTESIAN_POINT('',(13.85,1.352191970785));
#1356 = DIRECTION('',(1.,0.));
#1357 = ( GEOMETRIC_REPRESENTATION_CONTEXT(2) 
PARAMETRIC_REPRESENTATION_CONTEXT() REPRESENTATION_CONTEXT('2D SPACE',''
  ) );
#1358 = PCURVE('',#1359,#1364);
#1359 = CYLINDRICAL_SURFACE('',#1360,0.5);
#1360 = AXIS2_PLACEMENT_3D('',#1361,#1362,#1363);
#1361 = CARTESIAN_POINT('',(13.85,1.42,11.53));
#1362 = DIRECTION('',(0.,0.,1.));
#1363 = DIRECTION('',(1.,0.,-0.));
#1364 = DEFINITIONAL_REPRESENTATION('',(#1365),#1369);
#1365 = LINE('',#1366,#1367);
#1366 = CARTESIAN_POINT('',(0.,0.));
#1367 = VECTOR('',#1368,1.);
#1368 = DIRECTION('',(1.,0.));
#1369 = ( GEOMETRIC_REPRESENTATION_CONTEXT(2) 
PARAMETRIC_REPRESENTATION_CONTEXT() REPRESENTATION_CONTEXT('2D SPACE',''
  ) );
#1370 = FACE_BOUND('',#1371,.T.);
#1371 = EDGE_LOOP('',(#1372));
#1372 = ORIENTED_EDGE('',*,*,#1373,.F.);
#1373 = EDGE_CURVE('',#1374,#1374,#1376,.T.);
#1374 = VERTEX_POINT('',#1375);
#1375 = CARTESIAN_POINT('',(17.12,1.42,11.53));
#1376 = SURFACE_CURVE('',#1377,(#1382,#1389),.PCURVE_S1.);
#1377 = CIRCLE('',#1378,0.5);
#1378 = AXIS2_PLACEMENT_3D('',#1379,#1380,#1381);
#1379 = CARTESIAN_POINT('',(16.62,1.42,11.53));
#1380 = DIRECTION('',(0.,0.,1.));
#1381 = DIRECTION('',(1.,0.,-0.));
#1382 = PCURVE('',#93,#1383);
#1383 = DEFINITIONAL_REPRESENTATION('',(#1384),#1388);
#1384 = CIRCLE('',#1385,0.5);
#1385 = AXIS2_PLACEMENT_2D('',#1386,#1387);
#1386 = CARTESIAN_POINT('',(16.62,1.352191970785));
#1387 = DIRECTION('',(1.,0.));
#1388 = ( GEOMETRIC_REPRESENTATION_CONTEXT(2) 
PARAMETRIC_REPRESENTATION_CONTEXT() REPRESENTATION_CONTEXT('2D SPACE',''
  ) );
#1389 = PCURVE('',#1390,#1395);
#1390 = CYLINDRICAL_SURFACE('',#1391,0.5);
#1391 = AXIS2_PLACEMENT_3D('',#1392,#1393,#1394);
#1392 = CARTESIAN_POINT('',(16.62,1.42,11.53));
#1393 = DIRECTION('',(0.,0.,1.));
#1394 = DIRECTION('',(1.,0.,-0.));
#1395 = DEFINITIONAL_REPRESENTATION('',(#1396),#1400);
#1396 = LINE('',#1397,#1398);
#1397 = CARTESIAN_POINT('',(0.,0.));
#1398 = VECTOR('',#1399,1.);
#1399 = DIRECTION('',(1.,0.));
#1400 = ( GEOMETRIC_REPRESENTATION_CONTEXT(2) 
PARAMETRIC_REPRESENTATION_CONTEXT() REPRESENTATION_CONTEXT('2D SPACE',''
  ) );
#1401 = FACE_BOUND('',#1402,.T.);
#1402 = EDGE_LOOP('',(#1403));
#1403 = ORIENTED_EDGE('',*,*,#1404,.F.);
#1404 = EDGE_CURVE('',#1405,#1405,#1407,.T.);
#1405 = VERTEX_POINT('',#1406);
#1406 = CARTESIAN_POINT('',(19.89,1.42,11.53));
#1407 = SURFACE_CURVE('',#1408,(#1413,#1420),.PCURVE_S1.);
#1408 = CIRCLE('',#1409,0.5);
#1409 = AXIS2_PLACEMENT_3D('',#1410,#1411,#1412);
#1410 = CARTESIAN_POINT('',(19.39,1.42,11.53));
#1411 = DIRECTION('',(0.,0.,1.));
#1412 = DIRECTION('',(1.,0.,-0.));
#1413 = PCURVE('',#93,#1414);
#1414 = DEFINITIONAL_REPRESENTATION('',(#1415),#1419);
#1415 = CIRCLE('',#1416,0.5);
#1416 = AXIS2_PLACEMENT_2D('',#1417,#1418);
#1417 = CARTESIAN_POINT('',(19.39,1.352191970785));
#1418 = DIRECTION('',(1.,0.));
#1419 = ( GEOMETRIC_REPRESENTATION_CONTEXT(2) 
PARAMETRIC_REPRESENTATION_CONTEXT() REPRESENTATION_CONTEXT('2D SPACE',''
  ) );
#1420 = PCURVE('',#1421,#1426);
#1421 = CYLINDRICAL_SURFACE('',#1422,0.5);
#1422 = AXIS2_PLACEMENT_3D('',#1423,#1424,#1425);
#1423 = CARTESIAN_POINT('',(19.39,1.42,11.53));
#1424 = DIRECTION('',(0.,0.,1.));
#1425 = DIRECTION('',(1.,0.,-0.));
#1426 = DEFINITIONAL_REPRESENTATION('',(#1427),#1431);
#1427 = LINE('',#1428,#1429);
#1428 = CARTESIAN_POINT('',(0.,0.));
#1429 = VECTOR('',#1430,1.);
#1430 = DIRECTION('',(1.,0.));
#1431 = ( GEOMETRIC_REPRESENTATION_CONTEXT(2) 
PARAMETRIC_REPRESENTATION_CONTEXT() REPRESENTATION_CONTEXT('2D SPACE',''
  ) );
#1432 = FACE_BOUND('',#1433,.T.);
#1433 = EDGE_LOOP('',(#1434));
#1434 = ORIENTED_EDGE('',*,*,#1435,.F.);
#1435 = EDGE_CURVE('',#1436,#1436,#1438,.T.);
#1436 = VERTEX_POINT('',#1437);
#1437 = CARTESIAN_POINT('',(22.66,1.42,11.53));
#1438 = SURFACE_CURVE('',#1439,(#1444,#1451),.PCURVE_S1.);
#1439 = CIRCLE('',#1440,0.5);
#1440 = AXIS2_PLACEMENT_3D('',#1441,#1442,#1443);
#1441 = CARTESIAN_POINT('',(22.16,1.42,11.53));
#1442 = DIRECTION('',(0.,0.,1.));
#1443 = DIRECTION('',(1.,0.,-0.));
#1444 = PCURVE('',#93,#1445);
#1445 = DEFINITIONAL_REPRESENTATION('',(#1446),#1450);
#1446 = CIRCLE('',#1447,0.5);
#1447 = AXIS2_PLACEMENT_2D('',#1448,#1449);
#1448 = CARTESIAN_POINT('',(22.16,1.352191970785));
#1449 = DIRECTION('',(1.,0.));
#1450 = ( GEOMETRIC_REPRESENTATION_CONTEXT(2) 
PARAMETRIC_REPRESENTATION_CONTEXT() REPRESENTATION_CONTEXT('2D SPACE',''
  ) );
#1451 = PCURVE('',#1452,#1457);
#1452 = CYLINDRICAL_SURFACE('',#1453,0.5);
#1453 = AXIS2_PLACEMENT_3D('',#1454,#1455,#1456);
#1454 = CARTESIAN_POINT('',(22.16,1.42,11.53));
#1455 = DIRECTION('',(0.,0.,1.));
#1456 = DIRECTION('',(1.,0.,-0.));
#1457 = DEFINITIONAL_REPRESENTATION('',(#1458),#1462);
#1458 = LINE('',#1459,#1460);
#1459 = CARTESIAN_POINT('',(0.,0.));
#1460 = VECTOR('',#1461,1.);
#1461 = DIRECTION('',(1.,0.));
#1462 = ( GEOMETRIC_REPRESENTATION_CONTEXT(2) 
PARAMETRIC_REPRESENTATION_CONTEXT() REPRESENTATION_CONTEXT('2D SPACE',''
  ) );
#1463 = FACE_BOUND('',#1464,.T.);
#1464 = EDGE_LOOP('',(#1465));
#1465 = ORIENTED_EDGE('',*,*,#1466,.F.);
#1466 = EDGE_CURVE('',#1467,#1467,#1469,.T.);
#1467 = VERTEX_POINT('',#1468);
#1468 = CARTESIAN_POINT('',(25.43,1.42,11.53));
#1469 = SURFACE_CURVE('',#1470,(#1475,#1482),.PCURVE_S1.);
#1470 = CIRCLE('',#1471,0.5);
#1471 = AXIS2_PLACEMENT_3D('',#1472,#1473,#1474);
#1472 = CARTESIAN_POINT('',(24.93,1.42,11.53));
#1473 = DIRECTION('',(0.,0.,1.));
#1474 = DIRECTION('',(1.,0.,-0.));
#1475 = PCURVE('',#93,#1476);
#1476 = DEFINITIONAL_REPRESENTATION('',(#1477),#1481);
#1477 = CIRCLE('',#1478,0.5);
#1478 = AXIS2_PLACEMENT_2D('',#1479,#1480);
#1479 = CARTESIAN_POINT('',(24.93,1.352191970785));
#1480 = DIRECTION('',(1.,0.));
#1481 = ( GEOMETRIC_REPRESENTATION_CONTEXT(2) 
PARAMETRIC_REPRESENTATION_CONTEXT() REPRESENTATION_CONTEXT('2D SPACE',''
  ) );
#1482 = PCURVE('',#1483,#1488);
#1483 = CYLINDRICAL_SURFACE('',#1484,0.5);
#1484 = AXIS2_PLACEMENT_3D('',#1485,#1486,#1487);
#1485 = CARTESIAN_POINT('',(24.93,1.42,11.53));
#1486 = DIRECTION('',(0.,0.,1.));
#1487 = DIRECTION('',(1.,0.,-0.));
#1488 = DEFINITIONAL_REPRESENTATION('',(#1489),#1493);
#1489 = LINE('',#1490,#1491);
#1490 = CARTESIAN_POINT('',(0.,0.));
#1491 = VECTOR('',#1492,1.);
#1492 = DIRECTION('',(1.,0.));
#1493 = ( GEOMETRIC_REPRESENTATION_CONTEXT(2) 
PARAMETRIC_REPRESENTATION_CONTEXT() REPRESENTATION_CONTEXT('2D SPACE',''
  ) );
#1494 = ADVANCED_FACE('',(#1495),#129,.T.);
#1495 = FACE_BOUND('',#1496,.T.);
#1496 = EDGE_LOOP('',(#1497,#1520,#1547,#1548));
#1497 = ORIENTED_EDGE('',*,*,#1498,.T.);
#1498 = EDGE_CURVE('',#113,#1499,#1501,.T.);
#1499 = VERTEX_POINT('',#1500);
#1500 = CARTESIAN_POINT('',(-24.62,1.42,15.66));
#1501 = SEAM_CURVE('',#1502,(#1506,#1513),.PCURVE_S1.);
#1502 = LINE('',#1503,#1504);
#1503 = CARTESIAN_POINT('',(-24.62,1.42,11.88));
#1504 = VECTOR('',#1505,1.);
#1505 = DIRECTION('',(0.,0.,1.));
#1506 = PCURVE('',#129,#1507);
#1507 = DEFINITIONAL_REPRESENTATION('',(#1508),#1512);
#1508 = LINE('',#1509,#1510);
#1509 = CARTESIAN_POINT('',(6.28318530718,-0.));
#1510 = VECTOR('',#1511,1.);
#1511 = DIRECTION('',(0.,1.));
#1512 = ( GEOMETRIC_REPRESENTATION_CONTEXT(2) 
PARAMETRIC_REPRESENTATION_CONTEXT() REPRESENTATION_CONTEXT('2D SPACE',''
  ) );
#1513 = PCURVE('',#129,#1514);
#1514 = DEFINITIONAL_REPRESENTATION('',(#1515),#1519);
#1515 = LINE('',#1516,#1517);
#1516 = CARTESIAN_POINT('',(0.,-0.));
#1517 = VECTOR('',#1518,1.);
#1518 = DIRECTION('',(0.,1.));
#1519 = ( GEOMETRIC_REPRESENTATION_CONTEXT(2) 
PARAMETRIC_REPRESENTATION_CONTEXT() REPRESENTATION_CONTEXT('2D SPACE',''
  ) );
#1520 = ORIENTED_EDGE('',*,*,#1521,.F.);
#1521 = EDGE_CURVE('',#1499,#1499,#1522,.T.);
#1522 = SURFACE_CURVE('',#1523,(#1528,#1535),.PCURVE_S1.);
#1523 = CIRCLE('',#1524,0.31);
#1524 = AXIS2_PLACEMENT_3D('',#1525,#1526,#1527);
#1525 = CARTESIAN_POINT('',(-24.93,1.42,15.66));
#1526 = DIRECTION('',(0.,0.,1.));
#1527 = DIRECTION('',(1.,0.,-0.));
#1528 = PCURVE('',#129,#1529);
#1529 = DEFINITIONAL_REPRESENTATION('',(#1530),#1534);
#1530 = LINE('',#1531,#1532);
#1531 = CARTESIAN_POINT('',(0.,3.78));
#1532 = VECTOR('',#1533,1.);
#1533 = DIRECTION('',(1.,0.));
#1534 = ( GEOMETRIC_REPRESENTATION_CONTEXT(2) 
PARAMETRIC_REPRESENTATION_CONTEXT() REPRESENTATION_CONTEXT('2D SPACE',''
  ) );
#1535 = PCURVE('',#1536,#1541);
#1536 = SPHERICAL_SURFACE('',#1537,0.31);
#1537 = AXIS2_PLACEMENT_3D('',#1538,#1539,#1540);
#1538 = CARTESIAN_POINT('',(-24.93,1.42,15.66));
#1539 = DIRECTION('',(0.,0.,1.));
#1540 = DIRECTION('',(1.,0.,-0.));
#1541 = DEFINITIONAL_REPRESENTATION('',(#1542),#1546);
#1542 = LINE('',#1543,#1544);
#1543 = CARTESIAN_POINT('',(0.,0.));
#1544 = VECTOR('',#1545,1.);
#1545 = DIRECTION('',(1.,0.));
#1546 = ( GEOMETRIC_REPRESENTATION_CONTEXT(2) 
PARAMETRIC_REPRESENTATION_CONTEXT() REPRESENTATION_CONTEXT('2D SPACE',''
  ) );
#1547 = ORIENTED_EDGE('',*,*,#1498,.F.);
#1548 = ORIENTED_EDGE('',*,*,#112,.T.);
#1549 = ADVANCED_FACE('',(#1550),#162,.F.);
#1550 = FACE_BOUND('',#1551,.F.);
#1551 = EDGE_LOOP('',(#1552,#1582,#1603,#1604));
#1552 = ORIENTED_EDGE('',*,*,#1553,.F.);
#1553 = EDGE_CURVE('',#1554,#1556,#1558,.T.);
#1554 = VERTEX_POINT('',#1555);
#1555 = CARTESIAN_POINT('',(-24.45585487715,-3.38,10.47));
#1556 = VERTEX_POINT('',#1557);
#1557 = CARTESIAN_POINT('',(24.455854877158,-3.38,10.47));
#1558 = SURFACE_CURVE('',#1559,(#1563,#1570),.PCURVE_S1.);
#1559 = LINE('',#1560,#1561);
#1560 = CARTESIAN_POINT('',(-25.29688,-3.38,10.47));
#1561 = VECTOR('',#1562,1.);
#1562 = DIRECTION('',(1.,0.,0.));
#1563 = PCURVE('',#162,#1564);
#1564 = DEFINITIONAL_REPRESENTATION('',(#1565),#1569);
#1565 = LINE('',#1566,#1567);
#1566 = CARTESIAN_POINT('',(0.,0.));
#1567 = VECTOR('',#1568,1.);
#1568 = DIRECTION('',(1.,0.));
#1569 = ( GEOMETRIC_REPRESENTATION_CONTEXT(2) 
PARAMETRIC_REPRESENTATION_CONTEXT() REPRESENTATION_CONTEXT('2D SPACE',''
  ) );
#1570 = PCURVE('',#1571,#1576);
#1571 = PLANE('',#1572);
#1572 = AXIS2_PLACEMENT_3D('',#1573,#1574,#1575);
#1573 = CARTESIAN_POINT('',(4.5241490895E-16,0.107243581715,10.47));
#1574 = DIRECTION('',(0.,0.,1.));
#1575 = DIRECTION('',(1.,0.,-0.));
#1576 = DEFINITIONAL_REPRESENTATION('',(#1577),#1581);
#1577 = LINE('',#1578,#1579);
#1578 = CARTESIAN_POINT('',(-25.29688,-3.487243581715));
#1579 = VECTOR('',#1580,1.);
#1580 = DIRECTION('',(1.,0.));
#1581 = ( GEOMETRIC_REPRESENTATION_CONTEXT(2) 
PARAMETRIC_REPRESENTATION_CONTEXT() REPRESENTATION_CONTEXT('2D SPACE',''
  ) );
#1582 = ORIENTED_EDGE('',*,*,#1583,.T.);
#1583 = EDGE_CURVE('',#1554,#145,#1584,.T.);
#1584 = SURFACE_CURVE('',#1585,(#1589,#1596),.PCURVE_S1.);
#1585 = LINE('',#1586,#1587);
#1586 = CARTESIAN_POINT('',(-24.45585487715,-3.38,10.47));
#1587 = VECTOR('',#1588,1.);
#1588 = DIRECTION('',(0.,0.,1.));
#1589 = PCURVE('',#162,#1590);
#1590 = DEFINITIONAL_REPRESENTATION('',(#1591),#1595);
#1591 = LINE('',#1592,#1593);
#1592 = CARTESIAN_POINT('',(0.841025122842,0.));
#1593 = VECTOR('',#1594,1.);
#1594 = DIRECTION('',(0.,-1.));
#1595 = ( GEOMETRIC_REPRESENTATION_CONTEXT(2) 
PARAMETRIC_REPRESENTATION_CONTEXT() REPRESENTATION_CONTEXT('2D SPACE',''
  ) );
#1596 = PCURVE('',#364,#1597);
#1597 = DEFINITIONAL_REPRESENTATION('',(#1598),#1602);
#1598 = LINE('',#1599,#1600);
#1599 = CARTESIAN_POINT('',(-0.,0.));
#1600 = VECTOR('',#1601,1.);
#1601 = DIRECTION('',(-0.,1.));
#1602 = ( GEOMETRIC_REPRESENTATION_CONTEXT(2) 
PARAMETRIC_REPRESENTATION_CONTEXT() REPRESENTATION_CONTEXT('2D SPACE',''
  ) );
#1603 = ORIENTED_EDGE('',*,*,#144,.T.);
#1604 = ORIENTED_EDGE('',*,*,#1605,.F.);
#1605 = EDGE_CURVE('',#1556,#147,#1606,.T.);
#1606 = SURFACE_CURVE('',#1607,(#1611,#1618),.PCURVE_S1.);
#1607 = LINE('',#1608,#1609);
#1608 = CARTESIAN_POINT('',(24.455854877158,-3.38,10.47));
#1609 = VECTOR('',#1610,1.);
#1610 = DIRECTION('',(0.,0.,1.));
#1611 = PCURVE('',#162,#1612);
#1612 = DEFINITIONAL_REPRESENTATION('',(#1613),#1617);
#1613 = LINE('',#1614,#1615);
#1614 = CARTESIAN_POINT('',(49.752734877158,0.));
#1615 = VECTOR('',#1616,1.);
#1616 = DIRECTION('',(0.,-1.));
#1617 = ( GEOMETRIC_REPRESENTATION_CONTEXT(2) 
PARAMETRIC_REPRESENTATION_CONTEXT() REPRESENTATION_CONTEXT('2D SPACE',''
  ) );
#1618 = PCURVE('',#191,#1619);
#1619 = DEFINITIONAL_REPRESENTATION('',(#1620),#1624);
#1620 = LINE('',#1621,#1622);
#1621 = CARTESIAN_POINT('',(0.,0.));
#1622 = VECTOR('',#1623,1.);
#1623 = DIRECTION('',(0.,1.));
#1624 = ( GEOMETRIC_REPRESENTATION_CONTEXT(2) 
PARAMETRIC_REPRESENTATION_CONTEXT() REPRESENTATION_CONTEXT('2D SPACE',''
  ) );
#1625 = ADVANCED_FACE('',(#1626),#364,.T.);
#1626 = FACE_BOUND('',#1627,.F.);
#1627 = EDGE_LOOP('',(#1628,#1656,#1677,#1678));
#1628 = ORIENTED_EDGE('',*,*,#1629,.T.);
#1629 = EDGE_CURVE('',#1554,#1630,#1632,.T.);
#1630 = VERTEX_POINT('',#1631);
#1631 = CARTESIAN_POINT('',(-25.44105216685,-2.551424328408,10.47));
#1632 = SURFACE_CURVE('',#1633,(#1638,#1645),.PCURVE_S1.);
#1633 = CIRCLE('',#1634,1.);
#1634 = AXIS2_PLACEMENT_3D('',#1635,#1636,#1637);
#1635 = CARTESIAN_POINT('',(-24.45585487715,-2.38,10.47));
#1636 = DIRECTION('',(-0.,-0.,-1.));
#1637 = DIRECTION('',(0.,-1.,0.));
#1638 = PCURVE('',#364,#1639);
#1639 = DEFINITIONAL_REPRESENTATION('',(#1640),#1644);
#1640 = LINE('',#1641,#1642);
#1641 = CARTESIAN_POINT('',(-0.,1.7763568394E-15));
#1642 = VECTOR('',#1643,1.);
#1643 = DIRECTION('',(-1.,0.));
#1644 = ( GEOMETRIC_REPRESENTATION_CONTEXT(2) 
PARAMETRIC_REPRESENTATION_CONTEXT() REPRESENTATION_CONTEXT('2D SPACE',''
  ) );
#1645 = PCURVE('',#1571,#1646);
#1646 = DEFINITIONAL_REPRESENTATION('',(#1647),#1655);
#1647 = ( BOUNDED_CURVE() B_SPLINE_CURVE(2,(#1648,#1649,#1650,#1651,
#1652,#1653,#1654),.UNSPECIFIED.,.T.,.F.) B_SPLINE_CURVE_WITH_KNOTS((1,2
    ,2,2,2,1),(-2.094395102393,0.,2.094395102393,4.188790204786,
6.28318530718,8.377580409573),.UNSPECIFIED.) CURVE() 
GEOMETRIC_REPRESENTATION_ITEM() RATIONAL_B_SPLINE_CURVE((1.,0.5,1.,0.5,
1.,0.5,1.)) REPRESENTATION_ITEM('') );
#1648 = CARTESIAN_POINT('',(-24.45585487715,-3.487243581715));
#1649 = CARTESIAN_POINT('',(-26.18790568472,-3.487243581715));
#1650 = CARTESIAN_POINT('',(-25.32188028094,-1.987243581715));
#1651 = CARTESIAN_POINT('',(-24.45585487715,-0.487243581715));
#1652 = CARTESIAN_POINT('',(-23.58982947337,-1.987243581715));
#1653 = CARTESIAN_POINT('',(-22.72380406958,-3.487243581715));
#1654 = CARTESIAN_POINT('',(-24.45585487715,-3.487243581715));
#1655 = ( GEOMETRIC_REPRESENTATION_CONTEXT(2) 
PARAMETRIC_REPRESENTATION_CONTEXT() REPRESENTATION_CONTEXT('2D SPACE',''
  ) );
#1656 = ORIENTED_EDGE('',*,*,#1657,.T.);
#1657 = EDGE_CURVE('',#1630,#318,#1658,.T.);
#1658 = SURFACE_CURVE('',#1659,(#1663,#1670),.PCURVE_S1.);
#1659 = LINE('',#1660,#1661);
#1660 = CARTESIAN_POINT('',(-25.44105216685,-2.551424328408,10.47));
#1661 = VECTOR('',#1662,1.);
#1662 = DIRECTION('',(0.,0.,1.));
#1663 = PCURVE('',#364,#1664);
#1664 = DEFINITIONAL_REPRESENTATION('',(#1665),#1669);
#1665 = LINE('',#1666,#1667);
#1666 = CARTESIAN_POINT('',(-1.398521109841,0.));
#1667 = VECTOR('',#1668,1.);
#1668 = DIRECTION('',(-0.,1.));
#1669 = ( GEOMETRIC_REPRESENTATION_CONTEXT(2) 
PARAMETRIC_REPRESENTATION_CONTEXT() REPRESENTATION_CONTEXT('2D SPACE',''
  ) );
#1670 = PCURVE('',#333,#1671);
#1671 = DEFINITIONAL_REPRESENTATION('',(#1672),#1676);
#1672 = LINE('',#1673,#1674);
#1673 = CARTESIAN_POINT('',(6.020544707569,0.));
#1674 = VECTOR('',#1675,1.);
#1675 = DIRECTION('',(0.,-1.));
#1676 = ( GEOMETRIC_REPRESENTATION_CONTEXT(2) 
PARAMETRIC_REPRESENTATION_CONTEXT() REPRESENTATION_CONTEXT('2D SPACE',''
  ) );
#1677 = ORIENTED_EDGE('',*,*,#345,.F.);
#1678 = ORIENTED_EDGE('',*,*,#1583,.F.);
#1679 = ADVANCED_FACE('',(#1680),#191,.T.);
#1680 = FACE_BOUND('',#1681,.T.);
#1681 = EDGE_LOOP('',(#1682,#1706,#1727,#1728));
#1682 = ORIENTED_EDGE('',*,*,#1683,.T.);
#1683 = EDGE_CURVE('',#1556,#1684,#1686,.T.);
#1684 = VERTEX_POINT('',#1685);
#1685 = CARTESIAN_POINT('',(25.441052166857,-2.551424328408,10.47));
#1686 = SURFACE_CURVE('',#1687,(#1692,#1699),.PCURVE_S1.);
#1687 = CIRCLE('',#1688,1.);
#1688 = AXIS2_PLACEMENT_3D('',#1689,#1690,#1691);
#1689 = CARTESIAN_POINT('',(24.455854877158,-2.38,10.47));
#1690 = DIRECTION('',(0.,0.,1.));
#1691 = DIRECTION('',(0.,-1.,0.));
#1692 = PCURVE('',#191,#1693);
#1693 = DEFINITIONAL_REPRESENTATION('',(#1694),#1698);
#1694 = LINE('',#1695,#1696);
#1695 = CARTESIAN_POINT('',(0.,1.7763568394E-15));
#1696 = VECTOR('',#1697,1.);
#1697 = DIRECTION('',(1.,0.));
#1698 = ( GEOMETRIC_REPRESENTATION_CONTEXT(2) 
PARAMETRIC_REPRESENTATION_CONTEXT() REPRESENTATION_CONTEXT('2D SPACE',''
  ) );
#1699 = PCURVE('',#1571,#1700);
#1700 = DEFINITIONAL_REPRESENTATION('',(#1701),#1705);
#1701 = CIRCLE('',#1702,1.);
#1702 = AXIS2_PLACEMENT_2D('',#1703,#1704);
#1703 = CARTESIAN_POINT('',(24.455854877158,-2.487243581715));
#1704 = DIRECTION('',(0.,-1.));
#1705 = ( GEOMETRIC_REPRESENTATION_CONTEXT(2) 
PARAMETRIC_REPRESENTATION_CONTEXT() REPRESENTATION_CONTEXT('2D SPACE',''
  ) );
#1706 = ORIENTED_EDGE('',*,*,#1707,.T.);
#1707 = EDGE_CURVE('',#1684,#175,#1708,.T.);
#1708 = SURFACE_CURVE('',#1709,(#1713,#1720),.PCURVE_S1.);
#1709 = LINE('',#1710,#1711);
#1710 = CARTESIAN_POINT('',(25.441052166857,-2.551424328408,10.47));
#1711 = VECTOR('',#1712,1.);
#1712 = DIRECTION('',(0.,0.,1.));
#1713 = PCURVE('',#191,#1714);
#1714 = DEFINITIONAL_REPRESENTATION('',(#1715),#1719);
#1715 = LINE('',#1716,#1717);
#1716 = CARTESIAN_POINT('',(1.398521109841,0.));
#1717 = VECTOR('',#1718,1.);
#1718 = DIRECTION('',(0.,1.));
#1719 = ( GEOMETRIC_REPRESENTATION_CONTEXT(2) 
PARAMETRIC_REPRESENTATION_CONTEXT() REPRESENTATION_CONTEXT('2D SPACE',''
  ) );
#1720 = PCURVE('',#219,#1721);
#1721 = DEFINITIONAL_REPRESENTATION('',(#1722),#1726);
#1722 = LINE('',#1723,#1724);
#1723 = CARTESIAN_POINT('',(0.841025122842,0.));
#1724 = VECTOR('',#1725,1.);
#1725 = DIRECTION('',(0.,-1.));
#1726 = ( GEOMETRIC_REPRESENTATION_CONTEXT(2) 
PARAMETRIC_REPRESENTATION_CONTEXT() REPRESENTATION_CONTEXT('2D SPACE',''
  ) );
#1727 = ORIENTED_EDGE('',*,*,#174,.F.);
#1728 = ORIENTED_EDGE('',*,*,#1605,.F.);
#1729 = ADVANCED_FACE('',(#1730),#333,.F.);
#1730 = FACE_BOUND('',#1731,.F.);
#1731 = EDGE_LOOP('',(#1732,#1755,#1776,#1777));
#1732 = ORIENTED_EDGE('',*,*,#1733,.F.);
#1733 = EDGE_CURVE('',#1734,#1630,#1736,.T.);
#1734 = VERTEX_POINT('',#1735);
#1735 = CARTESIAN_POINT('',(-26.26929216685,2.208575671592,10.47));
#1736 = SURFACE_CURVE('',#1737,(#1741,#1748),.PCURVE_S1.);
#1737 = LINE('',#1738,#1739);
#1738 = CARTESIAN_POINT('',(-26.47312,3.38,10.47));
#1739 = VECTOR('',#1740,1.);
#1740 = DIRECTION('',(0.171424328408,-0.985197289699,0.));
#1741 = PCURVE('',#333,#1742);
#1742 = DEFINITIONAL_REPRESENTATION('',(#1743),#1747);
#1743 = LINE('',#1744,#1745);
#1744 = CARTESIAN_POINT('',(0.,0.));
#1745 = VECTOR('',#1746,1.);
#1746 = DIRECTION('',(1.,0.));
#1747 = ( GEOMETRIC_REPRESENTATION_CONTEXT(2) 
PARAMETRIC_REPRESENTATION_CONTEXT() REPRESENTATION_CONTEXT('2D SPACE',''
  ) );
#1748 = PCURVE('',#1571,#1749);
#1749 = DEFINITIONAL_REPRESENTATION('',(#1750),#1754);
#1750 = LINE('',#1751,#1752);
#1751 = CARTESIAN_POINT('',(-26.47312,3.272756418285));
#1752 = VECTOR('',#1753,1.);
#1753 = DIRECTION('',(0.171424328408,-0.985197289699));
#1754 = ( GEOMETRIC_REPRESENTATION_CONTEXT(2) 
PARAMETRIC_REPRESENTATION_CONTEXT() REPRESENTATION_CONTEXT('2D SPACE',''
  ) );
#1755 = ORIENTED_EDGE('',*,*,#1756,.T.);
#1756 = EDGE_CURVE('',#1734,#289,#1757,.T.);
#1757 = SURFACE_CURVE('',#1758,(#1762,#1769),.PCURVE_S1.);
#1758 = LINE('',#1759,#1760);
#1759 = CARTESIAN_POINT('',(-26.26929216685,2.208575671592,10.47));
#1760 = VECTOR('',#1761,1.);
#1761 = DIRECTION('',(0.,0.,1.));
#1762 = PCURVE('',#333,#1763);
#1763 = DEFINITIONAL_REPRESENTATION('',(#1764),#1768);
#1764 = LINE('',#1765,#1766);
#1765 = CARTESIAN_POINT('',(1.189025122842,0.));
#1766 = VECTOR('',#1767,1.);
#1767 = DIRECTION('',(0.,-1.));
#1768 = ( GEOMETRIC_REPRESENTATION_CONTEXT(2) 
PARAMETRIC_REPRESENTATION_CONTEXT() REPRESENTATION_CONTEXT('2D SPACE',''
  ) );
#1769 = PCURVE('',#305,#1770);
#1770 = DEFINITIONAL_REPRESENTATION('',(#1771),#1775);
#1771 = LINE('',#1772,#1773);
#1772 = CARTESIAN_POINT('',(1.743071543748,0.));
#1773 = VECTOR('',#1774,1.);
#1774 = DIRECTION('',(0.,1.));
#1775 = ( GEOMETRIC_REPRESENTATION_CONTEXT(2) 
PARAMETRIC_REPRESENTATION_CONTEXT() REPRESENTATION_CONTEXT('2D SPACE',''
  ) );
#1776 = ORIENTED_EDGE('',*,*,#317,.T.);
#1777 = ORIENTED_EDGE('',*,*,#1657,.F.);
#1778 = ADVANCED_FACE('',(#1779),#219,.F.);
#1779 = FACE_BOUND('',#1780,.F.);
#1780 = EDGE_LOOP('',(#1781,#1804,#1805,#1806));
#1781 = ORIENTED_EDGE('',*,*,#1782,.F.);
#1782 = EDGE_CURVE('',#1684,#1783,#1785,.T.);
#1783 = VERTEX_POINT('',#1784);
#1784 = CARTESIAN_POINT('',(26.269292166857,2.208575671592,10.47));
#1785 = SURFACE_CURVE('',#1786,(#1790,#1797),.PCURVE_S1.);
#1786 = LINE('',#1787,#1788);
#1787 = CARTESIAN_POINT('',(25.29688,-3.38,10.47));
#1788 = VECTOR('',#1789,1.);
#1789 = DIRECTION('',(0.171424328408,0.985197289699,0.));
#1790 = PCURVE('',#219,#1791);
#1791 = DEFINITIONAL_REPRESENTATION('',(#1792),#1796);
#1792 = LINE('',#1793,#1794);
#1793 = CARTESIAN_POINT('',(0.,0.));
#1794 = VECTOR('',#1795,1.);
#1795 = DIRECTION('',(1.,0.));
#1796 = ( GEOMETRIC_REPRESENTATION_CONTEXT(2) 
PARAMETRIC_REPRESENTATION_CONTEXT() REPRESENTATION_CONTEXT('2D SPACE',''
  ) );
#1797 = PCURVE('',#1571,#1798);
#1798 = DEFINITIONAL_REPRESENTATION('',(#1799),#1803);
#1799 = LINE('',#1800,#1801);
#1800 = CARTESIAN_POINT('',(25.29688,-3.487243581715));
#1801 = VECTOR('',#1802,1.);
#1802 = DIRECTION('',(0.171424328408,0.985197289699));
#1803 = ( GEOMETRIC_REPRESENTATION_CONTEXT(2) 
PARAMETRIC_REPRESENTATION_CONTEXT() REPRESENTATION_CONTEXT('2D SPACE',''
  ) );
#1804 = ORIENTED_EDGE('',*,*,#1707,.T.);
#1805 = ORIENTED_EDGE('',*,*,#203,.T.);
#1806 = ORIENTED_EDGE('',*,*,#1807,.F.);
#1807 = EDGE_CURVE('',#1783,#204,#1808,.T.);
#1808 = SURFACE_CURVE('',#1809,(#1813,#1820),.PCURVE_S1.);
#1809 = LINE('',#1810,#1811);
#1810 = CARTESIAN_POINT('',(26.269292166857,2.208575671592,10.47));
#1811 = VECTOR('',#1812,1.);
#1812 = DIRECTION('',(0.,0.,1.));
#1813 = PCURVE('',#219,#1814);
#1814 = DEFINITIONAL_REPRESENTATION('',(#1815),#1819);
#1815 = LINE('',#1816,#1817);
#1816 = CARTESIAN_POINT('',(5.672544707569,0.));
#1817 = VECTOR('',#1818,1.);
#1818 = DIRECTION('',(0.,-1.));
#1819 = ( GEOMETRIC_REPRESENTATION_CONTEXT(2) 
PARAMETRIC_REPRESENTATION_CONTEXT() REPRESENTATION_CONTEXT('2D SPACE',''
  ) );
#1820 = PCURVE('',#248,#1821);
#1821 = DEFINITIONAL_REPRESENTATION('',(#1822),#1826);
#1822 = LINE('',#1823,#1824);
#1823 = CARTESIAN_POINT('',(0.,0.));
#1824 = VECTOR('',#1825,1.);
#1825 = DIRECTION('',(0.,1.));
#1826 = ( GEOMETRIC_REPRESENTATION_CONTEXT(2) 
PARAMETRIC_REPRESENTATION_CONTEXT() REPRESENTATION_CONTEXT('2D SPACE',''
  ) );
#1827 = ADVANCED_FACE('',(#1828),#305,.T.);
#1828 = FACE_BOUND('',#1829,.T.);
#1829 = EDGE_LOOP('',(#1830,#1854,#1855,#1856));
#1830 = ORIENTED_EDGE('',*,*,#1831,.T.);
#1831 = EDGE_CURVE('',#1832,#1734,#1834,.T.);
#1832 = VERTEX_POINT('',#1833);
#1833 = CARTESIAN_POINT('',(-25.28409487715,3.38,10.47));
#1834 = SURFACE_CURVE('',#1835,(#1840,#1847),.PCURVE_S1.);
#1835 = CIRCLE('',#1836,1.);
#1836 = AXIS2_PLACEMENT_3D('',#1837,#1838,#1839);
#1837 = CARTESIAN_POINT('',(-25.28409487715,2.38,10.47));
#1838 = DIRECTION('',(0.,0.,1.));
#1839 = DIRECTION('',(0.,-1.,0.));
#1840 = PCURVE('',#305,#1841);
#1841 = DEFINITIONAL_REPRESENTATION('',(#1842),#1846);
#1842 = LINE('',#1843,#1844);
#1843 = CARTESIAN_POINT('',(-3.14159265359,1.7763568394E-15));
#1844 = VECTOR('',#1845,1.);
#1845 = DIRECTION('',(1.,0.));
#1846 = ( GEOMETRIC_REPRESENTATION_CONTEXT(2) 
PARAMETRIC_REPRESENTATION_CONTEXT() REPRESENTATION_CONTEXT('2D SPACE',''
  ) );
#1847 = PCURVE('',#1571,#1848);
#1848 = DEFINITIONAL_REPRESENTATION('',(#1849),#1853);
#1849 = CIRCLE('',#1850,1.);
#1850 = AXIS2_PLACEMENT_2D('',#1851,#1852);
#1851 = CARTESIAN_POINT('',(-25.28409487715,2.272756418285));
#1852 = DIRECTION('',(0.,-1.));
#1853 = ( GEOMETRIC_REPRESENTATION_CONTEXT(2) 
PARAMETRIC_REPRESENTATION_CONTEXT() REPRESENTATION_CONTEXT('2D SPACE',''
  ) );
#1854 = ORIENTED_EDGE('',*,*,#1756,.T.);
#1855 = ORIENTED_EDGE('',*,*,#288,.F.);
#1856 = ORIENTED_EDGE('',*,*,#1857,.F.);
#1857 = EDGE_CURVE('',#1832,#261,#1858,.T.);
#1858 = SURFACE_CURVE('',#1859,(#1863,#1870),.PCURVE_S1.);
#1859 = LINE('',#1860,#1861);
#1860 = CARTESIAN_POINT('',(-25.28409487715,3.38,10.47));
#1861 = VECTOR('',#1862,1.);
#1862 = DIRECTION('',(0.,0.,1.));
#1863 = PCURVE('',#305,#1864);
#1864 = DEFINITIONAL_REPRESENTATION('',(#1865),#1869);
#1865 = LINE('',#1866,#1867);
#1866 = CARTESIAN_POINT('',(0.,0.));
#1867 = VECTOR('',#1868,1.);
#1868 = DIRECTION('',(0.,1.));
#1869 = ( GEOMETRIC_REPRESENTATION_CONTEXT(2) 
PARAMETRIC_REPRESENTATION_CONTEXT() REPRESENTATION_CONTEXT('2D SPACE',''
  ) );
#1870 = PCURVE('',#276,#1871);
#1871 = DEFINITIONAL_REPRESENTATION('',(#1872),#1876);
#1872 = LINE('',#1873,#1874);
#1873 = CARTESIAN_POINT('',(51.757214877158,0.));
#1874 = VECTOR('',#1875,1.);
#1875 = DIRECTION('',(0.,-1.));
#1876 = ( GEOMETRIC_REPRESENTATION_CONTEXT(2) 
PARAMETRIC_REPRESENTATION_CONTEXT() REPRESENTATION_CONTEXT('2D SPACE',''
  ) );
#1877 = ADVANCED_FACE('',(#1878),#248,.T.);
#1878 = FACE_BOUND('',#1879,.T.);
#1879 = EDGE_LOOP('',(#1880,#1904,#1925,#1926));
#1880 = ORIENTED_EDGE('',*,*,#1881,.T.);
#1881 = EDGE_CURVE('',#1783,#1882,#1884,.T.);
#1882 = VERTEX_POINT('',#1883);
#1883 = CARTESIAN_POINT('',(25.284094877158,3.38,10.47));
#1884 = SURFACE_CURVE('',#1885,(#1890,#1897),.PCURVE_S1.);
#1885 = CIRCLE('',#1886,1.);
#1886 = AXIS2_PLACEMENT_3D('',#1887,#1888,#1889);
#1887 = CARTESIAN_POINT('',(25.284094877158,2.38,10.47));
#1888 = DIRECTION('',(0.,0.,1.));
#1889 = DIRECTION('',(0.,-1.,0.));
#1890 = PCURVE('',#248,#1891);
#1891 = DEFINITIONAL_REPRESENTATION('',(#1892),#1896);
#1892 = LINE('',#1893,#1894);
#1893 = CARTESIAN_POINT('',(-1.398521109841,1.7763568394E-15));
#1894 = VECTOR('',#1895,1.);
#1895 = DIRECTION('',(1.,0.));
#1896 = ( GEOMETRIC_REPRESENTATION_CONTEXT(2) 
PARAMETRIC_REPRESENTATION_CONTEXT() REPRESENTATION_CONTEXT('2D SPACE',''
  ) );
#1897 = PCURVE('',#1571,#1898);
#1898 = DEFINITIONAL_REPRESENTATION('',(#1899),#1903);
#1899 = CIRCLE('',#1900,1.);
#1900 = AXIS2_PLACEMENT_2D('',#1901,#1902);
#1901 = CARTESIAN_POINT('',(25.284094877158,2.272756418285));
#1902 = DIRECTION('',(0.,-1.));
#1903 = ( GEOMETRIC_REPRESENTATION_CONTEXT(2) 
PARAMETRIC_REPRESENTATION_CONTEXT() REPRESENTATION_CONTEXT('2D SPACE',''
  ) );
#1904 = ORIENTED_EDGE('',*,*,#1905,.T.);
#1905 = EDGE_CURVE('',#1882,#232,#1906,.T.);
#1906 = SURFACE_CURVE('',#1907,(#1911,#1918),.PCURVE_S1.);
#1907 = LINE('',#1908,#1909);
#1908 = CARTESIAN_POINT('',(25.284094877158,3.38,10.47));
#1909 = VECTOR('',#1910,1.);
#1910 = DIRECTION('',(0.,0.,1.));
#1911 = PCURVE('',#248,#1912);
#1912 = DEFINITIONAL_REPRESENTATION('',(#1913),#1917);
#1913 = LINE('',#1914,#1915);
#1914 = CARTESIAN_POINT('',(1.743071543748,0.));
#1915 = VECTOR('',#1916,1.);
#1916 = DIRECTION('',(0.,1.));
#1917 = ( GEOMETRIC_REPRESENTATION_CONTEXT(2) 
PARAMETRIC_REPRESENTATION_CONTEXT() REPRESENTATION_CONTEXT('2D SPACE',''
  ) );
#1918 = PCURVE('',#276,#1919);
#1919 = DEFINITIONAL_REPRESENTATION('',(#1920),#1924);
#1920 = LINE('',#1921,#1922);
#1921 = CARTESIAN_POINT('',(1.189025122842,0.));
#1922 = VECTOR('',#1923,1.);
#1923 = DIRECTION('',(0.,-1.));
#1924 = ( GEOMETRIC_REPRESENTATION_CONTEXT(2) 
PARAMETRIC_REPRESENTATION_CONTEXT() REPRESENTATION_CONTEXT('2D SPACE',''
  ) );
#1925 = ORIENTED_EDGE('',*,*,#231,.F.);
#1926 = ORIENTED_EDGE('',*,*,#1807,.F.);
#1927 = ADVANCED_FACE('',(#1928),#276,.F.);
#1928 = FACE_BOUND('',#1929,.F.);
#1929 = EDGE_LOOP('',(#1930,#1951,#1952,#1953));
#1930 = ORIENTED_EDGE('',*,*,#1931,.F.);
#1931 = EDGE_CURVE('',#1882,#1832,#1932,.T.);
#1932 = SURFACE_CURVE('',#1933,(#1937,#1944),.PCURVE_S1.);
#1933 = LINE('',#1934,#1935);
#1934 = CARTESIAN_POINT('',(26.47312,3.38,10.47));
#1935 = VECTOR('',#1936,1.);
#1936 = DIRECTION('',(-1.,0.,0.));
#1937 = PCURVE('',#276,#1938);
#1938 = DEFINITIONAL_REPRESENTATION('',(#1939),#1943);
#1939 = LINE('',#1940,#1941);
#1940 = CARTESIAN_POINT('',(0.,-0.));
#1941 = VECTOR('',#1942,1.);
#1942 = DIRECTION('',(1.,0.));
#1943 = ( GEOMETRIC_REPRESENTATION_CONTEXT(2) 
PARAMETRIC_REPRESENTATION_CONTEXT() REPRESENTATION_CONTEXT('2D SPACE',''
  ) );
#1944 = PCURVE('',#1571,#1945);
#1945 = DEFINITIONAL_REPRESENTATION('',(#1946),#1950);
#1946 = LINE('',#1947,#1948);
#1947 = CARTESIAN_POINT('',(26.47312,3.272756418285));
#1948 = VECTOR('',#1949,1.);
#1949 = DIRECTION('',(-1.,0.));
#1950 = ( GEOMETRIC_REPRESENTATION_CONTEXT(2) 
PARAMETRIC_REPRESENTATION_CONTEXT() REPRESENTATION_CONTEXT('2D SPACE',''
  ) );
#1951 = ORIENTED_EDGE('',*,*,#1905,.T.);
#1952 = ORIENTED_EDGE('',*,*,#260,.T.);
#1953 = ORIENTED_EDGE('',*,*,#1857,.F.);
#1954 = ADVANCED_FACE('',(#1955),#395,.T.);
#1955 = FACE_BOUND('',#1956,.T.);
#1956 = EDGE_LOOP('',(#1957,#1986,#2007,#2008));
#1957 = ORIENTED_EDGE('',*,*,#1958,.F.);
#1958 = EDGE_CURVE('',#1959,#1959,#1961,.T.);
#1959 = VERTEX_POINT('',#1960);
#1960 = CARTESIAN_POINT('',(-23.045,-1.42,11.98));
#1961 = SURFACE_CURVE('',#1962,(#1967,#1974),.PCURVE_S1.);
#1962 = CIRCLE('',#1963,0.5);
#1963 = AXIS2_PLACEMENT_3D('',#1964,#1965,#1966);
#1964 = CARTESIAN_POINT('',(-23.545,-1.42,11.98));
#1965 = DIRECTION('',(0.,0.,1.));
#1966 = DIRECTION('',(1.,0.,-0.));
#1967 = PCURVE('',#395,#1968);
#1968 = DEFINITIONAL_REPRESENTATION('',(#1969),#1973);
#1969 = LINE('',#1970,#1971);
#1970 = CARTESIAN_POINT('',(0.,0.45));
#1971 = VECTOR('',#1972,1.);
#1972 = DIRECTION('',(1.,0.));
#1973 = ( GEOMETRIC_REPRESENTATION_CONTEXT(2) 
PARAMETRIC_REPRESENTATION_CONTEXT() REPRESENTATION_CONTEXT('2D SPACE',''
  ) );
#1974 = PCURVE('',#1975,#1980);
#1975 = PLANE('',#1976);
#1976 = AXIS2_PLACEMENT_3D('',#1977,#1978,#1979);
#1977 = CARTESIAN_POINT('',(-23.545,-1.42,11.98));
#1978 = DIRECTION('',(0.,0.,1.));
#1979 = DIRECTION('',(1.,0.,-0.));
#1980 = DEFINITIONAL_REPRESENTATION('',(#1981),#1985);
#1981 = CIRCLE('',#1982,0.5);
#1982 = AXIS2_PLACEMENT_2D('',#1983,#1984);
#1983 = CARTESIAN_POINT('',(0.,0.));
#1984 = DIRECTION('',(1.,0.));
#1985 = ( GEOMETRIC_REPRESENTATION_CONTEXT(2) 
PARAMETRIC_REPRESENTATION_CONTEXT() REPRESENTATION_CONTEXT('2D SPACE',''
  ) );
#1986 = ORIENTED_EDGE('',*,*,#1987,.F.);
#1987 = EDGE_CURVE('',#379,#1959,#1988,.T.);
#1988 = SEAM_CURVE('',#1989,(#1993,#2000),.PCURVE_S1.);
#1989 = LINE('',#1990,#1991);
#1990 = CARTESIAN_POINT('',(-23.045,-1.42,11.53));
#1991 = VECTOR('',#1992,1.);
#1992 = DIRECTION('',(0.,0.,1.));
#1993 = PCURVE('',#395,#1994);
#1994 = DEFINITIONAL_REPRESENTATION('',(#1995),#1999);
#1995 = LINE('',#1996,#1997);
#1996 = CARTESIAN_POINT('',(6.28318530718,-0.));
#1997 = VECTOR('',#1998,1.);
#1998 = DIRECTION('',(0.,1.));
#1999 = ( GEOMETRIC_REPRESENTATION_CONTEXT(2) 
PARAMETRIC_REPRESENTATION_CONTEXT() REPRESENTATION_CONTEXT('2D SPACE',''
  ) );
#2000 = PCURVE('',#395,#2001);
#2001 = DEFINITIONAL_REPRESENTATION('',(#2002),#2006);
#2002 = LINE('',#2003,#2004);
#2003 = CARTESIAN_POINT('',(0.,-0.));
#2004 = VECTOR('',#2005,1.);
#2005 = DIRECTION('',(0.,1.));
#2006 = ( GEOMETRIC_REPRESENTATION_CONTEXT(2) 
PARAMETRIC_REPRESENTATION_CONTEXT() REPRESENTATION_CONTEXT('2D SPACE',''
  ) );
#2007 = ORIENTED_EDGE('',*,*,#378,.T.);
#2008 = ORIENTED_EDGE('',*,*,#1987,.T.);
#2009 = ADVANCED_FACE('',(#2010),#426,.T.);
#2010 = FACE_BOUND('',#2011,.T.);
#2011 = EDGE_LOOP('',(#2012,#2041,#2062,#2063));
#2012 = ORIENTED_EDGE('',*,*,#2013,.F.);
#2013 = EDGE_CURVE('',#2014,#2014,#2016,.T.);
#2014 = VERTEX_POINT('',#2015);
#2015 = CARTESIAN_POINT('',(-20.275,-1.42,11.98));
#2016 = SURFACE_CURVE('',#2017,(#2022,#2029),.PCURVE_S1.);
#2017 = CIRCLE('',#2018,0.5);
#2018 = AXIS2_PLACEMENT_3D('',#2019,#2020,#2021);
#2019 = CARTESIAN_POINT('',(-20.775,-1.42,11.98));
#2020 = DIRECTION('',(0.,0.,1.));
#2021 = DIRECTION('',(1.,0.,-0.));
#2022 = PCURVE('',#426,#2023);
#2023 = DEFINITIONAL_REPRESENTATION('',(#2024),#2028);
#2024 = LINE('',#2025,#2026);
#2025 = CARTESIAN_POINT('',(0.,0.45));
#2026 = VECTOR('',#2027,1.);
#2027 = DIRECTION('',(1.,0.));
#2028 = ( GEOMETRIC_REPRESENTATION_CONTEXT(2) 
PARAMETRIC_REPRESENTATION_CONTEXT() REPRESENTATION_CONTEXT('2D SPACE',''
  ) );
#2029 = PCURVE('',#2030,#2035);
#2030 = PLANE('',#2031);
#2031 = AXIS2_PLACEMENT_3D('',#2032,#2033,#2034);
#2032 = CARTESIAN_POINT('',(-20.775,-1.42,11.98));
#2033 = DIRECTION('',(0.,0.,1.));
#2034 = DIRECTION('',(1.,0.,-0.));
#2035 = DEFINITIONAL_REPRESENTATION('',(#2036),#2040);
#2036 = CIRCLE('',#2037,0.5);
#2037 = AXIS2_PLACEMENT_2D('',#2038,#2039);
#2038 = CARTESIAN_POINT('',(0.,0.));
#2039 = DIRECTION('',(1.,0.));
#2040 = ( GEOMETRIC_REPRESENTATION_CONTEXT(2) 
PARAMETRIC_REPRESENTATION_CONTEXT() REPRESENTATION_CONTEXT('2D SPACE',''
  ) );
#2041 = ORIENTED_EDGE('',*,*,#2042,.F.);
#2042 = EDGE_CURVE('',#410,#2014,#2043,.T.);
#2043 = SEAM_CURVE('',#2044,(#2048,#2055),.PCURVE_S1.);
#2044 = LINE('',#2045,#2046);
#2045 = CARTESIAN_POINT('',(-20.275,-1.42,11.53));
#2046 = VECTOR('',#2047,1.);
#2047 = DIRECTION('',(0.,0.,1.));
#2048 = PCURVE('',#426,#2049);
#2049 = DEFINITIONAL_REPRESENTATION('',(#2050),#2054);
#2050 = LINE('',#2051,#2052);
#2051 = CARTESIAN_POINT('',(6.28318530718,-0.));
#2052 = VECTOR('',#2053,1.);
#2053 = DIRECTION('',(0.,1.));
#2054 = ( GEOMETRIC_REPRESENTATION_CONTEXT(2) 
PARAMETRIC_REPRESENTATION_CONTEXT() REPRESENTATION_CONTEXT('2D SPACE',''
  ) );
#2055 = PCURVE('',#426,#2056);
#2056 = DEFINITIONAL_REPRESENTATION('',(#2057),#2061);
#2057 = LINE('',#2058,#2059);
#2058 = CARTESIAN_POINT('',(0.,-0.));
#2059 = VECTOR('',#2060,1.);
#2060 = DIRECTION('',(0.,1.));
#2061 = ( GEOMETRIC_REPRESENTATION_CONTEXT(2) 
PARAMETRIC_REPRESENTATION_CONTEXT() REPRESENTATION_CONTEXT('2D SPACE',''
  ) );
#2062 = ORIENTED_EDGE('',*,*,#409,.T.);
#2063 = ORIENTED_EDGE('',*,*,#2042,.T.);
#2064 = ADVANCED_FACE('',(#2065),#457,.T.);
#2065 = FACE_BOUND('',#2066,.T.);
#2066 = EDGE_LOOP('',(#2067,#2096,#2117,#2118));
#2067 = ORIENTED_EDGE('',*,*,#2068,.F.);
#2068 = EDGE_CURVE('',#2069,#2069,#2071,.T.);
#2069 = VERTEX_POINT('',#2070);
#2070 = CARTESIAN_POINT('',(-17.505,-1.42,11.98));
#2071 = SURFACE_CURVE('',#2072,(#2077,#2084),.PCURVE_S1.);
#2072 = CIRCLE('',#2073,0.5);
#2073 = AXIS2_PLACEMENT_3D('',#2074,#2075,#2076);
#2074 = CARTESIAN_POINT('',(-18.005,-1.42,11.98));
#2075 = DIRECTION('',(0.,0.,1.));
#2076 = DIRECTION('',(1.,0.,-0.));
#2077 = PCURVE('',#457,#2078);
#2078 = DEFINITIONAL_REPRESENTATION('',(#2079),#2083);
#2079 = LINE('',#2080,#2081);
#2080 = CARTESIAN_POINT('',(0.,0.45));
#2081 = VECTOR('',#2082,1.);
#2082 = DIRECTION('',(1.,0.));
#2083 = ( GEOMETRIC_REPRESENTATION_CONTEXT(2) 
PARAMETRIC_REPRESENTATION_CONTEXT() REPRESENTATION_CONTEXT('2D SPACE',''
  ) );
#2084 = PCURVE('',#2085,#2090);
#2085 = PLANE('',#2086);
#2086 = AXIS2_PLACEMENT_3D('',#2087,#2088,#2089);
#2087 = CARTESIAN_POINT('',(-18.005,-1.42,11.98));
#2088 = DIRECTION('',(0.,0.,1.));
#2089 = DIRECTION('',(1.,0.,-0.));
#2090 = DEFINITIONAL_REPRESENTATION('',(#2091),#2095);
#2091 = CIRCLE('',#2092,0.5);
#2092 = AXIS2_PLACEMENT_2D('',#2093,#2094);
#2093 = CARTESIAN_POINT('',(0.,0.));
#2094 = DIRECTION('',(1.,0.));
#2095 = ( GEOMETRIC_REPRESENTATION_CONTEXT(2) 
PARAMETRIC_REPRESENTATION_CONTEXT() REPRESENTATION_CONTEXT('2D SPACE',''
  ) );
#2096 = ORIENTED_EDGE('',*,*,#2097,.F.);
#2097 = EDGE_CURVE('',#441,#2069,#2098,.T.);
#2098 = SEAM_CURVE('',#2099,(#2103,#2110),.PCURVE_S1.);
#2099 = LINE('',#2100,#2101);
#2100 = CARTESIAN_POINT('',(-17.505,-1.42,11.53));
#2101 = VECTOR('',#2102,1.);
#2102 = DIRECTION('',(0.,0.,1.));
#2103 = PCURVE('',#457,#2104);
#2104 = DEFINITIONAL_REPRESENTATION('',(#2105),#2109);
#2105 = LINE('',#2106,#2107);
#2106 = CARTESIAN_POINT('',(6.28318530718,-0.));
#2107 = VECTOR('',#2108,1.);
#2108 = DIRECTION('',(0.,1.));
#2109 = ( GEOMETRIC_REPRESENTATION_CONTEXT(2) 
PARAMETRIC_REPRESENTATION_CONTEXT() REPRESENTATION_CONTEXT('2D SPACE',''
  ) );
#2110 = PCURVE('',#457,#2111);
#2111 = DEFINITIONAL_REPRESENTATION('',(#2112),#2116);
#2112 = LINE('',#2113,#2114);
#2113 = CARTESIAN_POINT('',(0.,-0.));
#2114 = VECTOR('',#2115,1.);
#2115 = DIRECTION('',(0.,1.));
#2116 = ( GEOMETRIC_REPRESENTATION_CONTEXT(2) 
PARAMETRIC_REPRESENTATION_CONTEXT() REPRESENTATION_CONTEXT('2D SPACE',''
  ) );
#2117 = ORIENTED_EDGE('',*,*,#440,.T.);
#2118 = ORIENTED_EDGE('',*,*,#2097,.T.);
#2119 = ADVANCED_FACE('',(#2120),#488,.T.);
#2120 = FACE_BOUND('',#2121,.T.);
#2121 = EDGE_LOOP('',(#2122,#2151,#2172,#2173));
#2122 = ORIENTED_EDGE('',*,*,#2123,.F.);
#2123 = EDGE_CURVE('',#2124,#2124,#2126,.T.);
#2124 = VERTEX_POINT('',#2125);
#2125 = CARTESIAN_POINT('',(-14.735,-1.42,11.98));
#2126 = SURFACE_CURVE('',#2127,(#2132,#2139),.PCURVE_S1.);
#2127 = CIRCLE('',#2128,0.5);
#2128 = AXIS2_PLACEMENT_3D('',#2129,#2130,#2131);
#2129 = CARTESIAN_POINT('',(-15.235,-1.42,11.98));
#2130 = DIRECTION('',(0.,0.,1.));
#2131 = DIRECTION('',(1.,0.,-0.));
#2132 = PCURVE('',#488,#2133);
#2133 = DEFINITIONAL_REPRESENTATION('',(#2134),#2138);
#2134 = LINE('',#2135,#2136);
#2135 = CARTESIAN_POINT('',(0.,0.45));
#2136 = VECTOR('',#2137,1.);
#2137 = DIRECTION('',(1.,0.));
#2138 = ( GEOMETRIC_REPRESENTATION_CONTEXT(2) 
PARAMETRIC_REPRESENTATION_CONTEXT() REPRESENTATION_CONTEXT('2D SPACE',''
  ) );
#2139 = PCURVE('',#2140,#2145);
#2140 = PLANE('',#2141);
#2141 = AXIS2_PLACEMENT_3D('',#2142,#2143,#2144);
#2142 = CARTESIAN_POINT('',(-15.235,-1.42,11.98));
#2143 = DIRECTION('',(0.,0.,1.));
#2144 = DIRECTION('',(1.,0.,-0.));
#2145 = DEFINITIONAL_REPRESENTATION('',(#2146),#2150);
#2146 = CIRCLE('',#2147,0.5);
#2147 = AXIS2_PLACEMENT_2D('',#2148,#2149);
#2148 = CARTESIAN_POINT('',(0.,0.));
#2149 = DIRECTION('',(1.,0.));
#2150 = ( GEOMETRIC_REPRESENTATION_CONTEXT(2) 
PARAMETRIC_REPRESENTATION_CONTEXT() REPRESENTATION_CONTEXT('2D SPACE',''
  ) );
#2151 = ORIENTED_EDGE('',*,*,#2152,.F.);
#2152 = EDGE_CURVE('',#472,#2124,#2153,.T.);
#2153 = SEAM_CURVE('',#2154,(#2158,#2165),.PCURVE_S1.);
#2154 = LINE('',#2155,#2156);
#2155 = CARTESIAN_POINT('',(-14.735,-1.42,11.53));
#2156 = VECTOR('',#2157,1.);
#2157 = DIRECTION('',(0.,0.,1.));
#2158 = PCURVE('',#488,#2159);
#2159 = DEFINITIONAL_REPRESENTATION('',(#2160),#2164);
#2160 = LINE('',#2161,#2162);
#2161 = CARTESIAN_POINT('',(6.28318530718,-0.));
#2162 = VECTOR('',#2163,1.);
#2163 = DIRECTION('',(0.,1.));
#2164 = ( GEOMETRIC_REPRESENTATION_CONTEXT(2) 
PARAMETRIC_REPRESENTATION_CONTEXT() REPRESENTATION_CONTEXT('2D SPACE',''
  ) );
#2165 = PCURVE('',#488,#2166);
#2166 = DEFINITIONAL_REPRESENTATION('',(#2167),#2171);
#2167 = LINE('',#2168,#2169);
#2168 = CARTESIAN_POINT('',(0.,-0.));
#2169 = VECTOR('',#2170,1.);
#2170 = DIRECTION('',(0.,1.));
#2171 = ( GEOMETRIC_REPRESENTATION_CONTEXT(2) 
PARAMETRIC_REPRESENTATION_CONTEXT() REPRESENTATION_CONTEXT('2D SPACE',''
  ) );
#2172 = ORIENTED_EDGE('',*,*,#471,.T.);
#2173 = ORIENTED_EDGE('',*,*,#2152,.T.);
#2174 = ADVANCED_FACE('',(#2175),#519,.T.);
#2175 = FACE_BOUND('',#2176,.T.);
#2176 = EDGE_LOOP('',(#2177,#2206,#2227,#2228));
#2177 = ORIENTED_EDGE('',*,*,#2178,.F.);
#2178 = EDGE_CURVE('',#2179,#2179,#2181,.T.);
#2179 = VERTEX_POINT('',#2180);
#2180 = CARTESIAN_POINT('',(-11.965,-1.42,11.98));
#2181 = SURFACE_CURVE('',#2182,(#2187,#2194),.PCURVE_S1.);
#2182 = CIRCLE('',#2183,0.5);
#2183 = AXIS2_PLACEMENT_3D('',#2184,#2185,#2186);
#2184 = CARTESIAN_POINT('',(-12.465,-1.42,11.98));
#2185 = DIRECTION('',(0.,0.,1.));
#2186 = DIRECTION('',(1.,0.,-0.));
#2187 = PCURVE('',#519,#2188);
#2188 = DEFINITIONAL_REPRESENTATION('',(#2189),#2193);
#2189 = LINE('',#2190,#2191);
#2190 = CARTESIAN_POINT('',(0.,0.45));
#2191 = VECTOR('',#2192,1.);
#2192 = DIRECTION('',(1.,0.));
#2193 = ( GEOMETRIC_REPRESENTATION_CONTEXT(2) 
PARAMETRIC_REPRESENTATION_CONTEXT() REPRESENTATION_CONTEXT('2D SPACE',''
  ) );
#2194 = PCURVE('',#2195,#2200);
#2195 = PLANE('',#2196);
#2196 = AXIS2_PLACEMENT_3D('',#2197,#2198,#2199);
#2197 = CARTESIAN_POINT('',(-12.465,-1.42,11.98));
#2198 = DIRECTION('',(0.,0.,1.));
#2199 = DIRECTION('',(1.,0.,-0.));
#2200 = DEFINITIONAL_REPRESENTATION('',(#2201),#2205);
#2201 = CIRCLE('',#2202,0.5);
#2202 = AXIS2_PLACEMENT_2D('',#2203,#2204);
#2203 = CARTESIAN_POINT('',(0.,0.));
#2204 = DIRECTION('',(1.,0.));
#2205 = ( GEOMETRIC_REPRESENTATION_CONTEXT(2) 
PARAMETRIC_REPRESENTATION_CONTEXT() REPRESENTATION_CONTEXT('2D SPACE',''
  ) );
#2206 = ORIENTED_EDGE('',*,*,#2207,.F.);
#2207 = EDGE_CURVE('',#503,#2179,#2208,.T.);
#2208 = SEAM_CURVE('',#2209,(#2213,#2220),.PCURVE_S1.);
#2209 = LINE('',#2210,#2211);
#2210 = CARTESIAN_POINT('',(-11.965,-1.42,11.53));
#2211 = VECTOR('',#2212,1.);
#2212 = DIRECTION('',(0.,0.,1.));
#2213 = PCURVE('',#519,#2214);
#2214 = DEFINITIONAL_REPRESENTATION('',(#2215),#2219);
#2215 = LINE('',#2216,#2217);
#2216 = CARTESIAN_POINT('',(6.28318530718,-0.));
#2217 = VECTOR('',#2218,1.);
#2218 = DIRECTION('',(0.,1.));
#2219 = ( GEOMETRIC_REPRESENTATION_CONTEXT(2) 
PARAMETRIC_REPRESENTATION_CONTEXT() REPRESENTATION_CONTEXT('2D SPACE',''
  ) );
#2220 = PCURVE('',#519,#2221);
#2221 = DEFINITIONAL_REPRESENTATION('',(#2222),#2226);
#2222 = LINE('',#2223,#2224);
#2223 = CARTESIAN_POINT('',(0.,-0.));
#2224 = VECTOR('',#2225,1.);
#2225 = DIRECTION('',(0.,1.));
#2226 = ( GEOMETRIC_REPRESENTATION_CONTEXT(2) 
PARAMETRIC_REPRESENTATION_CONTEXT() REPRESENTATION_CONTEXT('2D SPACE',''
  ) );
#2227 = ORIENTED_EDGE('',*,*,#502,.T.);
#2228 = ORIENTED_EDGE('',*,*,#2207,.T.);
#2229 = ADVANCED_FACE('',(#2230),#550,.T.);
#2230 = FACE_BOUND('',#2231,.T.);
#2231 = EDGE_LOOP('',(#2232,#2261,#2282,#2283));
#2232 = ORIENTED_EDGE('',*,*,#2233,.F.);
#2233 = EDGE_CURVE('',#2234,#2234,#2236,.T.);
#2234 = VERTEX_POINT('',#2235);
#2235 = CARTESIAN_POINT('',(-9.195,-1.42,11.98));
#2236 = SURFACE_CURVE('',#2237,(#2242,#2249),.PCURVE_S1.);
#2237 = CIRCLE('',#2238,0.5);
#2238 = AXIS2_PLACEMENT_3D('',#2239,#2240,#2241);
#2239 = CARTESIAN_POINT('',(-9.695,-1.42,11.98));
#2240 = DIRECTION('',(0.,0.,1.));
#2241 = DIRECTION('',(1.,0.,-0.));
#2242 = PCURVE('',#550,#2243);
#2243 = DEFINITIONAL_REPRESENTATION('',(#2244),#2248);
#2244 = LINE('',#2245,#2246);
#2245 = CARTESIAN_POINT('',(0.,0.45));
#2246 = VECTOR('',#2247,1.);
#2247 = DIRECTION('',(1.,0.));
#2248 = ( GEOMETRIC_REPRESENTATION_CONTEXT(2) 
PARAMETRIC_REPRESENTATION_CONTEXT() REPRESENTATION_CONTEXT('2D SPACE',''
  ) );
#2249 = PCURVE('',#2250,#2255);
#2250 = PLANE('',#2251);
#2251 = AXIS2_PLACEMENT_3D('',#2252,#2253,#2254);
#2252 = CARTESIAN_POINT('',(-9.695,-1.42,11.98));
#2253 = DIRECTION('',(0.,0.,1.));
#2254 = DIRECTION('',(1.,0.,-0.));
#2255 = DEFINITIONAL_REPRESENTATION('',(#2256),#2260);
#2256 = CIRCLE('',#2257,0.5);
#2257 = AXIS2_PLACEMENT_2D('',#2258,#2259);
#2258 = CARTESIAN_POINT('',(0.,0.));
#2259 = DIRECTION('',(1.,0.));
#2260 = ( GEOMETRIC_REPRESENTATION_CONTEXT(2) 
PARAMETRIC_REPRESENTATION_CONTEXT() REPRESENTATION_CONTEXT('2D SPACE',''
  ) );
#2261 = ORIENTED_EDGE('',*,*,#2262,.F.);
#2262 = EDGE_CURVE('',#534,#2234,#2263,.T.);
#2263 = SEAM_CURVE('',#2264,(#2268,#2275),.PCURVE_S1.);
#2264 = LINE('',#2265,#2266);
#2265 = CARTESIAN_POINT('',(-9.195,-1.42,11.53));
#2266 = VECTOR('',#2267,1.);
#2267 = DIRECTION('',(0.,0.,1.));
#2268 = PCURVE('',#550,#2269);
#2269 = DEFINITIONAL_REPRESENTATION('',(#2270),#2274);
#2270 = LINE('',#2271,#2272);
#2271 = CARTESIAN_POINT('',(6.28318530718,-0.));
#2272 = VECTOR('',#2273,1.);
#2273 = DIRECTION('',(0.,1.));
#2274 = ( GEOMETRIC_REPRESENTATION_CONTEXT(2) 
PARAMETRIC_REPRESENTATION_CONTEXT() REPRESENTATION_CONTEXT('2D SPACE',''
  ) );
#2275 = PCURVE('',#550,#2276);
#2276 = DEFINITIONAL_REPRESENTATION('',(#2277),#2281);
#2277 = LINE('',#2278,#2279);
#2278 = CARTESIAN_POINT('',(0.,-0.));
#2279 = VECTOR('',#2280,1.);
#2280 = DIRECTION('',(0.,1.));
#2281 = ( GEOMETRIC_REPRESENTATION_CONTEXT(2) 
PARAMETRIC_REPRESENTATION_CONTEXT() REPRESENTATION_CONTEXT('2D SPACE',''
  ) );
#2282 = ORIENTED_EDGE('',*,*,#533,.T.);
#2283 = ORIENTED_EDGE('',*,*,#2262,.T.);
#2284 = ADVANCED_FACE('',(#2285),#581,.T.);
#2285 = FACE_BOUND('',#2286,.T.);
#2286 = EDGE_LOOP('',(#2287,#2316,#2337,#2338));
#2287 = ORIENTED_EDGE('',*,*,#2288,.F.);
#2288 = EDGE_CURVE('',#2289,#2289,#2291,.T.);
#2289 = VERTEX_POINT('',#2290);
#2290 = CARTESIAN_POINT('',(-6.425,-1.42,11.98));
#2291 = SURFACE_CURVE('',#2292,(#2297,#2304),.PCURVE_S1.);
#2292 = CIRCLE('',#2293,0.5);
#2293 = AXIS2_PLACEMENT_3D('',#2294,#2295,#2296);
#2294 = CARTESIAN_POINT('',(-6.925,-1.42,11.98));
#2295 = DIRECTION('',(0.,0.,1.));
#2296 = DIRECTION('',(1.,0.,-0.));
#2297 = PCURVE('',#581,#2298);
#2298 = DEFINITIONAL_REPRESENTATION('',(#2299),#2303);
#2299 = LINE('',#2300,#2301);
#2300 = CARTESIAN_POINT('',(0.,0.45));
#2301 = VECTOR('',#2302,1.);
#2302 = DIRECTION('',(1.,0.));
#2303 = ( GEOMETRIC_REPRESENTATION_CONTEXT(2) 
PARAMETRIC_REPRESENTATION_CONTEXT() REPRESENTATION_CONTEXT('2D SPACE',''
  ) );
#2304 = PCURVE('',#2305,#2310);
#2305 = PLANE('',#2306);
#2306 = AXIS2_PLACEMENT_3D('',#2307,#2308,#2309);
#2307 = CARTESIAN_POINT('',(-6.925,-1.42,11.98));
#2308 = DIRECTION('',(0.,0.,1.));
#2309 = DIRECTION('',(1.,0.,-0.));
#2310 = DEFINITIONAL_REPRESENTATION('',(#2311),#2315);
#2311 = CIRCLE('',#2312,0.5);
#2312 = AXIS2_PLACEMENT_2D('',#2313,#2314);
#2313 = CARTESIAN_POINT('',(0.,0.));
#2314 = DIRECTION('',(1.,0.));
#2315 = ( GEOMETRIC_REPRESENTATION_CONTEXT(2) 
PARAMETRIC_REPRESENTATION_CONTEXT() REPRESENTATION_CONTEXT('2D SPACE',''
  ) );
#2316 = ORIENTED_EDGE('',*,*,#2317,.F.);
#2317 = EDGE_CURVE('',#565,#2289,#2318,.T.);
#2318 = SEAM_CURVE('',#2319,(#2323,#2330),.PCURVE_S1.);
#2319 = LINE('',#2320,#2321);
#2320 = CARTESIAN_POINT('',(-6.425,-1.42,11.53));
#2321 = VECTOR('',#2322,1.);
#2322 = DIRECTION('',(0.,0.,1.));
#2323 = PCURVE('',#581,#2324);
#2324 = DEFINITIONAL_REPRESENTATION('',(#2325),#2329);
#2325 = LINE('',#2326,#2327);
#2326 = CARTESIAN_POINT('',(6.28318530718,-0.));
#2327 = VECTOR('',#2328,1.);
#2328 = DIRECTION('',(0.,1.));
#2329 = ( GEOMETRIC_REPRESENTATION_CONTEXT(2) 
PARAMETRIC_REPRESENTATION_CONTEXT() REPRESENTATION_CONTEXT('2D SPACE',''
  ) );
#2330 = PCURVE('',#581,#2331);
#2331 = DEFINITIONAL_REPRESENTATION('',(#2332),#2336);
#2332 = LINE('',#2333,#2334);
#2333 = CARTESIAN_POINT('',(0.,-0.));
#2334 = VECTOR('',#2335,1.);
#2335 = DIRECTION('',(0.,1.));
#2336 = ( GEOMETRIC_REPRESENTATION_CONTEXT(2) 
PARAMETRIC_REPRESENTATION_CONTEXT() REPRESENTATION_CONTEXT('2D SPACE',''
  ) );
#2337 = ORIENTED_EDGE('',*,*,#564,.T.);
#2338 = ORIENTED_EDGE('',*,*,#2317,.T.);
#2339 = ADVANCED_FACE('',(#2340),#612,.T.);
#2340 = FACE_BOUND('',#2341,.T.);
#2341 = EDGE_LOOP('',(#2342,#2371,#2392,#2393));
#2342 = ORIENTED_EDGE('',*,*,#2343,.F.);
#2343 = EDGE_CURVE('',#2344,#2344,#2346,.T.);
#2344 = VERTEX_POINT('',#2345);
#2345 = CARTESIAN_POINT('',(-3.655,-1.42,11.98));
#2346 = SURFACE_CURVE('',#2347,(#2352,#2359),.PCURVE_S1.);
#2347 = CIRCLE('',#2348,0.5);
#2348 = AXIS2_PLACEMENT_3D('',#2349,#2350,#2351);
#2349 = CARTESIAN_POINT('',(-4.155,-1.42,11.98));
#2350 = DIRECTION('',(0.,0.,1.));
#2351 = DIRECTION('',(1.,0.,-0.));
#2352 = PCURVE('',#612,#2353);
#2353 = DEFINITIONAL_REPRESENTATION('',(#2354),#2358);
#2354 = LINE('',#2355,#2356);
#2355 = CARTESIAN_POINT('',(0.,0.45));
#2356 = VECTOR('',#2357,1.);
#2357 = DIRECTION('',(1.,0.));
#2358 = ( GEOMETRIC_REPRESENTATION_CONTEXT(2) 
PARAMETRIC_REPRESENTATION_CONTEXT() REPRESENTATION_CONTEXT('2D SPACE',''
  ) );
#2359 = PCURVE('',#2360,#2365);
#2360 = PLANE('',#2361);
#2361 = AXIS2_PLACEMENT_3D('',#2362,#2363,#2364);
#2362 = CARTESIAN_POINT('',(-4.155,-1.42,11.98));
#2363 = DIRECTION('',(0.,0.,1.));
#2364 = DIRECTION('',(1.,0.,-0.));
#2365 = DEFINITIONAL_REPRESENTATION('',(#2366),#2370);
#2366 = CIRCLE('',#2367,0.5);
#2367 = AXIS2_PLACEMENT_2D('',#2368,#2369);
#2368 = CARTESIAN_POINT('',(0.,0.));
#2369 = DIRECTION('',(1.,0.));
#2370 = ( GEOMETRIC_REPRESENTATION_CONTEXT(2) 
PARAMETRIC_REPRESENTATION_CONTEXT() REPRESENTATION_CONTEXT('2D SPACE',''
  ) );
#2371 = ORIENTED_EDGE('',*,*,#2372,.F.);
#2372 = EDGE_CURVE('',#596,#2344,#2373,.T.);
#2373 = SEAM_CURVE('',#2374,(#2378,#2385),.PCURVE_S1.);
#2374 = LINE('',#2375,#2376);
#2375 = CARTESIAN_POINT('',(-3.655,-1.42,11.53));
#2376 = VECTOR('',#2377,1.);
#2377 = DIRECTION('',(0.,0.,1.));
#2378 = PCURVE('',#612,#2379);
#2379 = DEFINITIONAL_REPRESENTATION('',(#2380),#2384);
#2380 = LINE('',#2381,#2382);
#2381 = CARTESIAN_POINT('',(6.28318530718,-0.));
#2382 = VECTOR('',#2383,1.);
#2383 = DIRECTION('',(0.,1.));
#2384 = ( GEOMETRIC_REPRESENTATION_CONTEXT(2) 
PARAMETRIC_REPRESENTATION_CONTEXT() REPRESENTATION_CONTEXT('2D SPACE',''
  ) );
#2385 = PCURVE('',#612,#2386);
#2386 = DEFINITIONAL_REPRESENTATION('',(#2387),#2391);
#2387 = LINE('',#2388,#2389);
#2388 = CARTESIAN_POINT('',(0.,-0.));
#2389 = VECTOR('',#2390,1.);
#2390 = DIRECTION('',(0.,1.));
#2391 = ( GEOMETRIC_REPRESENTATION_CONTEXT(2) 
PARAMETRIC_REPRESENTATION_CONTEXT() REPRESENTATION_CONTEXT('2D SPACE',''
  ) );
#2392 = ORIENTED_EDGE('',*,*,#595,.T.);
#2393 = ORIENTED_EDGE('',*,*,#2372,.T.);
#2394 = ADVANCED_FACE('',(#2395),#643,.T.);
#2395 = FACE_BOUND('',#2396,.T.);
#2396 = EDGE_LOOP('',(#2397,#2426,#2447,#2448));
#2397 = ORIENTED_EDGE('',*,*,#2398,.F.);
#2398 = EDGE_CURVE('',#2399,#2399,#2401,.T.);
#2399 = VERTEX_POINT('',#2400);
#2400 = CARTESIAN_POINT('',(-0.885,-1.42,11.98));
#2401 = SURFACE_CURVE('',#2402,(#2407,#2414),.PCURVE_S1.);
#2402 = CIRCLE('',#2403,0.5);
#2403 = AXIS2_PLACEMENT_3D('',#2404,#2405,#2406);
#2404 = CARTESIAN_POINT('',(-1.385,-1.42,11.98));
#2405 = DIRECTION('',(0.,0.,1.));
#2406 = DIRECTION('',(1.,0.,-0.));
#2407 = PCURVE('',#643,#2408);
#2408 = DEFINITIONAL_REPRESENTATION('',(#2409),#2413);
#2409 = LINE('',#2410,#2411);
#2410 = CARTESIAN_POINT('',(0.,0.45));
#2411 = VECTOR('',#2412,1.);
#2412 = DIRECTION('',(1.,0.));
#2413 = ( GEOMETRIC_REPRESENTATION_CONTEXT(2) 
PARAMETRIC_REPRESENTATION_CONTEXT() REPRESENTATION_CONTEXT('2D SPACE',''
  ) );
#2414 = PCURVE('',#2415,#2420);
#2415 = PLANE('',#2416);
#2416 = AXIS2_PLACEMENT_3D('',#2417,#2418,#2419);
#2417 = CARTESIAN_POINT('',(-1.385,-1.42,11.98));
#2418 = DIRECTION('',(0.,0.,1.));
#2419 = DIRECTION('',(1.,0.,-0.));
#2420 = DEFINITIONAL_REPRESENTATION('',(#2421),#2425);
#2421 = CIRCLE('',#2422,0.5);
#2422 = AXIS2_PLACEMENT_2D('',#2423,#2424);
#2423 = CARTESIAN_POINT('',(0.,0.));
#2424 = DIRECTION('',(1.,0.));
#2425 = ( GEOMETRIC_REPRESENTATION_CONTEXT(2) 
PARAMETRIC_REPRESENTATION_CONTEXT() REPRESENTATION_CONTEXT('2D SPACE',''
  ) );
#2426 = ORIENTED_EDGE('',*,*,#2427,.F.);
#2427 = EDGE_CURVE('',#627,#2399,#2428,.T.);
#2428 = SEAM_CURVE('',#2429,(#2433,#2440),.PCURVE_S1.);
#2429 = LINE('',#2430,#2431);
#2430 = CARTESIAN_POINT('',(-0.885,-1.42,11.53));
#2431 = VECTOR('',#2432,1.);
#2432 = DIRECTION('',(0.,0.,1.));
#2433 = PCURVE('',#643,#2434);
#2434 = DEFINITIONAL_REPRESENTATION('',(#2435),#2439);
#2435 = LINE('',#2436,#2437);
#2436 = CARTESIAN_POINT('',(6.28318530718,-0.));
#2437 = VECTOR('',#2438,1.);
#2438 = DIRECTION('',(0.,1.));
#2439 = ( GEOMETRIC_REPRESENTATION_CONTEXT(2) 
PARAMETRIC_REPRESENTATION_CONTEXT() REPRESENTATION_CONTEXT('2D SPACE',''
  ) );
#2440 = PCURVE('',#643,#2441);
#2441 = DEFINITIONAL_REPRESENTATION('',(#2442),#2446);
#2442 = LINE('',#2443,#2444);
#2443 = CARTESIAN_POINT('',(0.,-0.));
#2444 = VECTOR('',#2445,1.);
#2445 = DIRECTION('',(0.,1.));
#2446 = ( GEOMETRIC_REPRESENTATION_CONTEXT(2) 
PARAMETRIC_REPRESENTATION_CONTEXT() REPRESENTATION_CONTEXT('2D SPACE',''
  ) );
#2447 = ORIENTED_EDGE('',*,*,#626,.T.);
#2448 = ORIENTED_EDGE('',*,*,#2427,.T.);
#2449 = ADVANCED_FACE('',(#2450),#674,.T.);
#2450 = FACE_BOUND('',#2451,.T.);
#2451 = EDGE_LOOP('',(#2452,#2481,#2502,#2503));
#2452 = ORIENTED_EDGE('',*,*,#2453,.F.);
#2453 = EDGE_CURVE('',#2454,#2454,#2456,.T.);
#2454 = VERTEX_POINT('',#2455);
#2455 = CARTESIAN_POINT('',(1.885,-1.42,11.98));
#2456 = SURFACE_CURVE('',#2457,(#2462,#2469),.PCURVE_S1.);
#2457 = CIRCLE('',#2458,0.5);
#2458 = AXIS2_PLACEMENT_3D('',#2459,#2460,#2461);
#2459 = CARTESIAN_POINT('',(1.385,-1.42,11.98));
#2460 = DIRECTION('',(0.,0.,1.));
#2461 = DIRECTION('',(1.,0.,-0.));
#2462 = PCURVE('',#674,#2463);
#2463 = DEFINITIONAL_REPRESENTATION('',(#2464),#2468);
#2464 = LINE('',#2465,#2466);
#2465 = CARTESIAN_POINT('',(0.,0.45));
#2466 = VECTOR('',#2467,1.);
#2467 = DIRECTION('',(1.,0.));
#2468 = ( GEOMETRIC_REPRESENTATION_CONTEXT(2) 
PARAMETRIC_REPRESENTATION_CONTEXT() REPRESENTATION_CONTEXT('2D SPACE',''
  ) );
#2469 = PCURVE('',#2470,#2475);
#2470 = PLANE('',#2471);
#2471 = AXIS2_PLACEMENT_3D('',#2472,#2473,#2474);
#2472 = CARTESIAN_POINT('',(1.385,-1.42,11.98));
#2473 = DIRECTION('',(0.,0.,1.));
#2474 = DIRECTION('',(1.,0.,-0.));
#2475 = DEFINITIONAL_REPRESENTATION('',(#2476),#2480);
#2476 = CIRCLE('',#2477,0.5);
#2477 = AXIS2_PLACEMENT_2D('',#2478,#2479);
#2478 = CARTESIAN_POINT('',(0.,0.));
#2479 = DIRECTION('',(1.,0.));
#2480 = ( GEOMETRIC_REPRESENTATION_CONTEXT(2) 
PARAMETRIC_REPRESENTATION_CONTEXT() REPRESENTATION_CONTEXT('2D SPACE',''
  ) );
#2481 = ORIENTED_EDGE('',*,*,#2482,.F.);
#2482 = EDGE_CURVE('',#658,#2454,#2483,.T.);
#2483 = SEAM_CURVE('',#2484,(#2488,#2495),.PCURVE_S1.);
#2484 = LINE('',#2485,#2486);
#2485 = CARTESIAN_POINT('',(1.885,-1.42,11.53));
#2486 = VECTOR('',#2487,1.);
#2487 = DIRECTION('',(0.,0.,1.));
#2488 = PCURVE('',#674,#2489);
#2489 = DEFINITIONAL_REPRESENTATION('',(#2490),#2494);
#2490 = LINE('',#2491,#2492);
#2491 = CARTESIAN_POINT('',(6.28318530718,-0.));
#2492 = VECTOR('',#2493,1.);
#2493 = DIRECTION('',(0.,1.));
#2494 = ( GEOMETRIC_REPRESENTATION_CONTEXT(2) 
PARAMETRIC_REPRESENTATION_CONTEXT() REPRESENTATION_CONTEXT('2D SPACE',''
  ) );
#2495 = PCURVE('',#674,#2496);
#2496 = DEFINITIONAL_REPRESENTATION('',(#2497),#2501);
#2497 = LINE('',#2498,#2499);
#2498 = CARTESIAN_POINT('',(0.,-0.));
#2499 = VECTOR('',#2500,1.);
#2500 = DIRECTION('',(0.,1.));
#2501 = ( GEOMETRIC_REPRESENTATION_CONTEXT(2) 
PARAMETRIC_REPRESENTATION_CONTEXT() REPRESENTATION_CONTEXT('2D SPACE',''
  ) );
#2502 = ORIENTED_EDGE('',*,*,#657,.T.);
#2503 = ORIENTED_EDGE('',*,*,#2482,.T.);
#2504 = ADVANCED_FACE('',(#2505),#705,.T.);
#2505 = FACE_BOUND('',#2506,.T.);
#2506 = EDGE_LOOP('',(#2507,#2536,#2557,#2558));
#2507 = ORIENTED_EDGE('',*,*,#2508,.F.);
#2508 = EDGE_CURVE('',#2509,#2509,#2511,.T.);
#2509 = VERTEX_POINT('',#2510);
#2510 = CARTESIAN_POINT('',(4.655,-1.42,11.98));
#2511 = SURFACE_CURVE('',#2512,(#2517,#2524),.PCURVE_S1.);
#2512 = CIRCLE('',#2513,0.5);
#2513 = AXIS2_PLACEMENT_3D('',#2514,#2515,#2516);
#2514 = CARTESIAN_POINT('',(4.155,-1.42,11.98));
#2515 = DIRECTION('',(0.,0.,1.));
#2516 = DIRECTION('',(1.,0.,-0.));
#2517 = PCURVE('',#705,#2518);
#2518 = DEFINITIONAL_REPRESENTATION('',(#2519),#2523);
#2519 = LINE('',#2520,#2521);
#2520 = CARTESIAN_POINT('',(0.,0.45));
#2521 = VECTOR('',#2522,1.);
#2522 = DIRECTION('',(1.,0.));
#2523 = ( GEOMETRIC_REPRESENTATION_CONTEXT(2) 
PARAMETRIC_REPRESENTATION_CONTEXT() REPRESENTATION_CONTEXT('2D SPACE',''
  ) );
#2524 = PCURVE('',#2525,#2530);
#2525 = PLANE('',#2526);
#2526 = AXIS2_PLACEMENT_3D('',#2527,#2528,#2529);
#2527 = CARTESIAN_POINT('',(4.155,-1.42,11.98));
#2528 = DIRECTION('',(0.,0.,1.));
#2529 = DIRECTION('',(1.,0.,-0.));
#2530 = DEFINITIONAL_REPRESENTATION('',(#2531),#2535);
#2531 = CIRCLE('',#2532,0.5);
#2532 = AXIS2_PLACEMENT_2D('',#2533,#2534);
#2533 = CARTESIAN_POINT('',(0.,0.));
#2534 = DIRECTION('',(1.,0.));
#2535 = ( GEOMETRIC_REPRESENTATION_CONTEXT(2) 
PARAMETRIC_REPRESENTATION_CONTEXT() REPRESENTATION_CONTEXT('2D SPACE',''
  ) );
#2536 = ORIENTED_EDGE('',*,*,#2537,.F.);
#2537 = EDGE_CURVE('',#689,#2509,#2538,.T.);
#2538 = SEAM_CURVE('',#2539,(#2543,#2550),.PCURVE_S1.);
#2539 = LINE('',#2540,#2541);
#2540 = CARTESIAN_POINT('',(4.655,-1.42,11.53));
#2541 = VECTOR('',#2542,1.);
#2542 = DIRECTION('',(0.,0.,1.));
#2543 = PCURVE('',#705,#2544);
#2544 = DEFINITIONAL_REPRESENTATION('',(#2545),#2549);
#2545 = LINE('',#2546,#2547);
#2546 = CARTESIAN_POINT('',(6.28318530718,-0.));
#2547 = VECTOR('',#2548,1.);
#2548 = DIRECTION('',(0.,1.));
#2549 = ( GEOMETRIC_REPRESENTATION_CONTEXT(2) 
PARAMETRIC_REPRESENTATION_CONTEXT() REPRESENTATION_CONTEXT('2D SPACE',''
  ) );
#2550 = PCURVE('',#705,#2551);
#2551 = DEFINITIONAL_REPRESENTATION('',(#2552),#2556);
#2552 = LINE('',#2553,#2554);
#2553 = CARTESIAN_POINT('',(0.,-0.));
#2554 = VECTOR('',#2555,1.);
#2555 = DIRECTION('',(0.,1.));
#2556 = ( GEOMETRIC_REPRESENTATION_CONTEXT(2) 
PARAMETRIC_REPRESENTATION_CONTEXT() REPRESENTATION_CONTEXT('2D SPACE',''
  ) );
#2557 = ORIENTED_EDGE('',*,*,#688,.T.);
#2558 = ORIENTED_EDGE('',*,*,#2537,.T.);
#2559 = ADVANCED_FACE('',(#2560),#736,.T.);
#2560 = FACE_BOUND('',#2561,.T.);
#2561 = EDGE_LOOP('',(#2562,#2591,#2612,#2613));
#2562 = ORIENTED_EDGE('',*,*,#2563,.F.);
#2563 = EDGE_CURVE('',#2564,#2564,#2566,.T.);
#2564 = VERTEX_POINT('',#2565);
#2565 = CARTESIAN_POINT('',(7.425,-1.42,11.98));
#2566 = SURFACE_CURVE('',#2567,(#2572,#2579),.PCURVE_S1.);
#2567 = CIRCLE('',#2568,0.5);
#2568 = AXIS2_PLACEMENT_3D('',#2569,#2570,#2571);
#2569 = CARTESIAN_POINT('',(6.925,-1.42,11.98));
#2570 = DIRECTION('',(0.,0.,1.));
#2571 = DIRECTION('',(1.,0.,-0.));
#2572 = PCURVE('',#736,#2573);
#2573 = DEFINITIONAL_REPRESENTATION('',(#2574),#2578);
#2574 = LINE('',#2575,#2576);
#2575 = CARTESIAN_POINT('',(0.,0.45));
#2576 = VECTOR('',#2577,1.);
#2577 = DIRECTION('',(1.,0.));
#2578 = ( GEOMETRIC_REPRESENTATION_CONTEXT(2) 
PARAMETRIC_REPRESENTATION_CONTEXT() REPRESENTATION_CONTEXT('2D SPACE',''
  ) );
#2579 = PCURVE('',#2580,#2585);
#2580 = PLANE('',#2581);
#2581 = AXIS2_PLACEMENT_3D('',#2582,#2583,#2584);
#2582 = CARTESIAN_POINT('',(6.925,-1.42,11.98));
#2583 = DIRECTION('',(0.,0.,1.));
#2584 = DIRECTION('',(1.,0.,-0.));
#2585 = DEFINITIONAL_REPRESENTATION('',(#2586),#2590);
#2586 = CIRCLE('',#2587,0.5);
#2587 = AXIS2_PLACEMENT_2D('',#2588,#2589);
#2588 = CARTESIAN_POINT('',(0.,0.));
#2589 = DIRECTION('',(1.,0.));
#2590 = ( GEOMETRIC_REPRESENTATION_CONTEXT(2) 
PARAMETRIC_REPRESENTATION_CONTEXT() REPRESENTATION_CONTEXT('2D SPACE',''
  ) );
#2591 = ORIENTED_EDGE('',*,*,#2592,.F.);
#2592 = EDGE_CURVE('',#720,#2564,#2593,.T.);
#2593 = SEAM_CURVE('',#2594,(#2598,#2605),.PCURVE_S1.);
#2594 = LINE('',#2595,#2596);
#2595 = CARTESIAN_POINT('',(7.425,-1.42,11.53));
#2596 = VECTOR('',#2597,1.);
#2597 = DIRECTION('',(0.,0.,1.));
#2598 = PCURVE('',#736,#2599);
#2599 = DEFINITIONAL_REPRESENTATION('',(#2600),#2604);
#2600 = LINE('',#2601,#2602);
#2601 = CARTESIAN_POINT('',(6.28318530718,-0.));
#2602 = VECTOR('',#2603,1.);
#2603 = DIRECTION('',(0.,1.));
#2604 = ( GEOMETRIC_REPRESENTATION_CONTEXT(2) 
PARAMETRIC_REPRESENTATION_CONTEXT() REPRESENTATION_CONTEXT('2D SPACE',''
  ) );
#2605 = PCURVE('',#736,#2606);
#2606 = DEFINITIONAL_REPRESENTATION('',(#2607),#2611);
#2607 = LINE('',#2608,#2609);
#2608 = CARTESIAN_POINT('',(0.,-0.));
#2609 = VECTOR('',#2610,1.);
#2610 = DIRECTION('',(0.,1.));
#2611 = ( GEOMETRIC_REPRESENTATION_CONTEXT(2) 
PARAMETRIC_REPRESENTATION_CONTEXT() REPRESENTATION_CONTEXT('2D SPACE',''
  ) );
#2612 = ORIENTED_EDGE('',*,*,#719,.T.);
#2613 = ORIENTED_EDGE('',*,*,#2592,.T.);
#2614 = ADVANCED_FACE('',(#2615),#767,.T.);
#2615 = FACE_BOUND('',#2616,.T.);
#2616 = EDGE_LOOP('',(#2617,#2646,#2667,#2668));
#2617 = ORIENTED_EDGE('',*,*,#2618,.F.);
#2618 = EDGE_CURVE('',#2619,#2619,#2621,.T.);
#2619 = VERTEX_POINT('',#2620);
#2620 = CARTESIAN_POINT('',(10.195,-1.42,11.98));
#2621 = SURFACE_CURVE('',#2622,(#2627,#2634),.PCURVE_S1.);
#2622 = CIRCLE('',#2623,0.5);
#2623 = AXIS2_PLACEMENT_3D('',#2624,#2625,#2626);
#2624 = CARTESIAN_POINT('',(9.695,-1.42,11.98));
#2625 = DIRECTION('',(0.,0.,1.));
#2626 = DIRECTION('',(1.,0.,-0.));
#2627 = PCURVE('',#767,#2628);
#2628 = DEFINITIONAL_REPRESENTATION('',(#2629),#2633);
#2629 = LINE('',#2630,#2631);
#2630 = CARTESIAN_POINT('',(0.,0.45));
#2631 = VECTOR('',#2632,1.);
#2632 = DIRECTION('',(1.,0.));
#2633 = ( GEOMETRIC_REPRESENTATION_CONTEXT(2) 
PARAMETRIC_REPRESENTATION_CONTEXT() REPRESENTATION_CONTEXT('2D SPACE',''
  ) );
#2634 = PCURVE('',#2635,#2640);
#2635 = PLANE('',#2636);
#2636 = AXIS2_PLACEMENT_3D('',#2637,#2638,#2639);
#2637 = CARTESIAN_POINT('',(9.695,-1.42,11.98));
#2638 = DIRECTION('',(0.,0.,1.));
#2639 = DIRECTION('',(1.,0.,-0.));
#2640 = DEFINITIONAL_REPRESENTATION('',(#2641),#2645);
#2641 = CIRCLE('',#2642,0.5);
#2642 = AXIS2_PLACEMENT_2D('',#2643,#2644);
#2643 = CARTESIAN_POINT('',(0.,0.));
#2644 = DIRECTION('',(1.,0.));
#2645 = ( GEOMETRIC_REPRESENTATION_CONTEXT(2) 
PARAMETRIC_REPRESENTATION_CONTEXT() REPRESENTATION_CONTEXT('2D SPACE',''
  ) );
#2646 = ORIENTED_EDGE('',*,*,#2647,.F.);
#2647 = EDGE_CURVE('',#751,#2619,#2648,.T.);
#2648 = SEAM_CURVE('',#2649,(#2653,#2660),.PCURVE_S1.);
#2649 = LINE('',#2650,#2651);
#2650 = CARTESIAN_POINT('',(10.195,-1.42,11.53));
#2651 = VECTOR('',#2652,1.);
#2652 = DIRECTION('',(0.,0.,1.));
#2653 = PCURVE('',#767,#2654);
#2654 = DEFINITIONAL_REPRESENTATION('',(#2655),#2659);
#2655 = LINE('',#2656,#2657);
#2656 = CARTESIAN_POINT('',(6.28318530718,-0.));
#2657 = VECTOR('',#2658,1.);
#2658 = DIRECTION('',(0.,1.));
#2659 = ( GEOMETRIC_REPRESENTATION_CONTEXT(2) 
PARAMETRIC_REPRESENTATION_CONTEXT() REPRESENTATION_CONTEXT('2D SPACE',''
  ) );
#2660 = PCURVE('',#767,#2661);
#2661 = DEFINITIONAL_REPRESENTATION('',(#2662),#2666);
#2662 = LINE('',#2663,#2664);
#2663 = CARTESIAN_POINT('',(0.,-0.));
#2664 = VECTOR('',#2665,1.);
#2665 = DIRECTION('',(0.,1.));
#2666 = ( GEOMETRIC_REPRESENTATION_CONTEXT(2) 
PARAMETRIC_REPRESENTATION_CONTEXT() REPRESENTATION_CONTEXT('2D SPACE',''
  ) );
#2667 = ORIENTED_EDGE('',*,*,#750,.T.);
#2668 = ORIENTED_EDGE('',*,*,#2647,.T.);
#2669 = ADVANCED_FACE('',(#2670),#798,.T.);
#2670 = FACE_BOUND('',#2671,.T.);
#2671 = EDGE_LOOP('',(#2672,#2701,#2722,#2723));
#2672 = ORIENTED_EDGE('',*,*,#2673,.F.);
#2673 = EDGE_CURVE('',#2674,#2674,#2676,.T.);
#2674 = VERTEX_POINT('',#2675);
#2675 = CARTESIAN_POINT('',(12.965,-1.42,11.98));
#2676 = SURFACE_CURVE('',#2677,(#2682,#2689),.PCURVE_S1.);
#2677 = CIRCLE('',#2678,0.5);
#2678 = AXIS2_PLACEMENT_3D('',#2679,#2680,#2681);
#2679 = CARTESIAN_POINT('',(12.465,-1.42,11.98));
#2680 = DIRECTION('',(0.,0.,1.));
#2681 = DIRECTION('',(1.,0.,-0.));
#2682 = PCURVE('',#798,#2683);
#2683 = DEFINITIONAL_REPRESENTATION('',(#2684),#2688);
#2684 = LINE('',#2685,#2686);
#2685 = CARTESIAN_POINT('',(0.,0.45));
#2686 = VECTOR('',#2687,1.);
#2687 = DIRECTION('',(1.,0.));
#2688 = ( GEOMETRIC_REPRESENTATION_CONTEXT(2) 
PARAMETRIC_REPRESENTATION_CONTEXT() REPRESENTATION_CONTEXT('2D SPACE',''
  ) );
#2689 = PCURVE('',#2690,#2695);
#2690 = PLANE('',#2691);
#2691 = AXIS2_PLACEMENT_3D('',#2692,#2693,#2694);
#2692 = CARTESIAN_POINT('',(12.465,-1.42,11.98));
#2693 = DIRECTION('',(0.,0.,1.));
#2694 = DIRECTION('',(1.,0.,-0.));
#2695 = DEFINITIONAL_REPRESENTATION('',(#2696),#2700);
#2696 = CIRCLE('',#2697,0.5);
#2697 = AXIS2_PLACEMENT_2D('',#2698,#2699);
#2698 = CARTESIAN_POINT('',(0.,0.));
#2699 = DIRECTION('',(1.,0.));
#2700 = ( GEOMETRIC_REPRESENTATION_CONTEXT(2) 
PARAMETRIC_REPRESENTATION_CONTEXT() REPRESENTATION_CONTEXT('2D SPACE',''
  ) );
#2701 = ORIENTED_EDGE('',*,*,#2702,.F.);
#2702 = EDGE_CURVE('',#782,#2674,#2703,.T.);
#2703 = SEAM_CURVE('',#2704,(#2708,#2715),.PCURVE_S1.);
#2704 = LINE('',#2705,#2706);
#2705 = CARTESIAN_POINT('',(12.965,-1.42,11.53));
#2706 = VECTOR('',#2707,1.);
#2707 = DIRECTION('',(0.,0.,1.));
#2708 = PCURVE('',#798,#2709);
#2709 = DEFINITIONAL_REPRESENTATION('',(#2710),#2714);
#2710 = LINE('',#2711,#2712);
#2711 = CARTESIAN_POINT('',(6.28318530718,-0.));
#2712 = VECTOR('',#2713,1.);
#2713 = DIRECTION('',(0.,1.));
#2714 = ( GEOMETRIC_REPRESENTATION_CONTEXT(2) 
PARAMETRIC_REPRESENTATION_CONTEXT() REPRESENTATION_CONTEXT('2D SPACE',''
  ) );
#2715 = PCURVE('',#798,#2716);
#2716 = DEFINITIONAL_REPRESENTATION('',(#2717),#2721);
#2717 = LINE('',#2718,#2719);
#2718 = CARTESIAN_POINT('',(0.,-0.));
#2719 = VECTOR('',#2720,1.);
#2720 = DIRECTION('',(0.,1.));
#2721 = ( GEOMETRIC_REPRESENTATION_CONTEXT(2) 
PARAMETRIC_REPRESENTATION_CONTEXT() REPRESENTATION_CONTEXT('2D SPACE',''
  ) );
#2722 = ORIENTED_EDGE('',*,*,#781,.T.);
#2723 = ORIENTED_EDGE('',*,*,#2702,.T.);
#2724 = ADVANCED_FACE('',(#2725),#829,.T.);
#2725 = FACE_BOUND('',#2726,.T.);
#2726 = EDGE_LOOP('',(#2727,#2756,#2777,#2778));
#2727 = ORIENTED_EDGE('',*,*,#2728,.F.);
#2728 = EDGE_CURVE('',#2729,#2729,#2731,.T.);
#2729 = VERTEX_POINT('',#2730);
#2730 = CARTESIAN_POINT('',(15.735,-1.42,11.98));
#2731 = SURFACE_CURVE('',#2732,(#2737,#2744),.PCURVE_S1.);
#2732 = CIRCLE('',#2733,0.5);
#2733 = AXIS2_PLACEMENT_3D('',#2734,#2735,#2736);
#2734 = CARTESIAN_POINT('',(15.235,-1.42,11.98));
#2735 = DIRECTION('',(0.,0.,1.));
#2736 = DIRECTION('',(1.,0.,-0.));
#2737 = PCURVE('',#829,#2738);
#2738 = DEFINITIONAL_REPRESENTATION('',(#2739),#2743);
#2739 = LINE('',#2740,#2741);
#2740 = CARTESIAN_POINT('',(0.,0.45));
#2741 = VECTOR('',#2742,1.);
#2742 = DIRECTION('',(1.,0.));
#2743 = ( GEOMETRIC_REPRESENTATION_CONTEXT(2) 
PARAMETRIC_REPRESENTATION_CONTEXT() REPRESENTATION_CONTEXT('2D SPACE',''
  ) );
#2744 = PCURVE('',#2745,#2750);
#2745 = PLANE('',#2746);
#2746 = AXIS2_PLACEMENT_3D('',#2747,#2748,#2749);
#2747 = CARTESIAN_POINT('',(15.235,-1.42,11.98));
#2748 = DIRECTION('',(0.,0.,1.));
#2749 = DIRECTION('',(1.,0.,-0.));
#2750 = DEFINITIONAL_REPRESENTATION('',(#2751),#2755);
#2751 = CIRCLE('',#2752,0.5);
#2752 = AXIS2_PLACEMENT_2D('',#2753,#2754);
#2753 = CARTESIAN_POINT('',(0.,0.));
#2754 = DIRECTION('',(1.,0.));
#2755 = ( GEOMETRIC_REPRESENTATION_CONTEXT(2) 
PARAMETRIC_REPRESENTATION_CONTEXT() REPRESENTATION_CONTEXT('2D SPACE',''
  ) );
#2756 = ORIENTED_EDGE('',*,*,#2757,.F.);
#2757 = EDGE_CURVE('',#813,#2729,#2758,.T.);
#2758 = SEAM_CURVE('',#2759,(#2763,#2770),.PCURVE_S1.);
#2759 = LINE('',#2760,#2761);
#2760 = CARTESIAN_POINT('',(15.735,-1.42,11.53));
#2761 = VECTOR('',#2762,1.);
#2762 = DIRECTION('',(0.,0.,1.));
#2763 = PCURVE('',#829,#2764);
#2764 = DEFINITIONAL_REPRESENTATION('',(#2765),#2769);
#2765 = LINE('',#2766,#2767);
#2766 = CARTESIAN_POINT('',(6.28318530718,-0.));
#2767 = VECTOR('',#2768,1.);
#2768 = DIRECTION('',(0.,1.));
#2769 = ( GEOMETRIC_REPRESENTATION_CONTEXT(2) 
PARAMETRIC_REPRESENTATION_CONTEXT() REPRESENTATION_CONTEXT('2D SPACE',''
  ) );
#2770 = PCURVE('',#829,#2771);
#2771 = DEFINITIONAL_REPRESENTATION('',(#2772),#2776);
#2772 = LINE('',#2773,#2774);
#2773 = CARTESIAN_POINT('',(0.,-0.));
#2774 = VECTOR('',#2775,1.);
#2775 = DIRECTION('',(0.,1.));
#2776 = ( GEOMETRIC_REPRESENTATION_CONTEXT(2) 
PARAMETRIC_REPRESENTATION_CONTEXT() REPRESENTATION_CONTEXT('2D SPACE',''
  ) );
#2777 = ORIENTED_EDGE('',*,*,#812,.T.);
#2778 = ORIENTED_EDGE('',*,*,#2757,.T.);
#2779 = ADVANCED_FACE('',(#2780),#860,.T.);
#2780 = FACE_BOUND('',#2781,.T.);
#2781 = EDGE_LOOP('',(#2782,#2811,#2832,#2833));
#2782 = ORIENTED_EDGE('',*,*,#2783,.F.);
#2783 = EDGE_CURVE('',#2784,#2784,#2786,.T.);
#2784 = VERTEX_POINT('',#2785);
#2785 = CARTESIAN_POINT('',(18.505,-1.42,11.98));
#2786 = SURFACE_CURVE('',#2787,(#2792,#2799),.PCURVE_S1.);
#2787 = CIRCLE('',#2788,0.5);
#2788 = AXIS2_PLACEMENT_3D('',#2789,#2790,#2791);
#2789 = CARTESIAN_POINT('',(18.005,-1.42,11.98));
#2790 = DIRECTION('',(0.,0.,1.));
#2791 = DIRECTION('',(1.,0.,-0.));
#2792 = PCURVE('',#860,#2793);
#2793 = DEFINITIONAL_REPRESENTATION('',(#2794),#2798);
#2794 = LINE('',#2795,#2796);
#2795 = CARTESIAN_POINT('',(0.,0.45));
#2796 = VECTOR('',#2797,1.);
#2797 = DIRECTION('',(1.,0.));
#2798 = ( GEOMETRIC_REPRESENTATION_CONTEXT(2) 
PARAMETRIC_REPRESENTATION_CONTEXT() REPRESENTATION_CONTEXT('2D SPACE',''
  ) );
#2799 = PCURVE('',#2800,#2805);
#2800 = PLANE('',#2801);
#2801 = AXIS2_PLACEMENT_3D('',#2802,#2803,#2804);
#2802 = CARTESIAN_POINT('',(18.005,-1.42,11.98));
#2803 = DIRECTION('',(0.,0.,1.));
#2804 = DIRECTION('',(1.,0.,-0.));
#2805 = DEFINITIONAL_REPRESENTATION('',(#2806),#2810);
#2806 = CIRCLE('',#2807,0.5);
#2807 = AXIS2_PLACEMENT_2D('',#2808,#2809);
#2808 = CARTESIAN_POINT('',(0.,0.));
#2809 = DIRECTION('',(1.,0.));
#2810 = ( GEOMETRIC_REPRESENTATION_CONTEXT(2) 
PARAMETRIC_REPRESENTATION_CONTEXT() REPRESENTATION_CONTEXT('2D SPACE',''
  ) );
#2811 = ORIENTED_EDGE('',*,*,#2812,.F.);
#2812 = EDGE_CURVE('',#844,#2784,#2813,.T.);
#2813 = SEAM_CURVE('',#2814,(#2818,#2825),.PCURVE_S1.);
#2814 = LINE('',#2815,#2816);
#2815 = CARTESIAN_POINT('',(18.505,-1.42,11.53));
#2816 = VECTOR('',#2817,1.);
#2817 = DIRECTION('',(0.,0.,1.));
#2818 = PCURVE('',#860,#2819);
#2819 = DEFINITIONAL_REPRESENTATION('',(#2820),#2824);
#2820 = LINE('',#2821,#2822);
#2821 = CARTESIAN_POINT('',(6.28318530718,-0.));
#2822 = VECTOR('',#2823,1.);
#2823 = DIRECTION('',(0.,1.));
#2824 = ( GEOMETRIC_REPRESENTATION_CONTEXT(2) 
PARAMETRIC_REPRESENTATION_CONTEXT() REPRESENTATION_CONTEXT('2D SPACE',''
  ) );
#2825 = PCURVE('',#860,#2826);
#2826 = DEFINITIONAL_REPRESENTATION('',(#2827),#2831);
#2827 = LINE('',#2828,#2829);
#2828 = CARTESIAN_POINT('',(0.,-0.));
#2829 = VECTOR('',#2830,1.);
#2830 = DIRECTION('',(0.,1.));
#2831 = ( GEOMETRIC_REPRESENTATION_CONTEXT(2) 
PARAMETRIC_REPRESENTATION_CONTEXT() REPRESENTATION_CONTEXT('2D SPACE',''
  ) );
#2832 = ORIENTED_EDGE('',*,*,#843,.T.);
#2833 = ORIENTED_EDGE('',*,*,#2812,.T.);
#2834 = ADVANCED_FACE('',(#2835),#891,.T.);
#2835 = FACE_BOUND('',#2836,.T.);
#2836 = EDGE_LOOP('',(#2837,#2866,#2887,#2888));
#2837 = ORIENTED_EDGE('',*,*,#2838,.F.);
#2838 = EDGE_CURVE('',#2839,#2839,#2841,.T.);
#2839 = VERTEX_POINT('',#2840);
#2840 = CARTESIAN_POINT('',(21.275,-1.42,11.98));
#2841 = SURFACE_CURVE('',#2842,(#2847,#2854),.PCURVE_S1.);
#2842 = CIRCLE('',#2843,0.5);
#2843 = AXIS2_PLACEMENT_3D('',#2844,#2845,#2846);
#2844 = CARTESIAN_POINT('',(20.775,-1.42,11.98));
#2845 = DIRECTION('',(0.,0.,1.));
#2846 = DIRECTION('',(1.,0.,-0.));
#2847 = PCURVE('',#891,#2848);
#2848 = DEFINITIONAL_REPRESENTATION('',(#2849),#2853);
#2849 = LINE('',#2850,#2851);
#2850 = CARTESIAN_POINT('',(0.,0.45));
#2851 = VECTOR('',#2852,1.);
#2852 = DIRECTION('',(1.,0.));
#2853 = ( GEOMETRIC_REPRESENTATION_CONTEXT(2) 
PARAMETRIC_REPRESENTATION_CONTEXT() REPRESENTATION_CONTEXT('2D SPACE',''
  ) );
#2854 = PCURVE('',#2855,#2860);
#2855 = PLANE('',#2856);
#2856 = AXIS2_PLACEMENT_3D('',#2857,#2858,#2859);
#2857 = CARTESIAN_POINT('',(20.775,-1.42,11.98));
#2858 = DIRECTION('',(0.,0.,1.));
#2859 = DIRECTION('',(1.,0.,-0.));
#2860 = DEFINITIONAL_REPRESENTATION('',(#2861),#2865);
#2861 = CIRCLE('',#2862,0.5);
#2862 = AXIS2_PLACEMENT_2D('',#2863,#2864);
#2863 = CARTESIAN_POINT('',(0.,0.));
#2864 = DIRECTION('',(1.,0.));
#2865 = ( GEOMETRIC_REPRESENTATION_CONTEXT(2) 
PARAMETRIC_REPRESENTATION_CONTEXT() REPRESENTATION_CONTEXT('2D SPACE',''
  ) );
#2866 = ORIENTED_EDGE('',*,*,#2867,.F.);
#2867 = EDGE_CURVE('',#875,#2839,#2868,.T.);
#2868 = SEAM_CURVE('',#2869,(#2873,#2880),.PCURVE_S1.);
#2869 = LINE('',#2870,#2871);
#2870 = CARTESIAN_POINT('',(21.275,-1.42,11.53));
#2871 = VECTOR('',#2872,1.);
#2872 = DIRECTION('',(0.,0.,1.));
#2873 = PCURVE('',#891,#2874);
#2874 = DEFINITIONAL_REPRESENTATION('',(#2875),#2879);
#2875 = LINE('',#2876,#2877);
#2876 = CARTESIAN_POINT('',(6.28318530718,-0.));
#2877 = VECTOR('',#2878,1.);
#2878 = DIRECTION('',(0.,1.));
#2879 = ( GEOMETRIC_REPRESENTATION_CONTEXT(2) 
PARAMETRIC_REPRESENTATION_CONTEXT() REPRESENTATION_CONTEXT('2D SPACE',''
  ) );
#2880 = PCURVE('',#891,#2881);
#2881 = DEFINITIONAL_REPRESENTATION('',(#2882),#2886);
#2882 = LINE('',#2883,#2884);
#2883 = CARTESIAN_POINT('',(0.,-0.));
#2884 = VECTOR('',#2885,1.);
#2885 = DIRECTION('',(0.,1.));
#2886 = ( GEOMETRIC_REPRESENTATION_CONTEXT(2) 
PARAMETRIC_REPRESENTATION_CONTEXT() REPRESENTATION_CONTEXT('2D SPACE',''
  ) );
#2887 = ORIENTED_EDGE('',*,*,#874,.T.);
#2888 = ORIENTED_EDGE('',*,*,#2867,.T.);
#2889 = ADVANCED_FACE('',(#2890),#922,.T.);
#2890 = FACE_BOUND('',#2891,.T.);
#2891 = EDGE_LOOP('',(#2892,#2921,#2942,#2943));
#2892 = ORIENTED_EDGE('',*,*,#2893,.F.);
#2893 = EDGE_CURVE('',#2894,#2894,#2896,.T.);
#2894 = VERTEX_POINT('',#2895);
#2895 = CARTESIAN_POINT('',(24.045,-1.42,11.98));
#2896 = SURFACE_CURVE('',#2897,(#2902,#2909),.PCURVE_S1.);
#2897 = CIRCLE('',#2898,0.5);
#2898 = AXIS2_PLACEMENT_3D('',#2899,#2900,#2901);
#2899 = CARTESIAN_POINT('',(23.545,-1.42,11.98));
#2900 = DIRECTION('',(0.,0.,1.));
#2901 = DIRECTION('',(1.,0.,-0.));
#2902 = PCURVE('',#922,#2903);
#2903 = DEFINITIONAL_REPRESENTATION('',(#2904),#2908);
#2904 = LINE('',#2905,#2906);
#2905 = CARTESIAN_POINT('',(0.,0.45));
#2906 = VECTOR('',#2907,1.);
#2907 = DIRECTION('',(1.,0.));
#2908 = ( GEOMETRIC_REPRESENTATION_CONTEXT(2) 
PARAMETRIC_REPRESENTATION_CONTEXT() REPRESENTATION_CONTEXT('2D SPACE',''
  ) );
#2909 = PCURVE('',#2910,#2915);
#2910 = PLANE('',#2911);
#2911 = AXIS2_PLACEMENT_3D('',#2912,#2913,#2914);
#2912 = CARTESIAN_POINT('',(23.545,-1.42,11.98));
#2913 = DIRECTION('',(0.,0.,1.));
#2914 = DIRECTION('',(1.,0.,-0.));
#2915 = DEFINITIONAL_REPRESENTATION('',(#2916),#2920);
#2916 = CIRCLE('',#2917,0.5);
#2917 = AXIS2_PLACEMENT_2D('',#2918,#2919);
#2918 = CARTESIAN_POINT('',(0.,0.));
#2919 = DIRECTION('',(1.,0.));
#2920 = ( GEOMETRIC_REPRESENTATION_CONTEXT(2) 
PARAMETRIC_REPRESENTATION_CONTEXT() REPRESENTATION_CONTEXT('2D SPACE',''
  ) );
#2921 = ORIENTED_EDGE('',*,*,#2922,.F.);
#2922 = EDGE_CURVE('',#906,#2894,#2923,.T.);
#2923 = SEAM_CURVE('',#2924,(#2928,#2935),.PCURVE_S1.);
#2924 = LINE('',#2925,#2926);
#2925 = CARTESIAN_POINT('',(24.045,-1.42,11.53));
#2926 = VECTOR('',#2927,1.);
#2927 = DIRECTION('',(0.,0.,1.));
#2928 = PCURVE('',#922,#2929);
#2929 = DEFINITIONAL_REPRESENTATION('',(#2930),#2934);
#2930 = LINE('',#2931,#2932);
#2931 = CARTESIAN_POINT('',(6.28318530718,-0.));
#2932 = VECTOR('',#2933,1.);
#2933 = DIRECTION('',(0.,1.));
#2934 = ( GEOMETRIC_REPRESENTATION_CONTEXT(2) 
PARAMETRIC_REPRESENTATION_CONTEXT() REPRESENTATION_CONTEXT('2D SPACE',''
  ) );
#2935 = PCURVE('',#922,#2936);
#2936 = DEFINITIONAL_REPRESENTATION('',(#2937),#2941);
#2937 = LINE('',#2938,#2939);
#2938 = CARTESIAN_POINT('',(0.,-0.));
#2939 = VECTOR('',#2940,1.);
#2940 = DIRECTION('',(0.,1.));
#2941 = ( GEOMETRIC_REPRESENTATION_CONTEXT(2) 
PARAMETRIC_REPRESENTATION_CONTEXT() REPRESENTATION_CONTEXT('2D SPACE',''
  ) );
#2942 = ORIENTED_EDGE('',*,*,#905,.T.);
#2943 = ORIENTED_EDGE('',*,*,#2922,.T.);
#2944 = ADVANCED_FACE('',(#2945),#956,.T.);
#2945 = FACE_BOUND('',#2946,.T.);
#2946 = EDGE_LOOP('',(#2947,#2976,#2997,#2998));
#2947 = ORIENTED_EDGE('',*,*,#2948,.F.);
#2948 = EDGE_CURVE('',#2949,#2949,#2951,.T.);
#2949 = VERTEX_POINT('',#2950);
#2950 = CARTESIAN_POINT('',(-21.66,1.42,11.98));
#2951 = SURFACE_CURVE('',#2952,(#2957,#2964),.PCURVE_S1.);
#2952 = CIRCLE('',#2953,0.5);
#2953 = AXIS2_PLACEMENT_3D('',#2954,#2955,#2956);
#2954 = CARTESIAN_POINT('',(-22.16,1.42,11.98));
#2955 = DIRECTION('',(0.,0.,1.));
#2956 = DIRECTION('',(1.,0.,-0.));
#2957 = PCURVE('',#956,#2958);
#2958 = DEFINITIONAL_REPRESENTATION('',(#2959),#2963);
#2959 = LINE('',#2960,#2961);
#2960 = CARTESIAN_POINT('',(0.,0.45));
#2961 = VECTOR('',#2962,1.);
#2962 = DIRECTION('',(1.,0.));
#2963 = ( GEOMETRIC_REPRESENTATION_CONTEXT(2) 
PARAMETRIC_REPRESENTATION_CONTEXT() REPRESENTATION_CONTEXT('2D SPACE',''
  ) );
#2964 = PCURVE('',#2965,#2970);
#2965 = PLANE('',#2966);
#2966 = AXIS2_PLACEMENT_3D('',#2967,#2968,#2969);
#2967 = CARTESIAN_POINT('',(-22.16,1.42,11.98));
#2968 = DIRECTION('',(0.,0.,1.));
#2969 = DIRECTION('',(1.,0.,-0.));
#2970 = DEFINITIONAL_REPRESENTATION('',(#2971),#2975);
#2971 = CIRCLE('',#2972,0.5);
#2972 = AXIS2_PLACEMENT_2D('',#2973,#2974);
#2973 = CARTESIAN_POINT('',(0.,0.));
#2974 = DIRECTION('',(1.,0.));
#2975 = ( GEOMETRIC_REPRESENTATION_CONTEXT(2) 
PARAMETRIC_REPRESENTATION_CONTEXT() REPRESENTATION_CONTEXT('2D SPACE',''
  ) );
#2976 = ORIENTED_EDGE('',*,*,#2977,.F.);
#2977 = EDGE_CURVE('',#940,#2949,#2978,.T.);
#2978 = SEAM_CURVE('',#2979,(#2983,#2990),.PCURVE_S1.);
#2979 = LINE('',#2980,#2981);
#2980 = CARTESIAN_POINT('',(-21.66,1.42,11.53));
#2981 = VECTOR('',#2982,1.);
#2982 = DIRECTION('',(0.,0.,1.));
#2983 = PCURVE('',#956,#2984);
#2984 = DEFINITIONAL_REPRESENTATION('',(#2985),#2989);
#2985 = LINE('',#2986,#2987);
#2986 = CARTESIAN_POINT('',(6.28318530718,-0.));
#2987 = VECTOR('',#2988,1.);
#2988 = DIRECTION('',(0.,1.));
#2989 = ( GEOMETRIC_REPRESENTATION_CONTEXT(2) 
PARAMETRIC_REPRESENTATION_CONTEXT() REPRESENTATION_CONTEXT('2D SPACE',''
  ) );
#2990 = PCURVE('',#956,#2991);
#2991 = DEFINITIONAL_REPRESENTATION('',(#2992),#2996);
#2992 = LINE('',#2993,#2994);
#2993 = CARTESIAN_POINT('',(0.,-0.));
#2994 = VECTOR('',#2995,1.);
#2995 = DIRECTION('',(0.,1.));
#2996 = ( GEOMETRIC_REPRESENTATION_CONTEXT(2) 
PARAMETRIC_REPRESENTATION_CONTEXT() REPRESENTATION_CONTEXT('2D SPACE',''
  ) );
#2997 = ORIENTED_EDGE('',*,*,#939,.T.);
#2998 = ORIENTED_EDGE('',*,*,#2977,.T.);
#2999 = ADVANCED_FACE('',(#3000),#987,.T.);
#3000 = FACE_BOUND('',#3001,.T.);
#3001 = EDGE_LOOP('',(#3002,#3031,#3052,#3053));
#3002 = ORIENTED_EDGE('',*,*,#3003,.F.);
#3003 = EDGE_CURVE('',#3004,#3004,#3006,.T.);
#3004 = VERTEX_POINT('',#3005);
#3005 = CARTESIAN_POINT('',(-18.89,1.42,11.98));
#3006 = SURFACE_CURVE('',#3007,(#3012,#3019),.PCURVE_S1.);
#3007 = CIRCLE('',#3008,0.5);
#3008 = AXIS2_PLACEMENT_3D('',#3009,#3010,#3011);
#3009 = CARTESIAN_POINT('',(-19.39,1.42,11.98));
#3010 = DIRECTION('',(0.,0.,1.));
#3011 = DIRECTION('',(1.,0.,-0.));
#3012 = PCURVE('',#987,#3013);
#3013 = DEFINITIONAL_REPRESENTATION('',(#3014),#3018);
#3014 = LINE('',#3015,#3016);
#3015 = CARTESIAN_POINT('',(0.,0.45));
#3016 = VECTOR('',#3017,1.);
#3017 = DIRECTION('',(1.,0.));
#3018 = ( GEOMETRIC_REPRESENTATION_CONTEXT(2) 
PARAMETRIC_REPRESENTATION_CONTEXT() REPRESENTATION_CONTEXT('2D SPACE',''
  ) );
#3019 = PCURVE('',#3020,#3025);
#3020 = PLANE('',#3021);
#3021 = AXIS2_PLACEMENT_3D('',#3022,#3023,#3024);
#3022 = CARTESIAN_POINT('',(-19.39,1.42,11.98));
#3023 = DIRECTION('',(0.,0.,1.));
#3024 = DIRECTION('',(1.,0.,-0.));
#3025 = DEFINITIONAL_REPRESENTATION('',(#3026),#3030);
#3026 = CIRCLE('',#3027,0.5);
#3027 = AXIS2_PLACEMENT_2D('',#3028,#3029);
#3028 = CARTESIAN_POINT('',(0.,0.));
#3029 = DIRECTION('',(1.,0.));
#3030 = ( GEOMETRIC_REPRESENTATION_CONTEXT(2) 
PARAMETRIC_REPRESENTATION_CONTEXT() REPRESENTATION_CONTEXT('2D SPACE',''
  ) );
#3031 = ORIENTED_EDGE('',*,*,#3032,.F.);
#3032 = EDGE_CURVE('',#971,#3004,#3033,.T.);
#3033 = SEAM_CURVE('',#3034,(#3038,#3045),.PCURVE_S1.);
#3034 = LINE('',#3035,#3036);
#3035 = CARTESIAN_POINT('',(-18.89,1.42,11.53));
#3036 = VECTOR('',#3037,1.);
#3037 = DIRECTION('',(0.,0.,1.));
#3038 = PCURVE('',#987,#3039);
#3039 = DEFINITIONAL_REPRESENTATION('',(#3040),#3044);
#3040 = LINE('',#3041,#3042);
#3041 = CARTESIAN_POINT('',(6.28318530718,-0.));
#3042 = VECTOR('',#3043,1.);
#3043 = DIRECTION('',(0.,1.));
#3044 = ( GEOMETRIC_REPRESENTATION_CONTEXT(2) 
PARAMETRIC_REPRESENTATION_CONTEXT() REPRESENTATION_CONTEXT('2D SPACE',''
  ) );
#3045 = PCURVE('',#987,#3046);
#3046 = DEFINITIONAL_REPRESENTATION('',(#3047),#3051);
#3047 = LINE('',#3048,#3049);
#3048 = CARTESIAN_POINT('',(0.,-0.));
#3049 = VECTOR('',#3050,1.);
#3050 = DIRECTION('',(0.,1.));
#3051 = ( GEOMETRIC_REPRESENTATION_CONTEXT(2) 
PARAMETRIC_REPRESENTATION_CONTEXT() REPRESENTATION_CONTEXT('2D SPACE',''
  ) );
#3052 = ORIENTED_EDGE('',*,*,#970,.T.);
#3053 = ORIENTED_EDGE('',*,*,#3032,.T.);
#3054 = ADVANCED_FACE('',(#3055),#1018,.T.);
#3055 = FACE_BOUND('',#3056,.T.);
#3056 = EDGE_LOOP('',(#3057,#3086,#3107,#3108));
#3057 = ORIENTED_EDGE('',*,*,#3058,.F.);
#3058 = EDGE_CURVE('',#3059,#3059,#3061,.T.);
#3059 = VERTEX_POINT('',#3060);
#3060 = CARTESIAN_POINT('',(-16.12,1.42,11.98));
#3061 = SURFACE_CURVE('',#3062,(#3067,#3074),.PCURVE_S1.);
#3062 = CIRCLE('',#3063,0.5);
#3063 = AXIS2_PLACEMENT_3D('',#3064,#3065,#3066);
#3064 = CARTESIAN_POINT('',(-16.62,1.42,11.98));
#3065 = DIRECTION('',(0.,0.,1.));
#3066 = DIRECTION('',(1.,0.,-0.));
#3067 = PCURVE('',#1018,#3068);
#3068 = DEFINITIONAL_REPRESENTATION('',(#3069),#3073);
#3069 = LINE('',#3070,#3071);
#3070 = CARTESIAN_POINT('',(0.,0.45));
#3071 = VECTOR('',#3072,1.);
#3072 = DIRECTION('',(1.,0.));
#3073 = ( GEOMETRIC_REPRESENTATION_CONTEXT(2) 
PARAMETRIC_REPRESENTATION_CONTEXT() REPRESENTATION_CONTEXT('2D SPACE',''
  ) );
#3074 = PCURVE('',#3075,#3080);
#3075 = PLANE('',#3076);
#3076 = AXIS2_PLACEMENT_3D('',#3077,#3078,#3079);
#3077 = CARTESIAN_POINT('',(-16.62,1.42,11.98));
#3078 = DIRECTION('',(0.,0.,1.));
#3079 = DIRECTION('',(1.,0.,-0.));
#3080 = DEFINITIONAL_REPRESENTATION('',(#3081),#3085);
#3081 = CIRCLE('',#3082,0.5);
#3082 = AXIS2_PLACEMENT_2D('',#3083,#3084);
#3083 = CARTESIAN_POINT('',(0.,0.));
#3084 = DIRECTION('',(1.,0.));
#3085 = ( GEOMETRIC_REPRESENTATION_CONTEXT(2) 
PARAMETRIC_REPRESENTATION_CONTEXT() REPRESENTATION_CONTEXT('2D SPACE',''
  ) );
#3086 = ORIENTED_EDGE('',*,*,#3087,.F.);
#3087 = EDGE_CURVE('',#1002,#3059,#3088,.T.);
#3088 = SEAM_CURVE('',#3089,(#3093,#3100),.PCURVE_S1.);
#3089 = LINE('',#3090,#3091);
#3090 = CARTESIAN_POINT('',(-16.12,1.42,11.53));
#3091 = VECTOR('',#3092,1.);
#3092 = DIRECTION('',(0.,0.,1.));
#3093 = PCURVE('',#1018,#3094);
#3094 = DEFINITIONAL_REPRESENTATION('',(#3095),#3099);
#3095 = LINE('',#3096,#3097);
#3096 = CARTESIAN_POINT('',(6.28318530718,-0.));
#3097 = VECTOR('',#3098,1.);
#3098 = DIRECTION('',(0.,1.));
#3099 = ( GEOMETRIC_REPRESENTATION_CONTEXT(2) 
PARAMETRIC_REPRESENTATION_CONTEXT() REPRESENTATION_CONTEXT('2D SPACE',''
  ) );
#3100 = PCURVE('',#1018,#3101);
#3101 = DEFINITIONAL_REPRESENTATION('',(#3102),#3106);
#3102 = LINE('',#3103,#3104);
#3103 = CARTESIAN_POINT('',(0.,-0.));
#3104 = VECTOR('',#3105,1.);
#3105 = DIRECTION('',(0.,1.));
#3106 = ( GEOMETRIC_REPRESENTATION_CONTEXT(2) 
PARAMETRIC_REPRESENTATION_CONTEXT() REPRESENTATION_CONTEXT('2D SPACE',''
  ) );
#3107 = ORIENTED_EDGE('',*,*,#1001,.T.);
#3108 = ORIENTED_EDGE('',*,*,#3087,.T.);
#3109 = ADVANCED_FACE('',(#3110),#1049,.T.);
#3110 = FACE_BOUND('',#3111,.T.);
#3111 = EDGE_LOOP('',(#3112,#3141,#3162,#3163));
#3112 = ORIENTED_EDGE('',*,*,#3113,.F.);
#3113 = EDGE_CURVE('',#3114,#3114,#3116,.T.);
#3114 = VERTEX_POINT('',#3115);
#3115 = CARTESIAN_POINT('',(-13.35,1.42,11.98));
#3116 = SURFACE_CURVE('',#3117,(#3122,#3129),.PCURVE_S1.);
#3117 = CIRCLE('',#3118,0.5);
#3118 = AXIS2_PLACEMENT_3D('',#3119,#3120,#3121);
#3119 = CARTESIAN_POINT('',(-13.85,1.42,11.98));
#3120 = DIRECTION('',(0.,0.,1.));
#3121 = DIRECTION('',(1.,0.,-0.));
#3122 = PCURVE('',#1049,#3123);
#3123 = DEFINITIONAL_REPRESENTATION('',(#3124),#3128);
#3124 = LINE('',#3125,#3126);
#3125 = CARTESIAN_POINT('',(0.,0.45));
#3126 = VECTOR('',#3127,1.);
#3127 = DIRECTION('',(1.,0.));
#3128 = ( GEOMETRIC_REPRESENTATION_CONTEXT(2) 
PARAMETRIC_REPRESENTATION_CONTEXT() REPRESENTATION_CONTEXT('2D SPACE',''
  ) );
#3129 = PCURVE('',#3130,#3135);
#3130 = PLANE('',#3131);
#3131 = AXIS2_PLACEMENT_3D('',#3132,#3133,#3134);
#3132 = CARTESIAN_POINT('',(-13.85,1.42,11.98));
#3133 = DIRECTION('',(0.,0.,1.));
#3134 = DIRECTION('',(1.,0.,-0.));
#3135 = DEFINITIONAL_REPRESENTATION('',(#3136),#3140);
#3136 = CIRCLE('',#3137,0.5);
#3137 = AXIS2_PLACEMENT_2D('',#3138,#3139);
#3138 = CARTESIAN_POINT('',(0.,0.));
#3139 = DIRECTION('',(1.,0.));
#3140 = ( GEOMETRIC_REPRESENTATION_CONTEXT(2) 
PARAMETRIC_REPRESENTATION_CONTEXT() REPRESENTATION_CONTEXT('2D SPACE',''
  ) );
#3141 = ORIENTED_EDGE('',*,*,#3142,.F.);
#3142 = EDGE_CURVE('',#1033,#3114,#3143,.T.);
#3143 = SEAM_CURVE('',#3144,(#3148,#3155),.PCURVE_S1.);
#3144 = LINE('',#3145,#3146);
#3145 = CARTESIAN_POINT('',(-13.35,1.42,11.53));
#3146 = VECTOR('',#3147,1.);
#3147 = DIRECTION('',(0.,0.,1.));
#3148 = PCURVE('',#1049,#3149);
#3149 = DEFINITIONAL_REPRESENTATION('',(#3150),#3154);
#3150 = LINE('',#3151,#3152);
#3151 = CARTESIAN_POINT('',(6.28318530718,-0.));
#3152 = VECTOR('',#3153,1.);
#3153 = DIRECTION('',(0.,1.));
#3154 = ( GEOMETRIC_REPRESENTATION_CONTEXT(2) 
PARAMETRIC_REPRESENTATION_CONTEXT() REPRESENTATION_CONTEXT('2D SPACE',''
  ) );
#3155 = PCURVE('',#1049,#3156);
#3156 = DEFINITIONAL_REPRESENTATION('',(#3157),#3161);
#3157 = LINE('',#3158,#3159);
#3158 = CARTESIAN_POINT('',(0.,-0.));
#3159 = VECTOR('',#3160,1.);
#3160 = DIRECTION('',(0.,1.));
#3161 = ( GEOMETRIC_REPRESENTATION_CONTEXT(2) 
PARAMETRIC_REPRESENTATION_CONTEXT() REPRESENTATION_CONTEXT('2D SPACE',''
  ) );
#3162 = ORIENTED_EDGE('',*,*,#1032,.T.);
#3163 = ORIENTED_EDGE('',*,*,#3142,.T.);
#3164 = ADVANCED_FACE('',(#3165),#1080,.T.);
#3165 = FACE_BOUND('',#3166,.T.);
#3166 = EDGE_LOOP('',(#3167,#3196,#3217,#3218));
#3167 = ORIENTED_EDGE('',*,*,#3168,.F.);
#3168 = EDGE_CURVE('',#3169,#3169,#3171,.T.);
#3169 = VERTEX_POINT('',#3170);
#3170 = CARTESIAN_POINT('',(-10.58,1.42,11.98));
#3171 = SURFACE_CURVE('',#3172,(#3177,#3184),.PCURVE_S1.);
#3172 = CIRCLE('',#3173,0.5);
#3173 = AXIS2_PLACEMENT_3D('',#3174,#3175,#3176);
#3174 = CARTESIAN_POINT('',(-11.08,1.42,11.98));
#3175 = DIRECTION('',(0.,0.,1.));
#3176 = DIRECTION('',(1.,0.,-0.));
#3177 = PCURVE('',#1080,#3178);
#3178 = DEFINITIONAL_REPRESENTATION('',(#3179),#3183);
#3179 = LINE('',#3180,#3181);
#3180 = CARTESIAN_POINT('',(0.,0.45));
#3181 = VECTOR('',#3182,1.);
#3182 = DIRECTION('',(1.,0.));
#3183 = ( GEOMETRIC_REPRESENTATION_CONTEXT(2) 
PARAMETRIC_REPRESENTATION_CONTEXT() REPRESENTATION_CONTEXT('2D SPACE',''
  ) );
#3184 = PCURVE('',#3185,#3190);
#3185 = PLANE('',#3186);
#3186 = AXIS2_PLACEMENT_3D('',#3187,#3188,#3189);
#3187 = CARTESIAN_POINT('',(-11.08,1.42,11.98));
#3188 = DIRECTION('',(0.,0.,1.));
#3189 = DIRECTION('',(1.,0.,-0.));
#3190 = DEFINITIONAL_REPRESENTATION('',(#3191),#3195);
#3191 = CIRCLE('',#3192,0.5);
#3192 = AXIS2_PLACEMENT_2D('',#3193,#3194);
#3193 = CARTESIAN_POINT('',(0.,0.));
#3194 = DIRECTION('',(1.,0.));
#3195 = ( GEOMETRIC_REPRESENTATION_CONTEXT(2) 
PARAMETRIC_REPRESENTATION_CONTEXT() REPRESENTATION_CONTEXT('2D SPACE',''
  ) );
#3196 = ORIENTED_EDGE('',*,*,#3197,.F.);
#3197 = EDGE_CURVE('',#1064,#3169,#3198,.T.);
#3198 = SEAM_CURVE('',#3199,(#3203,#3210),.PCURVE_S1.);
#3199 = LINE('',#3200,#3201);
#3200 = CARTESIAN_POINT('',(-10.58,1.42,11.53));
#3201 = VECTOR('',#3202,1.);
#3202 = DIRECTION('',(0.,0.,1.));
#3203 = PCURVE('',#1080,#3204);
#3204 = DEFINITIONAL_REPRESENTATION('',(#3205),#3209);
#3205 = LINE('',#3206,#3207);
#3206 = CARTESIAN_POINT('',(6.28318530718,-0.));
#3207 = VECTOR('',#3208,1.);
#3208 = DIRECTION('',(0.,1.));
#3209 = ( GEOMETRIC_REPRESENTATION_CONTEXT(2) 
PARAMETRIC_REPRESENTATION_CONTEXT() REPRESENTATION_CONTEXT('2D SPACE',''
  ) );
#3210 = PCURVE('',#1080,#3211);
#3211 = DEFINITIONAL_REPRESENTATION('',(#3212),#3216);
#3212 = LINE('',#3213,#3214);
#3213 = CARTESIAN_POINT('',(0.,-0.));
#3214 = VECTOR('',#3215,1.);
#3215 = DIRECTION('',(0.,1.));
#3216 = ( GEOMETRIC_REPRESENTATION_CONTEXT(2) 
PARAMETRIC_REPRESENTATION_CONTEXT() REPRESENTATION_CONTEXT('2D SPACE',''
  ) );
#3217 = ORIENTED_EDGE('',*,*,#1063,.T.);
#3218 = ORIENTED_EDGE('',*,*,#3197,.T.);
#3219 = ADVANCED_FACE('',(#3220),#1111,.T.);
#3220 = FACE_BOUND('',#3221,.T.);
#3221 = EDGE_LOOP('',(#3222,#3251,#3272,#3273));
#3222 = ORIENTED_EDGE('',*,*,#3223,.F.);
#3223 = EDGE_CURVE('',#3224,#3224,#3226,.T.);
#3224 = VERTEX_POINT('',#3225);
#3225 = CARTESIAN_POINT('',(-7.81,1.42,11.98));
#3226 = SURFACE_CURVE('',#3227,(#3232,#3239),.PCURVE_S1.);
#3227 = CIRCLE('',#3228,0.5);
#3228 = AXIS2_PLACEMENT_3D('',#3229,#3230,#3231);
#3229 = CARTESIAN_POINT('',(-8.31,1.42,11.98));
#3230 = DIRECTION('',(0.,0.,1.));
#3231 = DIRECTION('',(1.,0.,-0.));
#3232 = PCURVE('',#1111,#3233);
#3233 = DEFINITIONAL_REPRESENTATION('',(#3234),#3238);
#3234 = LINE('',#3235,#3236);
#3235 = CARTESIAN_POINT('',(0.,0.45));
#3236 = VECTOR('',#3237,1.);
#3237 = DIRECTION('',(1.,0.));
#3238 = ( GEOMETRIC_REPRESENTATION_CONTEXT(2) 
PARAMETRIC_REPRESENTATION_CONTEXT() REPRESENTATION_CONTEXT('2D SPACE',''
  ) );
#3239 = PCURVE('',#3240,#3245);
#3240 = PLANE('',#3241);
#3241 = AXIS2_PLACEMENT_3D('',#3242,#3243,#3244);
#3242 = CARTESIAN_POINT('',(-8.31,1.42,11.98));
#3243 = DIRECTION('',(0.,0.,1.));
#3244 = DIRECTION('',(1.,0.,-0.));
#3245 = DEFINITIONAL_REPRESENTATION('',(#3246),#3250);
#3246 = CIRCLE('',#3247,0.5);
#3247 = AXIS2_PLACEMENT_2D('',#3248,#3249);
#3248 = CARTESIAN_POINT('',(0.,0.));
#3249 = DIRECTION('',(1.,0.));
#3250 = ( GEOMETRIC_REPRESENTATION_CONTEXT(2) 
PARAMETRIC_REPRESENTATION_CONTEXT() REPRESENTATION_CONTEXT('2D SPACE',''
  ) );
#3251 = ORIENTED_EDGE('',*,*,#3252,.F.);
#3252 = EDGE_CURVE('',#1095,#3224,#3253,.T.);
#3253 = SEAM_CURVE('',#3254,(#3258,#3265),.PCURVE_S1.);
#3254 = LINE('',#3255,#3256);
#3255 = CARTESIAN_POINT('',(-7.81,1.42,11.53));
#3256 = VECTOR('',#3257,1.);
#3257 = DIRECTION('',(0.,0.,1.));
#3258 = PCURVE('',#1111,#3259);
#3259 = DEFINITIONAL_REPRESENTATION('',(#3260),#3264);
#3260 = LINE('',#3261,#3262);
#3261 = CARTESIAN_POINT('',(6.28318530718,-0.));
#3262 = VECTOR('',#3263,1.);
#3263 = DIRECTION('',(0.,1.));
#3264 = ( GEOMETRIC_REPRESENTATION_CONTEXT(2) 
PARAMETRIC_REPRESENTATION_CONTEXT() REPRESENTATION_CONTEXT('2D SPACE',''
  ) );
#3265 = PCURVE('',#1111,#3266);
#3266 = DEFINITIONAL_REPRESENTATION('',(#3267),#3271);
#3267 = LINE('',#3268,#3269);
#3268 = CARTESIAN_POINT('',(0.,-0.));
#3269 = VECTOR('',#3270,1.);
#3270 = DIRECTION('',(0.,1.));
#3271 = ( GEOMETRIC_REPRESENTATION_CONTEXT(2) 
PARAMETRIC_REPRESENTATION_CONTEXT() REPRESENTATION_CONTEXT('2D SPACE',''
  ) );
#3272 = ORIENTED_EDGE('',*,*,#1094,.T.);
#3273 = ORIENTED_EDGE('',*,*,#3252,.T.);
#3274 = ADVANCED_FACE('',(#3275),#1142,.T.);
#3275 = FACE_BOUND('',#3276,.T.);
#3276 = EDGE_LOOP('',(#3277,#3306,#3327,#3328));
#3277 = ORIENTED_EDGE('',*,*,#3278,.F.);
#3278 = EDGE_CURVE('',#3279,#3279,#3281,.T.);
#3279 = VERTEX_POINT('',#3280);
#3280 = CARTESIAN_POINT('',(-5.04,1.42,11.98));
#3281 = SURFACE_CURVE('',#3282,(#3287,#3294),.PCURVE_S1.);
#3282 = CIRCLE('',#3283,0.5);
#3283 = AXIS2_PLACEMENT_3D('',#3284,#3285,#3286);
#3284 = CARTESIAN_POINT('',(-5.54,1.42,11.98));
#3285 = DIRECTION('',(0.,0.,1.));
#3286 = DIRECTION('',(1.,0.,-0.));
#3287 = PCURVE('',#1142,#3288);
#3288 = DEFINITIONAL_REPRESENTATION('',(#3289),#3293);
#3289 = LINE('',#3290,#3291);
#3290 = CARTESIAN_POINT('',(0.,0.45));
#3291 = VECTOR('',#3292,1.);
#3292 = DIRECTION('',(1.,0.));
#3293 = ( GEOMETRIC_REPRESENTATION_CONTEXT(2) 
PARAMETRIC_REPRESENTATION_CONTEXT() REPRESENTATION_CONTEXT('2D SPACE',''
  ) );
#3294 = PCURVE('',#3295,#3300);
#3295 = PLANE('',#3296);
#3296 = AXIS2_PLACEMENT_3D('',#3297,#3298,#3299);
#3297 = CARTESIAN_POINT('',(-5.54,1.42,11.98));
#3298 = DIRECTION('',(0.,0.,1.));
#3299 = DIRECTION('',(1.,0.,-0.));
#3300 = DEFINITIONAL_REPRESENTATION('',(#3301),#3305);
#3301 = CIRCLE('',#3302,0.5);
#3302 = AXIS2_PLACEMENT_2D('',#3303,#3304);
#3303 = CARTESIAN_POINT('',(0.,0.));
#3304 = DIRECTION('',(1.,0.));
#3305 = ( GEOMETRIC_REPRESENTATION_CONTEXT(2) 
PARAMETRIC_REPRESENTATION_CONTEXT() REPRESENTATION_CONTEXT('2D SPACE',''
  ) );
#3306 = ORIENTED_EDGE('',*,*,#3307,.F.);
#3307 = EDGE_CURVE('',#1126,#3279,#3308,.T.);
#3308 = SEAM_CURVE('',#3309,(#3313,#3320),.PCURVE_S1.);
#3309 = LINE('',#3310,#3311);
#3310 = CARTESIAN_POINT('',(-5.04,1.42,11.53));
#3311 = VECTOR('',#3312,1.);
#3312 = DIRECTION('',(0.,0.,1.));
#3313 = PCURVE('',#1142,#3314);
#3314 = DEFINITIONAL_REPRESENTATION('',(#3315),#3319);
#3315 = LINE('',#3316,#3317);
#3316 = CARTESIAN_POINT('',(6.28318530718,-0.));
#3317 = VECTOR('',#3318,1.);
#3318 = DIRECTION('',(0.,1.));
#3319 = ( GEOMETRIC_REPRESENTATION_CONTEXT(2) 
PARAMETRIC_REPRESENTATION_CONTEXT() REPRESENTATION_CONTEXT('2D SPACE',''
  ) );
#3320 = PCURVE('',#1142,#3321);
#3321 = DEFINITIONAL_REPRESENTATION('',(#3322),#3326);
#3322 = LINE('',#3323,#3324);
#3323 = CARTESIAN_POINT('',(0.,-0.));
#3324 = VECTOR('',#3325,1.);
#3325 = DIRECTION('',(0.,1.));
#3326 = ( GEOMETRIC_REPRESENTATION_CONTEXT(2) 
PARAMETRIC_REPRESENTATION_CONTEXT() REPRESENTATION_CONTEXT('2D SPACE',''
  ) );
#3327 = ORIENTED_EDGE('',*,*,#1125,.T.);
#3328 = ORIENTED_EDGE('',*,*,#3307,.T.);
#3329 = ADVANCED_FACE('',(#3330),#1173,.T.);
#3330 = FACE_BOUND('',#3331,.T.);
#3331 = EDGE_LOOP('',(#3332,#3361,#3382,#3383));
#3332 = ORIENTED_EDGE('',*,*,#3333,.F.);
#3333 = EDGE_CURVE('',#3334,#3334,#3336,.T.);
#3334 = VERTEX_POINT('',#3335);
#3335 = CARTESIAN_POINT('',(-2.27,1.42,11.98));
#3336 = SURFACE_CURVE('',#3337,(#3342,#3349),.PCURVE_S1.);
#3337 = CIRCLE('',#3338,0.5);
#3338 = AXIS2_PLACEMENT_3D('',#3339,#3340,#3341);
#3339 = CARTESIAN_POINT('',(-2.77,1.42,11.98));
#3340 = DIRECTION('',(0.,0.,1.));
#3341 = DIRECTION('',(1.,0.,-0.));
#3342 = PCURVE('',#1173,#3343);
#3343 = DEFINITIONAL_REPRESENTATION('',(#3344),#3348);
#3344 = LINE('',#3345,#3346);
#3345 = CARTESIAN_POINT('',(0.,0.45));
#3346 = VECTOR('',#3347,1.);
#3347 = DIRECTION('',(1.,0.));
#3348 = ( GEOMETRIC_REPRESENTATION_CONTEXT(2) 
PARAMETRIC_REPRESENTATION_CONTEXT() REPRESENTATION_CONTEXT('2D SPACE',''
  ) );
#3349 = PCURVE('',#3350,#3355);
#3350 = PLANE('',#3351);
#3351 = AXIS2_PLACEMENT_3D('',#3352,#3353,#3354);
#3352 = CARTESIAN_POINT('',(-2.77,1.42,11.98));
#3353 = DIRECTION('',(0.,0.,1.));
#3354 = DIRECTION('',(1.,0.,-0.));
#3355 = DEFINITIONAL_REPRESENTATION('',(#3356),#3360);
#3356 = CIRCLE('',#3357,0.5);
#3357 = AXIS2_PLACEMENT_2D('',#3358,#3359);
#3358 = CARTESIAN_POINT('',(0.,0.));
#3359 = DIRECTION('',(1.,0.));
#3360 = ( GEOMETRIC_REPRESENTATION_CONTEXT(2) 
PARAMETRIC_REPRESENTATION_CONTEXT() REPRESENTATION_CONTEXT('2D SPACE',''
  ) );
#3361 = ORIENTED_EDGE('',*,*,#3362,.F.);
#3362 = EDGE_CURVE('',#1157,#3334,#3363,.T.);
#3363 = SEAM_CURVE('',#3364,(#3368,#3375),.PCURVE_S1.);
#3364 = LINE('',#3365,#3366);
#3365 = CARTESIAN_POINT('',(-2.27,1.42,11.53));
#3366 = VECTOR('',#3367,1.);
#3367 = DIRECTION('',(0.,0.,1.));
#3368 = PCURVE('',#1173,#3369);
#3369 = DEFINITIONAL_REPRESENTATION('',(#3370),#3374);
#3370 = LINE('',#3371,#3372);
#3371 = CARTESIAN_POINT('',(6.28318530718,-0.));
#3372 = VECTOR('',#3373,1.);
#3373 = DIRECTION('',(0.,1.));
#3374 = ( GEOMETRIC_REPRESENTATION_CONTEXT(2) 
PARAMETRIC_REPRESENTATION_CONTEXT() REPRESENTATION_CONTEXT('2D SPACE',''
  ) );
#3375 = PCURVE('',#1173,#3376);
#3376 = DEFINITIONAL_REPRESENTATION('',(#3377),#3381);
#3377 = LINE('',#3378,#3379);
#3378 = CARTESIAN_POINT('',(0.,-0.));
#3379 = VECTOR('',#3380,1.);
#3380 = DIRECTION('',(0.,1.));
#3381 = ( GEOMETRIC_REPRESENTATION_CONTEXT(2) 
PARAMETRIC_REPRESENTATION_CONTEXT() REPRESENTATION_CONTEXT('2D SPACE',''
  ) );
#3382 = ORIENTED_EDGE('',*,*,#1156,.T.);
#3383 = ORIENTED_EDGE('',*,*,#3362,.T.);
#3384 = ADVANCED_FACE('',(#3385),#1204,.T.);
#3385 = FACE_BOUND('',#3386,.T.);
#3386 = EDGE_LOOP('',(#3387,#3416,#3437,#3438));
#3387 = ORIENTED_EDGE('',*,*,#3388,.F.);
#3388 = EDGE_CURVE('',#3389,#3389,#3391,.T.);
#3389 = VERTEX_POINT('',#3390);
#3390 = CARTESIAN_POINT('',(0.5,1.42,11.98));
#3391 = SURFACE_CURVE('',#3392,(#3397,#3404),.PCURVE_S1.);
#3392 = CIRCLE('',#3393,0.5);
#3393 = AXIS2_PLACEMENT_3D('',#3394,#3395,#3396);
#3394 = CARTESIAN_POINT('',(0.,1.42,11.98));
#3395 = DIRECTION('',(0.,0.,1.));
#3396 = DIRECTION('',(1.,0.,-0.));
#3397 = PCURVE('',#1204,#3398);
#3398 = DEFINITIONAL_REPRESENTATION('',(#3399),#3403);
#3399 = LINE('',#3400,#3401);
#3400 = CARTESIAN_POINT('',(0.,0.45));
#3401 = VECTOR('',#3402,1.);
#3402 = DIRECTION('',(1.,0.));
#3403 = ( GEOMETRIC_REPRESENTATION_CONTEXT(2) 
PARAMETRIC_REPRESENTATION_CONTEXT() REPRESENTATION_CONTEXT('2D SPACE',''
  ) );
#3404 = PCURVE('',#3405,#3410);
#3405 = PLANE('',#3406);
#3406 = AXIS2_PLACEMENT_3D('',#3407,#3408,#3409);
#3407 = CARTESIAN_POINT('',(0.,1.42,11.98));
#3408 = DIRECTION('',(0.,0.,1.));
#3409 = DIRECTION('',(1.,0.,-0.));
#3410 = DEFINITIONAL_REPRESENTATION('',(#3411),#3415);
#3411 = CIRCLE('',#3412,0.5);
#3412 = AXIS2_PLACEMENT_2D('',#3413,#3414);
#3413 = CARTESIAN_POINT('',(0.,0.));
#3414 = DIRECTION('',(1.,0.));
#3415 = ( GEOMETRIC_REPRESENTATION_CONTEXT(2) 
PARAMETRIC_REPRESENTATION_CONTEXT() REPRESENTATION_CONTEXT('2D SPACE',''
  ) );
#3416 = ORIENTED_EDGE('',*,*,#3417,.F.);
#3417 = EDGE_CURVE('',#1188,#3389,#3418,.T.);
#3418 = SEAM_CURVE('',#3419,(#3423,#3430),.PCURVE_S1.);
#3419 = LINE('',#3420,#3421);
#3420 = CARTESIAN_POINT('',(0.5,1.42,11.53));
#3421 = VECTOR('',#3422,1.);
#3422 = DIRECTION('',(0.,0.,1.));
#3423 = PCURVE('',#1204,#3424);
#3424 = DEFINITIONAL_REPRESENTATION('',(#3425),#3429);
#3425 = LINE('',#3426,#3427);
#3426 = CARTESIAN_POINT('',(6.28318530718,-0.));
#3427 = VECTOR('',#3428,1.);
#3428 = DIRECTION('',(0.,1.));
#3429 = ( GEOMETRIC_REPRESENTATION_CONTEXT(2) 
PARAMETRIC_REPRESENTATION_CONTEXT() REPRESENTATION_CONTEXT('2D SPACE',''
  ) );
#3430 = PCURVE('',#1204,#3431);
#3431 = DEFINITIONAL_REPRESENTATION('',(#3432),#3436);
#3432 = LINE('',#3433,#3434);
#3433 = CARTESIAN_POINT('',(0.,-0.));
#3434 = VECTOR('',#3435,1.);
#3435 = DIRECTION('',(0.,1.));
#3436 = ( GEOMETRIC_REPRESENTATION_CONTEXT(2) 
PARAMETRIC_REPRESENTATION_CONTEXT() REPRESENTATION_CONTEXT('2D SPACE',''
  ) );
#3437 = ORIENTED_EDGE('',*,*,#1187,.T.);
#3438 = ORIENTED_EDGE('',*,*,#3417,.T.);
#3439 = ADVANCED_FACE('',(#3440),#1235,.T.);
#3440 = FACE_BOUND('',#3441,.T.);
#3441 = EDGE_LOOP('',(#3442,#3471,#3492,#3493));
#3442 = ORIENTED_EDGE('',*,*,#3443,.F.);
#3443 = EDGE_CURVE('',#3444,#3444,#3446,.T.);
#3444 = VERTEX_POINT('',#3445);
#3445 = CARTESIAN_POINT('',(3.27,1.42,11.98));
#3446 = SURFACE_CURVE('',#3447,(#3452,#3459),.PCURVE_S1.);
#3447 = CIRCLE('',#3448,0.5);
#3448 = AXIS2_PLACEMENT_3D('',#3449,#3450,#3451);
#3449 = CARTESIAN_POINT('',(2.77,1.42,11.98));
#3450 = DIRECTION('',(0.,0.,1.));
#3451 = DIRECTION('',(1.,0.,-0.));
#3452 = PCURVE('',#1235,#3453);
#3453 = DEFINITIONAL_REPRESENTATION('',(#3454),#3458);
#3454 = LINE('',#3455,#3456);
#3455 = CARTESIAN_POINT('',(0.,0.45));
#3456 = VECTOR('',#3457,1.);
#3457 = DIRECTION('',(1.,0.));
#3458 = ( GEOMETRIC_REPRESENTATION_CONTEXT(2) 
PARAMETRIC_REPRESENTATION_CONTEXT() REPRESENTATION_CONTEXT('2D SPACE',''
  ) );
#3459 = PCURVE('',#3460,#3465);
#3460 = PLANE('',#3461);
#3461 = AXIS2_PLACEMENT_3D('',#3462,#3463,#3464);
#3462 = CARTESIAN_POINT('',(2.77,1.42,11.98));
#3463 = DIRECTION('',(0.,0.,1.));
#3464 = DIRECTION('',(1.,0.,-0.));
#3465 = DEFINITIONAL_REPRESENTATION('',(#3466),#3470);
#3466 = CIRCLE('',#3467,0.5);
#3467 = AXIS2_PLACEMENT_2D('',#3468,#3469);
#3468 = CARTESIAN_POINT('',(0.,0.));
#3469 = DIRECTION('',(1.,0.));
#3470 = ( GEOMETRIC_REPRESENTATION_CONTEXT(2) 
PARAMETRIC_REPRESENTATION_CONTEXT() REPRESENTATION_CONTEXT('2D SPACE',''
  ) );
#3471 = ORIENTED_EDGE('',*,*,#3472,.F.);
#3472 = EDGE_CURVE('',#1219,#3444,#3473,.T.);
#3473 = SEAM_CURVE('',#3474,(#3478,#3485),.PCURVE_S1.);
#3474 = LINE('',#3475,#3476);
#3475 = CARTESIAN_POINT('',(3.27,1.42,11.53));
#3476 = VECTOR('',#3477,1.);
#3477 = DIRECTION('',(0.,0.,1.));
#3478 = PCURVE('',#1235,#3479);
#3479 = DEFINITIONAL_REPRESENTATION('',(#3480),#3484);
#3480 = LINE('',#3481,#3482);
#3481 = CARTESIAN_POINT('',(6.28318530718,-0.));
#3482 = VECTOR('',#3483,1.);
#3483 = DIRECTION('',(0.,1.));
#3484 = ( GEOMETRIC_REPRESENTATION_CONTEXT(2) 
PARAMETRIC_REPRESENTATION_CONTEXT() REPRESENTATION_CONTEXT('2D SPACE',''
  ) );
#3485 = PCURVE('',#1235,#3486);
#3486 = DEFINITIONAL_REPRESENTATION('',(#3487),#3491);
#3487 = LINE('',#3488,#3489);
#3488 = CARTESIAN_POINT('',(0.,-0.));
#3489 = VECTOR('',#3490,1.);
#3490 = DIRECTION('',(0.,1.));
#3491 = ( GEOMETRIC_REPRESENTATION_CONTEXT(2) 
PARAMETRIC_REPRESENTATION_CONTEXT() REPRESENTATION_CONTEXT('2D SPACE',''
  ) );
#3492 = ORIENTED_EDGE('',*,*,#1218,.T.);
#3493 = ORIENTED_EDGE('',*,*,#3472,.T.);
#3494 = ADVANCED_FACE('',(#3495),#1266,.T.);
#3495 = FACE_BOUND('',#3496,.T.);
#3496 = EDGE_LOOP('',(#3497,#3526,#3547,#3548));
#3497 = ORIENTED_EDGE('',*,*,#3498,.F.);
#3498 = EDGE_CURVE('',#3499,#3499,#3501,.T.);
#3499 = VERTEX_POINT('',#3500);
#3500 = CARTESIAN_POINT('',(6.04,1.42,11.98));
#3501 = SURFACE_CURVE('',#3502,(#3507,#3514),.PCURVE_S1.);
#3502 = CIRCLE('',#3503,0.5);
#3503 = AXIS2_PLACEMENT_3D('',#3504,#3505,#3506);
#3504 = CARTESIAN_POINT('',(5.54,1.42,11.98));
#3505 = DIRECTION('',(0.,0.,1.));
#3506 = DIRECTION('',(1.,0.,-0.));
#3507 = PCURVE('',#1266,#3508);
#3508 = DEFINITIONAL_REPRESENTATION('',(#3509),#3513);
#3509 = LINE('',#3510,#3511);
#3510 = CARTESIAN_POINT('',(0.,0.45));
#3511 = VECTOR('',#3512,1.);
#3512 = DIRECTION('',(1.,0.));
#3513 = ( GEOMETRIC_REPRESENTATION_CONTEXT(2) 
PARAMETRIC_REPRESENTATION_CONTEXT() REPRESENTATION_CONTEXT('2D SPACE',''
  ) );
#3514 = PCURVE('',#3515,#3520);
#3515 = PLANE('',#3516);
#3516 = AXIS2_PLACEMENT_3D('',#3517,#3518,#3519);
#3517 = CARTESIAN_POINT('',(5.54,1.42,11.98));
#3518 = DIRECTION('',(0.,0.,1.));
#3519 = DIRECTION('',(1.,0.,-0.));
#3520 = DEFINITIONAL_REPRESENTATION('',(#3521),#3525);
#3521 = CIRCLE('',#3522,0.5);
#3522 = AXIS2_PLACEMENT_2D('',#3523,#3524);
#3523 = CARTESIAN_POINT('',(0.,0.));
#3524 = DIRECTION('',(1.,0.));
#3525 = ( GEOMETRIC_REPRESENTATION_CONTEXT(2) 
PARAMETRIC_REPRESENTATION_CONTEXT() REPRESENTATION_CONTEXT('2D SPACE',''
  ) );
#3526 = ORIENTED_EDGE('',*,*,#3527,.F.);
#3527 = EDGE_CURVE('',#1250,#3499,#3528,.T.);
#3528 = SEAM_CURVE('',#3529,(#3533,#3540),.PCURVE_S1.);
#3529 = LINE('',#3530,#3531);
#3530 = CARTESIAN_POINT('',(6.04,1.42,11.53));
#3531 = VECTOR('',#3532,1.);
#3532 = DIRECTION('',(0.,0.,1.));
#3533 = PCURVE('',#1266,#3534);
#3534 = DEFINITIONAL_REPRESENTATION('',(#3535),#3539);
#3535 = LINE('',#3536,#3537);
#3536 = CARTESIAN_POINT('',(6.28318530718,-0.));
#3537 = VECTOR('',#3538,1.);
#3538 = DIRECTION('',(0.,1.));
#3539 = ( GEOMETRIC_REPRESENTATION_CONTEXT(2) 
PARAMETRIC_REPRESENTATION_CONTEXT() REPRESENTATION_CONTEXT('2D SPACE',''
  ) );
#3540 = PCURVE('',#1266,#3541);
#3541 = DEFINITIONAL_REPRESENTATION('',(#3542),#3546);
#3542 = LINE('',#3543,#3544);
#3543 = CARTESIAN_POINT('',(0.,-0.));
#3544 = VECTOR('',#3545,1.);
#3545 = DIRECTION('',(0.,1.));
#3546 = ( GEOMETRIC_REPRESENTATION_CONTEXT(2) 
PARAMETRIC_REPRESENTATION_CONTEXT() REPRESENTATION_CONTEXT('2D SPACE',''
  ) );
#3547 = ORIENTED_EDGE('',*,*,#1249,.T.);
#3548 = ORIENTED_EDGE('',*,*,#3527,.T.);
#3549 = ADVANCED_FACE('',(#3550),#1297,.T.);
#3550 = FACE_BOUND('',#3551,.T.);
#3551 = EDGE_LOOP('',(#3552,#3581,#3602,#3603));
#3552 = ORIENTED_EDGE('',*,*,#3553,.F.);
#3553 = EDGE_CURVE('',#3554,#3554,#3556,.T.);
#3554 = VERTEX_POINT('',#3555);
#3555 = CARTESIAN_POINT('',(8.81,1.42,11.98));
#3556 = SURFACE_CURVE('',#3557,(#3562,#3569),.PCURVE_S1.);
#3557 = CIRCLE('',#3558,0.5);
#3558 = AXIS2_PLACEMENT_3D('',#3559,#3560,#3561);
#3559 = CARTESIAN_POINT('',(8.31,1.42,11.98));
#3560 = DIRECTION('',(0.,0.,1.));
#3561 = DIRECTION('',(1.,0.,-0.));
#3562 = PCURVE('',#1297,#3563);
#3563 = DEFINITIONAL_REPRESENTATION('',(#3564),#3568);
#3564 = LINE('',#3565,#3566);
#3565 = CARTESIAN_POINT('',(0.,0.45));
#3566 = VECTOR('',#3567,1.);
#3567 = DIRECTION('',(1.,0.));
#3568 = ( GEOMETRIC_REPRESENTATION_CONTEXT(2) 
PARAMETRIC_REPRESENTATION_CONTEXT() REPRESENTATION_CONTEXT('2D SPACE',''
  ) );
#3569 = PCURVE('',#3570,#3575);
#3570 = PLANE('',#3571);
#3571 = AXIS2_PLACEMENT_3D('',#3572,#3573,#3574);
#3572 = CARTESIAN_POINT('',(8.31,1.42,11.98));
#3573 = DIRECTION('',(0.,0.,1.));
#3574 = DIRECTION('',(1.,0.,-0.));
#3575 = DEFINITIONAL_REPRESENTATION('',(#3576),#3580);
#3576 = CIRCLE('',#3577,0.5);
#3577 = AXIS2_PLACEMENT_2D('',#3578,#3579);
#3578 = CARTESIAN_POINT('',(0.,0.));
#3579 = DIRECTION('',(1.,0.));
#3580 = ( GEOMETRIC_REPRESENTATION_CONTEXT(2) 
PARAMETRIC_REPRESENTATION_CONTEXT() REPRESENTATION_CONTEXT('2D SPACE',''
  ) );
#3581 = ORIENTED_EDGE('',*,*,#3582,.F.);
#3582 = EDGE_CURVE('',#1281,#3554,#3583,.T.);
#3583 = SEAM_CURVE('',#3584,(#3588,#3595),.PCURVE_S1.);
#3584 = LINE('',#3585,#3586);
#3585 = CARTESIAN_POINT('',(8.81,1.42,11.53));
#3586 = VECTOR('',#3587,1.);
#3587 = DIRECTION('',(0.,0.,1.));
#3588 = PCURVE('',#1297,#3589);
#3589 = DEFINITIONAL_REPRESENTATION('',(#3590),#3594);
#3590 = LINE('',#3591,#3592);
#3591 = CARTESIAN_POINT('',(6.28318530718,-0.));
#3592 = VECTOR('',#3593,1.);
#3593 = DIRECTION('',(0.,1.));
#3594 = ( GEOMETRIC_REPRESENTATION_CONTEXT(2) 
PARAMETRIC_REPRESENTATION_CONTEXT() REPRESENTATION_CONTEXT('2D SPACE',''
  ) );
#3595 = PCURVE('',#1297,#3596);
#3596 = DEFINITIONAL_REPRESENTATION('',(#3597),#3601);
#3597 = LINE('',#3598,#3599);
#3598 = CARTESIAN_POINT('',(0.,-0.));
#3599 = VECTOR('',#3600,1.);
#3600 = DIRECTION('',(0.,1.));
#3601 = ( GEOMETRIC_REPRESENTATION_CONTEXT(2) 
PARAMETRIC_REPRESENTATION_CONTEXT() REPRESENTATION_CONTEXT('2D SPACE',''
  ) );
#3602 = ORIENTED_EDGE('',*,*,#1280,.T.);
#3603 = ORIENTED_EDGE('',*,*,#3582,.T.);
#3604 = ADVANCED_FACE('',(#3605),#1328,.T.);
#3605 = FACE_BOUND('',#3606,.T.);
#3606 = EDGE_LOOP('',(#3607,#3636,#3657,#3658));
#3607 = ORIENTED_EDGE('',*,*,#3608,.F.);
#3608 = EDGE_CURVE('',#3609,#3609,#3611,.T.);
#3609 = VERTEX_POINT('',#3610);
#3610 = CARTESIAN_POINT('',(11.58,1.42,11.98));
#3611 = SURFACE_CURVE('',#3612,(#3617,#3624),.PCURVE_S1.);
#3612 = CIRCLE('',#3613,0.5);
#3613 = AXIS2_PLACEMENT_3D('',#3614,#3615,#3616);
#3614 = CARTESIAN_POINT('',(11.08,1.42,11.98));
#3615 = DIRECTION('',(0.,0.,1.));
#3616 = DIRECTION('',(1.,0.,-0.));
#3617 = PCURVE('',#1328,#3618);
#3618 = DEFINITIONAL_REPRESENTATION('',(#3619),#3623);
#3619 = LINE('',#3620,#3621);
#3620 = CARTESIAN_POINT('',(0.,0.45));
#3621 = VECTOR('',#3622,1.);
#3622 = DIRECTION('',(1.,0.));
#3623 = ( GEOMETRIC_REPRESENTATION_CONTEXT(2) 
PARAMETRIC_REPRESENTATION_CONTEXT() REPRESENTATION_CONTEXT('2D SPACE',''
  ) );
#3624 = PCURVE('',#3625,#3630);
#3625 = PLANE('',#3626);
#3626 = AXIS2_PLACEMENT_3D('',#3627,#3628,#3629);
#3627 = CARTESIAN_POINT('',(11.08,1.42,11.98));
#3628 = DIRECTION('',(0.,0.,1.));
#3629 = DIRECTION('',(1.,0.,-0.));
#3630 = DEFINITIONAL_REPRESENTATION('',(#3631),#3635);
#3631 = CIRCLE('',#3632,0.5);
#3632 = AXIS2_PLACEMENT_2D('',#3633,#3634);
#3633 = CARTESIAN_POINT('',(0.,0.));
#3634 = DIRECTION('',(1.,0.));
#3635 = ( GEOMETRIC_REPRESENTATION_CONTEXT(2) 
PARAMETRIC_REPRESENTATION_CONTEXT() REPRESENTATION_CONTEXT('2D SPACE',''
  ) );
#3636 = ORIENTED_EDGE('',*,*,#3637,.F.);
#3637 = EDGE_CURVE('',#1312,#3609,#3638,.T.);
#3638 = SEAM_CURVE('',#3639,(#3643,#3650),.PCURVE_S1.);
#3639 = LINE('',#3640,#3641);
#3640 = CARTESIAN_POINT('',(11.58,1.42,11.53));
#3641 = VECTOR('',#3642,1.);
#3642 = DIRECTION('',(0.,0.,1.));
#3643 = PCURVE('',#1328,#3644);
#3644 = DEFINITIONAL_REPRESENTATION('',(#3645),#3649);
#3645 = LINE('',#3646,#3647);
#3646 = CARTESIAN_POINT('',(6.28318530718,-0.));
#3647 = VECTOR('',#3648,1.);
#3648 = DIRECTION('',(0.,1.));
#3649 = ( GEOMETRIC_REPRESENTATION_CONTEXT(2) 
PARAMETRIC_REPRESENTATION_CONTEXT() REPRESENTATION_CONTEXT('2D SPACE',''
  ) );
#3650 = PCURVE('',#1328,#3651);
#3651 = DEFINITIONAL_REPRESENTATION('',(#3652),#3656);
#3652 = LINE('',#3653,#3654);
#3653 = CARTESIAN_POINT('',(0.,-0.));
#3654 = VECTOR('',#3655,1.);
#3655 = DIRECTION('',(0.,1.));
#3656 = ( GEOMETRIC_REPRESENTATION_CONTEXT(2) 
PARAMETRIC_REPRESENTATION_CONTEXT() REPRESENTATION_CONTEXT('2D SPACE',''
  ) );
#3657 = ORIENTED_EDGE('',*,*,#1311,.T.);
#3658 = ORIENTED_EDGE('',*,*,#3637,.T.);
#3659 = ADVANCED_FACE('',(#3660),#1359,.T.);
#3660 = FACE_BOUND('',#3661,.T.);
#3661 = EDGE_LOOP('',(#3662,#3691,#3712,#3713));
#3662 = ORIENTED_EDGE('',*,*,#3663,.F.);
#3663 = EDGE_CURVE('',#3664,#3664,#3666,.T.);
#3664 = VERTEX_POINT('',#3665);
#3665 = CARTESIAN_POINT('',(14.35,1.42,11.98));
#3666 = SURFACE_CURVE('',#3667,(#3672,#3679),.PCURVE_S1.);
#3667 = CIRCLE('',#3668,0.5);
#3668 = AXIS2_PLACEMENT_3D('',#3669,#3670,#3671);
#3669 = CARTESIAN_POINT('',(13.85,1.42,11.98));
#3670 = DIRECTION('',(0.,0.,1.));
#3671 = DIRECTION('',(1.,0.,-0.));
#3672 = PCURVE('',#1359,#3673);
#3673 = DEFINITIONAL_REPRESENTATION('',(#3674),#3678);
#3674 = LINE('',#3675,#3676);
#3675 = CARTESIAN_POINT('',(0.,0.45));
#3676 = VECTOR('',#3677,1.);
#3677 = DIRECTION('',(1.,0.));
#3678 = ( GEOMETRIC_REPRESENTATION_CONTEXT(2) 
PARAMETRIC_REPRESENTATION_CONTEXT() REPRESENTATION_CONTEXT('2D SPACE',''
  ) );
#3679 = PCURVE('',#3680,#3685);
#3680 = PLANE('',#3681);
#3681 = AXIS2_PLACEMENT_3D('',#3682,#3683,#3684);
#3682 = CARTESIAN_POINT('',(13.85,1.42,11.98));
#3683 = DIRECTION('',(0.,0.,1.));
#3684 = DIRECTION('',(1.,0.,-0.));
#3685 = DEFINITIONAL_REPRESENTATION('',(#3686),#3690);
#3686 = CIRCLE('',#3687,0.5);
#3687 = AXIS2_PLACEMENT_2D('',#3688,#3689);
#3688 = CARTESIAN_POINT('',(0.,0.));
#3689 = DIRECTION('',(1.,0.));
#3690 = ( GEOMETRIC_REPRESENTATION_CONTEXT(2) 
PARAMETRIC_REPRESENTATION_CONTEXT() REPRESENTATION_CONTEXT('2D SPACE',''
  ) );
#3691 = ORIENTED_EDGE('',*,*,#3692,.F.);
#3692 = EDGE_CURVE('',#1343,#3664,#3693,.T.);
#3693 = SEAM_CURVE('',#3694,(#3698,#3705),.PCURVE_S1.);
#3694 = LINE('',#3695,#3696);
#3695 = CARTESIAN_POINT('',(14.35,1.42,11.53));
#3696 = VECTOR('',#3697,1.);
#3697 = DIRECTION('',(0.,0.,1.));
#3698 = PCURVE('',#1359,#3699);
#3699 = DEFINITIONAL_REPRESENTATION('',(#3700),#3704);
#3700 = LINE('',#3701,#3702);
#3701 = CARTESIAN_POINT('',(6.28318530718,-0.));
#3702 = VECTOR('',#3703,1.);
#3703 = DIRECTION('',(0.,1.));
#3704 = ( GEOMETRIC_REPRESENTATION_CONTEXT(2) 
PARAMETRIC_REPRESENTATION_CONTEXT() REPRESENTATION_CONTEXT('2D SPACE',''
  ) );
#3705 = PCURVE('',#1359,#3706);
#3706 = DEFINITIONAL_REPRESENTATION('',(#3707),#3711);
#3707 = LINE('',#3708,#3709);
#3708 = CARTESIAN_POINT('',(0.,-0.));
#3709 = VECTOR('',#3710,1.);
#3710 = DIRECTION('',(0.,1.));
#3711 = ( GEOMETRIC_REPRESENTATION_CONTEXT(2) 
PARAMETRIC_REPRESENTATION_CONTEXT() REPRESENTATION_CONTEXT('2D SPACE',''
  ) );
#3712 = ORIENTED_EDGE('',*,*,#1342,.T.);
#3713 = ORIENTED_EDGE('',*,*,#3692,.T.);
#3714 = ADVANCED_FACE('',(#3715),#1390,.T.);
#3715 = FACE_BOUND('',#3716,.T.);
#3716 = EDGE_LOOP('',(#3717,#3746,#3767,#3768));
#3717 = ORIENTED_EDGE('',*,*,#3718,.F.);
#3718 = EDGE_CURVE('',#3719,#3719,#3721,.T.);
#3719 = VERTEX_POINT('',#3720);
#3720 = CARTESIAN_POINT('',(17.12,1.42,11.98));
#3721 = SURFACE_CURVE('',#3722,(#3727,#3734),.PCURVE_S1.);
#3722 = CIRCLE('',#3723,0.5);
#3723 = AXIS2_PLACEMENT_3D('',#3724,#3725,#3726);
#3724 = CARTESIAN_POINT('',(16.62,1.42,11.98));
#3725 = DIRECTION('',(0.,0.,1.));
#3726 = DIRECTION('',(1.,0.,-0.));
#3727 = PCURVE('',#1390,#3728);
#3728 = DEFINITIONAL_REPRESENTATION('',(#3729),#3733);
#3729 = LINE('',#3730,#3731);
#3730 = CARTESIAN_POINT('',(0.,0.45));
#3731 = VECTOR('',#3732,1.);
#3732 = DIRECTION('',(1.,0.));
#3733 = ( GEOMETRIC_REPRESENTATION_CONTEXT(2) 
PARAMETRIC_REPRESENTATION_CONTEXT() REPRESENTATION_CONTEXT('2D SPACE',''
  ) );
#3734 = PCURVE('',#3735,#3740);
#3735 = PLANE('',#3736);
#3736 = AXIS2_PLACEMENT_3D('',#3737,#3738,#3739);
#3737 = CARTESIAN_POINT('',(16.62,1.42,11.98));
#3738 = DIRECTION('',(0.,0.,1.));
#3739 = DIRECTION('',(1.,0.,-0.));
#3740 = DEFINITIONAL_REPRESENTATION('',(#3741),#3745);
#3741 = CIRCLE('',#3742,0.5);
#3742 = AXIS2_PLACEMENT_2D('',#3743,#3744);
#3743 = CARTESIAN_POINT('',(0.,0.));
#3744 = DIRECTION('',(1.,0.));
#3745 = ( GEOMETRIC_REPRESENTATION_CONTEXT(2) 
PARAMETRIC_REPRESENTATION_CONTEXT() REPRESENTATION_CONTEXT('2D SPACE',''
  ) );
#3746 = ORIENTED_EDGE('',*,*,#3747,.F.);
#3747 = EDGE_CURVE('',#1374,#3719,#3748,.T.);
#3748 = SEAM_CURVE('',#3749,(#3753,#3760),.PCURVE_S1.);
#3749 = LINE('',#3750,#3751);
#3750 = CARTESIAN_POINT('',(17.12,1.42,11.53));
#3751 = VECTOR('',#3752,1.);
#3752 = DIRECTION('',(0.,0.,1.));
#3753 = PCURVE('',#1390,#3754);
#3754 = DEFINITIONAL_REPRESENTATION('',(#3755),#3759);
#3755 = LINE('',#3756,#3757);
#3756 = CARTESIAN_POINT('',(6.28318530718,-0.));
#3757 = VECTOR('',#3758,1.);
#3758 = DIRECTION('',(0.,1.));
#3759 = ( GEOMETRIC_REPRESENTATION_CONTEXT(2) 
PARAMETRIC_REPRESENTATION_CONTEXT() REPRESENTATION_CONTEXT('2D SPACE',''
  ) );
#3760 = PCURVE('',#1390,#3761);
#3761 = DEFINITIONAL_REPRESENTATION('',(#3762),#3766);
#3762 = LINE('',#3763,#3764);
#3763 = CARTESIAN_POINT('',(0.,-0.));
#3764 = VECTOR('',#3765,1.);
#3765 = DIRECTION('',(0.,1.));
#3766 = ( GEOMETRIC_REPRESENTATION_CONTEXT(2) 
PARAMETRIC_REPRESENTATION_CONTEXT() REPRESENTATION_CONTEXT('2D SPACE',''
  ) );
#3767 = ORIENTED_EDGE('',*,*,#1373,.T.);
#3768 = ORIENTED_EDGE('',*,*,#3747,.T.);
#3769 = ADVANCED_FACE('',(#3770),#1421,.T.);
#3770 = FACE_BOUND('',#3771,.T.);
#3771 = EDGE_LOOP('',(#3772,#3801,#3822,#3823));
#3772 = ORIENTED_EDGE('',*,*,#3773,.F.);
#3773 = EDGE_CURVE('',#3774,#3774,#3776,.T.);
#3774 = VERTEX_POINT('',#3775);
#3775 = CARTESIAN_POINT('',(19.89,1.42,11.98));
#3776 = SURFACE_CURVE('',#3777,(#3782,#3789),.PCURVE_S1.);
#3777 = CIRCLE('',#3778,0.5);
#3778 = AXIS2_PLACEMENT_3D('',#3779,#3780,#3781);
#3779 = CARTESIAN_POINT('',(19.39,1.42,11.98));
#3780 = DIRECTION('',(0.,0.,1.));
#3781 = DIRECTION('',(1.,0.,-0.));
#3782 = PCURVE('',#1421,#3783);
#3783 = DEFINITIONAL_REPRESENTATION('',(#3784),#3788);
#3784 = LINE('',#3785,#3786);
#3785 = CARTESIAN_POINT('',(0.,0.45));
#3786 = VECTOR('',#3787,1.);
#3787 = DIRECTION('',(1.,0.));
#3788 = ( GEOMETRIC_REPRESENTATION_CONTEXT(2) 
PARAMETRIC_REPRESENTATION_CONTEXT() REPRESENTATION_CONTEXT('2D SPACE',''
  ) );
#3789 = PCURVE('',#3790,#3795);
#3790 = PLANE('',#3791);
#3791 = AXIS2_PLACEMENT_3D('',#3792,#3793,#3794);
#3792 = CARTESIAN_POINT('',(19.39,1.42,11.98));
#3793 = DIRECTION('',(0.,0.,1.));
#3794 = DIRECTION('',(1.,0.,-0.));
#3795 = DEFINITIONAL_REPRESENTATION('',(#3796),#3800);
#3796 = CIRCLE('',#3797,0.5);
#3797 = AXIS2_PLACEMENT_2D('',#3798,#3799);
#3798 = CARTESIAN_POINT('',(0.,0.));
#3799 = DIRECTION('',(1.,0.));
#3800 = ( GEOMETRIC_REPRESENTATION_CONTEXT(2) 
PARAMETRIC_REPRESENTATION_CONTEXT() REPRESENTATION_CONTEXT('2D SPACE',''
  ) );
#3801 = ORIENTED_EDGE('',*,*,#3802,.F.);
#3802 = EDGE_CURVE('',#1405,#3774,#3803,.T.);
#3803 = SEAM_CURVE('',#3804,(#3808,#3815),.PCURVE_S1.);
#3804 = LINE('',#3805,#3806);
#3805 = CARTESIAN_POINT('',(19.89,1.42,11.53));
#3806 = VECTOR('',#3807,1.);
#3807 = DIRECTION('',(0.,0.,1.));
#3808 = PCURVE('',#1421,#3809);
#3809 = DEFINITIONAL_REPRESENTATION('',(#3810),#3814);
#3810 = LINE('',#3811,#3812);
#3811 = CARTESIAN_POINT('',(6.28318530718,-0.));
#3812 = VECTOR('',#3813,1.);
#3813 = DIRECTION('',(0.,1.));
#3814 = ( GEOMETRIC_REPRESENTATION_CONTEXT(2) 
PARAMETRIC_REPRESENTATION_CONTEXT() REPRESENTATION_CONTEXT('2D SPACE',''
  ) );
#3815 = PCURVE('',#1421,#3816);
#3816 = DEFINITIONAL_REPRESENTATION('',(#3817),#3821);
#3817 = LINE('',#3818,#3819);
#3818 = CARTESIAN_POINT('',(0.,-0.));
#3819 = VECTOR('',#3820,1.);
#3820 = DIRECTION('',(0.,1.));
#3821 = ( GEOMETRIC_REPRESENTATION_CONTEXT(2) 
PARAMETRIC_REPRESENTATION_CONTEXT() REPRESENTATION_CONTEXT('2D SPACE',''
  ) );
#3822 = ORIENTED_EDGE('',*,*,#1404,.T.);
#3823 = ORIENTED_EDGE('',*,*,#3802,.T.);
#3824 = ADVANCED_FACE('',(#3825),#1452,.T.);
#3825 = FACE_BOUND('',#3826,.T.);
#3826 = EDGE_LOOP('',(#3827,#3856,#3877,#3878));
#3827 = ORIENTED_EDGE('',*,*,#3828,.F.);
#3828 = EDGE_CURVE('',#3829,#3829,#3831,.T.);
#3829 = VERTEX_POINT('',#3830);
#3830 = CARTESIAN_POINT('',(22.66,1.42,11.98));
#3831 = SURFACE_CURVE('',#3832,(#3837,#3844),.PCURVE_S1.);
#3832 = CIRCLE('',#3833,0.5);
#3833 = AXIS2_PLACEMENT_3D('',#3834,#3835,#3836);
#3834 = CARTESIAN_POINT('',(22.16,1.42,11.98));
#3835 = DIRECTION('',(0.,0.,1.));
#3836 = DIRECTION('',(1.,0.,-0.));
#3837 = PCURVE('',#1452,#3838);
#3838 = DEFINITIONAL_REPRESENTATION('',(#3839),#3843);
#3839 = LINE('',#3840,#3841);
#3840 = CARTESIAN_POINT('',(0.,0.45));
#3841 = VECTOR('',#3842,1.);
#3842 = DIRECTION('',(1.,0.));
#3843 = ( GEOMETRIC_REPRESENTATION_CONTEXT(2) 
PARAMETRIC_REPRESENTATION_CONTEXT() REPRESENTATION_CONTEXT('2D SPACE',''
  ) );
#3844 = PCURVE('',#3845,#3850);
#3845 = PLANE('',#3846);
#3846 = AXIS2_PLACEMENT_3D('',#3847,#3848,#3849);
#3847 = CARTESIAN_POINT('',(22.16,1.42,11.98));
#3848 = DIRECTION('',(0.,0.,1.));
#3849 = DIRECTION('',(1.,0.,-0.));
#3850 = DEFINITIONAL_REPRESENTATION('',(#3851),#3855);
#3851 = CIRCLE('',#3852,0.5);
#3852 = AXIS2_PLACEMENT_2D('',#3853,#3854);
#3853 = CARTESIAN_POINT('',(0.,0.));
#3854 = DIRECTION('',(1.,0.));
#3855 = ( GEOMETRIC_REPRESENTATION_CONTEXT(2) 
PARAMETRIC_REPRESENTATION_CONTEXT() REPRESENTATION_CONTEXT('2D SPACE',''
  ) );
#3856 = ORIENTED_EDGE('',*,*,#3857,.F.);
#3857 = EDGE_CURVE('',#1436,#3829,#3858,.T.);
#3858 = SEAM_CURVE('',#3859,(#3863,#3870),.PCURVE_S1.);
#3859 = LINE('',#3860,#3861);
#3860 = CARTESIAN_POINT('',(22.66,1.42,11.53));
#3861 = VECTOR('',#3862,1.);
#3862 = DIRECTION('',(0.,0.,1.));
#3863 = PCURVE('',#1452,#3864);
#3864 = DEFINITIONAL_REPRESENTATION('',(#3865),#3869);
#3865 = LINE('',#3866,#3867);
#3866 = CARTESIAN_POINT('',(6.28318530718,-0.));
#3867 = VECTOR('',#3868,1.);
#3868 = DIRECTION('',(0.,1.));
#3869 = ( GEOMETRIC_REPRESENTATION_CONTEXT(2) 
PARAMETRIC_REPRESENTATION_CONTEXT() REPRESENTATION_CONTEXT('2D SPACE',''
  ) );
#3870 = PCURVE('',#1452,#3871);
#3871 = DEFINITIONAL_REPRESENTATION('',(#3872),#3876);
#3872 = LINE('',#3873,#3874);
#3873 = CARTESIAN_POINT('',(0.,-0.));
#3874 = VECTOR('',#3875,1.);
#3875 = DIRECTION('',(0.,1.));
#3876 = ( GEOMETRIC_REPRESENTATION_CONTEXT(2) 
PARAMETRIC_REPRESENTATION_CONTEXT() REPRESENTATION_CONTEXT('2D SPACE',''
  ) );
#3877 = ORIENTED_EDGE('',*,*,#1435,.T.);
#3878 = ORIENTED_EDGE('',*,*,#3857,.T.);
#3879 = ADVANCED_FACE('',(#3880),#1483,.T.);
#3880 = FACE_BOUND('',#3881,.T.);
#3881 = EDGE_LOOP('',(#3882,#3911,#3932,#3933));
#3882 = ORIENTED_EDGE('',*,*,#3883,.F.);
#3883 = EDGE_CURVE('',#3884,#3884,#3886,.T.);
#3884 = VERTEX_POINT('',#3885);
#3885 = CARTESIAN_POINT('',(25.43,1.42,11.98));
#3886 = SURFACE_CURVE('',#3887,(#3892,#3899),.PCURVE_S1.);
#3887 = CIRCLE('',#3888,0.5);
#3888 = AXIS2_PLACEMENT_3D('',#3889,#3890,#3891);
#3889 = CARTESIAN_POINT('',(24.93,1.42,11.98));
#3890 = DIRECTION('',(0.,0.,1.));
#3891 = DIRECTION('',(1.,0.,-0.));
#3892 = PCURVE('',#1483,#3893);
#3893 = DEFINITIONAL_REPRESENTATION('',(#3894),#3898);
#3894 = LINE('',#3895,#3896);
#3895 = CARTESIAN_POINT('',(0.,0.45));
#3896 = VECTOR('',#3897,1.);
#3897 = DIRECTION('',(1.,0.));
#3898 = ( GEOMETRIC_REPRESENTATION_CONTEXT(2) 
PARAMETRIC_REPRESENTATION_CONTEXT() REPRESENTATION_CONTEXT('2D SPACE',''
  ) );
#3899 = PCURVE('',#3900,#3905);
#3900 = PLANE('',#3901);
#3901 = AXIS2_PLACEMENT_3D('',#3902,#3903,#3904);
#3902 = CARTESIAN_POINT('',(24.93,1.42,11.98));
#3903 = DIRECTION('',(0.,0.,1.));
#3904 = DIRECTION('',(1.,0.,-0.));
#3905 = DEFINITIONAL_REPRESENTATION('',(#3906),#3910);
#3906 = CIRCLE('',#3907,0.5);
#3907 = AXIS2_PLACEMENT_2D('',#3908,#3909);
#3908 = CARTESIAN_POINT('',(0.,0.));
#3909 = DIRECTION('',(1.,0.));
#3910 = ( GEOMETRIC_REPRESENTATION_CONTEXT(2) 
PARAMETRIC_REPRESENTATION_CONTEXT() REPRESENTATION_CONTEXT('2D SPACE',''
  ) );
#3911 = ORIENTED_EDGE('',*,*,#3912,.F.);
#3912 = EDGE_CURVE('',#1467,#3884,#3913,.T.);
#3913 = SEAM_CURVE('',#3914,(#3918,#3925),.PCURVE_S1.);
#3914 = LINE('',#3915,#3916);
#3915 = CARTESIAN_POINT('',(25.43,1.42,11.53));
#3916 = VECTOR('',#3917,1.);
#3917 = DIRECTION('',(0.,0.,1.));
#3918 = PCURVE('',#1483,#3919);
#3919 = DEFINITIONAL_REPRESENTATION('',(#3920),#3924);
#3920 = LINE('',#3921,#3922);
#3921 = CARTESIAN_POINT('',(6.28318530718,-0.));
#3922 = VECTOR('',#3923,1.);
#3923 = DIRECTION('',(0.,1.));
#3924 = ( GEOMETRIC_REPRESENTATION_CONTEXT(2) 
PARAMETRIC_REPRESENTATION_CONTEXT() REPRESENTATION_CONTEXT('2D SPACE',''
  ) );
#3925 = PCURVE('',#1483,#3926);
#3926 = DEFINITIONAL_REPRESENTATION('',(#3927),#3931);
#3927 = LINE('',#3928,#3929);
#3928 = CARTESIAN_POINT('',(0.,-0.));
#3929 = VECTOR('',#3930,1.);
#3930 = DIRECTION('',(0.,1.));
#3931 = ( GEOMETRIC_REPRESENTATION_CONTEXT(2) 
PARAMETRIC_REPRESENTATION_CONTEXT() REPRESENTATION_CONTEXT('2D SPACE',''
  ) );
#3932 = ORIENTED_EDGE('',*,*,#1466,.T.);
#3933 = ORIENTED_EDGE('',*,*,#3912,.T.);
#3934 = ADVANCED_FACE('',(#3935),#1536,.T.);
#3935 = FACE_BOUND('',#3936,.T.);
#3936 = EDGE_LOOP('',(#3937,#3961,#3962));
#3937 = ORIENTED_EDGE('',*,*,#3938,.T.);
#3938 = EDGE_CURVE('',#1499,#3939,#3941,.T.);
#3939 = VERTEX_POINT('',#3940);
#3940 = CARTESIAN_POINT('',(-24.93,1.42,15.97));
#3941 = SEAM_CURVE('',#3942,(#3947,#3954),.PCURVE_S1.);
#3942 = CIRCLE('',#3943,0.31);
#3943 = AXIS2_PLACEMENT_3D('',#3944,#3945,#3946);
#3944 = CARTESIAN_POINT('',(-24.93,1.42,15.66));
#3945 = DIRECTION('',(-2.449293598295E-16,-1.,0.));
#3946 = DIRECTION('',(1.,-2.449293598295E-16,0.));
#3947 = PCURVE('',#1536,#3948);
#3948 = DEFINITIONAL_REPRESENTATION('',(#3949),#3953);
#3949 = LINE('',#3950,#3951);
#3950 = CARTESIAN_POINT('',(6.28318530718,-6.28318530718));
#3951 = VECTOR('',#3952,1.);
#3952 = DIRECTION('',(0.,1.));
#3953 = ( GEOMETRIC_REPRESENTATION_CONTEXT(2) 
PARAMETRIC_REPRESENTATION_CONTEXT() REPRESENTATION_CONTEXT('2D SPACE',''
  ) );
#3954 = PCURVE('',#1536,#3955);
#3955 = DEFINITIONAL_REPRESENTATION('',(#3956),#3960);
#3956 = LINE('',#3957,#3958);
#3957 = CARTESIAN_POINT('',(0.,-6.28318530718));
#3958 = VECTOR('',#3959,1.);
#3959 = DIRECTION('',(0.,1.));
#3960 = ( GEOMETRIC_REPRESENTATION_CONTEXT(2) 
PARAMETRIC_REPRESENTATION_CONTEXT() REPRESENTATION_CONTEXT('2D SPACE',''
  ) );
#3961 = ORIENTED_EDGE('',*,*,#3938,.F.);
#3962 = ORIENTED_EDGE('',*,*,#1521,.T.);
#3963 = ADVANCED_FACE('',(#3964,#4198),#1571,.T.);
#3964 = FACE_BOUND('',#3965,.T.);
#3965 = EDGE_LOOP('',(#3966,#3996,#4025,#4053,#4082,#4110,#4139,#4167));
#3966 = ORIENTED_EDGE('',*,*,#3967,.T.);
#3967 = EDGE_CURVE('',#3968,#3970,#3972,.T.);
#3968 = VERTEX_POINT('',#3969);
#3969 = CARTESIAN_POINT('',(-25.33837487715,-4.4,10.47));
#3970 = VERTEX_POINT('',#3971);
#3971 = CARTESIAN_POINT('',(25.338374877158,-4.4,10.47));
#3972 = SURFACE_CURVE('',#3973,(#3977,#3984),.PCURVE_S1.);
#3973 = LINE('',#3974,#3975);
#3974 = CARTESIAN_POINT('',(-26.1794,-4.4,10.47));
#3975 = VECTOR('',#3976,1.);
#3976 = DIRECTION('',(1.,0.,0.));
#3977 = PCURVE('',#1571,#3978);
#3978 = DEFINITIONAL_REPRESENTATION('',(#3979),#3983);
#3979 = LINE('',#3980,#3981);
#3980 = CARTESIAN_POINT('',(-26.1794,-4.507243581715));
#3981 = VECTOR('',#3982,1.);
#3982 = DIRECTION('',(1.,0.));
#3983 = ( GEOMETRIC_REPRESENTATION_CONTEXT(2) 
PARAMETRIC_REPRESENTATION_CONTEXT() REPRESENTATION_CONTEXT('2D SPACE',''
  ) );
#3984 = PCURVE('',#3985,#3990);
#3985 = PLANE('',#3986);
#3986 = AXIS2_PLACEMENT_3D('',#3987,#3988,#3989);
#3987 = CARTESIAN_POINT('',(-26.1794,-4.4,10.14));
#3988 = DIRECTION('',(0.,1.,0.));
#3989 = DIRECTION('',(1.,0.,0.));
#3990 = DEFINITIONAL_REPRESENTATION('',(#3991),#3995);
#3991 = LINE('',#3992,#3993);
#3992 = CARTESIAN_POINT('',(0.,-0.33));
#3993 = VECTOR('',#3994,1.);
#3994 = DIRECTION('',(1.,0.));
#3995 = ( GEOMETRIC_REPRESENTATION_CONTEXT(2) 
PARAMETRIC_REPRESENTATION_CONTEXT() REPRESENTATION_CONTEXT('2D SPACE',''
  ) );
#3996 = ORIENTED_EDGE('',*,*,#3997,.T.);
#3997 = EDGE_CURVE('',#3970,#3998,#4000,.T.);
#3998 = VERTEX_POINT('',#3999);
#3999 = CARTESIAN_POINT('',(26.323572166857,-3.571424328408,10.47));
#4000 = SURFACE_CURVE('',#4001,(#4006,#4013),.PCURVE_S1.);
#4001 = CIRCLE('',#4002,1.);
#4002 = AXIS2_PLACEMENT_3D('',#4003,#4004,#4005);
#4003 = CARTESIAN_POINT('',(25.338374877158,-3.4,10.47));
#4004 = DIRECTION('',(0.,0.,1.));
#4005 = DIRECTION('',(0.,-1.,0.));
#4006 = PCURVE('',#1571,#4007);
#4007 = DEFINITIONAL_REPRESENTATION('',(#4008),#4012);
#4008 = CIRCLE('',#4009,1.);
#4009 = AXIS2_PLACEMENT_2D('',#4010,#4011);
#4010 = CARTESIAN_POINT('',(25.338374877158,-3.507243581715));
#4011 = DIRECTION('',(0.,-1.));
#4012 = ( GEOMETRIC_REPRESENTATION_CONTEXT(2) 
PARAMETRIC_REPRESENTATION_CONTEXT() REPRESENTATION_CONTEXT('2D SPACE',''
  ) );
#4013 = PCURVE('',#4014,#4019);
#4014 = CYLINDRICAL_SURFACE('',#4015,1.);
#4015 = AXIS2_PLACEMENT_3D('',#4016,#4017,#4018);
#4016 = CARTESIAN_POINT('',(25.338374877158,-3.4,10.14));
#4017 = DIRECTION('',(0.,0.,1.));
#4018 = DIRECTION('',(0.,-1.,0.));
#4019 = DEFINITIONAL_REPRESENTATION('',(#4020),#4024);
#4020 = LINE('',#4021,#4022);
#4021 = CARTESIAN_POINT('',(0.,0.33));
#4022 = VECTOR('',#4023,1.);
#4023 = DIRECTION('',(1.,0.));
#4024 = ( GEOMETRIC_REPRESENTATION_CONTEXT(2) 
PARAMETRIC_REPRESENTATION_CONTEXT() REPRESENTATION_CONTEXT('2D SPACE',''
  ) );
#4025 = ORIENTED_EDGE('',*,*,#4026,.T.);
#4026 = EDGE_CURVE('',#3998,#4027,#4029,.T.);
#4027 = VERTEX_POINT('',#4028);
#4028 = CARTESIAN_POINT('',(27.506772166857,3.228575671592,10.47));
#4029 = SURFACE_CURVE('',#4030,(#4034,#4041),.PCURVE_S1.);
#4030 = LINE('',#4031,#4032);
#4031 = CARTESIAN_POINT('',(26.1794,-4.4,10.47));
#4032 = VECTOR('',#4033,1.);
#4033 = DIRECTION('',(0.171424328408,0.985197289699,0.));
#4034 = PCURVE('',#1571,#4035);
#4035 = DEFINITIONAL_REPRESENTATION('',(#4036),#4040);
#4036 = LINE('',#4037,#4038);
#4037 = CARTESIAN_POINT('',(26.1794,-4.507243581715));
#4038 = VECTOR('',#4039,1.);
#4039 = DIRECTION('',(0.171424328408,0.985197289699));
#4040 = ( GEOMETRIC_REPRESENTATION_CONTEXT(2) 
PARAMETRIC_REPRESENTATION_CONTEXT() REPRESENTATION_CONTEXT('2D SPACE',''
  ) );
#4041 = PCURVE('',#4042,#4047);
#4042 = PLANE('',#4043);
#4043 = AXIS2_PLACEMENT_3D('',#4044,#4045,#4046);
#4044 = CARTESIAN_POINT('',(26.1794,-4.4,10.14));
#4045 = DIRECTION('',(-0.985197289699,0.171424328408,0.));
#4046 = DIRECTION('',(0.171424328408,0.985197289699,0.));
#4047 = DEFINITIONAL_REPRESENTATION('',(#4048),#4052);
#4048 = LINE('',#4049,#4050);
#4049 = CARTESIAN_POINT('',(0.,-0.33));
#4050 = VECTOR('',#4051,1.);
#4051 = DIRECTION('',(1.,0.));
#4052 = ( GEOMETRIC_REPRESENTATION_CONTEXT(2) 
PARAMETRIC_REPRESENTATION_CONTEXT() REPRESENTATION_CONTEXT('2D SPACE',''
  ) );
#4053 = ORIENTED_EDGE('',*,*,#4054,.T.);
#4054 = EDGE_CURVE('',#4027,#4055,#4057,.T.);
#4055 = VERTEX_POINT('',#4056);
#4056 = CARTESIAN_POINT('',(26.521574877158,4.4,10.47));
#4057 = SURFACE_CURVE('',#4058,(#4063,#4070),.PCURVE_S1.);
#4058 = CIRCLE('',#4059,1.);
#4059 = AXIS2_PLACEMENT_3D('',#4060,#4061,#4062);
#4060 = CARTESIAN_POINT('',(26.521574877158,3.4,10.47));
#4061 = DIRECTION('',(0.,0.,1.));
#4062 = DIRECTION('',(0.,-1.,0.));
#4063 = PCURVE('',#1571,#4064);
#4064 = DEFINITIONAL_REPRESENTATION('',(#4065),#4069);
#4065 = CIRCLE('',#4066,1.);
#4066 = AXIS2_PLACEMENT_2D('',#4067,#4068);
#4067 = CARTESIAN_POINT('',(26.521574877158,3.292756418285));
#4068 = DIRECTION('',(0.,-1.));
#4069 = ( GEOMETRIC_REPRESENTATION_CONTEXT(2) 
PARAMETRIC_REPRESENTATION_CONTEXT() REPRESENTATION_CONTEXT('2D SPACE',''
  ) );
#4070 = PCURVE('',#4071,#4076);
#4071 = CYLINDRICAL_SURFACE('',#4072,1.);
#4072 = AXIS2_PLACEMENT_3D('',#4073,#4074,#4075);
#4073 = CARTESIAN_POINT('',(26.521574877158,3.4,10.14));
#4074 = DIRECTION('',(0.,0.,1.));
#4075 = DIRECTION('',(0.985197289699,-0.171424328408,0.));
#4076 = DEFINITIONAL_REPRESENTATION('',(#4077),#4081);
#4077 = LINE('',#4078,#4079);
#4078 = CARTESIAN_POINT('',(-1.398521109841,0.33));
#4079 = VECTOR('',#4080,1.);
#4080 = DIRECTION('',(1.,0.));
#4081 = ( GEOMETRIC_REPRESENTATION_CONTEXT(2) 
PARAMETRIC_REPRESENTATION_CONTEXT() REPRESENTATION_CONTEXT('2D SPACE',''
  ) );
#4082 = ORIENTED_EDGE('',*,*,#4083,.T.);
#4083 = EDGE_CURVE('',#4055,#4084,#4086,.T.);
#4084 = VERTEX_POINT('',#4085);
#4085 = CARTESIAN_POINT('',(-26.52157487715,4.4,10.47));
#4086 = SURFACE_CURVE('',#4087,(#4091,#4098),.PCURVE_S1.);
#4087 = LINE('',#4088,#4089);
#4088 = CARTESIAN_POINT('',(27.7106,4.4,10.47));
#4089 = VECTOR('',#4090,1.);
#4090 = DIRECTION('',(-1.,0.,0.));
#4091 = PCURVE('',#1571,#4092);
#4092 = DEFINITIONAL_REPRESENTATION('',(#4093),#4097);
#4093 = LINE('',#4094,#4095);
#4094 = CARTESIAN_POINT('',(27.7106,4.292756418285));
#4095 = VECTOR('',#4096,1.);
#4096 = DIRECTION('',(-1.,0.));
#4097 = ( GEOMETRIC_REPRESENTATION_CONTEXT(2) 
PARAMETRIC_REPRESENTATION_CONTEXT() REPRESENTATION_CONTEXT('2D SPACE',''
  ) );
#4098 = PCURVE('',#4099,#4104);
#4099 = PLANE('',#4100);
#4100 = AXIS2_PLACEMENT_3D('',#4101,#4102,#4103);
#4101 = CARTESIAN_POINT('',(27.7106,4.4,10.14));
#4102 = DIRECTION('',(0.,-1.,0.));
#4103 = DIRECTION('',(-1.,0.,0.));
#4104 = DEFINITIONAL_REPRESENTATION('',(#4105),#4109);
#4105 = LINE('',#4106,#4107);
#4106 = CARTESIAN_POINT('',(0.,-0.33));
#4107 = VECTOR('',#4108,1.);
#4108 = DIRECTION('',(1.,0.));
#4109 = ( GEOMETRIC_REPRESENTATION_CONTEXT(2) 
PARAMETRIC_REPRESENTATION_CONTEXT() REPRESENTATION_CONTEXT('2D SPACE',''
  ) );
#4110 = ORIENTED_EDGE('',*,*,#4111,.T.);
#4111 = EDGE_CURVE('',#4084,#4112,#4114,.T.);
#4112 = VERTEX_POINT('',#4113);
#4113 = CARTESIAN_POINT('',(-27.50677216685,3.228575671592,10.47));
#4114 = SURFACE_CURVE('',#4115,(#4120,#4127),.PCURVE_S1.);
#4115 = CIRCLE('',#4116,1.);
#4116 = AXIS2_PLACEMENT_3D('',#4117,#4118,#4119);
#4117 = CARTESIAN_POINT('',(-26.52157487715,3.4,10.47));
#4118 = DIRECTION('',(0.,0.,1.));
#4119 = DIRECTION('',(0.,-1.,0.));
#4120 = PCURVE('',#1571,#4121);
#4121 = DEFINITIONAL_REPRESENTATION('',(#4122),#4126);
#4122 = CIRCLE('',#4123,1.);
#4123 = AXIS2_PLACEMENT_2D('',#4124,#4125);
#4124 = CARTESIAN_POINT('',(-26.52157487715,3.292756418285));
#4125 = DIRECTION('',(0.,-1.));
#4126 = ( GEOMETRIC_REPRESENTATION_CONTEXT(2) 
PARAMETRIC_REPRESENTATION_CONTEXT() REPRESENTATION_CONTEXT('2D SPACE',''
  ) );
#4127 = PCURVE('',#4128,#4133);
#4128 = CYLINDRICAL_SURFACE('',#4129,1.);
#4129 = AXIS2_PLACEMENT_3D('',#4130,#4131,#4132);
#4130 = CARTESIAN_POINT('',(-26.52157487715,3.4,10.14));
#4131 = DIRECTION('',(0.,0.,1.));
#4132 = DIRECTION('',(-0.,1.,0.));
#4133 = DEFINITIONAL_REPRESENTATION('',(#4134),#4138);
#4134 = LINE('',#4135,#4136);
#4135 = CARTESIAN_POINT('',(-3.14159265359,0.33));
#4136 = VECTOR('',#4137,1.);
#4137 = DIRECTION('',(1.,0.));
#4138 = ( GEOMETRIC_REPRESENTATION_CONTEXT(2) 
PARAMETRIC_REPRESENTATION_CONTEXT() REPRESENTATION_CONTEXT('2D SPACE',''
  ) );
#4139 = ORIENTED_EDGE('',*,*,#4140,.T.);
#4140 = EDGE_CURVE('',#4112,#4141,#4143,.T.);
#4141 = VERTEX_POINT('',#4142);
#4142 = CARTESIAN_POINT('',(-26.32357216685,-3.571424328408,10.47));
#4143 = SURFACE_CURVE('',#4144,(#4148,#4155),.PCURVE_S1.);
#4144 = LINE('',#4145,#4146);
#4145 = CARTESIAN_POINT('',(-27.7106,4.4,10.47));
#4146 = VECTOR('',#4147,1.);
#4147 = DIRECTION('',(0.171424328408,-0.985197289699,0.));
#4148 = PCURVE('',#1571,#4149);
#4149 = DEFINITIONAL_REPRESENTATION('',(#4150),#4154);
#4150 = LINE('',#4151,#4152);
#4151 = CARTESIAN_POINT('',(-27.7106,4.292756418285));
#4152 = VECTOR('',#4153,1.);
#4153 = DIRECTION('',(0.171424328408,-0.985197289699));
#4154 = ( GEOMETRIC_REPRESENTATION_CONTEXT(2) 
PARAMETRIC_REPRESENTATION_CONTEXT() REPRESENTATION_CONTEXT('2D SPACE',''
  ) );
#4155 = PCURVE('',#4156,#4161);
#4156 = PLANE('',#4157);
#4157 = AXIS2_PLACEMENT_3D('',#4158,#4159,#4160);
#4158 = CARTESIAN_POINT('',(-27.7106,4.4,10.14));
#4159 = DIRECTION('',(0.985197289699,0.171424328408,-0.));
#4160 = DIRECTION('',(0.171424328408,-0.985197289699,0.));
#4161 = DEFINITIONAL_REPRESENTATION('',(#4162),#4166);
#4162 = LINE('',#4163,#4164);
#4163 = CARTESIAN_POINT('',(0.,-0.33));
#4164 = VECTOR('',#4165,1.);
#4165 = DIRECTION('',(1.,0.));
#4166 = ( GEOMETRIC_REPRESENTATION_CONTEXT(2) 
PARAMETRIC_REPRESENTATION_CONTEXT() REPRESENTATION_CONTEXT('2D SPACE',''
  ) );
#4167 = ORIENTED_EDGE('',*,*,#4168,.F.);
#4168 = EDGE_CURVE('',#3968,#4141,#4169,.T.);
#4169 = SURFACE_CURVE('',#4170,(#4175,#4186),.PCURVE_S1.);
#4170 = CIRCLE('',#4171,1.);
#4171 = AXIS2_PLACEMENT_3D('',#4172,#4173,#4174);
#4172 = CARTESIAN_POINT('',(-25.33837487715,-3.4,10.47));
#4173 = DIRECTION('',(-0.,-0.,-1.));
#4174 = DIRECTION('',(0.,-1.,0.));
#4175 = PCURVE('',#1571,#4176);
#4176 = DEFINITIONAL_REPRESENTATION('',(#4177),#4185);
#4177 = ( BOUNDED_CURVE() B_SPLINE_CURVE(2,(#4178,#4179,#4180,#4181,
#4182,#4183,#4184),.UNSPECIFIED.,.T.,.F.) B_SPLINE_CURVE_WITH_KNOTS((1,2
    ,2,2,2,1),(-2.094395102393,0.,2.094395102393,4.188790204786,
6.28318530718,8.377580409573),.UNSPECIFIED.) CURVE() 
GEOMETRIC_REPRESENTATION_ITEM() RATIONAL_B_SPLINE_CURVE((1.,0.5,1.,0.5,
1.,0.5,1.)) REPRESENTATION_ITEM('') );
#4178 = CARTESIAN_POINT('',(-25.33837487715,-4.507243581715));
#4179 = CARTESIAN_POINT('',(-27.07042568472,-4.507243581715));
#4180 = CARTESIAN_POINT('',(-26.20440028094,-3.007243581715));
#4181 = CARTESIAN_POINT('',(-25.33837487715,-1.507243581715));
#4182 = CARTESIAN_POINT('',(-24.47234947337,-3.007243581715));
#4183 = CARTESIAN_POINT('',(-23.60632406958,-4.507243581715));
#4184 = CARTESIAN_POINT('',(-25.33837487715,-4.507243581715));
#4185 = ( GEOMETRIC_REPRESENTATION_CONTEXT(2) 
PARAMETRIC_REPRESENTATION_CONTEXT() REPRESENTATION_CONTEXT('2D SPACE',''
  ) );
#4186 = PCURVE('',#4187,#4192);
#4187 = CYLINDRICAL_SURFACE('',#4188,1.);
#4188 = AXIS2_PLACEMENT_3D('',#4189,#4190,#4191);
#4189 = CARTESIAN_POINT('',(-25.33837487715,-3.4,10.14));
#4190 = DIRECTION('',(0.,0.,1.));
#4191 = DIRECTION('',(0.,-1.,0.));
#4192 = DEFINITIONAL_REPRESENTATION('',(#4193),#4197);
#4193 = LINE('',#4194,#4195);
#4194 = CARTESIAN_POINT('',(-0.,0.33));
#4195 = VECTOR('',#4196,1.);
#4196 = DIRECTION('',(-1.,0.));
#4197 = ( GEOMETRIC_REPRESENTATION_CONTEXT(2) 
PARAMETRIC_REPRESENTATION_CONTEXT() REPRESENTATION_CONTEXT('2D SPACE',''
  ) );
#4198 = FACE_BOUND('',#4199,.T.);
#4199 = EDGE_LOOP('',(#4200,#4201,#4202,#4203,#4204,#4205,#4206,#4207));
#4200 = ORIENTED_EDGE('',*,*,#1553,.F.);
#4201 = ORIENTED_EDGE('',*,*,#1629,.T.);
#4202 = ORIENTED_EDGE('',*,*,#1733,.F.);
#4203 = ORIENTED_EDGE('',*,*,#1831,.F.);
#4204 = ORIENTED_EDGE('',*,*,#1931,.F.);
#4205 = ORIENTED_EDGE('',*,*,#1881,.F.);
#4206 = ORIENTED_EDGE('',*,*,#1782,.F.);
#4207 = ORIENTED_EDGE('',*,*,#1683,.F.);
#4208 = ADVANCED_FACE('',(#4209,#4212),#1975,.T.);
#4209 = FACE_BOUND('',#4210,.T.);
#4210 = EDGE_LOOP('',(#4211));
#4211 = ORIENTED_EDGE('',*,*,#1958,.T.);
#4212 = FACE_BOUND('',#4213,.T.);
#4213 = EDGE_LOOP('',(#4214));
#4214 = ORIENTED_EDGE('',*,*,#4215,.F.);
#4215 = EDGE_CURVE('',#4216,#4216,#4218,.T.);
#4216 = VERTEX_POINT('',#4217);
#4217 = CARTESIAN_POINT('',(-23.235,-1.42,11.98));
#4218 = SURFACE_CURVE('',#4219,(#4224,#4231),.PCURVE_S1.);
#4219 = CIRCLE('',#4220,0.31);
#4220 = AXIS2_PLACEMENT_3D('',#4221,#4222,#4223);
#4221 = CARTESIAN_POINT('',(-23.545,-1.42,11.98));
#4222 = DIRECTION('',(0.,0.,1.));
#4223 = DIRECTION('',(1.,0.,-0.));
#4224 = PCURVE('',#1975,#4225);
#4225 = DEFINITIONAL_REPRESENTATION('',(#4226),#4230);
#4226 = CIRCLE('',#4227,0.31);
#4227 = AXIS2_PLACEMENT_2D('',#4228,#4229);
#4228 = CARTESIAN_POINT('',(0.,0.));
#4229 = DIRECTION('',(1.,0.));
#4230 = ( GEOMETRIC_REPRESENTATION_CONTEXT(2) 
PARAMETRIC_REPRESENTATION_CONTEXT() REPRESENTATION_CONTEXT('2D SPACE',''
  ) );
#4231 = PCURVE('',#4232,#4237);
#4232 = CYLINDRICAL_SURFACE('',#4233,0.31);
#4233 = AXIS2_PLACEMENT_3D('',#4234,#4235,#4236);
#4234 = CARTESIAN_POINT('',(-23.545,-1.42,11.88));
#4235 = DIRECTION('',(0.,0.,1.));
#4236 = DIRECTION('',(1.,0.,-0.));
#4237 = DEFINITIONAL_REPRESENTATION('',(#4238),#4242);
#4238 = LINE('',#4239,#4240);
#4239 = CARTESIAN_POINT('',(0.,1.E-01));
#4240 = VECTOR('',#4241,1.);
#4241 = DIRECTION('',(1.,0.));
#4242 = ( GEOMETRIC_REPRESENTATION_CONTEXT(2) 
PARAMETRIC_REPRESENTATION_CONTEXT() REPRESENTATION_CONTEXT('2D SPACE',''
  ) );
#4243 = ADVANCED_FACE('',(#4244,#4247),#2030,.T.);
#4244 = FACE_BOUND('',#4245,.T.);
#4245 = EDGE_LOOP('',(#4246));
#4246 = ORIENTED_EDGE('',*,*,#2013,.T.);
#4247 = FACE_BOUND('',#4248,.T.);
#4248 = EDGE_LOOP('',(#4249));
#4249 = ORIENTED_EDGE('',*,*,#4250,.F.);
#4250 = EDGE_CURVE('',#4251,#4251,#4253,.T.);
#4251 = VERTEX_POINT('',#4252);
#4252 = CARTESIAN_POINT('',(-20.465,-1.42,11.98));
#4253 = SURFACE_CURVE('',#4254,(#4259,#4266),.PCURVE_S1.);
#4254 = CIRCLE('',#4255,0.31);
#4255 = AXIS2_PLACEMENT_3D('',#4256,#4257,#4258);
#4256 = CARTESIAN_POINT('',(-20.775,-1.42,11.98));
#4257 = DIRECTION('',(0.,0.,1.));
#4258 = DIRECTION('',(1.,0.,-0.));
#4259 = PCURVE('',#2030,#4260);
#4260 = DEFINITIONAL_REPRESENTATION('',(#4261),#4265);
#4261 = CIRCLE('',#4262,0.31);
#4262 = AXIS2_PLACEMENT_2D('',#4263,#4264);
#4263 = CARTESIAN_POINT('',(0.,0.));
#4264 = DIRECTION('',(1.,0.));
#4265 = ( GEOMETRIC_REPRESENTATION_CONTEXT(2) 
PARAMETRIC_REPRESENTATION_CONTEXT() REPRESENTATION_CONTEXT('2D SPACE',''
  ) );
#4266 = PCURVE('',#4267,#4272);
#4267 = CYLINDRICAL_SURFACE('',#4268,0.31);
#4268 = AXIS2_PLACEMENT_3D('',#4269,#4270,#4271);
#4269 = CARTESIAN_POINT('',(-20.775,-1.42,11.88));
#4270 = DIRECTION('',(0.,0.,1.));
#4271 = DIRECTION('',(1.,0.,-0.));
#4272 = DEFINITIONAL_REPRESENTATION('',(#4273),#4277);
#4273 = LINE('',#4274,#4275);
#4274 = CARTESIAN_POINT('',(0.,1.E-01));
#4275 = VECTOR('',#4276,1.);
#4276 = DIRECTION('',(1.,0.));
#4277 = ( GEOMETRIC_REPRESENTATION_CONTEXT(2) 
PARAMETRIC_REPRESENTATION_CONTEXT() REPRESENTATION_CONTEXT('2D SPACE',''
  ) );
#4278 = ADVANCED_FACE('',(#4279,#4282),#2085,.T.);
#4279 = FACE_BOUND('',#4280,.T.);
#4280 = EDGE_LOOP('',(#4281));
#4281 = ORIENTED_EDGE('',*,*,#2068,.T.);
#4282 = FACE_BOUND('',#4283,.T.);
#4283 = EDGE_LOOP('',(#4284));
#4284 = ORIENTED_EDGE('',*,*,#4285,.F.);
#4285 = EDGE_CURVE('',#4286,#4286,#4288,.T.);
#4286 = VERTEX_POINT('',#4287);
#4287 = CARTESIAN_POINT('',(-17.695,-1.42,11.98));
#4288 = SURFACE_CURVE('',#4289,(#4294,#4301),.PCURVE_S1.);
#4289 = CIRCLE('',#4290,0.31);
#4290 = AXIS2_PLACEMENT_3D('',#4291,#4292,#4293);
#4291 = CARTESIAN_POINT('',(-18.005,-1.42,11.98));
#4292 = DIRECTION('',(0.,0.,1.));
#4293 = DIRECTION('',(1.,0.,-0.));
#4294 = PCURVE('',#2085,#4295);
#4295 = DEFINITIONAL_REPRESENTATION('',(#4296),#4300);
#4296 = CIRCLE('',#4297,0.31);
#4297 = AXIS2_PLACEMENT_2D('',#4298,#4299);
#4298 = CARTESIAN_POINT('',(0.,0.));
#4299 = DIRECTION('',(1.,0.));
#4300 = ( GEOMETRIC_REPRESENTATION_CONTEXT(2) 
PARAMETRIC_REPRESENTATION_CONTEXT() REPRESENTATION_CONTEXT('2D SPACE',''
  ) );
#4301 = PCURVE('',#4302,#4307);
#4302 = CYLINDRICAL_SURFACE('',#4303,0.31);
#4303 = AXIS2_PLACEMENT_3D('',#4304,#4305,#4306);
#4304 = CARTESIAN_POINT('',(-18.005,-1.42,11.88));
#4305 = DIRECTION('',(0.,0.,1.));
#4306 = DIRECTION('',(1.,0.,-0.));
#4307 = DEFINITIONAL_REPRESENTATION('',(#4308),#4312);
#4308 = LINE('',#4309,#4310);
#4309 = CARTESIAN_POINT('',(0.,1.E-01));
#4310 = VECTOR('',#4311,1.);
#4311 = DIRECTION('',(1.,0.));
#4312 = ( GEOMETRIC_REPRESENTATION_CONTEXT(2) 
PARAMETRIC_REPRESENTATION_CONTEXT() REPRESENTATION_CONTEXT('2D SPACE',''
  ) );
#4313 = ADVANCED_FACE('',(#4314,#4317),#2140,.T.);
#4314 = FACE_BOUND('',#4315,.T.);
#4315 = EDGE_LOOP('',(#4316));
#4316 = ORIENTED_EDGE('',*,*,#2123,.T.);
#4317 = FACE_BOUND('',#4318,.T.);
#4318 = EDGE_LOOP('',(#4319));
#4319 = ORIENTED_EDGE('',*,*,#4320,.F.);
#4320 = EDGE_CURVE('',#4321,#4321,#4323,.T.);
#4321 = VERTEX_POINT('',#4322);
#4322 = CARTESIAN_POINT('',(-14.925,-1.42,11.98));
#4323 = SURFACE_CURVE('',#4324,(#4329,#4336),.PCURVE_S1.);
#4324 = CIRCLE('',#4325,0.31);
#4325 = AXIS2_PLACEMENT_3D('',#4326,#4327,#4328);
#4326 = CARTESIAN_POINT('',(-15.235,-1.42,11.98));
#4327 = DIRECTION('',(0.,0.,1.));
#4328 = DIRECTION('',(1.,0.,-0.));
#4329 = PCURVE('',#2140,#4330);
#4330 = DEFINITIONAL_REPRESENTATION('',(#4331),#4335);
#4331 = CIRCLE('',#4332,0.31);
#4332 = AXIS2_PLACEMENT_2D('',#4333,#4334);
#4333 = CARTESIAN_POINT('',(0.,0.));
#4334 = DIRECTION('',(1.,0.));
#4335 = ( GEOMETRIC_REPRESENTATION_CONTEXT(2) 
PARAMETRIC_REPRESENTATION_CONTEXT() REPRESENTATION_CONTEXT('2D SPACE',''
  ) );
#4336 = PCURVE('',#4337,#4342);
#4337 = CYLINDRICAL_SURFACE('',#4338,0.31);
#4338 = AXIS2_PLACEMENT_3D('',#4339,#4340,#4341);
#4339 = CARTESIAN_POINT('',(-15.235,-1.42,11.88));
#4340 = DIRECTION('',(0.,0.,1.));
#4341 = DIRECTION('',(1.,0.,-0.));
#4342 = DEFINITIONAL_REPRESENTATION('',(#4343),#4347);
#4343 = LINE('',#4344,#4345);
#4344 = CARTESIAN_POINT('',(0.,1.E-01));
#4345 = VECTOR('',#4346,1.);
#4346 = DIRECTION('',(1.,0.));
#4347 = ( GEOMETRIC_REPRESENTATION_CONTEXT(2) 
PARAMETRIC_REPRESENTATION_CONTEXT() REPRESENTATION_CONTEXT('2D SPACE',''
  ) );
#4348 = ADVANCED_FACE('',(#4349,#4352),#2195,.T.);
#4349 = FACE_BOUND('',#4350,.T.);
#4350 = EDGE_LOOP('',(#4351));
#4351 = ORIENTED_EDGE('',*,*,#2178,.T.);
#4352 = FACE_BOUND('',#4353,.T.);
#4353 = EDGE_LOOP('',(#4354));
#4354 = ORIENTED_EDGE('',*,*,#4355,.F.);
#4355 = EDGE_CURVE('',#4356,#4356,#4358,.T.);
#4356 = VERTEX_POINT('',#4357);
#4357 = CARTESIAN_POINT('',(-12.155,-1.42,11.98));
#4358 = SURFACE_CURVE('',#4359,(#4364,#4371),.PCURVE_S1.);
#4359 = CIRCLE('',#4360,0.31);
#4360 = AXIS2_PLACEMENT_3D('',#4361,#4362,#4363);
#4361 = CARTESIAN_POINT('',(-12.465,-1.42,11.98));
#4362 = DIRECTION('',(0.,0.,1.));
#4363 = DIRECTION('',(1.,0.,-0.));
#4364 = PCURVE('',#2195,#4365);
#4365 = DEFINITIONAL_REPRESENTATION('',(#4366),#4370);
#4366 = CIRCLE('',#4367,0.31);
#4367 = AXIS2_PLACEMENT_2D('',#4368,#4369);
#4368 = CARTESIAN_POINT('',(0.,0.));
#4369 = DIRECTION('',(1.,0.));
#4370 = ( GEOMETRIC_REPRESENTATION_CONTEXT(2) 
PARAMETRIC_REPRESENTATION_CONTEXT() REPRESENTATION_CONTEXT('2D SPACE',''
  ) );
#4371 = PCURVE('',#4372,#4377);
#4372 = CYLINDRICAL_SURFACE('',#4373,0.31);
#4373 = AXIS2_PLACEMENT_3D('',#4374,#4375,#4376);
#4374 = CARTESIAN_POINT('',(-12.465,-1.42,11.88));
#4375 = DIRECTION('',(0.,0.,1.));
#4376 = DIRECTION('',(1.,0.,-0.));
#4377 = DEFINITIONAL_REPRESENTATION('',(#4378),#4382);
#4378 = LINE('',#4379,#4380);
#4379 = CARTESIAN_POINT('',(0.,1.E-01));
#4380 = VECTOR('',#4381,1.);
#4381 = DIRECTION('',(1.,0.));
#4382 = ( GEOMETRIC_REPRESENTATION_CONTEXT(2) 
PARAMETRIC_REPRESENTATION_CONTEXT() REPRESENTATION_CONTEXT('2D SPACE',''
  ) );
#4383 = ADVANCED_FACE('',(#4384,#4387),#2250,.T.);
#4384 = FACE_BOUND('',#4385,.T.);
#4385 = EDGE_LOOP('',(#4386));
#4386 = ORIENTED_EDGE('',*,*,#2233,.T.);
#4387 = FACE_BOUND('',#4388,.T.);
#4388 = EDGE_LOOP('',(#4389));
#4389 = ORIENTED_EDGE('',*,*,#4390,.F.);
#4390 = EDGE_CURVE('',#4391,#4391,#4393,.T.);
#4391 = VERTEX_POINT('',#4392);
#4392 = CARTESIAN_POINT('',(-9.385,-1.42,11.98));
#4393 = SURFACE_CURVE('',#4394,(#4399,#4406),.PCURVE_S1.);
#4394 = CIRCLE('',#4395,0.31);
#4395 = AXIS2_PLACEMENT_3D('',#4396,#4397,#4398);
#4396 = CARTESIAN_POINT('',(-9.695,-1.42,11.98));
#4397 = DIRECTION('',(0.,0.,1.));
#4398 = DIRECTION('',(1.,0.,-0.));
#4399 = PCURVE('',#2250,#4400);
#4400 = DEFINITIONAL_REPRESENTATION('',(#4401),#4405);
#4401 = CIRCLE('',#4402,0.31);
#4402 = AXIS2_PLACEMENT_2D('',#4403,#4404);
#4403 = CARTESIAN_POINT('',(0.,0.));
#4404 = DIRECTION('',(1.,0.));
#4405 = ( GEOMETRIC_REPRESENTATION_CONTEXT(2) 
PARAMETRIC_REPRESENTATION_CONTEXT() REPRESENTATION_CONTEXT('2D SPACE',''
  ) );
#4406 = PCURVE('',#4407,#4412);
#4407 = CYLINDRICAL_SURFACE('',#4408,0.31);
#4408 = AXIS2_PLACEMENT_3D('',#4409,#4410,#4411);
#4409 = CARTESIAN_POINT('',(-9.695,-1.42,11.88));
#4410 = DIRECTION('',(0.,0.,1.));
#4411 = DIRECTION('',(1.,0.,-0.));
#4412 = DEFINITIONAL_REPRESENTATION('',(#4413),#4417);
#4413 = LINE('',#4414,#4415);
#4414 = CARTESIAN_POINT('',(0.,1.E-01));
#4415 = VECTOR('',#4416,1.);
#4416 = DIRECTION('',(1.,0.));
#4417 = ( GEOMETRIC_REPRESENTATION_CONTEXT(2) 
PARAMETRIC_REPRESENTATION_CONTEXT() REPRESENTATION_CONTEXT('2D SPACE',''
  ) );
#4418 = ADVANCED_FACE('',(#4419,#4422),#2305,.T.);
#4419 = FACE_BOUND('',#4420,.T.);
#4420 = EDGE_LOOP('',(#4421));
#4421 = ORIENTED_EDGE('',*,*,#2288,.T.);
#4422 = FACE_BOUND('',#4423,.T.);
#4423 = EDGE_LOOP('',(#4424));
#4424 = ORIENTED_EDGE('',*,*,#4425,.F.);
#4425 = EDGE_CURVE('',#4426,#4426,#4428,.T.);
#4426 = VERTEX_POINT('',#4427);
#4427 = CARTESIAN_POINT('',(-6.615,-1.42,11.98));
#4428 = SURFACE_CURVE('',#4429,(#4434,#4441),.PCURVE_S1.);
#4429 = CIRCLE('',#4430,0.31);
#4430 = AXIS2_PLACEMENT_3D('',#4431,#4432,#4433);
#4431 = CARTESIAN_POINT('',(-6.925,-1.42,11.98));
#4432 = DIRECTION('',(0.,0.,1.));
#4433 = DIRECTION('',(1.,0.,-0.));
#4434 = PCURVE('',#2305,#4435);
#4435 = DEFINITIONAL_REPRESENTATION('',(#4436),#4440);
#4436 = CIRCLE('',#4437,0.31);
#4437 = AXIS2_PLACEMENT_2D('',#4438,#4439);
#4438 = CARTESIAN_POINT('',(0.,0.));
#4439 = DIRECTION('',(1.,0.));
#4440 = ( GEOMETRIC_REPRESENTATION_CONTEXT(2) 
PARAMETRIC_REPRESENTATION_CONTEXT() REPRESENTATION_CONTEXT('2D SPACE',''
  ) );
#4441 = PCURVE('',#4442,#4447);
#4442 = CYLINDRICAL_SURFACE('',#4443,0.31);
#4443 = AXIS2_PLACEMENT_3D('',#4444,#4445,#4446);
#4444 = CARTESIAN_POINT('',(-6.925,-1.42,11.88));
#4445 = DIRECTION('',(0.,0.,1.));
#4446 = DIRECTION('',(1.,0.,-0.));
#4447 = DEFINITIONAL_REPRESENTATION('',(#4448),#4452);
#4448 = LINE('',#4449,#4450);
#4449 = CARTESIAN_POINT('',(0.,1.E-01));
#4450 = VECTOR('',#4451,1.);
#4451 = DIRECTION('',(1.,0.));
#4452 = ( GEOMETRIC_REPRESENTATION_CONTEXT(2) 
PARAMETRIC_REPRESENTATION_CONTEXT() REPRESENTATION_CONTEXT('2D SPACE',''
  ) );
#4453 = ADVANCED_FACE('',(#4454,#4457),#2360,.T.);
#4454 = FACE_BOUND('',#4455,.T.);
#4455 = EDGE_LOOP('',(#4456));
#4456 = ORIENTED_EDGE('',*,*,#2343,.T.);
#4457 = FACE_BOUND('',#4458,.T.);
#4458 = EDGE_LOOP('',(#4459));
#4459 = ORIENTED_EDGE('',*,*,#4460,.F.);
#4460 = EDGE_CURVE('',#4461,#4461,#4463,.T.);
#4461 = VERTEX_POINT('',#4462);
#4462 = CARTESIAN_POINT('',(-3.845,-1.42,11.98));
#4463 = SURFACE_CURVE('',#4464,(#4469,#4476),.PCURVE_S1.);
#4464 = CIRCLE('',#4465,0.31);
#4465 = AXIS2_PLACEMENT_3D('',#4466,#4467,#4468);
#4466 = CARTESIAN_POINT('',(-4.155,-1.42,11.98));
#4467 = DIRECTION('',(0.,0.,1.));
#4468 = DIRECTION('',(1.,0.,-0.));
#4469 = PCURVE('',#2360,#4470);
#4470 = DEFINITIONAL_REPRESENTATION('',(#4471),#4475);
#4471 = CIRCLE('',#4472,0.31);
#4472 = AXIS2_PLACEMENT_2D('',#4473,#4474);
#4473 = CARTESIAN_POINT('',(0.,0.));
#4474 = DIRECTION('',(1.,0.));
#4475 = ( GEOMETRIC_REPRESENTATION_CONTEXT(2) 
PARAMETRIC_REPRESENTATION_CONTEXT() REPRESENTATION_CONTEXT('2D SPACE',''
  ) );
#4476 = PCURVE('',#4477,#4482);
#4477 = CYLINDRICAL_SURFACE('',#4478,0.31);
#4478 = AXIS2_PLACEMENT_3D('',#4479,#4480,#4481);
#4479 = CARTESIAN_POINT('',(-4.155,-1.42,11.88));
#4480 = DIRECTION('',(0.,0.,1.));
#4481 = DIRECTION('',(1.,0.,-0.));
#4482 = DEFINITIONAL_REPRESENTATION('',(#4483),#4487);
#4483 = LINE('',#4484,#4485);
#4484 = CARTESIAN_POINT('',(0.,1.E-01));
#4485 = VECTOR('',#4486,1.);
#4486 = DIRECTION('',(1.,0.));
#4487 = ( GEOMETRIC_REPRESENTATION_CONTEXT(2) 
PARAMETRIC_REPRESENTATION_CONTEXT() REPRESENTATION_CONTEXT('2D SPACE',''
  ) );
#4488 = ADVANCED_FACE('',(#4489,#4492),#2415,.T.);
#4489 = FACE_BOUND('',#4490,.T.);
#4490 = EDGE_LOOP('',(#4491));
#4491 = ORIENTED_EDGE('',*,*,#2398,.T.);
#4492 = FACE_BOUND('',#4493,.T.);
#4493 = EDGE_LOOP('',(#4494));
#4494 = ORIENTED_EDGE('',*,*,#4495,.F.);
#4495 = EDGE_CURVE('',#4496,#4496,#4498,.T.);
#4496 = VERTEX_POINT('',#4497);
#4497 = CARTESIAN_POINT('',(-1.075,-1.42,11.98));
#4498 = SURFACE_CURVE('',#4499,(#4504,#4511),.PCURVE_S1.);
#4499 = CIRCLE('',#4500,0.31);
#4500 = AXIS2_PLACEMENT_3D('',#4501,#4502,#4503);
#4501 = CARTESIAN_POINT('',(-1.385,-1.42,11.98));
#4502 = DIRECTION('',(0.,0.,1.));
#4503 = DIRECTION('',(1.,0.,-0.));
#4504 = PCURVE('',#2415,#4505);
#4505 = DEFINITIONAL_REPRESENTATION('',(#4506),#4510);
#4506 = CIRCLE('',#4507,0.31);
#4507 = AXIS2_PLACEMENT_2D('',#4508,#4509);
#4508 = CARTESIAN_POINT('',(0.,0.));
#4509 = DIRECTION('',(1.,0.));
#4510 = ( GEOMETRIC_REPRESENTATION_CONTEXT(2) 
PARAMETRIC_REPRESENTATION_CONTEXT() REPRESENTATION_CONTEXT('2D SPACE',''
  ) );
#4511 = PCURVE('',#4512,#4517);
#4512 = CYLINDRICAL_SURFACE('',#4513,0.31);
#4513 = AXIS2_PLACEMENT_3D('',#4514,#4515,#4516);
#4514 = CARTESIAN_POINT('',(-1.385,-1.42,11.88));
#4515 = DIRECTION('',(0.,0.,1.));
#4516 = DIRECTION('',(1.,0.,-0.));
#4517 = DEFINITIONAL_REPRESENTATION('',(#4518),#4522);
#4518 = LINE('',#4519,#4520);
#4519 = CARTESIAN_POINT('',(0.,1.E-01));
#4520 = VECTOR('',#4521,1.);
#4521 = DIRECTION('',(1.,0.));
#4522 = ( GEOMETRIC_REPRESENTATION_CONTEXT(2) 
PARAMETRIC_REPRESENTATION_CONTEXT() REPRESENTATION_CONTEXT('2D SPACE',''
  ) );
#4523 = ADVANCED_FACE('',(#4524,#4527),#2470,.T.);
#4524 = FACE_BOUND('',#4525,.T.);
#4525 = EDGE_LOOP('',(#4526));
#4526 = ORIENTED_EDGE('',*,*,#2453,.T.);
#4527 = FACE_BOUND('',#4528,.T.);
#4528 = EDGE_LOOP('',(#4529));
#4529 = ORIENTED_EDGE('',*,*,#4530,.F.);
#4530 = EDGE_CURVE('',#4531,#4531,#4533,.T.);
#4531 = VERTEX_POINT('',#4532);
#4532 = CARTESIAN_POINT('',(1.695,-1.42,11.98));
#4533 = SURFACE_CURVE('',#4534,(#4539,#4546),.PCURVE_S1.);
#4534 = CIRCLE('',#4535,0.31);
#4535 = AXIS2_PLACEMENT_3D('',#4536,#4537,#4538);
#4536 = CARTESIAN_POINT('',(1.385,-1.42,11.98));
#4537 = DIRECTION('',(0.,0.,1.));
#4538 = DIRECTION('',(1.,0.,-0.));
#4539 = PCURVE('',#2470,#4540);
#4540 = DEFINITIONAL_REPRESENTATION('',(#4541),#4545);
#4541 = CIRCLE('',#4542,0.31);
#4542 = AXIS2_PLACEMENT_2D('',#4543,#4544);
#4543 = CARTESIAN_POINT('',(0.,0.));
#4544 = DIRECTION('',(1.,0.));
#4545 = ( GEOMETRIC_REPRESENTATION_CONTEXT(2) 
PARAMETRIC_REPRESENTATION_CONTEXT() REPRESENTATION_CONTEXT('2D SPACE',''
  ) );
#4546 = PCURVE('',#4547,#4552);
#4547 = CYLINDRICAL_SURFACE('',#4548,0.31);
#4548 = AXIS2_PLACEMENT_3D('',#4549,#4550,#4551);
#4549 = CARTESIAN_POINT('',(1.385,-1.42,11.88));
#4550 = DIRECTION('',(0.,0.,1.));
#4551 = DIRECTION('',(1.,0.,-0.));
#4552 = DEFINITIONAL_REPRESENTATION('',(#4553),#4557);
#4553 = LINE('',#4554,#4555);
#4554 = CARTESIAN_POINT('',(0.,1.E-01));
#4555 = VECTOR('',#4556,1.);
#4556 = DIRECTION('',(1.,0.));
#4557 = ( GEOMETRIC_REPRESENTATION_CONTEXT(2) 
PARAMETRIC_REPRESENTATION_CONTEXT() REPRESENTATION_CONTEXT('2D SPACE',''
  ) );
#4558 = ADVANCED_FACE('',(#4559,#4562),#2525,.T.);
#4559 = FACE_BOUND('',#4560,.T.);
#4560 = EDGE_LOOP('',(#4561));
#4561 = ORIENTED_EDGE('',*,*,#2508,.T.);
#4562 = FACE_BOUND('',#4563,.T.);
#4563 = EDGE_LOOP('',(#4564));
#4564 = ORIENTED_EDGE('',*,*,#4565,.F.);
#4565 = EDGE_CURVE('',#4566,#4566,#4568,.T.);
#4566 = VERTEX_POINT('',#4567);
#4567 = CARTESIAN_POINT('',(4.465,-1.42,11.98));
#4568 = SURFACE_CURVE('',#4569,(#4574,#4581),.PCURVE_S1.);
#4569 = CIRCLE('',#4570,0.31);
#4570 = AXIS2_PLACEMENT_3D('',#4571,#4572,#4573);
#4571 = CARTESIAN_POINT('',(4.155,-1.42,11.98));
#4572 = DIRECTION('',(0.,0.,1.));
#4573 = DIRECTION('',(1.,0.,-0.));
#4574 = PCURVE('',#2525,#4575);
#4575 = DEFINITIONAL_REPRESENTATION('',(#4576),#4580);
#4576 = CIRCLE('',#4577,0.31);
#4577 = AXIS2_PLACEMENT_2D('',#4578,#4579);
#4578 = CARTESIAN_POINT('',(0.,0.));
#4579 = DIRECTION('',(1.,0.));
#4580 = ( GEOMETRIC_REPRESENTATION_CONTEXT(2) 
PARAMETRIC_REPRESENTATION_CONTEXT() REPRESENTATION_CONTEXT('2D SPACE',''
  ) );
#4581 = PCURVE('',#4582,#4587);
#4582 = CYLINDRICAL_SURFACE('',#4583,0.31);
#4583 = AXIS2_PLACEMENT_3D('',#4584,#4585,#4586);
#4584 = CARTESIAN_POINT('',(4.155,-1.42,11.88));
#4585 = DIRECTION('',(0.,0.,1.));
#4586 = DIRECTION('',(1.,0.,-0.));
#4587 = DEFINITIONAL_REPRESENTATION('',(#4588),#4592);
#4588 = LINE('',#4589,#4590);
#4589 = CARTESIAN_POINT('',(0.,1.E-01));
#4590 = VECTOR('',#4591,1.);
#4591 = DIRECTION('',(1.,0.));
#4592 = ( GEOMETRIC_REPRESENTATION_CONTEXT(2) 
PARAMETRIC_REPRESENTATION_CONTEXT() REPRESENTATION_CONTEXT('2D SPACE',''
  ) );
#4593 = ADVANCED_FACE('',(#4594,#4597),#2580,.T.);
#4594 = FACE_BOUND('',#4595,.T.);
#4595 = EDGE_LOOP('',(#4596));
#4596 = ORIENTED_EDGE('',*,*,#2563,.T.);
#4597 = FACE_BOUND('',#4598,.T.);
#4598 = EDGE_LOOP('',(#4599));
#4599 = ORIENTED_EDGE('',*,*,#4600,.F.);
#4600 = EDGE_CURVE('',#4601,#4601,#4603,.T.);
#4601 = VERTEX_POINT('',#4602);
#4602 = CARTESIAN_POINT('',(7.235,-1.42,11.98));
#4603 = SURFACE_CURVE('',#4604,(#4609,#4616),.PCURVE_S1.);
#4604 = CIRCLE('',#4605,0.31);
#4605 = AXIS2_PLACEMENT_3D('',#4606,#4607,#4608);
#4606 = CARTESIAN_POINT('',(6.925,-1.42,11.98));
#4607 = DIRECTION('',(0.,0.,1.));
#4608 = DIRECTION('',(1.,0.,-0.));
#4609 = PCURVE('',#2580,#4610);
#4610 = DEFINITIONAL_REPRESENTATION('',(#4611),#4615);
#4611 = CIRCLE('',#4612,0.31);
#4612 = AXIS2_PLACEMENT_2D('',#4613,#4614);
#4613 = CARTESIAN_POINT('',(0.,0.));
#4614 = DIRECTION('',(1.,0.));
#4615 = ( GEOMETRIC_REPRESENTATION_CONTEXT(2) 
PARAMETRIC_REPRESENTATION_CONTEXT() REPRESENTATION_CONTEXT('2D SPACE',''
  ) );
#4616 = PCURVE('',#4617,#4622);
#4617 = CYLINDRICAL_SURFACE('',#4618,0.31);
#4618 = AXIS2_PLACEMENT_3D('',#4619,#4620,#4621);
#4619 = CARTESIAN_POINT('',(6.925,-1.42,11.88));
#4620 = DIRECTION('',(0.,0.,1.));
#4621 = DIRECTION('',(1.,0.,-0.));
#4622 = DEFINITIONAL_REPRESENTATION('',(#4623),#4627);
#4623 = LINE('',#4624,#4625);
#4624 = CARTESIAN_POINT('',(0.,1.E-01));
#4625 = VECTOR('',#4626,1.);
#4626 = DIRECTION('',(1.,0.));
#4627 = ( GEOMETRIC_REPRESENTATION_CONTEXT(2) 
PARAMETRIC_REPRESENTATION_CONTEXT() REPRESENTATION_CONTEXT('2D SPACE',''
  ) );
#4628 = ADVANCED_FACE('',(#4629,#4632),#2635,.T.);
#4629 = FACE_BOUND('',#4630,.T.);
#4630 = EDGE_LOOP('',(#4631));
#4631 = ORIENTED_EDGE('',*,*,#2618,.T.);
#4632 = FACE_BOUND('',#4633,.T.);
#4633 = EDGE_LOOP('',(#4634));
#4634 = ORIENTED_EDGE('',*,*,#4635,.F.);
#4635 = EDGE_CURVE('',#4636,#4636,#4638,.T.);
#4636 = VERTEX_POINT('',#4637);
#4637 = CARTESIAN_POINT('',(10.005,-1.42,11.98));
#4638 = SURFACE_CURVE('',#4639,(#4644,#4651),.PCURVE_S1.);
#4639 = CIRCLE('',#4640,0.31);
#4640 = AXIS2_PLACEMENT_3D('',#4641,#4642,#4643);
#4641 = CARTESIAN_POINT('',(9.695,-1.42,11.98));
#4642 = DIRECTION('',(0.,0.,1.));
#4643 = DIRECTION('',(1.,0.,-0.));
#4644 = PCURVE('',#2635,#4645);
#4645 = DEFINITIONAL_REPRESENTATION('',(#4646),#4650);
#4646 = CIRCLE('',#4647,0.31);
#4647 = AXIS2_PLACEMENT_2D('',#4648,#4649);
#4648 = CARTESIAN_POINT('',(0.,0.));
#4649 = DIRECTION('',(1.,0.));
#4650 = ( GEOMETRIC_REPRESENTATION_CONTEXT(2) 
PARAMETRIC_REPRESENTATION_CONTEXT() REPRESENTATION_CONTEXT('2D SPACE',''
  ) );
#4651 = PCURVE('',#4652,#4657);
#4652 = CYLINDRICAL_SURFACE('',#4653,0.31);
#4653 = AXIS2_PLACEMENT_3D('',#4654,#4655,#4656);
#4654 = CARTESIAN_POINT('',(9.695,-1.42,11.88));
#4655 = DIRECTION('',(0.,0.,1.));
#4656 = DIRECTION('',(1.,0.,-0.));
#4657 = DEFINITIONAL_REPRESENTATION('',(#4658),#4662);
#4658 = LINE('',#4659,#4660);
#4659 = CARTESIAN_POINT('',(0.,1.E-01));
#4660 = VECTOR('',#4661,1.);
#4661 = DIRECTION('',(1.,0.));
#4662 = ( GEOMETRIC_REPRESENTATION_CONTEXT(2) 
PARAMETRIC_REPRESENTATION_CONTEXT() REPRESENTATION_CONTEXT('2D SPACE',''
  ) );
#4663 = ADVANCED_FACE('',(#4664,#4667),#2690,.T.);
#4664 = FACE_BOUND('',#4665,.T.);
#4665 = EDGE_LOOP('',(#4666));
#4666 = ORIENTED_EDGE('',*,*,#2673,.T.);
#4667 = FACE_BOUND('',#4668,.T.);
#4668 = EDGE_LOOP('',(#4669));
#4669 = ORIENTED_EDGE('',*,*,#4670,.F.);
#4670 = EDGE_CURVE('',#4671,#4671,#4673,.T.);
#4671 = VERTEX_POINT('',#4672);
#4672 = CARTESIAN_POINT('',(12.775,-1.42,11.98));
#4673 = SURFACE_CURVE('',#4674,(#4679,#4686),.PCURVE_S1.);
#4674 = CIRCLE('',#4675,0.31);
#4675 = AXIS2_PLACEMENT_3D('',#4676,#4677,#4678);
#4676 = CARTESIAN_POINT('',(12.465,-1.42,11.98));
#4677 = DIRECTION('',(0.,0.,1.));
#4678 = DIRECTION('',(1.,0.,-0.));
#4679 = PCURVE('',#2690,#4680);
#4680 = DEFINITIONAL_REPRESENTATION('',(#4681),#4685);
#4681 = CIRCLE('',#4682,0.31);
#4682 = AXIS2_PLACEMENT_2D('',#4683,#4684);
#4683 = CARTESIAN_POINT('',(0.,0.));
#4684 = DIRECTION('',(1.,0.));
#4685 = ( GEOMETRIC_REPRESENTATION_CONTEXT(2) 
PARAMETRIC_REPRESENTATION_CONTEXT() REPRESENTATION_CONTEXT('2D SPACE',''
  ) );
#4686 = PCURVE('',#4687,#4692);
#4687 = CYLINDRICAL_SURFACE('',#4688,0.31);
#4688 = AXIS2_PLACEMENT_3D('',#4689,#4690,#4691);
#4689 = CARTESIAN_POINT('',(12.465,-1.42,11.88));
#4690 = DIRECTION('',(0.,0.,1.));
#4691 = DIRECTION('',(1.,0.,-0.));
#4692 = DEFINITIONAL_REPRESENTATION('',(#4693),#4697);
#4693 = LINE('',#4694,#4695);
#4694 = CARTESIAN_POINT('',(0.,1.E-01));
#4695 = VECTOR('',#4696,1.);
#4696 = DIRECTION('',(1.,0.));
#4697 = ( GEOMETRIC_REPRESENTATION_CONTEXT(2) 
PARAMETRIC_REPRESENTATION_CONTEXT() REPRESENTATION_CONTEXT('2D SPACE',''
  ) );
#4698 = ADVANCED_FACE('',(#4699,#4702),#2745,.T.);
#4699 = FACE_BOUND('',#4700,.T.);
#4700 = EDGE_LOOP('',(#4701));
#4701 = ORIENTED_EDGE('',*,*,#2728,.T.);
#4702 = FACE_BOUND('',#4703,.T.);
#4703 = EDGE_LOOP('',(#4704));
#4704 = ORIENTED_EDGE('',*,*,#4705,.F.);
#4705 = EDGE_CURVE('',#4706,#4706,#4708,.T.);
#4706 = VERTEX_POINT('',#4707);
#4707 = CARTESIAN_POINT('',(15.545,-1.42,11.98));
#4708 = SURFACE_CURVE('',#4709,(#4714,#4721),.PCURVE_S1.);
#4709 = CIRCLE('',#4710,0.31);
#4710 = AXIS2_PLACEMENT_3D('',#4711,#4712,#4713);
#4711 = CARTESIAN_POINT('',(15.235,-1.42,11.98));
#4712 = DIRECTION('',(0.,0.,1.));
#4713 = DIRECTION('',(1.,0.,-0.));
#4714 = PCURVE('',#2745,#4715);
#4715 = DEFINITIONAL_REPRESENTATION('',(#4716),#4720);
#4716 = CIRCLE('',#4717,0.31);
#4717 = AXIS2_PLACEMENT_2D('',#4718,#4719);
#4718 = CARTESIAN_POINT('',(0.,0.));
#4719 = DIRECTION('',(1.,0.));
#4720 = ( GEOMETRIC_REPRESENTATION_CONTEXT(2) 
PARAMETRIC_REPRESENTATION_CONTEXT() REPRESENTATION_CONTEXT('2D SPACE',''
  ) );
#4721 = PCURVE('',#4722,#4727);
#4722 = CYLINDRICAL_SURFACE('',#4723,0.31);
#4723 = AXIS2_PLACEMENT_3D('',#4724,#4725,#4726);
#4724 = CARTESIAN_POINT('',(15.235,-1.42,11.88));
#4725 = DIRECTION('',(0.,0.,1.));
#4726 = DIRECTION('',(1.,0.,-0.));
#4727 = DEFINITIONAL_REPRESENTATION('',(#4728),#4732);
#4728 = LINE('',#4729,#4730);
#4729 = CARTESIAN_POINT('',(0.,1.E-01));
#4730 = VECTOR('',#4731,1.);
#4731 = DIRECTION('',(1.,0.));
#4732 = ( GEOMETRIC_REPRESENTATION_CONTEXT(2) 
PARAMETRIC_REPRESENTATION_CONTEXT() REPRESENTATION_CONTEXT('2D SPACE',''
  ) );
#4733 = ADVANCED_FACE('',(#4734,#4737),#2800,.T.);
#4734 = FACE_BOUND('',#4735,.T.);
#4735 = EDGE_LOOP('',(#4736));
#4736 = ORIENTED_EDGE('',*,*,#2783,.T.);
#4737 = FACE_BOUND('',#4738,.T.);
#4738 = EDGE_LOOP('',(#4739));
#4739 = ORIENTED_EDGE('',*,*,#4740,.F.);
#4740 = EDGE_CURVE('',#4741,#4741,#4743,.T.);
#4741 = VERTEX_POINT('',#4742);
#4742 = CARTESIAN_POINT('',(18.315,-1.42,11.98));
#4743 = SURFACE_CURVE('',#4744,(#4749,#4756),.PCURVE_S1.);
#4744 = CIRCLE('',#4745,0.31);
#4745 = AXIS2_PLACEMENT_3D('',#4746,#4747,#4748);
#4746 = CARTESIAN_POINT('',(18.005,-1.42,11.98));
#4747 = DIRECTION('',(0.,0.,1.));
#4748 = DIRECTION('',(1.,0.,-0.));
#4749 = PCURVE('',#2800,#4750);
#4750 = DEFINITIONAL_REPRESENTATION('',(#4751),#4755);
#4751 = CIRCLE('',#4752,0.31);
#4752 = AXIS2_PLACEMENT_2D('',#4753,#4754);
#4753 = CARTESIAN_POINT('',(0.,0.));
#4754 = DIRECTION('',(1.,0.));
#4755 = ( GEOMETRIC_REPRESENTATION_CONTEXT(2) 
PARAMETRIC_REPRESENTATION_CONTEXT() REPRESENTATION_CONTEXT('2D SPACE',''
  ) );
#4756 = PCURVE('',#4757,#4762);
#4757 = CYLINDRICAL_SURFACE('',#4758,0.31);
#4758 = AXIS2_PLACEMENT_3D('',#4759,#4760,#4761);
#4759 = CARTESIAN_POINT('',(18.005,-1.42,11.88));
#4760 = DIRECTION('',(0.,0.,1.));
#4761 = DIRECTION('',(1.,0.,-0.));
#4762 = DEFINITIONAL_REPRESENTATION('',(#4763),#4767);
#4763 = LINE('',#4764,#4765);
#4764 = CARTESIAN_POINT('',(0.,1.E-01));
#4765 = VECTOR('',#4766,1.);
#4766 = DIRECTION('',(1.,0.));
#4767 = ( GEOMETRIC_REPRESENTATION_CONTEXT(2) 
PARAMETRIC_REPRESENTATION_CONTEXT() REPRESENTATION_CONTEXT('2D SPACE',''
  ) );
#4768 = ADVANCED_FACE('',(#4769,#4772),#2855,.T.);
#4769 = FACE_BOUND('',#4770,.T.);
#4770 = EDGE_LOOP('',(#4771));
#4771 = ORIENTED_EDGE('',*,*,#2838,.T.);
#4772 = FACE_BOUND('',#4773,.T.);
#4773 = EDGE_LOOP('',(#4774));
#4774 = ORIENTED_EDGE('',*,*,#4775,.F.);
#4775 = EDGE_CURVE('',#4776,#4776,#4778,.T.);
#4776 = VERTEX_POINT('',#4777);
#4777 = CARTESIAN_POINT('',(21.085,-1.42,11.98));
#4778 = SURFACE_CURVE('',#4779,(#4784,#4791),.PCURVE_S1.);
#4779 = CIRCLE('',#4780,0.31);
#4780 = AXIS2_PLACEMENT_3D('',#4781,#4782,#4783);
#4781 = CARTESIAN_POINT('',(20.775,-1.42,11.98));
#4782 = DIRECTION('',(0.,0.,1.));
#4783 = DIRECTION('',(1.,0.,-0.));
#4784 = PCURVE('',#2855,#4785);
#4785 = DEFINITIONAL_REPRESENTATION('',(#4786),#4790);
#4786 = CIRCLE('',#4787,0.31);
#4787 = AXIS2_PLACEMENT_2D('',#4788,#4789);
#4788 = CARTESIAN_POINT('',(0.,0.));
#4789 = DIRECTION('',(1.,0.));
#4790 = ( GEOMETRIC_REPRESENTATION_CONTEXT(2) 
PARAMETRIC_REPRESENTATION_CONTEXT() REPRESENTATION_CONTEXT('2D SPACE',''
  ) );
#4791 = PCURVE('',#4792,#4797);
#4792 = CYLINDRICAL_SURFACE('',#4793,0.31);
#4793 = AXIS2_PLACEMENT_3D('',#4794,#4795,#4796);
#4794 = CARTESIAN_POINT('',(20.775,-1.42,11.88));
#4795 = DIRECTION('',(0.,0.,1.));
#4796 = DIRECTION('',(1.,0.,-0.));
#4797 = DEFINITIONAL_REPRESENTATION('',(#4798),#4802);
#4798 = LINE('',#4799,#4800);
#4799 = CARTESIAN_POINT('',(0.,1.E-01));
#4800 = VECTOR('',#4801,1.);
#4801 = DIRECTION('',(1.,0.));
#4802 = ( GEOMETRIC_REPRESENTATION_CONTEXT(2) 
PARAMETRIC_REPRESENTATION_CONTEXT() REPRESENTATION_CONTEXT('2D SPACE',''
  ) );
#4803 = ADVANCED_FACE('',(#4804,#4807),#2910,.T.);
#4804 = FACE_BOUND('',#4805,.T.);
#4805 = EDGE_LOOP('',(#4806));
#4806 = ORIENTED_EDGE('',*,*,#2893,.T.);
#4807 = FACE_BOUND('',#4808,.T.);
#4808 = EDGE_LOOP('',(#4809));
#4809 = ORIENTED_EDGE('',*,*,#4810,.F.);
#4810 = EDGE_CURVE('',#4811,#4811,#4813,.T.);
#4811 = VERTEX_POINT('',#4812);
#4812 = CARTESIAN_POINT('',(23.855,-1.42,11.98));
#4813 = SURFACE_CURVE('',#4814,(#4819,#4826),.PCURVE_S1.);
#4814 = CIRCLE('',#4815,0.31);
#4815 = AXIS2_PLACEMENT_3D('',#4816,#4817,#4818);
#4816 = CARTESIAN_POINT('',(23.545,-1.42,11.98));
#4817 = DIRECTION('',(0.,0.,1.));
#4818 = DIRECTION('',(1.,0.,-0.));
#4819 = PCURVE('',#2910,#4820);
#4820 = DEFINITIONAL_REPRESENTATION('',(#4821),#4825);
#4821 = CIRCLE('',#4822,0.31);
#4822 = AXIS2_PLACEMENT_2D('',#4823,#4824);
#4823 = CARTESIAN_POINT('',(0.,0.));
#4824 = DIRECTION('',(1.,0.));
#4825 = ( GEOMETRIC_REPRESENTATION_CONTEXT(2) 
PARAMETRIC_REPRESENTATION_CONTEXT() REPRESENTATION_CONTEXT('2D SPACE',''
  ) );
#4826 = PCURVE('',#4827,#4832);
#4827 = CYLINDRICAL_SURFACE('',#4828,0.31);
#4828 = AXIS2_PLACEMENT_3D('',#4829,#4830,#4831);
#4829 = CARTESIAN_POINT('',(23.545,-1.42,11.88));
#4830 = DIRECTION('',(0.,0.,1.));
#4831 = DIRECTION('',(1.,0.,-0.));
#4832 = DEFINITIONAL_REPRESENTATION('',(#4833),#4837);
#4833 = LINE('',#4834,#4835);
#4834 = CARTESIAN_POINT('',(0.,1.E-01));
#4835 = VECTOR('',#4836,1.);
#4836 = DIRECTION('',(1.,0.));
#4837 = ( GEOMETRIC_REPRESENTATION_CONTEXT(2) 
PARAMETRIC_REPRESENTATION_CONTEXT() REPRESENTATION_CONTEXT('2D SPACE',''
  ) );
#4838 = ADVANCED_FACE('',(#4839,#4842),#2965,.T.);
#4839 = FACE_BOUND('',#4840,.T.);
#4840 = EDGE_LOOP('',(#4841));
#4841 = ORIENTED_EDGE('',*,*,#2948,.T.);
#4842 = FACE_BOUND('',#4843,.T.);
#4843 = EDGE_LOOP('',(#4844));
#4844 = ORIENTED_EDGE('',*,*,#4845,.F.);
#4845 = EDGE_CURVE('',#4846,#4846,#4848,.T.);
#4846 = VERTEX_POINT('',#4847);
#4847 = CARTESIAN_POINT('',(-21.85,1.42,11.98));
#4848 = SURFACE_CURVE('',#4849,(#4854,#4861),.PCURVE_S1.);
#4849 = CIRCLE('',#4850,0.31);
#4850 = AXIS2_PLACEMENT_3D('',#4851,#4852,#4853);
#4851 = CARTESIAN_POINT('',(-22.16,1.42,11.98));
#4852 = DIRECTION('',(0.,0.,1.));
#4853 = DIRECTION('',(1.,0.,-0.));
#4854 = PCURVE('',#2965,#4855);
#4855 = DEFINITIONAL_REPRESENTATION('',(#4856),#4860);
#4856 = CIRCLE('',#4857,0.31);
#4857 = AXIS2_PLACEMENT_2D('',#4858,#4859);
#4858 = CARTESIAN_POINT('',(0.,0.));
#4859 = DIRECTION('',(1.,0.));
#4860 = ( GEOMETRIC_REPRESENTATION_CONTEXT(2) 
PARAMETRIC_REPRESENTATION_CONTEXT() REPRESENTATION_CONTEXT('2D SPACE',''
  ) );
#4861 = PCURVE('',#4862,#4867);
#4862 = CYLINDRICAL_SURFACE('',#4863,0.31);
#4863 = AXIS2_PLACEMENT_3D('',#4864,#4865,#4866);
#4864 = CARTESIAN_POINT('',(-22.16,1.42,11.88));
#4865 = DIRECTION('',(0.,0.,1.));
#4866 = DIRECTION('',(1.,0.,-0.));
#4867 = DEFINITIONAL_REPRESENTATION('',(#4868),#4872);
#4868 = LINE('',#4869,#4870);
#4869 = CARTESIAN_POINT('',(0.,1.E-01));
#4870 = VECTOR('',#4871,1.);
#4871 = DIRECTION('',(1.,0.));
#4872 = ( GEOMETRIC_REPRESENTATION_CONTEXT(2) 
PARAMETRIC_REPRESENTATION_CONTEXT() REPRESENTATION_CONTEXT('2D SPACE',''
  ) );
#4873 = ADVANCED_FACE('',(#4874,#4877),#3020,.T.);
#4874 = FACE_BOUND('',#4875,.T.);
#4875 = EDGE_LOOP('',(#4876));
#4876 = ORIENTED_EDGE('',*,*,#3003,.T.);
#4877 = FACE_BOUND('',#4878,.T.);
#4878 = EDGE_LOOP('',(#4879));
#4879 = ORIENTED_EDGE('',*,*,#4880,.F.);
#4880 = EDGE_CURVE('',#4881,#4881,#4883,.T.);
#4881 = VERTEX_POINT('',#4882);
#4882 = CARTESIAN_POINT('',(-19.08,1.42,11.98));
#4883 = SURFACE_CURVE('',#4884,(#4889,#4896),.PCURVE_S1.);
#4884 = CIRCLE('',#4885,0.31);
#4885 = AXIS2_PLACEMENT_3D('',#4886,#4887,#4888);
#4886 = CARTESIAN_POINT('',(-19.39,1.42,11.98));
#4887 = DIRECTION('',(0.,0.,1.));
#4888 = DIRECTION('',(1.,0.,-0.));
#4889 = PCURVE('',#3020,#4890);
#4890 = DEFINITIONAL_REPRESENTATION('',(#4891),#4895);
#4891 = CIRCLE('',#4892,0.31);
#4892 = AXIS2_PLACEMENT_2D('',#4893,#4894);
#4893 = CARTESIAN_POINT('',(0.,0.));
#4894 = DIRECTION('',(1.,0.));
#4895 = ( GEOMETRIC_REPRESENTATION_CONTEXT(2) 
PARAMETRIC_REPRESENTATION_CONTEXT() REPRESENTATION_CONTEXT('2D SPACE',''
  ) );
#4896 = PCURVE('',#4897,#4902);
#4897 = CYLINDRICAL_SURFACE('',#4898,0.31);
#4898 = AXIS2_PLACEMENT_3D('',#4899,#4900,#4901);
#4899 = CARTESIAN_POINT('',(-19.39,1.42,11.88));
#4900 = DIRECTION('',(0.,0.,1.));
#4901 = DIRECTION('',(1.,0.,-0.));
#4902 = DEFINITIONAL_REPRESENTATION('',(#4903),#4907);
#4903 = LINE('',#4904,#4905);
#4904 = CARTESIAN_POINT('',(0.,1.E-01));
#4905 = VECTOR('',#4906,1.);
#4906 = DIRECTION('',(1.,0.));
#4907 = ( GEOMETRIC_REPRESENTATION_CONTEXT(2) 
PARAMETRIC_REPRESENTATION_CONTEXT() REPRESENTATION_CONTEXT('2D SPACE',''
  ) );
#4908 = ADVANCED_FACE('',(#4909,#4912),#3075,.T.);
#4909 = FACE_BOUND('',#4910,.T.);
#4910 = EDGE_LOOP('',(#4911));
#4911 = ORIENTED_EDGE('',*,*,#3058,.T.);
#4912 = FACE_BOUND('',#4913,.T.);
#4913 = EDGE_LOOP('',(#4914));
#4914 = ORIENTED_EDGE('',*,*,#4915,.F.);
#4915 = EDGE_CURVE('',#4916,#4916,#4918,.T.);
#4916 = VERTEX_POINT('',#4917);
#4917 = CARTESIAN_POINT('',(-16.31,1.42,11.98));
#4918 = SURFACE_CURVE('',#4919,(#4924,#4931),.PCURVE_S1.);
#4919 = CIRCLE('',#4920,0.31);
#4920 = AXIS2_PLACEMENT_3D('',#4921,#4922,#4923);
#4921 = CARTESIAN_POINT('',(-16.62,1.42,11.98));
#4922 = DIRECTION('',(0.,0.,1.));
#4923 = DIRECTION('',(1.,0.,-0.));
#4924 = PCURVE('',#3075,#4925);
#4925 = DEFINITIONAL_REPRESENTATION('',(#4926),#4930);
#4926 = CIRCLE('',#4927,0.31);
#4927 = AXIS2_PLACEMENT_2D('',#4928,#4929);
#4928 = CARTESIAN_POINT('',(0.,0.));
#4929 = DIRECTION('',(1.,0.));
#4930 = ( GEOMETRIC_REPRESENTATION_CONTEXT(2) 
PARAMETRIC_REPRESENTATION_CONTEXT() REPRESENTATION_CONTEXT('2D SPACE',''
  ) );
#4931 = PCURVE('',#4932,#4937);
#4932 = CYLINDRICAL_SURFACE('',#4933,0.31);
#4933 = AXIS2_PLACEMENT_3D('',#4934,#4935,#4936);
#4934 = CARTESIAN_POINT('',(-16.62,1.42,11.88));
#4935 = DIRECTION('',(0.,0.,1.));
#4936 = DIRECTION('',(1.,0.,-0.));
#4937 = DEFINITIONAL_REPRESENTATION('',(#4938),#4942);
#4938 = LINE('',#4939,#4940);
#4939 = CARTESIAN_POINT('',(0.,1.E-01));
#4940 = VECTOR('',#4941,1.);
#4941 = DIRECTION('',(1.,0.));
#4942 = ( GEOMETRIC_REPRESENTATION_CONTEXT(2) 
PARAMETRIC_REPRESENTATION_CONTEXT() REPRESENTATION_CONTEXT('2D SPACE',''
  ) );
#4943 = ADVANCED_FACE('',(#4944,#4947),#3130,.T.);
#4944 = FACE_BOUND('',#4945,.T.);
#4945 = EDGE_LOOP('',(#4946));
#4946 = ORIENTED_EDGE('',*,*,#3113,.T.);
#4947 = FACE_BOUND('',#4948,.T.);
#4948 = EDGE_LOOP('',(#4949));
#4949 = ORIENTED_EDGE('',*,*,#4950,.F.);
#4950 = EDGE_CURVE('',#4951,#4951,#4953,.T.);
#4951 = VERTEX_POINT('',#4952);
#4952 = CARTESIAN_POINT('',(-13.54,1.42,11.98));
#4953 = SURFACE_CURVE('',#4954,(#4959,#4966),.PCURVE_S1.);
#4954 = CIRCLE('',#4955,0.31);
#4955 = AXIS2_PLACEMENT_3D('',#4956,#4957,#4958);
#4956 = CARTESIAN_POINT('',(-13.85,1.42,11.98));
#4957 = DIRECTION('',(0.,0.,1.));
#4958 = DIRECTION('',(1.,0.,-0.));
#4959 = PCURVE('',#3130,#4960);
#4960 = DEFINITIONAL_REPRESENTATION('',(#4961),#4965);
#4961 = CIRCLE('',#4962,0.31);
#4962 = AXIS2_PLACEMENT_2D('',#4963,#4964);
#4963 = CARTESIAN_POINT('',(0.,0.));
#4964 = DIRECTION('',(1.,0.));
#4965 = ( GEOMETRIC_REPRESENTATION_CONTEXT(2) 
PARAMETRIC_REPRESENTATION_CONTEXT() REPRESENTATION_CONTEXT('2D SPACE',''
  ) );
#4966 = PCURVE('',#4967,#4972);
#4967 = CYLINDRICAL_SURFACE('',#4968,0.31);
#4968 = AXIS2_PLACEMENT_3D('',#4969,#4970,#4971);
#4969 = CARTESIAN_POINT('',(-13.85,1.42,11.88));
#4970 = DIRECTION('',(0.,0.,1.));
#4971 = DIRECTION('',(1.,0.,-0.));
#4972 = DEFINITIONAL_REPRESENTATION('',(#4973),#4977);
#4973 = LINE('',#4974,#4975);
#4974 = CARTESIAN_POINT('',(0.,1.E-01));
#4975 = VECTOR('',#4976,1.);
#4976 = DIRECTION('',(1.,0.));
#4977 = ( GEOMETRIC_REPRESENTATION_CONTEXT(2) 
PARAMETRIC_REPRESENTATION_CONTEXT() REPRESENTATION_CONTEXT('2D SPACE',''
  ) );
#4978 = ADVANCED_FACE('',(#4979,#4982),#3185,.T.);
#4979 = FACE_BOUND('',#4980,.T.);
#4980 = EDGE_LOOP('',(#4981));
#4981 = ORIENTED_EDGE('',*,*,#3168,.T.);
#4982 = FACE_BOUND('',#4983,.T.);
#4983 = EDGE_LOOP('',(#4984));
#4984 = ORIENTED_EDGE('',*,*,#4985,.F.);
#4985 = EDGE_CURVE('',#4986,#4986,#4988,.T.);
#4986 = VERTEX_POINT('',#4987);
#4987 = CARTESIAN_POINT('',(-10.77,1.42,11.98));
#4988 = SURFACE_CURVE('',#4989,(#4994,#5001),.PCURVE_S1.);
#4989 = CIRCLE('',#4990,0.31);
#4990 = AXIS2_PLACEMENT_3D('',#4991,#4992,#4993);
#4991 = CARTESIAN_POINT('',(-11.08,1.42,11.98));
#4992 = DIRECTION('',(0.,0.,1.));
#4993 = DIRECTION('',(1.,0.,-0.));
#4994 = PCURVE('',#3185,#4995);
#4995 = DEFINITIONAL_REPRESENTATION('',(#4996),#5000);
#4996 = CIRCLE('',#4997,0.31);
#4997 = AXIS2_PLACEMENT_2D('',#4998,#4999);
#4998 = CARTESIAN_POINT('',(0.,0.));
#4999 = DIRECTION('',(1.,0.));
#5000 = ( GEOMETRIC_REPRESENTATION_CONTEXT(2) 
PARAMETRIC_REPRESENTATION_CONTEXT() REPRESENTATION_CONTEXT('2D SPACE',''
  ) );
#5001 = PCURVE('',#5002,#5007);
#5002 = CYLINDRICAL_SURFACE('',#5003,0.31);
#5003 = AXIS2_PLACEMENT_3D('',#5004,#5005,#5006);
#5004 = CARTESIAN_POINT('',(-11.08,1.42,11.88));
#5005 = DIRECTION('',(0.,0.,1.));
#5006 = DIRECTION('',(1.,0.,-0.));
#5007 = DEFINITIONAL_REPRESENTATION('',(#5008),#5012);
#5008 = LINE('',#5009,#5010);
#5009 = CARTESIAN_POINT('',(0.,1.E-01));
#5010 = VECTOR('',#5011,1.);
#5011 = DIRECTION('',(1.,0.));
#5012 = ( GEOMETRIC_REPRESENTATION_CONTEXT(2) 
PARAMETRIC_REPRESENTATION_CONTEXT() REPRESENTATION_CONTEXT('2D SPACE',''
  ) );
#5013 = ADVANCED_FACE('',(#5014,#5017),#3240,.T.);
#5014 = FACE_BOUND('',#5015,.T.);
#5015 = EDGE_LOOP('',(#5016));
#5016 = ORIENTED_EDGE('',*,*,#3223,.T.);
#5017 = FACE_BOUND('',#5018,.T.);
#5018 = EDGE_LOOP('',(#5019));
#5019 = ORIENTED_EDGE('',*,*,#5020,.F.);
#5020 = EDGE_CURVE('',#5021,#5021,#5023,.T.);
#5021 = VERTEX_POINT('',#5022);
#5022 = CARTESIAN_POINT('',(-8.,1.42,11.98));
#5023 = SURFACE_CURVE('',#5024,(#5029,#5036),.PCURVE_S1.);
#5024 = CIRCLE('',#5025,0.31);
#5025 = AXIS2_PLACEMENT_3D('',#5026,#5027,#5028);
#5026 = CARTESIAN_POINT('',(-8.31,1.42,11.98));
#5027 = DIRECTION('',(0.,0.,1.));
#5028 = DIRECTION('',(1.,0.,-0.));
#5029 = PCURVE('',#3240,#5030);
#5030 = DEFINITIONAL_REPRESENTATION('',(#5031),#5035);
#5031 = CIRCLE('',#5032,0.31);
#5032 = AXIS2_PLACEMENT_2D('',#5033,#5034);
#5033 = CARTESIAN_POINT('',(0.,0.));
#5034 = DIRECTION('',(1.,0.));
#5035 = ( GEOMETRIC_REPRESENTATION_CONTEXT(2) 
PARAMETRIC_REPRESENTATION_CONTEXT() REPRESENTATION_CONTEXT('2D SPACE',''
  ) );
#5036 = PCURVE('',#5037,#5042);
#5037 = CYLINDRICAL_SURFACE('',#5038,0.31);
#5038 = AXIS2_PLACEMENT_3D('',#5039,#5040,#5041);
#5039 = CARTESIAN_POINT('',(-8.31,1.42,11.88));
#5040 = DIRECTION('',(0.,0.,1.));
#5041 = DIRECTION('',(1.,0.,-0.));
#5042 = DEFINITIONAL_REPRESENTATION('',(#5043),#5047);
#5043 = LINE('',#5044,#5045);
#5044 = CARTESIAN_POINT('',(0.,1.E-01));
#5045 = VECTOR('',#5046,1.);
#5046 = DIRECTION('',(1.,0.));
#5047 = ( GEOMETRIC_REPRESENTATION_CONTEXT(2) 
PARAMETRIC_REPRESENTATION_CONTEXT() REPRESENTATION_CONTEXT('2D SPACE',''
  ) );
#5048 = ADVANCED_FACE('',(#5049,#5052),#3295,.T.);
#5049 = FACE_BOUND('',#5050,.T.);
#5050 = EDGE_LOOP('',(#5051));
#5051 = ORIENTED_EDGE('',*,*,#3278,.T.);
#5052 = FACE_BOUND('',#5053,.T.);
#5053 = EDGE_LOOP('',(#5054));
#5054 = ORIENTED_EDGE('',*,*,#5055,.F.);
#5055 = EDGE_CURVE('',#5056,#5056,#5058,.T.);
#5056 = VERTEX_POINT('',#5057);
#5057 = CARTESIAN_POINT('',(-5.23,1.42,11.98));
#5058 = SURFACE_CURVE('',#5059,(#5064,#5071),.PCURVE_S1.);
#5059 = CIRCLE('',#5060,0.31);
#5060 = AXIS2_PLACEMENT_3D('',#5061,#5062,#5063);
#5061 = CARTESIAN_POINT('',(-5.54,1.42,11.98));
#5062 = DIRECTION('',(0.,0.,1.));
#5063 = DIRECTION('',(1.,0.,-0.));
#5064 = PCURVE('',#3295,#5065);
#5065 = DEFINITIONAL_REPRESENTATION('',(#5066),#5070);
#5066 = CIRCLE('',#5067,0.31);
#5067 = AXIS2_PLACEMENT_2D('',#5068,#5069);
#5068 = CARTESIAN_POINT('',(0.,0.));
#5069 = DIRECTION('',(1.,0.));
#5070 = ( GEOMETRIC_REPRESENTATION_CONTEXT(2) 
PARAMETRIC_REPRESENTATION_CONTEXT() REPRESENTATION_CONTEXT('2D SPACE',''
  ) );
#5071 = PCURVE('',#5072,#5077);
#5072 = CYLINDRICAL_SURFACE('',#5073,0.31);
#5073 = AXIS2_PLACEMENT_3D('',#5074,#5075,#5076);
#5074 = CARTESIAN_POINT('',(-5.54,1.42,11.88));
#5075 = DIRECTION('',(0.,0.,1.));
#5076 = DIRECTION('',(1.,0.,-0.));
#5077 = DEFINITIONAL_REPRESENTATION('',(#5078),#5082);
#5078 = LINE('',#5079,#5080);
#5079 = CARTESIAN_POINT('',(0.,1.E-01));
#5080 = VECTOR('',#5081,1.);
#5081 = DIRECTION('',(1.,0.));
#5082 = ( GEOMETRIC_REPRESENTATION_CONTEXT(2) 
PARAMETRIC_REPRESENTATION_CONTEXT() REPRESENTATION_CONTEXT('2D SPACE',''
  ) );
#5083 = ADVANCED_FACE('',(#5084,#5087),#3350,.T.);
#5084 = FACE_BOUND('',#5085,.T.);
#5085 = EDGE_LOOP('',(#5086));
#5086 = ORIENTED_EDGE('',*,*,#3333,.T.);
#5087 = FACE_BOUND('',#5088,.T.);
#5088 = EDGE_LOOP('',(#5089));
#5089 = ORIENTED_EDGE('',*,*,#5090,.F.);
#5090 = EDGE_CURVE('',#5091,#5091,#5093,.T.);
#5091 = VERTEX_POINT('',#5092);
#5092 = CARTESIAN_POINT('',(-2.46,1.42,11.98));
#5093 = SURFACE_CURVE('',#5094,(#5099,#5106),.PCURVE_S1.);
#5094 = CIRCLE('',#5095,0.31);
#5095 = AXIS2_PLACEMENT_3D('',#5096,#5097,#5098);
#5096 = CARTESIAN_POINT('',(-2.77,1.42,11.98));
#5097 = DIRECTION('',(0.,0.,1.));
#5098 = DIRECTION('',(1.,0.,-0.));
#5099 = PCURVE('',#3350,#5100);
#5100 = DEFINITIONAL_REPRESENTATION('',(#5101),#5105);
#5101 = CIRCLE('',#5102,0.31);
#5102 = AXIS2_PLACEMENT_2D('',#5103,#5104);
#5103 = CARTESIAN_POINT('',(0.,0.));
#5104 = DIRECTION('',(1.,0.));
#5105 = ( GEOMETRIC_REPRESENTATION_CONTEXT(2) 
PARAMETRIC_REPRESENTATION_CONTEXT() REPRESENTATION_CONTEXT('2D SPACE',''
  ) );
#5106 = PCURVE('',#5107,#5112);
#5107 = CYLINDRICAL_SURFACE('',#5108,0.31);
#5108 = AXIS2_PLACEMENT_3D('',#5109,#5110,#5111);
#5109 = CARTESIAN_POINT('',(-2.77,1.42,11.88));
#5110 = DIRECTION('',(0.,0.,1.));
#5111 = DIRECTION('',(1.,0.,-0.));
#5112 = DEFINITIONAL_REPRESENTATION('',(#5113),#5117);
#5113 = LINE('',#5114,#5115);
#5114 = CARTESIAN_POINT('',(0.,1.E-01));
#5115 = VECTOR('',#5116,1.);
#5116 = DIRECTION('',(1.,0.));
#5117 = ( GEOMETRIC_REPRESENTATION_CONTEXT(2) 
PARAMETRIC_REPRESENTATION_CONTEXT() REPRESENTATION_CONTEXT('2D SPACE',''
  ) );
#5118 = ADVANCED_FACE('',(#5119,#5122),#3405,.T.);
#5119 = FACE_BOUND('',#5120,.T.);
#5120 = EDGE_LOOP('',(#5121));
#5121 = ORIENTED_EDGE('',*,*,#3388,.T.);
#5122 = FACE_BOUND('',#5123,.T.);
#5123 = EDGE_LOOP('',(#5124));
#5124 = ORIENTED_EDGE('',*,*,#5125,.F.);
#5125 = EDGE_CURVE('',#5126,#5126,#5128,.T.);
#5126 = VERTEX_POINT('',#5127);
#5127 = CARTESIAN_POINT('',(0.31,1.42,11.98));
#5128 = SURFACE_CURVE('',#5129,(#5134,#5141),.PCURVE_S1.);
#5129 = CIRCLE('',#5130,0.31);
#5130 = AXIS2_PLACEMENT_3D('',#5131,#5132,#5133);
#5131 = CARTESIAN_POINT('',(0.,1.42,11.98));
#5132 = DIRECTION('',(0.,0.,1.));
#5133 = DIRECTION('',(1.,0.,-0.));
#5134 = PCURVE('',#3405,#5135);
#5135 = DEFINITIONAL_REPRESENTATION('',(#5136),#5140);
#5136 = CIRCLE('',#5137,0.31);
#5137 = AXIS2_PLACEMENT_2D('',#5138,#5139);
#5138 = CARTESIAN_POINT('',(0.,0.));
#5139 = DIRECTION('',(1.,0.));
#5140 = ( GEOMETRIC_REPRESENTATION_CONTEXT(2) 
PARAMETRIC_REPRESENTATION_CONTEXT() REPRESENTATION_CONTEXT('2D SPACE',''
  ) );
#5141 = PCURVE('',#5142,#5147);
#5142 = CYLINDRICAL_SURFACE('',#5143,0.31);
#5143 = AXIS2_PLACEMENT_3D('',#5144,#5145,#5146);
#5144 = CARTESIAN_POINT('',(0.,1.42,11.88));
#5145 = DIRECTION('',(0.,0.,1.));
#5146 = DIRECTION('',(1.,0.,-0.));
#5147 = DEFINITIONAL_REPRESENTATION('',(#5148),#5152);
#5148 = LINE('',#5149,#5150);
#5149 = CARTESIAN_POINT('',(0.,1.E-01));
#5150 = VECTOR('',#5151,1.);
#5151 = DIRECTION('',(1.,0.));
#5152 = ( GEOMETRIC_REPRESENTATION_CONTEXT(2) 
PARAMETRIC_REPRESENTATION_CONTEXT() REPRESENTATION_CONTEXT('2D SPACE',''
  ) );
#5153 = ADVANCED_FACE('',(#5154,#5157),#3460,.T.);
#5154 = FACE_BOUND('',#5155,.T.);
#5155 = EDGE_LOOP('',(#5156));
#5156 = ORIENTED_EDGE('',*,*,#3443,.T.);
#5157 = FACE_BOUND('',#5158,.T.);
#5158 = EDGE_LOOP('',(#5159));
#5159 = ORIENTED_EDGE('',*,*,#5160,.F.);
#5160 = EDGE_CURVE('',#5161,#5161,#5163,.T.);
#5161 = VERTEX_POINT('',#5162);
#5162 = CARTESIAN_POINT('',(3.08,1.42,11.98));
#5163 = SURFACE_CURVE('',#5164,(#5169,#5176),.PCURVE_S1.);
#5164 = CIRCLE('',#5165,0.31);
#5165 = AXIS2_PLACEMENT_3D('',#5166,#5167,#5168);
#5166 = CARTESIAN_POINT('',(2.77,1.42,11.98));
#5167 = DIRECTION('',(0.,0.,1.));
#5168 = DIRECTION('',(1.,0.,-0.));
#5169 = PCURVE('',#3460,#5170);
#5170 = DEFINITIONAL_REPRESENTATION('',(#5171),#5175);
#5171 = CIRCLE('',#5172,0.31);
#5172 = AXIS2_PLACEMENT_2D('',#5173,#5174);
#5173 = CARTESIAN_POINT('',(0.,0.));
#5174 = DIRECTION('',(1.,0.));
#5175 = ( GEOMETRIC_REPRESENTATION_CONTEXT(2) 
PARAMETRIC_REPRESENTATION_CONTEXT() REPRESENTATION_CONTEXT('2D SPACE',''
  ) );
#5176 = PCURVE('',#5177,#5182);
#5177 = CYLINDRICAL_SURFACE('',#5178,0.31);
#5178 = AXIS2_PLACEMENT_3D('',#5179,#5180,#5181);
#5179 = CARTESIAN_POINT('',(2.77,1.42,11.88));
#5180 = DIRECTION('',(0.,0.,1.));
#5181 = DIRECTION('',(1.,0.,-0.));
#5182 = DEFINITIONAL_REPRESENTATION('',(#5183),#5187);
#5183 = LINE('',#5184,#5185);
#5184 = CARTESIAN_POINT('',(0.,1.E-01));
#5185 = VECTOR('',#5186,1.);
#5186 = DIRECTION('',(1.,0.));
#5187 = ( GEOMETRIC_REPRESENTATION_CONTEXT(2) 
PARAMETRIC_REPRESENTATION_CONTEXT() REPRESENTATION_CONTEXT('2D SPACE',''
  ) );
#5188 = ADVANCED_FACE('',(#5189,#5192),#3515,.T.);
#5189 = FACE_BOUND('',#5190,.T.);
#5190 = EDGE_LOOP('',(#5191));
#5191 = ORIENTED_EDGE('',*,*,#3498,.T.);
#5192 = FACE_BOUND('',#5193,.T.);
#5193 = EDGE_LOOP('',(#5194));
#5194 = ORIENTED_EDGE('',*,*,#5195,.F.);
#5195 = EDGE_CURVE('',#5196,#5196,#5198,.T.);
#5196 = VERTEX_POINT('',#5197);
#5197 = CARTESIAN_POINT('',(5.85,1.42,11.98));
#5198 = SURFACE_CURVE('',#5199,(#5204,#5211),.PCURVE_S1.);
#5199 = CIRCLE('',#5200,0.31);
#5200 = AXIS2_PLACEMENT_3D('',#5201,#5202,#5203);
#5201 = CARTESIAN_POINT('',(5.54,1.42,11.98));
#5202 = DIRECTION('',(0.,0.,1.));
#5203 = DIRECTION('',(1.,0.,-0.));
#5204 = PCURVE('',#3515,#5205);
#5205 = DEFINITIONAL_REPRESENTATION('',(#5206),#5210);
#5206 = CIRCLE('',#5207,0.31);
#5207 = AXIS2_PLACEMENT_2D('',#5208,#5209);
#5208 = CARTESIAN_POINT('',(0.,0.));
#5209 = DIRECTION('',(1.,0.));
#5210 = ( GEOMETRIC_REPRESENTATION_CONTEXT(2) 
PARAMETRIC_REPRESENTATION_CONTEXT() REPRESENTATION_CONTEXT('2D SPACE',''
  ) );
#5211 = PCURVE('',#5212,#5217);
#5212 = CYLINDRICAL_SURFACE('',#5213,0.31);
#5213 = AXIS2_PLACEMENT_3D('',#5214,#5215,#5216);
#5214 = CARTESIAN_POINT('',(5.54,1.42,11.88));
#5215 = DIRECTION('',(0.,0.,1.));
#5216 = DIRECTION('',(1.,0.,-0.));
#5217 = DEFINITIONAL_REPRESENTATION('',(#5218),#5222);
#5218 = LINE('',#5219,#5220);
#5219 = CARTESIAN_POINT('',(0.,1.E-01));
#5220 = VECTOR('',#5221,1.);
#5221 = DIRECTION('',(1.,0.));
#5222 = ( GEOMETRIC_REPRESENTATION_CONTEXT(2) 
PARAMETRIC_REPRESENTATION_CONTEXT() REPRESENTATION_CONTEXT('2D SPACE',''
  ) );
#5223 = ADVANCED_FACE('',(#5224,#5227),#3570,.T.);
#5224 = FACE_BOUND('',#5225,.T.);
#5225 = EDGE_LOOP('',(#5226));
#5226 = ORIENTED_EDGE('',*,*,#3553,.T.);
#5227 = FACE_BOUND('',#5228,.T.);
#5228 = EDGE_LOOP('',(#5229));
#5229 = ORIENTED_EDGE('',*,*,#5230,.F.);
#5230 = EDGE_CURVE('',#5231,#5231,#5233,.T.);
#5231 = VERTEX_POINT('',#5232);
#5232 = CARTESIAN_POINT('',(8.62,1.42,11.98));
#5233 = SURFACE_CURVE('',#5234,(#5239,#5246),.PCURVE_S1.);
#5234 = CIRCLE('',#5235,0.31);
#5235 = AXIS2_PLACEMENT_3D('',#5236,#5237,#5238);
#5236 = CARTESIAN_POINT('',(8.31,1.42,11.98));
#5237 = DIRECTION('',(0.,0.,1.));
#5238 = DIRECTION('',(1.,0.,-0.));
#5239 = PCURVE('',#3570,#5240);
#5240 = DEFINITIONAL_REPRESENTATION('',(#5241),#5245);
#5241 = CIRCLE('',#5242,0.31);
#5242 = AXIS2_PLACEMENT_2D('',#5243,#5244);
#5243 = CARTESIAN_POINT('',(0.,0.));
#5244 = DIRECTION('',(1.,0.));
#5245 = ( GEOMETRIC_REPRESENTATION_CONTEXT(2) 
PARAMETRIC_REPRESENTATION_CONTEXT() REPRESENTATION_CONTEXT('2D SPACE',''
  ) );
#5246 = PCURVE('',#5247,#5252);
#5247 = CYLINDRICAL_SURFACE('',#5248,0.31);
#5248 = AXIS2_PLACEMENT_3D('',#5249,#5250,#5251);
#5249 = CARTESIAN_POINT('',(8.31,1.42,11.88));
#5250 = DIRECTION('',(0.,0.,1.));
#5251 = DIRECTION('',(1.,0.,-0.));
#5252 = DEFINITIONAL_REPRESENTATION('',(#5253),#5257);
#5253 = LINE('',#5254,#5255);
#5254 = CARTESIAN_POINT('',(0.,1.E-01));
#5255 = VECTOR('',#5256,1.);
#5256 = DIRECTION('',(1.,0.));
#5257 = ( GEOMETRIC_REPRESENTATION_CONTEXT(2) 
PARAMETRIC_REPRESENTATION_CONTEXT() REPRESENTATION_CONTEXT('2D SPACE',''
  ) );
#5258 = ADVANCED_FACE('',(#5259,#5262),#3625,.T.);
#5259 = FACE_BOUND('',#5260,.T.);
#5260 = EDGE_LOOP('',(#5261));
#5261 = ORIENTED_EDGE('',*,*,#3608,.T.);
#5262 = FACE_BOUND('',#5263,.T.);
#5263 = EDGE_LOOP('',(#5264));
#5264 = ORIENTED_EDGE('',*,*,#5265,.F.);
#5265 = EDGE_CURVE('',#5266,#5266,#5268,.T.);
#5266 = VERTEX_POINT('',#5267);
#5267 = CARTESIAN_POINT('',(11.39,1.42,11.98));
#5268 = SURFACE_CURVE('',#5269,(#5274,#5281),.PCURVE_S1.);
#5269 = CIRCLE('',#5270,0.31);
#5270 = AXIS2_PLACEMENT_3D('',#5271,#5272,#5273);
#5271 = CARTESIAN_POINT('',(11.08,1.42,11.98));
#5272 = DIRECTION('',(0.,0.,1.));
#5273 = DIRECTION('',(1.,0.,-0.));
#5274 = PCURVE('',#3625,#5275);
#5275 = DEFINITIONAL_REPRESENTATION('',(#5276),#5280);
#5276 = CIRCLE('',#5277,0.31);
#5277 = AXIS2_PLACEMENT_2D('',#5278,#5279);
#5278 = CARTESIAN_POINT('',(0.,0.));
#5279 = DIRECTION('',(1.,0.));
#5280 = ( GEOMETRIC_REPRESENTATION_CONTEXT(2) 
PARAMETRIC_REPRESENTATION_CONTEXT() REPRESENTATION_CONTEXT('2D SPACE',''
  ) );
#5281 = PCURVE('',#5282,#5287);
#5282 = CYLINDRICAL_SURFACE('',#5283,0.31);
#5283 = AXIS2_PLACEMENT_3D('',#5284,#5285,#5286);
#5284 = CARTESIAN_POINT('',(11.08,1.42,11.88));
#5285 = DIRECTION('',(0.,0.,1.));
#5286 = DIRECTION('',(1.,0.,-0.));
#5287 = DEFINITIONAL_REPRESENTATION('',(#5288),#5292);
#5288 = LINE('',#5289,#5290);
#5289 = CARTESIAN_POINT('',(0.,1.E-01));
#5290 = VECTOR('',#5291,1.);
#5291 = DIRECTION('',(1.,0.));
#5292 = ( GEOMETRIC_REPRESENTATION_CONTEXT(2) 
PARAMETRIC_REPRESENTATION_CONTEXT() REPRESENTATION_CONTEXT('2D SPACE',''
  ) );
#5293 = ADVANCED_FACE('',(#5294,#5297),#3680,.T.);
#5294 = FACE_BOUND('',#5295,.T.);
#5295 = EDGE_LOOP('',(#5296));
#5296 = ORIENTED_EDGE('',*,*,#3663,.T.);
#5297 = FACE_BOUND('',#5298,.T.);
#5298 = EDGE_LOOP('',(#5299));
#5299 = ORIENTED_EDGE('',*,*,#5300,.F.);
#5300 = EDGE_CURVE('',#5301,#5301,#5303,.T.);
#5301 = VERTEX_POINT('',#5302);
#5302 = CARTESIAN_POINT('',(14.16,1.42,11.98));
#5303 = SURFACE_CURVE('',#5304,(#5309,#5316),.PCURVE_S1.);
#5304 = CIRCLE('',#5305,0.31);
#5305 = AXIS2_PLACEMENT_3D('',#5306,#5307,#5308);
#5306 = CARTESIAN_POINT('',(13.85,1.42,11.98));
#5307 = DIRECTION('',(0.,0.,1.));
#5308 = DIRECTION('',(1.,0.,-0.));
#5309 = PCURVE('',#3680,#5310);
#5310 = DEFINITIONAL_REPRESENTATION('',(#5311),#5315);
#5311 = CIRCLE('',#5312,0.31);
#5312 = AXIS2_PLACEMENT_2D('',#5313,#5314);
#5313 = CARTESIAN_POINT('',(0.,0.));
#5314 = DIRECTION('',(1.,0.));
#5315 = ( GEOMETRIC_REPRESENTATION_CONTEXT(2) 
PARAMETRIC_REPRESENTATION_CONTEXT() REPRESENTATION_CONTEXT('2D SPACE',''
  ) );
#5316 = PCURVE('',#5317,#5322);
#5317 = CYLINDRICAL_SURFACE('',#5318,0.31);
#5318 = AXIS2_PLACEMENT_3D('',#5319,#5320,#5321);
#5319 = CARTESIAN_POINT('',(13.85,1.42,11.88));
#5320 = DIRECTION('',(0.,0.,1.));
#5321 = DIRECTION('',(1.,0.,-0.));
#5322 = DEFINITIONAL_REPRESENTATION('',(#5323),#5327);
#5323 = LINE('',#5324,#5325);
#5324 = CARTESIAN_POINT('',(0.,1.E-01));
#5325 = VECTOR('',#5326,1.);
#5326 = DIRECTION('',(1.,0.));
#5327 = ( GEOMETRIC_REPRESENTATION_CONTEXT(2) 
PARAMETRIC_REPRESENTATION_CONTEXT() REPRESENTATION_CONTEXT('2D SPACE',''
  ) );
#5328 = ADVANCED_FACE('',(#5329,#5332),#3735,.T.);
#5329 = FACE_BOUND('',#5330,.T.);
#5330 = EDGE_LOOP('',(#5331));
#5331 = ORIENTED_EDGE('',*,*,#3718,.T.);
#5332 = FACE_BOUND('',#5333,.T.);
#5333 = EDGE_LOOP('',(#5334));
#5334 = ORIENTED_EDGE('',*,*,#5335,.F.);
#5335 = EDGE_CURVE('',#5336,#5336,#5338,.T.);
#5336 = VERTEX_POINT('',#5337);
#5337 = CARTESIAN_POINT('',(16.93,1.42,11.98));
#5338 = SURFACE_CURVE('',#5339,(#5344,#5351),.PCURVE_S1.);
#5339 = CIRCLE('',#5340,0.31);
#5340 = AXIS2_PLACEMENT_3D('',#5341,#5342,#5343);
#5341 = CARTESIAN_POINT('',(16.62,1.42,11.98));
#5342 = DIRECTION('',(0.,0.,1.));
#5343 = DIRECTION('',(1.,0.,-0.));
#5344 = PCURVE('',#3735,#5345);
#5345 = DEFINITIONAL_REPRESENTATION('',(#5346),#5350);
#5346 = CIRCLE('',#5347,0.31);
#5347 = AXIS2_PLACEMENT_2D('',#5348,#5349);
#5348 = CARTESIAN_POINT('',(0.,0.));
#5349 = DIRECTION('',(1.,0.));
#5350 = ( GEOMETRIC_REPRESENTATION_CONTEXT(2) 
PARAMETRIC_REPRESENTATION_CONTEXT() REPRESENTATION_CONTEXT('2D SPACE',''
  ) );
#5351 = PCURVE('',#5352,#5357);
#5352 = CYLINDRICAL_SURFACE('',#5353,0.31);
#5353 = AXIS2_PLACEMENT_3D('',#5354,#5355,#5356);
#5354 = CARTESIAN_POINT('',(16.62,1.42,11.88));
#5355 = DIRECTION('',(0.,0.,1.));
#5356 = DIRECTION('',(1.,0.,-0.));
#5357 = DEFINITIONAL_REPRESENTATION('',(#5358),#5362);
#5358 = LINE('',#5359,#5360);
#5359 = CARTESIAN_POINT('',(0.,1.E-01));
#5360 = VECTOR('',#5361,1.);
#5361 = DIRECTION('',(1.,0.));
#5362 = ( GEOMETRIC_REPRESENTATION_CONTEXT(2) 
PARAMETRIC_REPRESENTATION_CONTEXT() REPRESENTATION_CONTEXT('2D SPACE',''
  ) );
#5363 = ADVANCED_FACE('',(#5364,#5367),#3790,.T.);
#5364 = FACE_BOUND('',#5365,.T.);
#5365 = EDGE_LOOP('',(#5366));
#5366 = ORIENTED_EDGE('',*,*,#3773,.T.);
#5367 = FACE_BOUND('',#5368,.T.);
#5368 = EDGE_LOOP('',(#5369));
#5369 = ORIENTED_EDGE('',*,*,#5370,.F.);
#5370 = EDGE_CURVE('',#5371,#5371,#5373,.T.);
#5371 = VERTEX_POINT('',#5372);
#5372 = CARTESIAN_POINT('',(19.7,1.42,11.98));
#5373 = SURFACE_CURVE('',#5374,(#5379,#5386),.PCURVE_S1.);
#5374 = CIRCLE('',#5375,0.31);
#5375 = AXIS2_PLACEMENT_3D('',#5376,#5377,#5378);
#5376 = CARTESIAN_POINT('',(19.39,1.42,11.98));
#5377 = DIRECTION('',(0.,0.,1.));
#5378 = DIRECTION('',(1.,0.,-0.));
#5379 = PCURVE('',#3790,#5380);
#5380 = DEFINITIONAL_REPRESENTATION('',(#5381),#5385);
#5381 = CIRCLE('',#5382,0.31);
#5382 = AXIS2_PLACEMENT_2D('',#5383,#5384);
#5383 = CARTESIAN_POINT('',(0.,0.));
#5384 = DIRECTION('',(1.,0.));
#5385 = ( GEOMETRIC_REPRESENTATION_CONTEXT(2) 
PARAMETRIC_REPRESENTATION_CONTEXT() REPRESENTATION_CONTEXT('2D SPACE',''
  ) );
#5386 = PCURVE('',#5387,#5392);
#5387 = CYLINDRICAL_SURFACE('',#5388,0.31);
#5388 = AXIS2_PLACEMENT_3D('',#5389,#5390,#5391);
#5389 = CARTESIAN_POINT('',(19.39,1.42,11.88));
#5390 = DIRECTION('',(0.,0.,1.));
#5391 = DIRECTION('',(1.,0.,-0.));
#5392 = DEFINITIONAL_REPRESENTATION('',(#5393),#5397);
#5393 = LINE('',#5394,#5395);
#5394 = CARTESIAN_POINT('',(0.,1.E-01));
#5395 = VECTOR('',#5396,1.);
#5396 = DIRECTION('',(1.,0.));
#5397 = ( GEOMETRIC_REPRESENTATION_CONTEXT(2) 
PARAMETRIC_REPRESENTATION_CONTEXT() REPRESENTATION_CONTEXT('2D SPACE',''
  ) );
#5398 = ADVANCED_FACE('',(#5399,#5402),#3845,.T.);
#5399 = FACE_BOUND('',#5400,.T.);
#5400 = EDGE_LOOP('',(#5401));
#5401 = ORIENTED_EDGE('',*,*,#3828,.T.);
#5402 = FACE_BOUND('',#5403,.T.);
#5403 = EDGE_LOOP('',(#5404));
#5404 = ORIENTED_EDGE('',*,*,#5405,.F.);
#5405 = EDGE_CURVE('',#5406,#5406,#5408,.T.);
#5406 = VERTEX_POINT('',#5407);
#5407 = CARTESIAN_POINT('',(22.47,1.42,11.98));
#5408 = SURFACE_CURVE('',#5409,(#5414,#5421),.PCURVE_S1.);
#5409 = CIRCLE('',#5410,0.31);
#5410 = AXIS2_PLACEMENT_3D('',#5411,#5412,#5413);
#5411 = CARTESIAN_POINT('',(22.16,1.42,11.98));
#5412 = DIRECTION('',(0.,0.,1.));
#5413 = DIRECTION('',(1.,0.,-0.));
#5414 = PCURVE('',#3845,#5415);
#5415 = DEFINITIONAL_REPRESENTATION('',(#5416),#5420);
#5416 = CIRCLE('',#5417,0.31);
#5417 = AXIS2_PLACEMENT_2D('',#5418,#5419);
#5418 = CARTESIAN_POINT('',(0.,0.));
#5419 = DIRECTION('',(1.,0.));
#5420 = ( GEOMETRIC_REPRESENTATION_CONTEXT(2) 
PARAMETRIC_REPRESENTATION_CONTEXT() REPRESENTATION_CONTEXT('2D SPACE',''
  ) );
#5421 = PCURVE('',#5422,#5427);
#5422 = CYLINDRICAL_SURFACE('',#5423,0.31);
#5423 = AXIS2_PLACEMENT_3D('',#5424,#5425,#5426);
#5424 = CARTESIAN_POINT('',(22.16,1.42,11.88));
#5425 = DIRECTION('',(0.,0.,1.));
#5426 = DIRECTION('',(1.,0.,-0.));
#5427 = DEFINITIONAL_REPRESENTATION('',(#5428),#5432);
#5428 = LINE('',#5429,#5430);
#5429 = CARTESIAN_POINT('',(0.,1.E-01));
#5430 = VECTOR('',#5431,1.);
#5431 = DIRECTION('',(1.,0.));
#5432 = ( GEOMETRIC_REPRESENTATION_CONTEXT(2) 
PARAMETRIC_REPRESENTATION_CONTEXT() REPRESENTATION_CONTEXT('2D SPACE',''
  ) );
#5433 = ADVANCED_FACE('',(#5434,#5437),#3900,.T.);
#5434 = FACE_BOUND('',#5435,.T.);
#5435 = EDGE_LOOP('',(#5436));
#5436 = ORIENTED_EDGE('',*,*,#3883,.T.);
#5437 = FACE_BOUND('',#5438,.T.);
#5438 = EDGE_LOOP('',(#5439));
#5439 = ORIENTED_EDGE('',*,*,#5440,.F.);
#5440 = EDGE_CURVE('',#5441,#5441,#5443,.T.);
#5441 = VERTEX_POINT('',#5442);
#5442 = CARTESIAN_POINT('',(25.24,1.42,11.98));
#5443 = SURFACE_CURVE('',#5444,(#5449,#5456),.PCURVE_S1.);
#5444 = CIRCLE('',#5445,0.31);
#5445 = AXIS2_PLACEMENT_3D('',#5446,#5447,#5448);
#5446 = CARTESIAN_POINT('',(24.93,1.42,11.98));
#5447 = DIRECTION('',(0.,0.,1.));
#5448 = DIRECTION('',(1.,0.,-0.));
#5449 = PCURVE('',#3900,#5450);
#5450 = DEFINITIONAL_REPRESENTATION('',(#5451),#5455);
#5451 = CIRCLE('',#5452,0.31);
#5452 = AXIS2_PLACEMENT_2D('',#5453,#5454);
#5453 = CARTESIAN_POINT('',(0.,0.));
#5454 = DIRECTION('',(1.,0.));
#5455 = ( GEOMETRIC_REPRESENTATION_CONTEXT(2) 
PARAMETRIC_REPRESENTATION_CONTEXT() REPRESENTATION_CONTEXT('2D SPACE',''
  ) );
#5456 = PCURVE('',#5457,#5462);
#5457 = CYLINDRICAL_SURFACE('',#5458,0.31);
#5458 = AXIS2_PLACEMENT_3D('',#5459,#5460,#5461);
#5459 = CARTESIAN_POINT('',(24.93,1.42,11.88));
#5460 = DIRECTION('',(0.,0.,1.));
#5461 = DIRECTION('',(1.,0.,-0.));
#5462 = DEFINITIONAL_REPRESENTATION('',(#5463),#5467);
#5463 = LINE('',#5464,#5465);
#5464 = CARTESIAN_POINT('',(0.,1.E-01));
#5465 = VECTOR('',#5466,1.);
#5466 = DIRECTION('',(1.,0.));
#5467 = ( GEOMETRIC_REPRESENTATION_CONTEXT(2) 
PARAMETRIC_REPRESENTATION_CONTEXT() REPRESENTATION_CONTEXT('2D SPACE',''
  ) );
#5468 = ADVANCED_FACE('',(#5469),#3985,.F.);
#5469 = FACE_BOUND('',#5470,.F.);
#5470 = EDGE_LOOP('',(#5471,#5501,#5522,#5523));
#5471 = ORIENTED_EDGE('',*,*,#5472,.F.);
#5472 = EDGE_CURVE('',#5473,#5475,#5477,.T.);
#5473 = VERTEX_POINT('',#5474);
#5474 = CARTESIAN_POINT('',(-25.33837487715,-4.4,10.14));
#5475 = VERTEX_POINT('',#5476);
#5476 = CARTESIAN_POINT('',(25.338374877158,-4.4,10.14));
#5477 = SURFACE_CURVE('',#5478,(#5482,#5489),.PCURVE_S1.);
#5478 = LINE('',#5479,#5480);
#5479 = CARTESIAN_POINT('',(-26.1794,-4.4,10.14));
#5480 = VECTOR('',#5481,1.);
#5481 = DIRECTION('',(1.,0.,0.));
#5482 = PCURVE('',#3985,#5483);
#5483 = DEFINITIONAL_REPRESENTATION('',(#5484),#5488);
#5484 = LINE('',#5485,#5486);
#5485 = CARTESIAN_POINT('',(0.,0.));
#5486 = VECTOR('',#5487,1.);
#5487 = DIRECTION('',(1.,0.));
#5488 = ( GEOMETRIC_REPRESENTATION_CONTEXT(2) 
PARAMETRIC_REPRESENTATION_CONTEXT() REPRESENTATION_CONTEXT('2D SPACE',''
  ) );
#5489 = PCURVE('',#5490,#5495);
#5490 = PLANE('',#5491);
#5491 = AXIS2_PLACEMENT_3D('',#5492,#5493,#5494);
#5492 = CARTESIAN_POINT('',(6.64866543709E-16,0.121164639677,10.14));
#5493 = DIRECTION('',(0.,0.,1.));
#5494 = DIRECTION('',(1.,0.,-0.));
#5495 = DEFINITIONAL_REPRESENTATION('',(#5496),#5500);
#5496 = LINE('',#5497,#5498);
#5497 = CARTESIAN_POINT('',(-26.1794,-4.521164639677));
#5498 = VECTOR('',#5499,1.);
#5499 = DIRECTION('',(1.,0.));
#5500 = ( GEOMETRIC_REPRESENTATION_CONTEXT(2) 
PARAMETRIC_REPRESENTATION_CONTEXT() REPRESENTATION_CONTEXT('2D SPACE',''
  ) );
#5501 = ORIENTED_EDGE('',*,*,#5502,.T.);
#5502 = EDGE_CURVE('',#5473,#3968,#5503,.T.);
#5503 = SURFACE_CURVE('',#5504,(#5508,#5515),.PCURVE_S1.);
#5504 = LINE('',#5505,#5506);
#5505 = CARTESIAN_POINT('',(-25.33837487715,-4.4,10.14));
#5506 = VECTOR('',#5507,1.);
#5507 = DIRECTION('',(0.,0.,1.));
#5508 = PCURVE('',#3985,#5509);
#5509 = DEFINITIONAL_REPRESENTATION('',(#5510),#5514);
#5510 = LINE('',#5511,#5512);
#5511 = CARTESIAN_POINT('',(0.841025122842,0.));
#5512 = VECTOR('',#5513,1.);
#5513 = DIRECTION('',(0.,-1.));
#5514 = ( GEOMETRIC_REPRESENTATION_CONTEXT(2) 
PARAMETRIC_REPRESENTATION_CONTEXT() REPRESENTATION_CONTEXT('2D SPACE',''
  ) );
#5515 = PCURVE('',#4187,#5516);
#5516 = DEFINITIONAL_REPRESENTATION('',(#5517),#5521);
#5517 = LINE('',#5518,#5519);
#5518 = CARTESIAN_POINT('',(-0.,0.));
#5519 = VECTOR('',#5520,1.);
#5520 = DIRECTION('',(-0.,1.));
#5521 = ( GEOMETRIC_REPRESENTATION_CONTEXT(2) 
PARAMETRIC_REPRESENTATION_CONTEXT() REPRESENTATION_CONTEXT('2D SPACE',''
  ) );
#5522 = ORIENTED_EDGE('',*,*,#3967,.T.);
#5523 = ORIENTED_EDGE('',*,*,#5524,.F.);
#5524 = EDGE_CURVE('',#5475,#3970,#5525,.T.);
#5525 = SURFACE_CURVE('',#5526,(#5530,#5537),.PCURVE_S1.);
#5526 = LINE('',#5527,#5528);
#5527 = CARTESIAN_POINT('',(25.338374877158,-4.4,10.14));
#5528 = VECTOR('',#5529,1.);
#5529 = DIRECTION('',(0.,0.,1.));
#5530 = PCURVE('',#3985,#5531);
#5531 = DEFINITIONAL_REPRESENTATION('',(#5532),#5536);
#5532 = LINE('',#5533,#5534);
#5533 = CARTESIAN_POINT('',(51.517774877158,0.));
#5534 = VECTOR('',#5535,1.);
#5535 = DIRECTION('',(0.,-1.));
#5536 = ( GEOMETRIC_REPRESENTATION_CONTEXT(2) 
PARAMETRIC_REPRESENTATION_CONTEXT() REPRESENTATION_CONTEXT('2D SPACE',''
  ) );
#5537 = PCURVE('',#4014,#5538);
#5538 = DEFINITIONAL_REPRESENTATION('',(#5539),#5543);
#5539 = LINE('',#5540,#5541);
#5540 = CARTESIAN_POINT('',(0.,0.));
#5541 = VECTOR('',#5542,1.);
#5542 = DIRECTION('',(0.,1.));
#5543 = ( GEOMETRIC_REPRESENTATION_CONTEXT(2) 
PARAMETRIC_REPRESENTATION_CONTEXT() REPRESENTATION_CONTEXT('2D SPACE',''
  ) );
#5544 = ADVANCED_FACE('',(#5545),#4187,.T.);
#5545 = FACE_BOUND('',#5546,.F.);
#5546 = EDGE_LOOP('',(#5547,#5575,#5596,#5597));
#5547 = ORIENTED_EDGE('',*,*,#5548,.T.);
#5548 = EDGE_CURVE('',#5473,#5549,#5551,.T.);
#5549 = VERTEX_POINT('',#5550);
#5550 = CARTESIAN_POINT('',(-26.32357216685,-3.571424328408,10.14));
#5551 = SURFACE_CURVE('',#5552,(#5557,#5564),.PCURVE_S1.);
#5552 = CIRCLE('',#5553,1.);
#5553 = AXIS2_PLACEMENT_3D('',#5554,#5555,#5556);
#5554 = CARTESIAN_POINT('',(-25.33837487715,-3.4,10.14));
#5555 = DIRECTION('',(-0.,-0.,-1.));
#5556 = DIRECTION('',(0.,-1.,0.));
#5557 = PCURVE('',#4187,#5558);
#5558 = DEFINITIONAL_REPRESENTATION('',(#5559),#5563);
#5559 = LINE('',#5560,#5561);
#5560 = CARTESIAN_POINT('',(-0.,0.));
#5561 = VECTOR('',#5562,1.);
#5562 = DIRECTION('',(-1.,0.));
#5563 = ( GEOMETRIC_REPRESENTATION_CONTEXT(2) 
PARAMETRIC_REPRESENTATION_CONTEXT() REPRESENTATION_CONTEXT('2D SPACE',''
  ) );
#5564 = PCURVE('',#5490,#5565);
#5565 = DEFINITIONAL_REPRESENTATION('',(#5566),#5574);
#5566 = ( BOUNDED_CURVE() B_SPLINE_CURVE(2,(#5567,#5568,#5569,#5570,
#5571,#5572,#5573),.UNSPECIFIED.,.T.,.F.) B_SPLINE_CURVE_WITH_KNOTS((1,2
    ,2,2,2,1),(-2.094395102393,0.,2.094395102393,4.188790204786,
6.28318530718,8.377580409573),.UNSPECIFIED.) CURVE() 
GEOMETRIC_REPRESENTATION_ITEM() RATIONAL_B_SPLINE_CURVE((1.,0.5,1.,0.5,
1.,0.5,1.)) REPRESENTATION_ITEM('') );
#5567 = CARTESIAN_POINT('',(-25.33837487715,-4.521164639677));
#5568 = CARTESIAN_POINT('',(-27.07042568472,-4.521164639677));
#5569 = CARTESIAN_POINT('',(-26.20440028094,-3.021164639677));
#5570 = CARTESIAN_POINT('',(-25.33837487715,-1.521164639677));
#5571 = CARTESIAN_POINT('',(-24.47234947337,-3.021164639677));
#5572 = CARTESIAN_POINT('',(-23.60632406958,-4.521164639677));
#5573 = CARTESIAN_POINT('',(-25.33837487715,-4.521164639677));
#5574 = ( GEOMETRIC_REPRESENTATION_CONTEXT(2) 
PARAMETRIC_REPRESENTATION_CONTEXT() REPRESENTATION_CONTEXT('2D SPACE',''
  ) );
#5575 = ORIENTED_EDGE('',*,*,#5576,.T.);
#5576 = EDGE_CURVE('',#5549,#4141,#5577,.T.);
#5577 = SURFACE_CURVE('',#5578,(#5582,#5589),.PCURVE_S1.);
#5578 = LINE('',#5579,#5580);
#5579 = CARTESIAN_POINT('',(-26.32357216685,-3.571424328408,10.14));
#5580 = VECTOR('',#5581,1.);
#5581 = DIRECTION('',(0.,0.,1.));
#5582 = PCURVE('',#4187,#5583);
#5583 = DEFINITIONAL_REPRESENTATION('',(#5584),#5588);
#5584 = LINE('',#5585,#5586);
#5585 = CARTESIAN_POINT('',(-1.398521109841,0.));
#5586 = VECTOR('',#5587,1.);
#5587 = DIRECTION('',(-0.,1.));
#5588 = ( GEOMETRIC_REPRESENTATION_CONTEXT(2) 
PARAMETRIC_REPRESENTATION_CONTEXT() REPRESENTATION_CONTEXT('2D SPACE',''
  ) );
#5589 = PCURVE('',#4156,#5590);
#5590 = DEFINITIONAL_REPRESENTATION('',(#5591),#5595);
#5591 = LINE('',#5592,#5593);
#5592 = CARTESIAN_POINT('',(8.091195958166,0.));
#5593 = VECTOR('',#5594,1.);
#5594 = DIRECTION('',(0.,-1.));
#5595 = ( GEOMETRIC_REPRESENTATION_CONTEXT(2) 
PARAMETRIC_REPRESENTATION_CONTEXT() REPRESENTATION_CONTEXT('2D SPACE',''
  ) );
#5596 = ORIENTED_EDGE('',*,*,#4168,.F.);
#5597 = ORIENTED_EDGE('',*,*,#5502,.F.);
#5598 = ADVANCED_FACE('',(#5599),#4014,.T.);
#5599 = FACE_BOUND('',#5600,.T.);
#5600 = EDGE_LOOP('',(#5601,#5625,#5646,#5647));
#5601 = ORIENTED_EDGE('',*,*,#5602,.T.);
#5602 = EDGE_CURVE('',#5475,#5603,#5605,.T.);
#5603 = VERTEX_POINT('',#5604);
#5604 = CARTESIAN_POINT('',(26.323572166857,-3.571424328408,10.14));
#5605 = SURFACE_CURVE('',#5606,(#5611,#5618),.PCURVE_S1.);
#5606 = CIRCLE('',#5607,1.);
#5607 = AXIS2_PLACEMENT_3D('',#5608,#5609,#5610);
#5608 = CARTESIAN_POINT('',(25.338374877158,-3.4,10.14));
#5609 = DIRECTION('',(0.,0.,1.));
#5610 = DIRECTION('',(0.,-1.,0.));
#5611 = PCURVE('',#4014,#5612);
#5612 = DEFINITIONAL_REPRESENTATION('',(#5613),#5617);
#5613 = LINE('',#5614,#5615);
#5614 = CARTESIAN_POINT('',(0.,0.));
#5615 = VECTOR('',#5616,1.);
#5616 = DIRECTION('',(1.,0.));
#5617 = ( GEOMETRIC_REPRESENTATION_CONTEXT(2) 
PARAMETRIC_REPRESENTATION_CONTEXT() REPRESENTATION_CONTEXT('2D SPACE',''
  ) );
#5618 = PCURVE('',#5490,#5619);
#5619 = DEFINITIONAL_REPRESENTATION('',(#5620),#5624);
#5620 = CIRCLE('',#5621,1.);
#5621 = AXIS2_PLACEMENT_2D('',#5622,#5623);
#5622 = CARTESIAN_POINT('',(25.338374877158,-3.521164639677));
#5623 = DIRECTION('',(0.,-1.));
#5624 = ( GEOMETRIC_REPRESENTATION_CONTEXT(2) 
PARAMETRIC_REPRESENTATION_CONTEXT() REPRESENTATION_CONTEXT('2D SPACE',''
  ) );
#5625 = ORIENTED_EDGE('',*,*,#5626,.T.);
#5626 = EDGE_CURVE('',#5603,#3998,#5627,.T.);
#5627 = SURFACE_CURVE('',#5628,(#5632,#5639),.PCURVE_S1.);
#5628 = LINE('',#5629,#5630);
#5629 = CARTESIAN_POINT('',(26.323572166857,-3.571424328408,10.14));
#5630 = VECTOR('',#5631,1.);
#5631 = DIRECTION('',(0.,0.,1.));
#5632 = PCURVE('',#4014,#5633);
#5633 = DEFINITIONAL_REPRESENTATION('',(#5634),#5638);
#5634 = LINE('',#5635,#5636);
#5635 = CARTESIAN_POINT('',(1.398521109841,0.));
#5636 = VECTOR('',#5637,1.);
#5637 = DIRECTION('',(0.,1.));
#5638 = ( GEOMETRIC_REPRESENTATION_CONTEXT(2) 
PARAMETRIC_REPRESENTATION_CONTEXT() REPRESENTATION_CONTEXT('2D SPACE',''
  ) );
#5639 = PCURVE('',#4042,#5640);
#5640 = DEFINITIONAL_REPRESENTATION('',(#5641),#5645);
#5641 = LINE('',#5642,#5643);
#5642 = CARTESIAN_POINT('',(0.841025122842,0.));
#5643 = VECTOR('',#5644,1.);
#5644 = DIRECTION('',(0.,-1.));
#5645 = ( GEOMETRIC_REPRESENTATION_CONTEXT(2) 
PARAMETRIC_REPRESENTATION_CONTEXT() REPRESENTATION_CONTEXT('2D SPACE',''
  ) );
#5646 = ORIENTED_EDGE('',*,*,#3997,.F.);
#5647 = ORIENTED_EDGE('',*,*,#5524,.F.);
#5648 = ADVANCED_FACE('',(#5649),#4156,.F.);
#5649 = FACE_BOUND('',#5650,.F.);
#5650 = EDGE_LOOP('',(#5651,#5674,#5695,#5696));
#5651 = ORIENTED_EDGE('',*,*,#5652,.F.);
#5652 = EDGE_CURVE('',#5653,#5549,#5655,.T.);
#5653 = VERTEX_POINT('',#5654);
#5654 = CARTESIAN_POINT('',(-27.50677216685,3.228575671592,10.14));
#5655 = SURFACE_CURVE('',#5656,(#5660,#5667),.PCURVE_S1.);
#5656 = LINE('',#5657,#5658);
#5657 = CARTESIAN_POINT('',(-27.7106,4.4,10.14));
#5658 = VECTOR('',#5659,1.);
#5659 = DIRECTION('',(0.171424328408,-0.985197289699,0.));
#5660 = PCURVE('',#4156,#5661);
#5661 = DEFINITIONAL_REPRESENTATION('',(#5662),#5666);
#5662 = LINE('',#5663,#5664);
#5663 = CARTESIAN_POINT('',(0.,0.));
#5664 = VECTOR('',#5665,1.);
#5665 = DIRECTION('',(1.,0.));
#5666 = ( GEOMETRIC_REPRESENTATION_CONTEXT(2) 
PARAMETRIC_REPRESENTATION_CONTEXT() REPRESENTATION_CONTEXT('2D SPACE',''
  ) );
#5667 = PCURVE('',#5490,#5668);
#5668 = DEFINITIONAL_REPRESENTATION('',(#5669),#5673);
#5669 = LINE('',#5670,#5671);
#5670 = CARTESIAN_POINT('',(-27.7106,4.278835360323));
#5671 = VECTOR('',#5672,1.);
#5672 = DIRECTION('',(0.171424328408,-0.985197289699));
#5673 = ( GEOMETRIC_REPRESENTATION_CONTEXT(2) 
PARAMETRIC_REPRESENTATION_CONTEXT() REPRESENTATION_CONTEXT('2D SPACE',''
  ) );
#5674 = ORIENTED_EDGE('',*,*,#5675,.T.);
#5675 = EDGE_CURVE('',#5653,#4112,#5676,.T.);
#5676 = SURFACE_CURVE('',#5677,(#5681,#5688),.PCURVE_S1.);
#5677 = LINE('',#5678,#5679);
#5678 = CARTESIAN_POINT('',(-27.50677216685,3.228575671592,10.14));
#5679 = VECTOR('',#5680,1.);
#5680 = DIRECTION('',(0.,0.,1.));
#5681 = PCURVE('',#4156,#5682);
#5682 = DEFINITIONAL_REPRESENTATION('',(#5683),#5687);
#5683 = LINE('',#5684,#5685);
#5684 = CARTESIAN_POINT('',(1.189025122842,0.));
#5685 = VECTOR('',#5686,1.);
#5686 = DIRECTION('',(0.,-1.));
#5687 = ( GEOMETRIC_REPRESENTATION_CONTEXT(2) 
PARAMETRIC_REPRESENTATION_CONTEXT() REPRESENTATION_CONTEXT('2D SPACE',''
  ) );
#5688 = PCURVE('',#4128,#5689);
#5689 = DEFINITIONAL_REPRESENTATION('',(#5690),#5694);
#5690 = LINE('',#5691,#5692);
#5691 = CARTESIAN_POINT('',(1.743071543748,0.));
#5692 = VECTOR('',#5693,1.);
#5693 = DIRECTION('',(0.,1.));
#5694 = ( GEOMETRIC_REPRESENTATION_CONTEXT(2) 
PARAMETRIC_REPRESENTATION_CONTEXT() REPRESENTATION_CONTEXT('2D SPACE',''
  ) );
#5695 = ORIENTED_EDGE('',*,*,#4140,.T.);
#5696 = ORIENTED_EDGE('',*,*,#5576,.F.);
#5697 = ADVANCED_FACE('',(#5698),#4042,.F.);
#5698 = FACE_BOUND('',#5699,.F.);
#5699 = EDGE_LOOP('',(#5700,#5723,#5724,#5725));
#5700 = ORIENTED_EDGE('',*,*,#5701,.F.);
#5701 = EDGE_CURVE('',#5603,#5702,#5704,.T.);
#5702 = VERTEX_POINT('',#5703);
#5703 = CARTESIAN_POINT('',(27.506772166857,3.228575671592,10.14));
#5704 = SURFACE_CURVE('',#5705,(#5709,#5716),.PCURVE_S1.);
#5705 = LINE('',#5706,#5707);
#5706 = CARTESIAN_POINT('',(26.1794,-4.4,10.14));
#5707 = VECTOR('',#5708,1.);
#5708 = DIRECTION('',(0.171424328408,0.985197289699,0.));
#5709 = PCURVE('',#4042,#5710);
#5710 = DEFINITIONAL_REPRESENTATION('',(#5711),#5715);
#5711 = LINE('',#5712,#5713);
#5712 = CARTESIAN_POINT('',(0.,0.));
#5713 = VECTOR('',#5714,1.);
#5714 = DIRECTION('',(1.,0.));
#5715 = ( GEOMETRIC_REPRESENTATION_CONTEXT(2) 
PARAMETRIC_REPRESENTATION_CONTEXT() REPRESENTATION_CONTEXT('2D SPACE',''
  ) );
#5716 = PCURVE('',#5490,#5717);
#5717 = DEFINITIONAL_REPRESENTATION('',(#5718),#5722);
#5718 = LINE('',#5719,#5720);
#5719 = CARTESIAN_POINT('',(26.1794,-4.521164639677));
#5720 = VECTOR('',#5721,1.);
#5721 = DIRECTION('',(0.171424328408,0.985197289699));
#5722 = ( GEOMETRIC_REPRESENTATION_CONTEXT(2) 
PARAMETRIC_REPRESENTATION_CONTEXT() REPRESENTATION_CONTEXT('2D SPACE',''
  ) );
#5723 = ORIENTED_EDGE('',*,*,#5626,.T.);
#5724 = ORIENTED_EDGE('',*,*,#4026,.T.);
#5725 = ORIENTED_EDGE('',*,*,#5726,.F.);
#5726 = EDGE_CURVE('',#5702,#4027,#5727,.T.);
#5727 = SURFACE_CURVE('',#5728,(#5732,#5739),.PCURVE_S1.);
#5728 = LINE('',#5729,#5730);
#5729 = CARTESIAN_POINT('',(27.506772166857,3.228575671592,10.14));
#5730 = VECTOR('',#5731,1.);
#5731 = DIRECTION('',(0.,0.,1.));
#5732 = PCURVE('',#4042,#5733);
#5733 = DEFINITIONAL_REPRESENTATION('',(#5734),#5738);
#5734 = LINE('',#5735,#5736);
#5735 = CARTESIAN_POINT('',(7.743195958166,0.));
#5736 = VECTOR('',#5737,1.);
#5737 = DIRECTION('',(0.,-1.));
#5738 = ( GEOMETRIC_REPRESENTATION_CONTEXT(2) 
PARAMETRIC_REPRESENTATION_CONTEXT() REPRESENTATION_CONTEXT('2D SPACE',''
  ) );
#5739 = PCURVE('',#4071,#5740);
#5740 = DEFINITIONAL_REPRESENTATION('',(#5741),#5745);
#5741 = LINE('',#5742,#5743);
#5742 = CARTESIAN_POINT('',(0.,0.));
#5743 = VECTOR('',#5744,1.);
#5744 = DIRECTION('',(0.,1.));
#5745 = ( GEOMETRIC_REPRESENTATION_CONTEXT(2) 
PARAMETRIC_REPRESENTATION_CONTEXT() REPRESENTATION_CONTEXT('2D SPACE',''
  ) );
#5746 = ADVANCED_FACE('',(#5747),#4128,.T.);
#5747 = FACE_BOUND('',#5748,.T.);
#5748 = EDGE_LOOP('',(#5749,#5773,#5774,#5775));
#5749 = ORIENTED_EDGE('',*,*,#5750,.T.);
#5750 = EDGE_CURVE('',#5751,#5653,#5753,.T.);
#5751 = VERTEX_POINT('',#5752);
#5752 = CARTESIAN_POINT('',(-26.52157487715,4.4,10.14));
#5753 = SURFACE_CURVE('',#5754,(#5759,#5766),.PCURVE_S1.);
#5754 = CIRCLE('',#5755,1.);
#5755 = AXIS2_PLACEMENT_3D('',#5756,#5757,#5758);
#5756 = CARTESIAN_POINT('',(-26.52157487715,3.4,10.14));
#5757 = DIRECTION('',(0.,0.,1.));
#5758 = DIRECTION('',(0.,-1.,0.));
#5759 = PCURVE('',#4128,#5760);
#5760 = DEFINITIONAL_REPRESENTATION('',(#5761),#5765);
#5761 = LINE('',#5762,#5763);
#5762 = CARTESIAN_POINT('',(-3.14159265359,0.));
#5763 = VECTOR('',#5764,1.);
#5764 = DIRECTION('',(1.,0.));
#5765 = ( GEOMETRIC_REPRESENTATION_CONTEXT(2) 
PARAMETRIC_REPRESENTATION_CONTEXT() REPRESENTATION_CONTEXT('2D SPACE',''
  ) );
#5766 = PCURVE('',#5490,#5767);
#5767 = DEFINITIONAL_REPRESENTATION('',(#5768),#5772);
#5768 = CIRCLE('',#5769,1.);
#5769 = AXIS2_PLACEMENT_2D('',#5770,#5771);
#5770 = CARTESIAN_POINT('',(-26.52157487715,3.278835360323));
#5771 = DIRECTION('',(0.,-1.));
#5772 = ( GEOMETRIC_REPRESENTATION_CONTEXT(2) 
PARAMETRIC_REPRESENTATION_CONTEXT() REPRESENTATION_CONTEXT('2D SPACE',''
  ) );
#5773 = ORIENTED_EDGE('',*,*,#5675,.T.);
#5774 = ORIENTED_EDGE('',*,*,#4111,.F.);
#5775 = ORIENTED_EDGE('',*,*,#5776,.F.);
#5776 = EDGE_CURVE('',#5751,#4084,#5777,.T.);
#5777 = SURFACE_CURVE('',#5778,(#5782,#5789),.PCURVE_S1.);
#5778 = LINE('',#5779,#5780);
#5779 = CARTESIAN_POINT('',(-26.52157487715,4.4,10.14));
#5780 = VECTOR('',#5781,1.);
#5781 = DIRECTION('',(0.,0.,1.));
#5782 = PCURVE('',#4128,#5783);
#5783 = DEFINITIONAL_REPRESENTATION('',(#5784),#5788);
#5784 = LINE('',#5785,#5786);
#5785 = CARTESIAN_POINT('',(0.,0.));
#5786 = VECTOR('',#5787,1.);
#5787 = DIRECTION('',(0.,1.));
#5788 = ( GEOMETRIC_REPRESENTATION_CONTEXT(2) 
PARAMETRIC_REPRESENTATION_CONTEXT() REPRESENTATION_CONTEXT('2D SPACE',''
  ) );
#5789 = PCURVE('',#4099,#5790);
#5790 = DEFINITIONAL_REPRESENTATION('',(#5791),#5795);
#5791 = LINE('',#5792,#5793);
#5792 = CARTESIAN_POINT('',(54.232174877158,0.));
#5793 = VECTOR('',#5794,1.);
#5794 = DIRECTION('',(0.,-1.));
#5795 = ( GEOMETRIC_REPRESENTATION_CONTEXT(2) 
PARAMETRIC_REPRESENTATION_CONTEXT() REPRESENTATION_CONTEXT('2D SPACE',''
  ) );
#5796 = ADVANCED_FACE('',(#5797),#4071,.T.);
#5797 = FACE_BOUND('',#5798,.T.);
#5798 = EDGE_LOOP('',(#5799,#5823,#5844,#5845));
#5799 = ORIENTED_EDGE('',*,*,#5800,.T.);
#5800 = EDGE_CURVE('',#5702,#5801,#5803,.T.);
#5801 = VERTEX_POINT('',#5802);
#5802 = CARTESIAN_POINT('',(26.521574877158,4.4,10.14));
#5803 = SURFACE_CURVE('',#5804,(#5809,#5816),.PCURVE_S1.);
#5804 = CIRCLE('',#5805,1.);
#5805 = AXIS2_PLACEMENT_3D('',#5806,#5807,#5808);
#5806 = CARTESIAN_POINT('',(26.521574877158,3.4,10.14));
#5807 = DIRECTION('',(0.,0.,1.));
#5808 = DIRECTION('',(0.,-1.,0.));
#5809 = PCURVE('',#4071,#5810);
#5810 = DEFINITIONAL_REPRESENTATION('',(#5811),#5815);
#5811 = LINE('',#5812,#5813);
#5812 = CARTESIAN_POINT('',(-1.398521109841,0.));
#5813 = VECTOR('',#5814,1.);
#5814 = DIRECTION('',(1.,0.));
#5815 = ( GEOMETRIC_REPRESENTATION_CONTEXT(2) 
PARAMETRIC_REPRESENTATION_CONTEXT() REPRESENTATION_CONTEXT('2D SPACE',''
  ) );
#5816 = PCURVE('',#5490,#5817);
#5817 = DEFINITIONAL_REPRESENTATION('',(#5818),#5822);
#5818 = CIRCLE('',#5819,1.);
#5819 = AXIS2_PLACEMENT_2D('',#5820,#5821);
#5820 = CARTESIAN_POINT('',(26.521574877158,3.278835360323));
#5821 = DIRECTION('',(0.,-1.));
#5822 = ( GEOMETRIC_REPRESENTATION_CONTEXT(2) 
PARAMETRIC_REPRESENTATION_CONTEXT() REPRESENTATION_CONTEXT('2D SPACE',''
  ) );
#5823 = ORIENTED_EDGE('',*,*,#5824,.T.);
#5824 = EDGE_CURVE('',#5801,#4055,#5825,.T.);
#5825 = SURFACE_CURVE('',#5826,(#5830,#5837),.PCURVE_S1.);
#5826 = LINE('',#5827,#5828);
#5827 = CARTESIAN_POINT('',(26.521574877158,4.4,10.14));
#5828 = VECTOR('',#5829,1.);
#5829 = DIRECTION('',(0.,0.,1.));
#5830 = PCURVE('',#4071,#5831);
#5831 = DEFINITIONAL_REPRESENTATION('',(#5832),#5836);
#5832 = LINE('',#5833,#5834);
#5833 = CARTESIAN_POINT('',(1.743071543748,0.));
#5834 = VECTOR('',#5835,1.);
#5835 = DIRECTION('',(0.,1.));
#5836 = ( GEOMETRIC_REPRESENTATION_CONTEXT(2) 
PARAMETRIC_REPRESENTATION_CONTEXT() REPRESENTATION_CONTEXT('2D SPACE',''
  ) );
#5837 = PCURVE('',#4099,#5838);
#5838 = DEFINITIONAL_REPRESENTATION('',(#5839),#5843);
#5839 = LINE('',#5840,#5841);
#5840 = CARTESIAN_POINT('',(1.189025122842,0.));
#5841 = VECTOR('',#5842,1.);
#5842 = DIRECTION('',(0.,-1.));
#5843 = ( GEOMETRIC_REPRESENTATION_CONTEXT(2) 
PARAMETRIC_REPRESENTATION_CONTEXT() REPRESENTATION_CONTEXT('2D SPACE',''
  ) );
#5844 = ORIENTED_EDGE('',*,*,#4054,.F.);
#5845 = ORIENTED_EDGE('',*,*,#5726,.F.);
#5846 = ADVANCED_FACE('',(#5847),#4099,.F.);
#5847 = FACE_BOUND('',#5848,.F.);
#5848 = EDGE_LOOP('',(#5849,#5870,#5871,#5872));
#5849 = ORIENTED_EDGE('',*,*,#5850,.F.);
#5850 = EDGE_CURVE('',#5801,#5751,#5851,.T.);
#5851 = SURFACE_CURVE('',#5852,(#5856,#5863),.PCURVE_S1.);
#5852 = LINE('',#5853,#5854);
#5853 = CARTESIAN_POINT('',(27.7106,4.4,10.14));
#5854 = VECTOR('',#5855,1.);
#5855 = DIRECTION('',(-1.,0.,0.));
#5856 = PCURVE('',#4099,#5857);
#5857 = DEFINITIONAL_REPRESENTATION('',(#5858),#5862);
#5858 = LINE('',#5859,#5860);
#5859 = CARTESIAN_POINT('',(0.,-0.));
#5860 = VECTOR('',#5861,1.);
#5861 = DIRECTION('',(1.,0.));
#5862 = ( GEOMETRIC_REPRESENTATION_CONTEXT(2) 
PARAMETRIC_REPRESENTATION_CONTEXT() REPRESENTATION_CONTEXT('2D SPACE',''
  ) );
#5863 = PCURVE('',#5490,#5864);
#5864 = DEFINITIONAL_REPRESENTATION('',(#5865),#5869);
#5865 = LINE('',#5866,#5867);
#5866 = CARTESIAN_POINT('',(27.7106,4.278835360323));
#5867 = VECTOR('',#5868,1.);
#5868 = DIRECTION('',(-1.,0.));
#5869 = ( GEOMETRIC_REPRESENTATION_CONTEXT(2) 
PARAMETRIC_REPRESENTATION_CONTEXT() REPRESENTATION_CONTEXT('2D SPACE',''
  ) );
#5870 = ORIENTED_EDGE('',*,*,#5824,.T.);
#5871 = ORIENTED_EDGE('',*,*,#4083,.T.);
#5872 = ORIENTED_EDGE('',*,*,#5776,.F.);
#5873 = ADVANCED_FACE('',(#5874),#4232,.T.);
#5874 = FACE_BOUND('',#5875,.T.);
#5875 = EDGE_LOOP('',(#5876,#5899,#5926,#5927));
#5876 = ORIENTED_EDGE('',*,*,#5877,.T.);
#5877 = EDGE_CURVE('',#4216,#5878,#5880,.T.);
#5878 = VERTEX_POINT('',#5879);
#5879 = CARTESIAN_POINT('',(-23.235,-1.42,15.66));
#5880 = SEAM_CURVE('',#5881,(#5885,#5892),.PCURVE_S1.);
#5881 = LINE('',#5882,#5883);
#5882 = CARTESIAN_POINT('',(-23.235,-1.42,11.88));
#5883 = VECTOR('',#5884,1.);
#5884 = DIRECTION('',(0.,0.,1.));
#5885 = PCURVE('',#4232,#5886);
#5886 = DEFINITIONAL_REPRESENTATION('',(#5887),#5891);
#5887 = LINE('',#5888,#5889);
#5888 = CARTESIAN_POINT('',(6.28318530718,-0.));
#5889 = VECTOR('',#5890,1.);
#5890 = DIRECTION('',(0.,1.));
#5891 = ( GEOMETRIC_REPRESENTATION_CONTEXT(2) 
PARAMETRIC_REPRESENTATION_CONTEXT() REPRESENTATION_CONTEXT('2D SPACE',''
  ) );
#5892 = PCURVE('',#4232,#5893);
#5893 = DEFINITIONAL_REPRESENTATION('',(#5894),#5898);
#5894 = LINE('',#5895,#5896);
#5895 = CARTESIAN_POINT('',(0.,-0.));
#5896 = VECTOR('',#5897,1.);
#5897 = DIRECTION('',(0.,1.));
#5898 = ( GEOMETRIC_REPRESENTATION_CONTEXT(2) 
PARAMETRIC_REPRESENTATION_CONTEXT() REPRESENTATION_CONTEXT('2D SPACE',''
  ) );
#5899 = ORIENTED_EDGE('',*,*,#5900,.F.);
#5900 = EDGE_CURVE('',#5878,#5878,#5901,.T.);
#5901 = SURFACE_CURVE('',#5902,(#5907,#5914),.PCURVE_S1.);
#5902 = CIRCLE('',#5903,0.31);
#5903 = AXIS2_PLACEMENT_3D('',#5904,#5905,#5906);
#5904 = CARTESIAN_POINT('',(-23.545,-1.42,15.66));
#5905 = DIRECTION('',(0.,0.,1.));
#5906 = DIRECTION('',(1.,0.,-0.));
#5907 = PCURVE('',#4232,#5908);
#5908 = DEFINITIONAL_REPRESENTATION('',(#5909),#5913);
#5909 = LINE('',#5910,#5911);
#5910 = CARTESIAN_POINT('',(0.,3.78));
#5911 = VECTOR('',#5912,1.);
#5912 = DIRECTION('',(1.,0.));
#5913 = ( GEOMETRIC_REPRESENTATION_CONTEXT(2) 
PARAMETRIC_REPRESENTATION_CONTEXT() REPRESENTATION_CONTEXT('2D SPACE',''
  ) );
#5914 = PCURVE('',#5915,#5920);
#5915 = SPHERICAL_SURFACE('',#5916,0.31);
#5916 = AXIS2_PLACEMENT_3D('',#5917,#5918,#5919);
#5917 = CARTESIAN_POINT('',(-23.545,-1.42,15.66));
#5918 = DIRECTION('',(0.,0.,1.));
#5919 = DIRECTION('',(1.,0.,-0.));
#5920 = DEFINITIONAL_REPRESENTATION('',(#5921),#5925);
#5921 = LINE('',#5922,#5923);
#5922 = CARTESIAN_POINT('',(0.,0.));
#5923 = VECTOR('',#5924,1.);
#5924 = DIRECTION('',(1.,0.));
#5925 = ( GEOMETRIC_REPRESENTATION_CONTEXT(2) 
PARAMETRIC_REPRESENTATION_CONTEXT() REPRESENTATION_CONTEXT('2D SPACE',''
  ) );
#5926 = ORIENTED_EDGE('',*,*,#5877,.F.);
#5927 = ORIENTED_EDGE('',*,*,#4215,.T.);
#5928 = ADVANCED_FACE('',(#5929),#4267,.T.);
#5929 = FACE_BOUND('',#5930,.T.);
#5930 = EDGE_LOOP('',(#5931,#5954,#5981,#5982));
#5931 = ORIENTED_EDGE('',*,*,#5932,.T.);
#5932 = EDGE_CURVE('',#4251,#5933,#5935,.T.);
#5933 = VERTEX_POINT('',#5934);
#5934 = CARTESIAN_POINT('',(-20.465,-1.42,15.66));
#5935 = SEAM_CURVE('',#5936,(#5940,#5947),.PCURVE_S1.);
#5936 = LINE('',#5937,#5938);
#5937 = CARTESIAN_POINT('',(-20.465,-1.42,11.88));
#5938 = VECTOR('',#5939,1.);
#5939 = DIRECTION('',(0.,0.,1.));
#5940 = PCURVE('',#4267,#5941);
#5941 = DEFINITIONAL_REPRESENTATION('',(#5942),#5946);
#5942 = LINE('',#5943,#5944);
#5943 = CARTESIAN_POINT('',(6.28318530718,-0.));
#5944 = VECTOR('',#5945,1.);
#5945 = DIRECTION('',(0.,1.));
#5946 = ( GEOMETRIC_REPRESENTATION_CONTEXT(2) 
PARAMETRIC_REPRESENTATION_CONTEXT() REPRESENTATION_CONTEXT('2D SPACE',''
  ) );
#5947 = PCURVE('',#4267,#5948);
#5948 = DEFINITIONAL_REPRESENTATION('',(#5949),#5953);
#5949 = LINE('',#5950,#5951);
#5950 = CARTESIAN_POINT('',(0.,-0.));
#5951 = VECTOR('',#5952,1.);
#5952 = DIRECTION('',(0.,1.));
#5953 = ( GEOMETRIC_REPRESENTATION_CONTEXT(2) 
PARAMETRIC_REPRESENTATION_CONTEXT() REPRESENTATION_CONTEXT('2D SPACE',''
  ) );
#5954 = ORIENTED_EDGE('',*,*,#5955,.F.);
#5955 = EDGE_CURVE('',#5933,#5933,#5956,.T.);
#5956 = SURFACE_CURVE('',#5957,(#5962,#5969),.PCURVE_S1.);
#5957 = CIRCLE('',#5958,0.31);
#5958 = AXIS2_PLACEMENT_3D('',#5959,#5960,#5961);
#5959 = CARTESIAN_POINT('',(-20.775,-1.42,15.66));
#5960 = DIRECTION('',(0.,0.,1.));
#5961 = DIRECTION('',(1.,0.,-0.));
#5962 = PCURVE('',#4267,#5963);
#5963 = DEFINITIONAL_REPRESENTATION('',(#5964),#5968);
#5964 = LINE('',#5965,#5966);
#5965 = CARTESIAN_POINT('',(0.,3.78));
#5966 = VECTOR('',#5967,1.);
#5967 = DIRECTION('',(1.,0.));
#5968 = ( GEOMETRIC_REPRESENTATION_CONTEXT(2) 
PARAMETRIC_REPRESENTATION_CONTEXT() REPRESENTATION_CONTEXT('2D SPACE',''
  ) );
#5969 = PCURVE('',#5970,#5975);
#5970 = SPHERICAL_SURFACE('',#5971,0.31);
#5971 = AXIS2_PLACEMENT_3D('',#5972,#5973,#5974);
#5972 = CARTESIAN_POINT('',(-20.775,-1.42,15.66));
#5973 = DIRECTION('',(0.,0.,1.));
#5974 = DIRECTION('',(1.,0.,-0.));
#5975 = DEFINITIONAL_REPRESENTATION('',(#5976),#5980);
#5976 = LINE('',#5977,#5978);
#5977 = CARTESIAN_POINT('',(0.,0.));
#5978 = VECTOR('',#5979,1.);
#5979 = DIRECTION('',(1.,0.));
#5980 = ( GEOMETRIC_REPRESENTATION_CONTEXT(2) 
PARAMETRIC_REPRESENTATION_CONTEXT() REPRESENTATION_CONTEXT('2D SPACE',''
  ) );
#5981 = ORIENTED_EDGE('',*,*,#5932,.F.);
#5982 = ORIENTED_EDGE('',*,*,#4250,.T.);
#5983 = ADVANCED_FACE('',(#5984),#4302,.T.);
#5984 = FACE_BOUND('',#5985,.T.);
#5985 = EDGE_LOOP('',(#5986,#6009,#6036,#6037));
#5986 = ORIENTED_EDGE('',*,*,#5987,.T.);
#5987 = EDGE_CURVE('',#4286,#5988,#5990,.T.);
#5988 = VERTEX_POINT('',#5989);
#5989 = CARTESIAN_POINT('',(-17.695,-1.42,15.66));
#5990 = SEAM_CURVE('',#5991,(#5995,#6002),.PCURVE_S1.);
#5991 = LINE('',#5992,#5993);
#5992 = CARTESIAN_POINT('',(-17.695,-1.42,11.88));
#5993 = VECTOR('',#5994,1.);
#5994 = DIRECTION('',(0.,0.,1.));
#5995 = PCURVE('',#4302,#5996);
#5996 = DEFINITIONAL_REPRESENTATION('',(#5997),#6001);
#5997 = LINE('',#5998,#5999);
#5998 = CARTESIAN_POINT('',(6.28318530718,-0.));
#5999 = VECTOR('',#6000,1.);
#6000 = DIRECTION('',(0.,1.));
#6001 = ( GEOMETRIC_REPRESENTATION_CONTEXT(2) 
PARAMETRIC_REPRESENTATION_CONTEXT() REPRESENTATION_CONTEXT('2D SPACE',''
  ) );
#6002 = PCURVE('',#4302,#6003);
#6003 = DEFINITIONAL_REPRESENTATION('',(#6004),#6008);
#6004 = LINE('',#6005,#6006);
#6005 = CARTESIAN_POINT('',(0.,-0.));
#6006 = VECTOR('',#6007,1.);
#6007 = DIRECTION('',(0.,1.));
#6008 = ( GEOMETRIC_REPRESENTATION_CONTEXT(2) 
PARAMETRIC_REPRESENTATION_CONTEXT() REPRESENTATION_CONTEXT('2D SPACE',''
  ) );
#6009 = ORIENTED_EDGE('',*,*,#6010,.F.);
#6010 = EDGE_CURVE('',#5988,#5988,#6011,.T.);
#6011 = SURFACE_CURVE('',#6012,(#6017,#6024),.PCURVE_S1.);
#6012 = CIRCLE('',#6013,0.31);
#6013 = AXIS2_PLACEMENT_3D('',#6014,#6015,#6016);
#6014 = CARTESIAN_POINT('',(-18.005,-1.42,15.66));
#6015 = DIRECTION('',(0.,0.,1.));
#6016 = DIRECTION('',(1.,0.,-0.));
#6017 = PCURVE('',#4302,#6018);
#6018 = DEFINITIONAL_REPRESENTATION('',(#6019),#6023);
#6019 = LINE('',#6020,#6021);
#6020 = CARTESIAN_POINT('',(0.,3.78));
#6021 = VECTOR('',#6022,1.);
#6022 = DIRECTION('',(1.,0.));
#6023 = ( GEOMETRIC_REPRESENTATION_CONTEXT(2) 
PARAMETRIC_REPRESENTATION_CONTEXT() REPRESENTATION_CONTEXT('2D SPACE',''
  ) );
#6024 = PCURVE('',#6025,#6030);
#6025 = SPHERICAL_SURFACE('',#6026,0.31);
#6026 = AXIS2_PLACEMENT_3D('',#6027,#6028,#6029);
#6027 = CARTESIAN_POINT('',(-18.005,-1.42,15.66));
#6028 = DIRECTION('',(0.,0.,1.));
#6029 = DIRECTION('',(1.,0.,-0.));
#6030 = DEFINITIONAL_REPRESENTATION('',(#6031),#6035);
#6031 = LINE('',#6032,#6033);
#6032 = CARTESIAN_POINT('',(0.,0.));
#6033 = VECTOR('',#6034,1.);
#6034 = DIRECTION('',(1.,0.));
#6035 = ( GEOMETRIC_REPRESENTATION_CONTEXT(2) 
PARAMETRIC_REPRESENTATION_CONTEXT() REPRESENTATION_CONTEXT('2D SPACE',''
  ) );
#6036 = ORIENTED_EDGE('',*,*,#5987,.F.);
#6037 = ORIENTED_EDGE('',*,*,#4285,.T.);
#6038 = ADVANCED_FACE('',(#6039),#4337,.T.);
#6039 = FACE_BOUND('',#6040,.T.);
#6040 = EDGE_LOOP('',(#6041,#6064,#6091,#6092));
#6041 = ORIENTED_EDGE('',*,*,#6042,.T.);
#6042 = EDGE_CURVE('',#4321,#6043,#6045,.T.);
#6043 = VERTEX_POINT('',#6044);
#6044 = CARTESIAN_POINT('',(-14.925,-1.42,15.66));
#6045 = SEAM_CURVE('',#6046,(#6050,#6057),.PCURVE_S1.);
#6046 = LINE('',#6047,#6048);
#6047 = CARTESIAN_POINT('',(-14.925,-1.42,11.88));
#6048 = VECTOR('',#6049,1.);
#6049 = DIRECTION('',(0.,0.,1.));
#6050 = PCURVE('',#4337,#6051);
#6051 = DEFINITIONAL_REPRESENTATION('',(#6052),#6056);
#6052 = LINE('',#6053,#6054);
#6053 = CARTESIAN_POINT('',(6.28318530718,-0.));
#6054 = VECTOR('',#6055,1.);
#6055 = DIRECTION('',(0.,1.));
#6056 = ( GEOMETRIC_REPRESENTATION_CONTEXT(2) 
PARAMETRIC_REPRESENTATION_CONTEXT() REPRESENTATION_CONTEXT('2D SPACE',''
  ) );
#6057 = PCURVE('',#4337,#6058);
#6058 = DEFINITIONAL_REPRESENTATION('',(#6059),#6063);
#6059 = LINE('',#6060,#6061);
#6060 = CARTESIAN_POINT('',(0.,-0.));
#6061 = VECTOR('',#6062,1.);
#6062 = DIRECTION('',(0.,1.));
#6063 = ( GEOMETRIC_REPRESENTATION_CONTEXT(2) 
PARAMETRIC_REPRESENTATION_CONTEXT() REPRESENTATION_CONTEXT('2D SPACE',''
  ) );
#6064 = ORIENTED_EDGE('',*,*,#6065,.F.);
#6065 = EDGE_CURVE('',#6043,#6043,#6066,.T.);
#6066 = SURFACE_CURVE('',#6067,(#6072,#6079),.PCURVE_S1.);
#6067 = CIRCLE('',#6068,0.31);
#6068 = AXIS2_PLACEMENT_3D('',#6069,#6070,#6071);
#6069 = CARTESIAN_POINT('',(-15.235,-1.42,15.66));
#6070 = DIRECTION('',(0.,0.,1.));
#6071 = DIRECTION('',(1.,0.,-0.));
#6072 = PCURVE('',#4337,#6073);
#6073 = DEFINITIONAL_REPRESENTATION('',(#6074),#6078);
#6074 = LINE('',#6075,#6076);
#6075 = CARTESIAN_POINT('',(0.,3.78));
#6076 = VECTOR('',#6077,1.);
#6077 = DIRECTION('',(1.,0.));
#6078 = ( GEOMETRIC_REPRESENTATION_CONTEXT(2) 
PARAMETRIC_REPRESENTATION_CONTEXT() REPRESENTATION_CONTEXT('2D SPACE',''
  ) );
#6079 = PCURVE('',#6080,#6085);
#6080 = SPHERICAL_SURFACE('',#6081,0.31);
#6081 = AXIS2_PLACEMENT_3D('',#6082,#6083,#6084);
#6082 = CARTESIAN_POINT('',(-15.235,-1.42,15.66));
#6083 = DIRECTION('',(0.,0.,1.));
#6084 = DIRECTION('',(1.,0.,-0.));
#6085 = DEFINITIONAL_REPRESENTATION('',(#6086),#6090);
#6086 = LINE('',#6087,#6088);
#6087 = CARTESIAN_POINT('',(0.,0.));
#6088 = VECTOR('',#6089,1.);
#6089 = DIRECTION('',(1.,0.));
#6090 = ( GEOMETRIC_REPRESENTATION_CONTEXT(2) 
PARAMETRIC_REPRESENTATION_CONTEXT() REPRESENTATION_CONTEXT('2D SPACE',''
  ) );
#6091 = ORIENTED_EDGE('',*,*,#6042,.F.);
#6092 = ORIENTED_EDGE('',*,*,#4320,.T.);
#6093 = ADVANCED_FACE('',(#6094),#4372,.T.);
#6094 = FACE_BOUND('',#6095,.T.);
#6095 = EDGE_LOOP('',(#6096,#6119,#6146,#6147));
#6096 = ORIENTED_EDGE('',*,*,#6097,.T.);
#6097 = EDGE_CURVE('',#4356,#6098,#6100,.T.);
#6098 = VERTEX_POINT('',#6099);
#6099 = CARTESIAN_POINT('',(-12.155,-1.42,15.66));
#6100 = SEAM_CURVE('',#6101,(#6105,#6112),.PCURVE_S1.);
#6101 = LINE('',#6102,#6103);
#6102 = CARTESIAN_POINT('',(-12.155,-1.42,11.88));
#6103 = VECTOR('',#6104,1.);
#6104 = DIRECTION('',(0.,0.,1.));
#6105 = PCURVE('',#4372,#6106);
#6106 = DEFINITIONAL_REPRESENTATION('',(#6107),#6111);
#6107 = LINE('',#6108,#6109);
#6108 = CARTESIAN_POINT('',(6.28318530718,-0.));
#6109 = VECTOR('',#6110,1.);
#6110 = DIRECTION('',(0.,1.));
#6111 = ( GEOMETRIC_REPRESENTATION_CONTEXT(2) 
PARAMETRIC_REPRESENTATION_CONTEXT() REPRESENTATION_CONTEXT('2D SPACE',''
  ) );
#6112 = PCURVE('',#4372,#6113);
#6113 = DEFINITIONAL_REPRESENTATION('',(#6114),#6118);
#6114 = LINE('',#6115,#6116);
#6115 = CARTESIAN_POINT('',(0.,-0.));
#6116 = VECTOR('',#6117,1.);
#6117 = DIRECTION('',(0.,1.));
#6118 = ( GEOMETRIC_REPRESENTATION_CONTEXT(2) 
PARAMETRIC_REPRESENTATION_CONTEXT() REPRESENTATION_CONTEXT('2D SPACE',''
  ) );
#6119 = ORIENTED_EDGE('',*,*,#6120,.F.);
#6120 = EDGE_CURVE('',#6098,#6098,#6121,.T.);
#6121 = SURFACE_CURVE('',#6122,(#6127,#6134),.PCURVE_S1.);
#6122 = CIRCLE('',#6123,0.31);
#6123 = AXIS2_PLACEMENT_3D('',#6124,#6125,#6126);
#6124 = CARTESIAN_POINT('',(-12.465,-1.42,15.66));
#6125 = DIRECTION('',(0.,0.,1.));
#6126 = DIRECTION('',(1.,0.,-0.));
#6127 = PCURVE('',#4372,#6128);
#6128 = DEFINITIONAL_REPRESENTATION('',(#6129),#6133);
#6129 = LINE('',#6130,#6131);
#6130 = CARTESIAN_POINT('',(0.,3.78));
#6131 = VECTOR('',#6132,1.);
#6132 = DIRECTION('',(1.,0.));
#6133 = ( GEOMETRIC_REPRESENTATION_CONTEXT(2) 
PARAMETRIC_REPRESENTATION_CONTEXT() REPRESENTATION_CONTEXT('2D SPACE',''
  ) );
#6134 = PCURVE('',#6135,#6140);
#6135 = SPHERICAL_SURFACE('',#6136,0.31);
#6136 = AXIS2_PLACEMENT_3D('',#6137,#6138,#6139);
#6137 = CARTESIAN_POINT('',(-12.465,-1.42,15.66));
#6138 = DIRECTION('',(0.,0.,1.));
#6139 = DIRECTION('',(1.,0.,-0.));
#6140 = DEFINITIONAL_REPRESENTATION('',(#6141),#6145);
#6141 = LINE('',#6142,#6143);
#6142 = CARTESIAN_POINT('',(0.,0.));
#6143 = VECTOR('',#6144,1.);
#6144 = DIRECTION('',(1.,0.));
#6145 = ( GEOMETRIC_REPRESENTATION_CONTEXT(2) 
PARAMETRIC_REPRESENTATION_CONTEXT() REPRESENTATION_CONTEXT('2D SPACE',''
  ) );
#6146 = ORIENTED_EDGE('',*,*,#6097,.F.);
#6147 = ORIENTED_EDGE('',*,*,#4355,.T.);
#6148 = ADVANCED_FACE('',(#6149),#4407,.T.);
#6149 = FACE_BOUND('',#6150,.T.);
#6150 = EDGE_LOOP('',(#6151,#6174,#6201,#6202));
#6151 = ORIENTED_EDGE('',*,*,#6152,.T.);
#6152 = EDGE_CURVE('',#4391,#6153,#6155,.T.);
#6153 = VERTEX_POINT('',#6154);
#6154 = CARTESIAN_POINT('',(-9.385,-1.42,15.66));
#6155 = SEAM_CURVE('',#6156,(#6160,#6167),.PCURVE_S1.);
#6156 = LINE('',#6157,#6158);
#6157 = CARTESIAN_POINT('',(-9.385,-1.42,11.88));
#6158 = VECTOR('',#6159,1.);
#6159 = DIRECTION('',(0.,0.,1.));
#6160 = PCURVE('',#4407,#6161);
#6161 = DEFINITIONAL_REPRESENTATION('',(#6162),#6166);
#6162 = LINE('',#6163,#6164);
#6163 = CARTESIAN_POINT('',(6.28318530718,-0.));
#6164 = VECTOR('',#6165,1.);
#6165 = DIRECTION('',(0.,1.));
#6166 = ( GEOMETRIC_REPRESENTATION_CONTEXT(2) 
PARAMETRIC_REPRESENTATION_CONTEXT() REPRESENTATION_CONTEXT('2D SPACE',''
  ) );
#6167 = PCURVE('',#4407,#6168);
#6168 = DEFINITIONAL_REPRESENTATION('',(#6169),#6173);
#6169 = LINE('',#6170,#6171);
#6170 = CARTESIAN_POINT('',(0.,-0.));
#6171 = VECTOR('',#6172,1.);
#6172 = DIRECTION('',(0.,1.));
#6173 = ( GEOMETRIC_REPRESENTATION_CONTEXT(2) 
PARAMETRIC_REPRESENTATION_CONTEXT() REPRESENTATION_CONTEXT('2D SPACE',''
  ) );
#6174 = ORIENTED_EDGE('',*,*,#6175,.F.);
#6175 = EDGE_CURVE('',#6153,#6153,#6176,.T.);
#6176 = SURFACE_CURVE('',#6177,(#6182,#6189),.PCURVE_S1.);
#6177 = CIRCLE('',#6178,0.31);
#6178 = AXIS2_PLACEMENT_3D('',#6179,#6180,#6181);
#6179 = CARTESIAN_POINT('',(-9.695,-1.42,15.66));
#6180 = DIRECTION('',(0.,0.,1.));
#6181 = DIRECTION('',(1.,0.,-0.));
#6182 = PCURVE('',#4407,#6183);
#6183 = DEFINITIONAL_REPRESENTATION('',(#6184),#6188);
#6184 = LINE('',#6185,#6186);
#6185 = CARTESIAN_POINT('',(0.,3.78));
#6186 = VECTOR('',#6187,1.);
#6187 = DIRECTION('',(1.,0.));
#6188 = ( GEOMETRIC_REPRESENTATION_CONTEXT(2) 
PARAMETRIC_REPRESENTATION_CONTEXT() REPRESENTATION_CONTEXT('2D SPACE',''
  ) );
#6189 = PCURVE('',#6190,#6195);
#6190 = SPHERICAL_SURFACE('',#6191,0.31);
#6191 = AXIS2_PLACEMENT_3D('',#6192,#6193,#6194);
#6192 = CARTESIAN_POINT('',(-9.695,-1.42,15.66));
#6193 = DIRECTION('',(0.,0.,1.));
#6194 = DIRECTION('',(1.,0.,-0.));
#6195 = DEFINITIONAL_REPRESENTATION('',(#6196),#6200);
#6196 = LINE('',#6197,#6198);
#6197 = CARTESIAN_POINT('',(0.,0.));
#6198 = VECTOR('',#6199,1.);
#6199 = DIRECTION('',(1.,0.));
#6200 = ( GEOMETRIC_REPRESENTATION_CONTEXT(2) 
PARAMETRIC_REPRESENTATION_CONTEXT() REPRESENTATION_CONTEXT('2D SPACE',''
  ) );
#6201 = ORIENTED_EDGE('',*,*,#6152,.F.);
#6202 = ORIENTED_EDGE('',*,*,#4390,.T.);
#6203 = ADVANCED_FACE('',(#6204),#4442,.T.);
#6204 = FACE_BOUND('',#6205,.T.);
#6205 = EDGE_LOOP('',(#6206,#6229,#6256,#6257));
#6206 = ORIENTED_EDGE('',*,*,#6207,.T.);
#6207 = EDGE_CURVE('',#4426,#6208,#6210,.T.);
#6208 = VERTEX_POINT('',#6209);
#6209 = CARTESIAN_POINT('',(-6.615,-1.42,15.66));
#6210 = SEAM_CURVE('',#6211,(#6215,#6222),.PCURVE_S1.);
#6211 = LINE('',#6212,#6213);
#6212 = CARTESIAN_POINT('',(-6.615,-1.42,11.88));
#6213 = VECTOR('',#6214,1.);
#6214 = DIRECTION('',(0.,0.,1.));
#6215 = PCURVE('',#4442,#6216);
#6216 = DEFINITIONAL_REPRESENTATION('',(#6217),#6221);
#6217 = LINE('',#6218,#6219);
#6218 = CARTESIAN_POINT('',(6.28318530718,-0.));
#6219 = VECTOR('',#6220,1.);
#6220 = DIRECTION('',(0.,1.));
#6221 = ( GEOMETRIC_REPRESENTATION_CONTEXT(2) 
PARAMETRIC_REPRESENTATION_CONTEXT() REPRESENTATION_CONTEXT('2D SPACE',''
  ) );
#6222 = PCURVE('',#4442,#6223);
#6223 = DEFINITIONAL_REPRESENTATION('',(#6224),#6228);
#6224 = LINE('',#6225,#6226);
#6225 = CARTESIAN_POINT('',(0.,-0.));
#6226 = VECTOR('',#6227,1.);
#6227 = DIRECTION('',(0.,1.));
#6228 = ( GEOMETRIC_REPRESENTATION_CONTEXT(2) 
PARAMETRIC_REPRESENTATION_CONTEXT() REPRESENTATION_CONTEXT('2D SPACE',''
  ) );
#6229 = ORIENTED_EDGE('',*,*,#6230,.F.);
#6230 = EDGE_CURVE('',#6208,#6208,#6231,.T.);
#6231 = SURFACE_CURVE('',#6232,(#6237,#6244),.PCURVE_S1.);
#6232 = CIRCLE('',#6233,0.31);
#6233 = AXIS2_PLACEMENT_3D('',#6234,#6235,#6236);
#6234 = CARTESIAN_POINT('',(-6.925,-1.42,15.66));
#6235 = DIRECTION('',(0.,0.,1.));
#6236 = DIRECTION('',(1.,0.,-0.));
#6237 = PCURVE('',#4442,#6238);
#6238 = DEFINITIONAL_REPRESENTATION('',(#6239),#6243);
#6239 = LINE('',#6240,#6241);
#6240 = CARTESIAN_POINT('',(0.,3.78));
#6241 = VECTOR('',#6242,1.);
#6242 = DIRECTION('',(1.,0.));
#6243 = ( GEOMETRIC_REPRESENTATION_CONTEXT(2) 
PARAMETRIC_REPRESENTATION_CONTEXT() REPRESENTATION_CONTEXT('2D SPACE',''
  ) );
#6244 = PCURVE('',#6245,#6250);
#6245 = SPHERICAL_SURFACE('',#6246,0.31);
#6246 = AXIS2_PLACEMENT_3D('',#6247,#6248,#6249);
#6247 = CARTESIAN_POINT('',(-6.925,-1.42,15.66));
#6248 = DIRECTION('',(0.,0.,1.));
#6249 = DIRECTION('',(1.,0.,-0.));
#6250 = DEFINITIONAL_REPRESENTATION('',(#6251),#6255);
#6251 = LINE('',#6252,#6253);
#6252 = CARTESIAN_POINT('',(0.,0.));
#6253 = VECTOR('',#6254,1.);
#6254 = DIRECTION('',(1.,0.));
#6255 = ( GEOMETRIC_REPRESENTATION_CONTEXT(2) 
PARAMETRIC_REPRESENTATION_CONTEXT() REPRESENTATION_CONTEXT('2D SPACE',''
  ) );
#6256 = ORIENTED_EDGE('',*,*,#6207,.F.);
#6257 = ORIENTED_EDGE('',*,*,#4425,.T.);
#6258 = ADVANCED_FACE('',(#6259),#4477,.T.);
#6259 = FACE_BOUND('',#6260,.T.);
#6260 = EDGE_LOOP('',(#6261,#6284,#6311,#6312));
#6261 = ORIENTED_EDGE('',*,*,#6262,.T.);
#6262 = EDGE_CURVE('',#4461,#6263,#6265,.T.);
#6263 = VERTEX_POINT('',#6264);
#6264 = CARTESIAN_POINT('',(-3.845,-1.42,15.66));
#6265 = SEAM_CURVE('',#6266,(#6270,#6277),.PCURVE_S1.);
#6266 = LINE('',#6267,#6268);
#6267 = CARTESIAN_POINT('',(-3.845,-1.42,11.88));
#6268 = VECTOR('',#6269,1.);
#6269 = DIRECTION('',(0.,0.,1.));
#6270 = PCURVE('',#4477,#6271);
#6271 = DEFINITIONAL_REPRESENTATION('',(#6272),#6276);
#6272 = LINE('',#6273,#6274);
#6273 = CARTESIAN_POINT('',(6.28318530718,-0.));
#6274 = VECTOR('',#6275,1.);
#6275 = DIRECTION('',(0.,1.));
#6276 = ( GEOMETRIC_REPRESENTATION_CONTEXT(2) 
PARAMETRIC_REPRESENTATION_CONTEXT() REPRESENTATION_CONTEXT('2D SPACE',''
  ) );
#6277 = PCURVE('',#4477,#6278);
#6278 = DEFINITIONAL_REPRESENTATION('',(#6279),#6283);
#6279 = LINE('',#6280,#6281);
#6280 = CARTESIAN_POINT('',(0.,-0.));
#6281 = VECTOR('',#6282,1.);
#6282 = DIRECTION('',(0.,1.));
#6283 = ( GEOMETRIC_REPRESENTATION_CONTEXT(2) 
PARAMETRIC_REPRESENTATION_CONTEXT() REPRESENTATION_CONTEXT('2D SPACE',''
  ) );
#6284 = ORIENTED_EDGE('',*,*,#6285,.F.);
#6285 = EDGE_CURVE('',#6263,#6263,#6286,.T.);
#6286 = SURFACE_CURVE('',#6287,(#6292,#6299),.PCURVE_S1.);
#6287 = CIRCLE('',#6288,0.31);
#6288 = AXIS2_PLACEMENT_3D('',#6289,#6290,#6291);
#6289 = CARTESIAN_POINT('',(-4.155,-1.42,15.66));
#6290 = DIRECTION('',(0.,0.,1.));
#6291 = DIRECTION('',(1.,0.,-0.));
#6292 = PCURVE('',#4477,#6293);
#6293 = DEFINITIONAL_REPRESENTATION('',(#6294),#6298);
#6294 = LINE('',#6295,#6296);
#6295 = CARTESIAN_POINT('',(0.,3.78));
#6296 = VECTOR('',#6297,1.);
#6297 = DIRECTION('',(1.,0.));
#6298 = ( GEOMETRIC_REPRESENTATION_CONTEXT(2) 
PARAMETRIC_REPRESENTATION_CONTEXT() REPRESENTATION_CONTEXT('2D SPACE',''
  ) );
#6299 = PCURVE('',#6300,#6305);
#6300 = SPHERICAL_SURFACE('',#6301,0.31);
#6301 = AXIS2_PLACEMENT_3D('',#6302,#6303,#6304);
#6302 = CARTESIAN_POINT('',(-4.155,-1.42,15.66));
#6303 = DIRECTION('',(0.,0.,1.));
#6304 = DIRECTION('',(1.,0.,-0.));
#6305 = DEFINITIONAL_REPRESENTATION('',(#6306),#6310);
#6306 = LINE('',#6307,#6308);
#6307 = CARTESIAN_POINT('',(0.,0.));
#6308 = VECTOR('',#6309,1.);
#6309 = DIRECTION('',(1.,0.));
#6310 = ( GEOMETRIC_REPRESENTATION_CONTEXT(2) 
PARAMETRIC_REPRESENTATION_CONTEXT() REPRESENTATION_CONTEXT('2D SPACE',''
  ) );
#6311 = ORIENTED_EDGE('',*,*,#6262,.F.);
#6312 = ORIENTED_EDGE('',*,*,#4460,.T.);
#6313 = ADVANCED_FACE('',(#6314),#4512,.T.);
#6314 = FACE_BOUND('',#6315,.T.);
#6315 = EDGE_LOOP('',(#6316,#6339,#6366,#6367));
#6316 = ORIENTED_EDGE('',*,*,#6317,.T.);
#6317 = EDGE_CURVE('',#4496,#6318,#6320,.T.);
#6318 = VERTEX_POINT('',#6319);
#6319 = CARTESIAN_POINT('',(-1.075,-1.42,15.66));
#6320 = SEAM_CURVE('',#6321,(#6325,#6332),.PCURVE_S1.);
#6321 = LINE('',#6322,#6323);
#6322 = CARTESIAN_POINT('',(-1.075,-1.42,11.88));
#6323 = VECTOR('',#6324,1.);
#6324 = DIRECTION('',(0.,0.,1.));
#6325 = PCURVE('',#4512,#6326);
#6326 = DEFINITIONAL_REPRESENTATION('',(#6327),#6331);
#6327 = LINE('',#6328,#6329);
#6328 = CARTESIAN_POINT('',(6.28318530718,-0.));
#6329 = VECTOR('',#6330,1.);
#6330 = DIRECTION('',(0.,1.));
#6331 = ( GEOMETRIC_REPRESENTATION_CONTEXT(2) 
PARAMETRIC_REPRESENTATION_CONTEXT() REPRESENTATION_CONTEXT('2D SPACE',''
  ) );
#6332 = PCURVE('',#4512,#6333);
#6333 = DEFINITIONAL_REPRESENTATION('',(#6334),#6338);
#6334 = LINE('',#6335,#6336);
#6335 = CARTESIAN_POINT('',(0.,-0.));
#6336 = VECTOR('',#6337,1.);
#6337 = DIRECTION('',(0.,1.));
#6338 = ( GEOMETRIC_REPRESENTATION_CONTEXT(2) 
PARAMETRIC_REPRESENTATION_CONTEXT() REPRESENTATION_CONTEXT('2D SPACE',''
  ) );
#6339 = ORIENTED_EDGE('',*,*,#6340,.F.);
#6340 = EDGE_CURVE('',#6318,#6318,#6341,.T.);
#6341 = SURFACE_CURVE('',#6342,(#6347,#6354),.PCURVE_S1.);
#6342 = CIRCLE('',#6343,0.31);
#6343 = AXIS2_PLACEMENT_3D('',#6344,#6345,#6346);
#6344 = CARTESIAN_POINT('',(-1.385,-1.42,15.66));
#6345 = DIRECTION('',(0.,0.,1.));
#6346 = DIRECTION('',(1.,0.,-0.));
#6347 = PCURVE('',#4512,#6348);
#6348 = DEFINITIONAL_REPRESENTATION('',(#6349),#6353);
#6349 = LINE('',#6350,#6351);
#6350 = CARTESIAN_POINT('',(0.,3.78));
#6351 = VECTOR('',#6352,1.);
#6352 = DIRECTION('',(1.,0.));
#6353 = ( GEOMETRIC_REPRESENTATION_CONTEXT(2) 
PARAMETRIC_REPRESENTATION_CONTEXT() REPRESENTATION_CONTEXT('2D SPACE',''
  ) );
#6354 = PCURVE('',#6355,#6360);
#6355 = SPHERICAL_SURFACE('',#6356,0.31);
#6356 = AXIS2_PLACEMENT_3D('',#6357,#6358,#6359);
#6357 = CARTESIAN_POINT('',(-1.385,-1.42,15.66));
#6358 = DIRECTION('',(0.,0.,1.));
#6359 = DIRECTION('',(1.,0.,-0.));
#6360 = DEFINITIONAL_REPRESENTATION('',(#6361),#6365);
#6361 = LINE('',#6362,#6363);
#6362 = CARTESIAN_POINT('',(0.,0.));
#6363 = VECTOR('',#6364,1.);
#6364 = DIRECTION('',(1.,0.));
#6365 = ( GEOMETRIC_REPRESENTATION_CONTEXT(2) 
PARAMETRIC_REPRESENTATION_CONTEXT() REPRESENTATION_CONTEXT('2D SPACE',''
  ) );
#6366 = ORIENTED_EDGE('',*,*,#6317,.F.);
#6367 = ORIENTED_EDGE('',*,*,#4495,.T.);
#6368 = ADVANCED_FACE('',(#6369),#4547,.T.);
#6369 = FACE_BOUND('',#6370,.T.);
#6370 = EDGE_LOOP('',(#6371,#6394,#6421,#6422));
#6371 = ORIENTED_EDGE('',*,*,#6372,.T.);
#6372 = EDGE_CURVE('',#4531,#6373,#6375,.T.);
#6373 = VERTEX_POINT('',#6374);
#6374 = CARTESIAN_POINT('',(1.695,-1.42,15.66));
#6375 = SEAM_CURVE('',#6376,(#6380,#6387),.PCURVE_S1.);
#6376 = LINE('',#6377,#6378);
#6377 = CARTESIAN_POINT('',(1.695,-1.42,11.88));
#6378 = VECTOR('',#6379,1.);
#6379 = DIRECTION('',(0.,0.,1.));
#6380 = PCURVE('',#4547,#6381);
#6381 = DEFINITIONAL_REPRESENTATION('',(#6382),#6386);
#6382 = LINE('',#6383,#6384);
#6383 = CARTESIAN_POINT('',(6.28318530718,-0.));
#6384 = VECTOR('',#6385,1.);
#6385 = DIRECTION('',(0.,1.));
#6386 = ( GEOMETRIC_REPRESENTATION_CONTEXT(2) 
PARAMETRIC_REPRESENTATION_CONTEXT() REPRESENTATION_CONTEXT('2D SPACE',''
  ) );
#6387 = PCURVE('',#4547,#6388);
#6388 = DEFINITIONAL_REPRESENTATION('',(#6389),#6393);
#6389 = LINE('',#6390,#6391);
#6390 = CARTESIAN_POINT('',(0.,-0.));
#6391 = VECTOR('',#6392,1.);
#6392 = DIRECTION('',(0.,1.));
#6393 = ( GEOMETRIC_REPRESENTATION_CONTEXT(2) 
PARAMETRIC_REPRESENTATION_CONTEXT() REPRESENTATION_CONTEXT('2D SPACE',''
  ) );
#6394 = ORIENTED_EDGE('',*,*,#6395,.F.);
#6395 = EDGE_CURVE('',#6373,#6373,#6396,.T.);
#6396 = SURFACE_CURVE('',#6397,(#6402,#6409),.PCURVE_S1.);
#6397 = CIRCLE('',#6398,0.31);
#6398 = AXIS2_PLACEMENT_3D('',#6399,#6400,#6401);
#6399 = CARTESIAN_POINT('',(1.385,-1.42,15.66));
#6400 = DIRECTION('',(0.,0.,1.));
#6401 = DIRECTION('',(1.,0.,-0.));
#6402 = PCURVE('',#4547,#6403);
#6403 = DEFINITIONAL_REPRESENTATION('',(#6404),#6408);
#6404 = LINE('',#6405,#6406);
#6405 = CARTESIAN_POINT('',(0.,3.78));
#6406 = VECTOR('',#6407,1.);
#6407 = DIRECTION('',(1.,0.));
#6408 = ( GEOMETRIC_REPRESENTATION_CONTEXT(2) 
PARAMETRIC_REPRESENTATION_CONTEXT() REPRESENTATION_CONTEXT('2D SPACE',''
  ) );
#6409 = PCURVE('',#6410,#6415);
#6410 = SPHERICAL_SURFACE('',#6411,0.31);
#6411 = AXIS2_PLACEMENT_3D('',#6412,#6413,#6414);
#6412 = CARTESIAN_POINT('',(1.385,-1.42,15.66));
#6413 = DIRECTION('',(0.,0.,1.));
#6414 = DIRECTION('',(1.,0.,-0.));
#6415 = DEFINITIONAL_REPRESENTATION('',(#6416),#6420);
#6416 = LINE('',#6417,#6418);
#6417 = CARTESIAN_POINT('',(0.,0.));
#6418 = VECTOR('',#6419,1.);
#6419 = DIRECTION('',(1.,0.));
#6420 = ( GEOMETRIC_REPRESENTATION_CONTEXT(2) 
PARAMETRIC_REPRESENTATION_CONTEXT() REPRESENTATION_CONTEXT('2D SPACE',''
  ) );
#6421 = ORIENTED_EDGE('',*,*,#6372,.F.);
#6422 = ORIENTED_EDGE('',*,*,#4530,.T.);
#6423 = ADVANCED_FACE('',(#6424),#4582,.T.);
#6424 = FACE_BOUND('',#6425,.T.);
#6425 = EDGE_LOOP('',(#6426,#6449,#6476,#6477));
#6426 = ORIENTED_EDGE('',*,*,#6427,.T.);
#6427 = EDGE_CURVE('',#4566,#6428,#6430,.T.);
#6428 = VERTEX_POINT('',#6429);
#6429 = CARTESIAN_POINT('',(4.465,-1.42,15.66));
#6430 = SEAM_CURVE('',#6431,(#6435,#6442),.PCURVE_S1.);
#6431 = LINE('',#6432,#6433);
#6432 = CARTESIAN_POINT('',(4.465,-1.42,11.88));
#6433 = VECTOR('',#6434,1.);
#6434 = DIRECTION('',(0.,0.,1.));
#6435 = PCURVE('',#4582,#6436);
#6436 = DEFINITIONAL_REPRESENTATION('',(#6437),#6441);
#6437 = LINE('',#6438,#6439);
#6438 = CARTESIAN_POINT('',(6.28318530718,-0.));
#6439 = VECTOR('',#6440,1.);
#6440 = DIRECTION('',(0.,1.));
#6441 = ( GEOMETRIC_REPRESENTATION_CONTEXT(2) 
PARAMETRIC_REPRESENTATION_CONTEXT() REPRESENTATION_CONTEXT('2D SPACE',''
  ) );
#6442 = PCURVE('',#4582,#6443);
#6443 = DEFINITIONAL_REPRESENTATION('',(#6444),#6448);
#6444 = LINE('',#6445,#6446);
#6445 = CARTESIAN_POINT('',(0.,-0.));
#6446 = VECTOR('',#6447,1.);
#6447 = DIRECTION('',(0.,1.));
#6448 = ( GEOMETRIC_REPRESENTATION_CONTEXT(2) 
PARAMETRIC_REPRESENTATION_CONTEXT() REPRESENTATION_CONTEXT('2D SPACE',''
  ) );
#6449 = ORIENTED_EDGE('',*,*,#6450,.F.);
#6450 = EDGE_CURVE('',#6428,#6428,#6451,.T.);
#6451 = SURFACE_CURVE('',#6452,(#6457,#6464),.PCURVE_S1.);
#6452 = CIRCLE('',#6453,0.31);
#6453 = AXIS2_PLACEMENT_3D('',#6454,#6455,#6456);
#6454 = CARTESIAN_POINT('',(4.155,-1.42,15.66));
#6455 = DIRECTION('',(0.,0.,1.));
#6456 = DIRECTION('',(1.,0.,-0.));
#6457 = PCURVE('',#4582,#6458);
#6458 = DEFINITIONAL_REPRESENTATION('',(#6459),#6463);
#6459 = LINE('',#6460,#6461);
#6460 = CARTESIAN_POINT('',(0.,3.78));
#6461 = VECTOR('',#6462,1.);
#6462 = DIRECTION('',(1.,0.));
#6463 = ( GEOMETRIC_REPRESENTATION_CONTEXT(2) 
PARAMETRIC_REPRESENTATION_CONTEXT() REPRESENTATION_CONTEXT('2D SPACE',''
  ) );
#6464 = PCURVE('',#6465,#6470);
#6465 = SPHERICAL_SURFACE('',#6466,0.31);
#6466 = AXIS2_PLACEMENT_3D('',#6467,#6468,#6469);
#6467 = CARTESIAN_POINT('',(4.155,-1.42,15.66));
#6468 = DIRECTION('',(0.,0.,1.));
#6469 = DIRECTION('',(1.,0.,-0.));
#6470 = DEFINITIONAL_REPRESENTATION('',(#6471),#6475);
#6471 = LINE('',#6472,#6473);
#6472 = CARTESIAN_POINT('',(0.,0.));
#6473 = VECTOR('',#6474,1.);
#6474 = DIRECTION('',(1.,0.));
#6475 = ( GEOMETRIC_REPRESENTATION_CONTEXT(2) 
PARAMETRIC_REPRESENTATION_CONTEXT() REPRESENTATION_CONTEXT('2D SPACE',''
  ) );
#6476 = ORIENTED_EDGE('',*,*,#6427,.F.);
#6477 = ORIENTED_EDGE('',*,*,#4565,.T.);
#6478 = ADVANCED_FACE('',(#6479),#4617,.T.);
#6479 = FACE_BOUND('',#6480,.T.);
#6480 = EDGE_LOOP('',(#6481,#6504,#6531,#6532));
#6481 = ORIENTED_EDGE('',*,*,#6482,.T.);
#6482 = EDGE_CURVE('',#4601,#6483,#6485,.T.);
#6483 = VERTEX_POINT('',#6484);
#6484 = CARTESIAN_POINT('',(7.235,-1.42,15.66));
#6485 = SEAM_CURVE('',#6486,(#6490,#6497),.PCURVE_S1.);
#6486 = LINE('',#6487,#6488);
#6487 = CARTESIAN_POINT('',(7.235,-1.42,11.88));
#6488 = VECTOR('',#6489,1.);
#6489 = DIRECTION('',(0.,0.,1.));
#6490 = PCURVE('',#4617,#6491);
#6491 = DEFINITIONAL_REPRESENTATION('',(#6492),#6496);
#6492 = LINE('',#6493,#6494);
#6493 = CARTESIAN_POINT('',(6.28318530718,-0.));
#6494 = VECTOR('',#6495,1.);
#6495 = DIRECTION('',(0.,1.));
#6496 = ( GEOMETRIC_REPRESENTATION_CONTEXT(2) 
PARAMETRIC_REPRESENTATION_CONTEXT() REPRESENTATION_CONTEXT('2D SPACE',''
  ) );
#6497 = PCURVE('',#4617,#6498);
#6498 = DEFINITIONAL_REPRESENTATION('',(#6499),#6503);
#6499 = LINE('',#6500,#6501);
#6500 = CARTESIAN_POINT('',(0.,-0.));
#6501 = VECTOR('',#6502,1.);
#6502 = DIRECTION('',(0.,1.));
#6503 = ( GEOMETRIC_REPRESENTATION_CONTEXT(2) 
PARAMETRIC_REPRESENTATION_CONTEXT() REPRESENTATION_CONTEXT('2D SPACE',''
  ) );
#6504 = ORIENTED_EDGE('',*,*,#6505,.F.);
#6505 = EDGE_CURVE('',#6483,#6483,#6506,.T.);
#6506 = SURFACE_CURVE('',#6507,(#6512,#6519),.PCURVE_S1.);
#6507 = CIRCLE('',#6508,0.31);
#6508 = AXIS2_PLACEMENT_3D('',#6509,#6510,#6511);
#6509 = CARTESIAN_POINT('',(6.925,-1.42,15.66));
#6510 = DIRECTION('',(0.,0.,1.));
#6511 = DIRECTION('',(1.,0.,-0.));
#6512 = PCURVE('',#4617,#6513);
#6513 = DEFINITIONAL_REPRESENTATION('',(#6514),#6518);
#6514 = LINE('',#6515,#6516);
#6515 = CARTESIAN_POINT('',(0.,3.78));
#6516 = VECTOR('',#6517,1.);
#6517 = DIRECTION('',(1.,0.));
#6518 = ( GEOMETRIC_REPRESENTATION_CONTEXT(2) 
PARAMETRIC_REPRESENTATION_CONTEXT() REPRESENTATION_CONTEXT('2D SPACE',''
  ) );
#6519 = PCURVE('',#6520,#6525);
#6520 = SPHERICAL_SURFACE('',#6521,0.31);
#6521 = AXIS2_PLACEMENT_3D('',#6522,#6523,#6524);
#6522 = CARTESIAN_POINT('',(6.925,-1.42,15.66));
#6523 = DIRECTION('',(0.,0.,1.));
#6524 = DIRECTION('',(1.,0.,-0.));
#6525 = DEFINITIONAL_REPRESENTATION('',(#6526),#6530);
#6526 = LINE('',#6527,#6528);
#6527 = CARTESIAN_POINT('',(0.,0.));
#6528 = VECTOR('',#6529,1.);
#6529 = DIRECTION('',(1.,0.));
#6530 = ( GEOMETRIC_REPRESENTATION_CONTEXT(2) 
PARAMETRIC_REPRESENTATION_CONTEXT() REPRESENTATION_CONTEXT('2D SPACE',''
  ) );
#6531 = ORIENTED_EDGE('',*,*,#6482,.F.);
#6532 = ORIENTED_EDGE('',*,*,#4600,.T.);
#6533 = ADVANCED_FACE('',(#6534),#4652,.T.);
#6534 = FACE_BOUND('',#6535,.T.);
#6535 = EDGE_LOOP('',(#6536,#6559,#6586,#6587));
#6536 = ORIENTED_EDGE('',*,*,#6537,.T.);
#6537 = EDGE_CURVE('',#4636,#6538,#6540,.T.);
#6538 = VERTEX_POINT('',#6539);
#6539 = CARTESIAN_POINT('',(10.005,-1.42,15.66));
#6540 = SEAM_CURVE('',#6541,(#6545,#6552),.PCURVE_S1.);
#6541 = LINE('',#6542,#6543);
#6542 = CARTESIAN_POINT('',(10.005,-1.42,11.88));
#6543 = VECTOR('',#6544,1.);
#6544 = DIRECTION('',(0.,0.,1.));
#6545 = PCURVE('',#4652,#6546);
#6546 = DEFINITIONAL_REPRESENTATION('',(#6547),#6551);
#6547 = LINE('',#6548,#6549);
#6548 = CARTESIAN_POINT('',(6.28318530718,-0.));
#6549 = VECTOR('',#6550,1.);
#6550 = DIRECTION('',(0.,1.));
#6551 = ( GEOMETRIC_REPRESENTATION_CONTEXT(2) 
PARAMETRIC_REPRESENTATION_CONTEXT() REPRESENTATION_CONTEXT('2D SPACE',''
  ) );
#6552 = PCURVE('',#4652,#6553);
#6553 = DEFINITIONAL_REPRESENTATION('',(#6554),#6558);
#6554 = LINE('',#6555,#6556);
#6555 = CARTESIAN_POINT('',(0.,-0.));
#6556 = VECTOR('',#6557,1.);
#6557 = DIRECTION('',(0.,1.));
#6558 = ( GEOMETRIC_REPRESENTATION_CONTEXT(2) 
PARAMETRIC_REPRESENTATION_CONTEXT() REPRESENTATION_CONTEXT('2D SPACE',''
  ) );
#6559 = ORIENTED_EDGE('',*,*,#6560,.F.);
#6560 = EDGE_CURVE('',#6538,#6538,#6561,.T.);
#6561 = SURFACE_CURVE('',#6562,(#6567,#6574),.PCURVE_S1.);
#6562 = CIRCLE('',#6563,0.31);
#6563 = AXIS2_PLACEMENT_3D('',#6564,#6565,#6566);
#6564 = CARTESIAN_POINT('',(9.695,-1.42,15.66));
#6565 = DIRECTION('',(0.,0.,1.));
#6566 = DIRECTION('',(1.,0.,-0.));
#6567 = PCURVE('',#4652,#6568);
#6568 = DEFINITIONAL_REPRESENTATION('',(#6569),#6573);
#6569 = LINE('',#6570,#6571);
#6570 = CARTESIAN_POINT('',(0.,3.78));
#6571 = VECTOR('',#6572,1.);
#6572 = DIRECTION('',(1.,0.));
#6573 = ( GEOMETRIC_REPRESENTATION_CONTEXT(2) 
PARAMETRIC_REPRESENTATION_CONTEXT() REPRESENTATION_CONTEXT('2D SPACE',''
  ) );
#6574 = PCURVE('',#6575,#6580);
#6575 = SPHERICAL_SURFACE('',#6576,0.31);
#6576 = AXIS2_PLACEMENT_3D('',#6577,#6578,#6579);
#6577 = CARTESIAN_POINT('',(9.695,-1.42,15.66));
#6578 = DIRECTION('',(0.,0.,1.));
#6579 = DIRECTION('',(1.,0.,-0.));
#6580 = DEFINITIONAL_REPRESENTATION('',(#6581),#6585);
#6581 = LINE('',#6582,#6583);
#6582 = CARTESIAN_POINT('',(0.,0.));
#6583 = VECTOR('',#6584,1.);
#6584 = DIRECTION('',(1.,0.));
#6585 = ( GEOMETRIC_REPRESENTATION_CONTEXT(2) 
PARAMETRIC_REPRESENTATION_CONTEXT() REPRESENTATION_CONTEXT('2D SPACE',''
  ) );
#6586 = ORIENTED_EDGE('',*,*,#6537,.F.);
#6587 = ORIENTED_EDGE('',*,*,#4635,.T.);
#6588 = ADVANCED_FACE('',(#6589),#4687,.T.);
#6589 = FACE_BOUND('',#6590,.T.);
#6590 = EDGE_LOOP('',(#6591,#6614,#6641,#6642));
#6591 = ORIENTED_EDGE('',*,*,#6592,.T.);
#6592 = EDGE_CURVE('',#4671,#6593,#6595,.T.);
#6593 = VERTEX_POINT('',#6594);
#6594 = CARTESIAN_POINT('',(12.775,-1.42,15.66));
#6595 = SEAM_CURVE('',#6596,(#6600,#6607),.PCURVE_S1.);
#6596 = LINE('',#6597,#6598);
#6597 = CARTESIAN_POINT('',(12.775,-1.42,11.88));
#6598 = VECTOR('',#6599,1.);
#6599 = DIRECTION('',(0.,0.,1.));
#6600 = PCURVE('',#4687,#6601);
#6601 = DEFINITIONAL_REPRESENTATION('',(#6602),#6606);
#6602 = LINE('',#6603,#6604);
#6603 = CARTESIAN_POINT('',(6.28318530718,-0.));
#6604 = VECTOR('',#6605,1.);
#6605 = DIRECTION('',(0.,1.));
#6606 = ( GEOMETRIC_REPRESENTATION_CONTEXT(2) 
PARAMETRIC_REPRESENTATION_CONTEXT() REPRESENTATION_CONTEXT('2D SPACE',''
  ) );
#6607 = PCURVE('',#4687,#6608);
#6608 = DEFINITIONAL_REPRESENTATION('',(#6609),#6613);
#6609 = LINE('',#6610,#6611);
#6610 = CARTESIAN_POINT('',(0.,-0.));
#6611 = VECTOR('',#6612,1.);
#6612 = DIRECTION('',(0.,1.));
#6613 = ( GEOMETRIC_REPRESENTATION_CONTEXT(2) 
PARAMETRIC_REPRESENTATION_CONTEXT() REPRESENTATION_CONTEXT('2D SPACE',''
  ) );
#6614 = ORIENTED_EDGE('',*,*,#6615,.F.);
#6615 = EDGE_CURVE('',#6593,#6593,#6616,.T.);
#6616 = SURFACE_CURVE('',#6617,(#6622,#6629),.PCURVE_S1.);
#6617 = CIRCLE('',#6618,0.31);
#6618 = AXIS2_PLACEMENT_3D('',#6619,#6620,#6621);
#6619 = CARTESIAN_POINT('',(12.465,-1.42,15.66));
#6620 = DIRECTION('',(0.,0.,1.));
#6621 = DIRECTION('',(1.,0.,-0.));
#6622 = PCURVE('',#4687,#6623);
#6623 = DEFINITIONAL_REPRESENTATION('',(#6624),#6628);
#6624 = LINE('',#6625,#6626);
#6625 = CARTESIAN_POINT('',(0.,3.78));
#6626 = VECTOR('',#6627,1.);
#6627 = DIRECTION('',(1.,0.));
#6628 = ( GEOMETRIC_REPRESENTATION_CONTEXT(2) 
PARAMETRIC_REPRESENTATION_CONTEXT() REPRESENTATION_CONTEXT('2D SPACE',''
  ) );
#6629 = PCURVE('',#6630,#6635);
#6630 = SPHERICAL_SURFACE('',#6631,0.31);
#6631 = AXIS2_PLACEMENT_3D('',#6632,#6633,#6634);
#6632 = CARTESIAN_POINT('',(12.465,-1.42,15.66));
#6633 = DIRECTION('',(0.,0.,1.));
#6634 = DIRECTION('',(1.,0.,-0.));
#6635 = DEFINITIONAL_REPRESENTATION('',(#6636),#6640);
#6636 = LINE('',#6637,#6638);
#6637 = CARTESIAN_POINT('',(0.,0.));
#6638 = VECTOR('',#6639,1.);
#6639 = DIRECTION('',(1.,0.));
#6640 = ( GEOMETRIC_REPRESENTATION_CONTEXT(2) 
PARAMETRIC_REPRESENTATION_CONTEXT() REPRESENTATION_CONTEXT('2D SPACE',''
  ) );
#6641 = ORIENTED_EDGE('',*,*,#6592,.F.);
#6642 = ORIENTED_EDGE('',*,*,#4670,.T.);
#6643 = ADVANCED_FACE('',(#6644),#4722,.T.);
#6644 = FACE_BOUND('',#6645,.T.);
#6645 = EDGE_LOOP('',(#6646,#6669,#6696,#6697));
#6646 = ORIENTED_EDGE('',*,*,#6647,.T.);
#6647 = EDGE_CURVE('',#4706,#6648,#6650,.T.);
#6648 = VERTEX_POINT('',#6649);
#6649 = CARTESIAN_POINT('',(15.545,-1.42,15.66));
#6650 = SEAM_CURVE('',#6651,(#6655,#6662),.PCURVE_S1.);
#6651 = LINE('',#6652,#6653);
#6652 = CARTESIAN_POINT('',(15.545,-1.42,11.88));
#6653 = VECTOR('',#6654,1.);
#6654 = DIRECTION('',(0.,0.,1.));
#6655 = PCURVE('',#4722,#6656);
#6656 = DEFINITIONAL_REPRESENTATION('',(#6657),#6661);
#6657 = LINE('',#6658,#6659);
#6658 = CARTESIAN_POINT('',(6.28318530718,-0.));
#6659 = VECTOR('',#6660,1.);
#6660 = DIRECTION('',(0.,1.));
#6661 = ( GEOMETRIC_REPRESENTATION_CONTEXT(2) 
PARAMETRIC_REPRESENTATION_CONTEXT() REPRESENTATION_CONTEXT('2D SPACE',''
  ) );
#6662 = PCURVE('',#4722,#6663);
#6663 = DEFINITIONAL_REPRESENTATION('',(#6664),#6668);
#6664 = LINE('',#6665,#6666);
#6665 = CARTESIAN_POINT('',(0.,-0.));
#6666 = VECTOR('',#6667,1.);
#6667 = DIRECTION('',(0.,1.));
#6668 = ( GEOMETRIC_REPRESENTATION_CONTEXT(2) 
PARAMETRIC_REPRESENTATION_CONTEXT() REPRESENTATION_CONTEXT('2D SPACE',''
  ) );
#6669 = ORIENTED_EDGE('',*,*,#6670,.F.);
#6670 = EDGE_CURVE('',#6648,#6648,#6671,.T.);
#6671 = SURFACE_CURVE('',#6672,(#6677,#6684),.PCURVE_S1.);
#6672 = CIRCLE('',#6673,0.31);
#6673 = AXIS2_PLACEMENT_3D('',#6674,#6675,#6676);
#6674 = CARTESIAN_POINT('',(15.235,-1.42,15.66));
#6675 = DIRECTION('',(0.,0.,1.));
#6676 = DIRECTION('',(1.,0.,-0.));
#6677 = PCURVE('',#4722,#6678);
#6678 = DEFINITIONAL_REPRESENTATION('',(#6679),#6683);
#6679 = LINE('',#6680,#6681);
#6680 = CARTESIAN_POINT('',(0.,3.78));
#6681 = VECTOR('',#6682,1.);
#6682 = DIRECTION('',(1.,0.));
#6683 = ( GEOMETRIC_REPRESENTATION_CONTEXT(2) 
PARAMETRIC_REPRESENTATION_CONTEXT() REPRESENTATION_CONTEXT('2D SPACE',''
  ) );
#6684 = PCURVE('',#6685,#6690);
#6685 = SPHERICAL_SURFACE('',#6686,0.31);
#6686 = AXIS2_PLACEMENT_3D('',#6687,#6688,#6689);
#6687 = CARTESIAN_POINT('',(15.235,-1.42,15.66));
#6688 = DIRECTION('',(0.,0.,1.));
#6689 = DIRECTION('',(1.,0.,-0.));
#6690 = DEFINITIONAL_REPRESENTATION('',(#6691),#6695);
#6691 = LINE('',#6692,#6693);
#6692 = CARTESIAN_POINT('',(0.,0.));
#6693 = VECTOR('',#6694,1.);
#6694 = DIRECTION('',(1.,0.));
#6695 = ( GEOMETRIC_REPRESENTATION_CONTEXT(2) 
PARAMETRIC_REPRESENTATION_CONTEXT() REPRESENTATION_CONTEXT('2D SPACE',''
  ) );
#6696 = ORIENTED_EDGE('',*,*,#6647,.F.);
#6697 = ORIENTED_EDGE('',*,*,#4705,.T.);
#6698 = ADVANCED_FACE('',(#6699),#4757,.T.);
#6699 = FACE_BOUND('',#6700,.T.);
#6700 = EDGE_LOOP('',(#6701,#6724,#6751,#6752));
#6701 = ORIENTED_EDGE('',*,*,#6702,.T.);
#6702 = EDGE_CURVE('',#4741,#6703,#6705,.T.);
#6703 = VERTEX_POINT('',#6704);
#6704 = CARTESIAN_POINT('',(18.315,-1.42,15.66));
#6705 = SEAM_CURVE('',#6706,(#6710,#6717),.PCURVE_S1.);
#6706 = LINE('',#6707,#6708);
#6707 = CARTESIAN_POINT('',(18.315,-1.42,11.88));
#6708 = VECTOR('',#6709,1.);
#6709 = DIRECTION('',(0.,0.,1.));
#6710 = PCURVE('',#4757,#6711);
#6711 = DEFINITIONAL_REPRESENTATION('',(#6712),#6716);
#6712 = LINE('',#6713,#6714);
#6713 = CARTESIAN_POINT('',(6.28318530718,-0.));
#6714 = VECTOR('',#6715,1.);
#6715 = DIRECTION('',(0.,1.));
#6716 = ( GEOMETRIC_REPRESENTATION_CONTEXT(2) 
PARAMETRIC_REPRESENTATION_CONTEXT() REPRESENTATION_CONTEXT('2D SPACE',''
  ) );
#6717 = PCURVE('',#4757,#6718);
#6718 = DEFINITIONAL_REPRESENTATION('',(#6719),#6723);
#6719 = LINE('',#6720,#6721);
#6720 = CARTESIAN_POINT('',(0.,-0.));
#6721 = VECTOR('',#6722,1.);
#6722 = DIRECTION('',(0.,1.));
#6723 = ( GEOMETRIC_REPRESENTATION_CONTEXT(2) 
PARAMETRIC_REPRESENTATION_CONTEXT() REPRESENTATION_CONTEXT('2D SPACE',''
  ) );
#6724 = ORIENTED_EDGE('',*,*,#6725,.F.);
#6725 = EDGE_CURVE('',#6703,#6703,#6726,.T.);
#6726 = SURFACE_CURVE('',#6727,(#6732,#6739),.PCURVE_S1.);
#6727 = CIRCLE('',#6728,0.31);
#6728 = AXIS2_PLACEMENT_3D('',#6729,#6730,#6731);
#6729 = CARTESIAN_POINT('',(18.005,-1.42,15.66));
#6730 = DIRECTION('',(0.,0.,1.));
#6731 = DIRECTION('',(1.,0.,-0.));
#6732 = PCURVE('',#4757,#6733);
#6733 = DEFINITIONAL_REPRESENTATION('',(#6734),#6738);
#6734 = LINE('',#6735,#6736);
#6735 = CARTESIAN_POINT('',(0.,3.78));
#6736 = VECTOR('',#6737,1.);
#6737 = DIRECTION('',(1.,0.));
#6738 = ( GEOMETRIC_REPRESENTATION_CONTEXT(2) 
PARAMETRIC_REPRESENTATION_CONTEXT() REPRESENTATION_CONTEXT('2D SPACE',''
  ) );
#6739 = PCURVE('',#6740,#6745);
#6740 = SPHERICAL_SURFACE('',#6741,0.31);
#6741 = AXIS2_PLACEMENT_3D('',#6742,#6743,#6744);
#6742 = CARTESIAN_POINT('',(18.005,-1.42,15.66));
#6743 = DIRECTION('',(0.,0.,1.));
#6744 = DIRECTION('',(1.,0.,-0.));
#6745 = DEFINITIONAL_REPRESENTATION('',(#6746),#6750);
#6746 = LINE('',#6747,#6748);
#6747 = CARTESIAN_POINT('',(0.,0.));
#6748 = VECTOR('',#6749,1.);
#6749 = DIRECTION('',(1.,0.));
#6750 = ( GEOMETRIC_REPRESENTATION_CONTEXT(2) 
PARAMETRIC_REPRESENTATION_CONTEXT() REPRESENTATION_CONTEXT('2D SPACE',''
  ) );
#6751 = ORIENTED_EDGE('',*,*,#6702,.F.);
#6752 = ORIENTED_EDGE('',*,*,#4740,.T.);
#6753 = ADVANCED_FACE('',(#6754),#4792,.T.);
#6754 = FACE_BOUND('',#6755,.T.);
#6755 = EDGE_LOOP('',(#6756,#6779,#6806,#6807));
#6756 = ORIENTED_EDGE('',*,*,#6757,.T.);
#6757 = EDGE_CURVE('',#4776,#6758,#6760,.T.);
#6758 = VERTEX_POINT('',#6759);
#6759 = CARTESIAN_POINT('',(21.085,-1.42,15.66));
#6760 = SEAM_CURVE('',#6761,(#6765,#6772),.PCURVE_S1.);
#6761 = LINE('',#6762,#6763);
#6762 = CARTESIAN_POINT('',(21.085,-1.42,11.88));
#6763 = VECTOR('',#6764,1.);
#6764 = DIRECTION('',(0.,0.,1.));
#6765 = PCURVE('',#4792,#6766);
#6766 = DEFINITIONAL_REPRESENTATION('',(#6767),#6771);
#6767 = LINE('',#6768,#6769);
#6768 = CARTESIAN_POINT('',(6.28318530718,-0.));
#6769 = VECTOR('',#6770,1.);
#6770 = DIRECTION('',(0.,1.));
#6771 = ( GEOMETRIC_REPRESENTATION_CONTEXT(2) 
PARAMETRIC_REPRESENTATION_CONTEXT() REPRESENTATION_CONTEXT('2D SPACE',''
  ) );
#6772 = PCURVE('',#4792,#6773);
#6773 = DEFINITIONAL_REPRESENTATION('',(#6774),#6778);
#6774 = LINE('',#6775,#6776);
#6775 = CARTESIAN_POINT('',(0.,-0.));
#6776 = VECTOR('',#6777,1.);
#6777 = DIRECTION('',(0.,1.));
#6778 = ( GEOMETRIC_REPRESENTATION_CONTEXT(2) 
PARAMETRIC_REPRESENTATION_CONTEXT() REPRESENTATION_CONTEXT('2D SPACE',''
  ) );
#6779 = ORIENTED_EDGE('',*,*,#6780,.F.);
#6780 = EDGE_CURVE('',#6758,#6758,#6781,.T.);
#6781 = SURFACE_CURVE('',#6782,(#6787,#6794),.PCURVE_S1.);
#6782 = CIRCLE('',#6783,0.31);
#6783 = AXIS2_PLACEMENT_3D('',#6784,#6785,#6786);
#6784 = CARTESIAN_POINT('',(20.775,-1.42,15.66));
#6785 = DIRECTION('',(0.,0.,1.));
#6786 = DIRECTION('',(1.,0.,-0.));
#6787 = PCURVE('',#4792,#6788);
#6788 = DEFINITIONAL_REPRESENTATION('',(#6789),#6793);
#6789 = LINE('',#6790,#6791);
#6790 = CARTESIAN_POINT('',(0.,3.78));
#6791 = VECTOR('',#6792,1.);
#6792 = DIRECTION('',(1.,0.));
#6793 = ( GEOMETRIC_REPRESENTATION_CONTEXT(2) 
PARAMETRIC_REPRESENTATION_CONTEXT() REPRESENTATION_CONTEXT('2D SPACE',''
  ) );
#6794 = PCURVE('',#6795,#6800);
#6795 = SPHERICAL_SURFACE('',#6796,0.31);
#6796 = AXIS2_PLACEMENT_3D('',#6797,#6798,#6799);
#6797 = CARTESIAN_POINT('',(20.775,-1.42,15.66));
#6798 = DIRECTION('',(0.,0.,1.));
#6799 = DIRECTION('',(1.,0.,-0.));
#6800 = DEFINITIONAL_REPRESENTATION('',(#6801),#6805);
#6801 = LINE('',#6802,#6803);
#6802 = CARTESIAN_POINT('',(0.,0.));
#6803 = VECTOR('',#6804,1.);
#6804 = DIRECTION('',(1.,0.));
#6805 = ( GEOMETRIC_REPRESENTATION_CONTEXT(2) 
PARAMETRIC_REPRESENTATION_CONTEXT() REPRESENTATION_CONTEXT('2D SPACE',''
  ) );
#6806 = ORIENTED_EDGE('',*,*,#6757,.F.);
#6807 = ORIENTED_EDGE('',*,*,#4775,.T.);
#6808 = ADVANCED_FACE('',(#6809),#4827,.T.);
#6809 = FACE_BOUND('',#6810,.T.);
#6810 = EDGE_LOOP('',(#6811,#6834,#6861,#6862));
#6811 = ORIENTED_EDGE('',*,*,#6812,.T.);
#6812 = EDGE_CURVE('',#4811,#6813,#6815,.T.);
#6813 = VERTEX_POINT('',#6814);
#6814 = CARTESIAN_POINT('',(23.855,-1.42,15.66));
#6815 = SEAM_CURVE('',#6816,(#6820,#6827),.PCURVE_S1.);
#6816 = LINE('',#6817,#6818);
#6817 = CARTESIAN_POINT('',(23.855,-1.42,11.88));
#6818 = VECTOR('',#6819,1.);
#6819 = DIRECTION('',(0.,0.,1.));
#6820 = PCURVE('',#4827,#6821);
#6821 = DEFINITIONAL_REPRESENTATION('',(#6822),#6826);
#6822 = LINE('',#6823,#6824);
#6823 = CARTESIAN_POINT('',(6.28318530718,-0.));
#6824 = VECTOR('',#6825,1.);
#6825 = DIRECTION('',(0.,1.));
#6826 = ( GEOMETRIC_REPRESENTATION_CONTEXT(2) 
PARAMETRIC_REPRESENTATION_CONTEXT() REPRESENTATION_CONTEXT('2D SPACE',''
  ) );
#6827 = PCURVE('',#4827,#6828);
#6828 = DEFINITIONAL_REPRESENTATION('',(#6829),#6833);
#6829 = LINE('',#6830,#6831);
#6830 = CARTESIAN_POINT('',(0.,-0.));
#6831 = VECTOR('',#6832,1.);
#6832 = DIRECTION('',(0.,1.));
#6833 = ( GEOMETRIC_REPRESENTATION_CONTEXT(2) 
PARAMETRIC_REPRESENTATION_CONTEXT() REPRESENTATION_CONTEXT('2D SPACE',''
  ) );
#6834 = ORIENTED_EDGE('',*,*,#6835,.F.);
#6835 = EDGE_CURVE('',#6813,#6813,#6836,.T.);
#6836 = SURFACE_CURVE('',#6837,(#6842,#6849),.PCURVE_S1.);
#6837 = CIRCLE('',#6838,0.31);
#6838 = AXIS2_PLACEMENT_3D('',#6839,#6840,#6841);
#6839 = CARTESIAN_POINT('',(23.545,-1.42,15.66));
#6840 = DIRECTION('',(0.,0.,1.));
#6841 = DIRECTION('',(1.,0.,-0.));
#6842 = PCURVE('',#4827,#6843);
#6843 = DEFINITIONAL_REPRESENTATION('',(#6844),#6848);
#6844 = LINE('',#6845,#6846);
#6845 = CARTESIAN_POINT('',(0.,3.78));
#6846 = VECTOR('',#6847,1.);
#6847 = DIRECTION('',(1.,0.));
#6848 = ( GEOMETRIC_REPRESENTATION_CONTEXT(2) 
PARAMETRIC_REPRESENTATION_CONTEXT() REPRESENTATION_CONTEXT('2D SPACE',''
  ) );
#6849 = PCURVE('',#6850,#6855);
#6850 = SPHERICAL_SURFACE('',#6851,0.31);
#6851 = AXIS2_PLACEMENT_3D('',#6852,#6853,#6854);
#6852 = CARTESIAN_POINT('',(23.545,-1.42,15.66));
#6853 = DIRECTION('',(0.,0.,1.));
#6854 = DIRECTION('',(1.,0.,-0.));
#6855 = DEFINITIONAL_REPRESENTATION('',(#6856),#6860);
#6856 = LINE('',#6857,#6858);
#6857 = CARTESIAN_POINT('',(0.,0.));
#6858 = VECTOR('',#6859,1.);
#6859 = DIRECTION('',(1.,0.));
#6860 = ( GEOMETRIC_REPRESENTATION_CONTEXT(2) 
PARAMETRIC_REPRESENTATION_CONTEXT() REPRESENTATION_CONTEXT('2D SPACE',''
  ) );
#6861 = ORIENTED_EDGE('',*,*,#6812,.F.);
#6862 = ORIENTED_EDGE('',*,*,#4810,.T.);
#6863 = ADVANCED_FACE('',(#6864),#4862,.T.);
#6864 = FACE_BOUND('',#6865,.T.);
#6865 = EDGE_LOOP('',(#6866,#6889,#6916,#6917));
#6866 = ORIENTED_EDGE('',*,*,#6867,.T.);
#6867 = EDGE_CURVE('',#4846,#6868,#6870,.T.);
#6868 = VERTEX_POINT('',#6869);
#6869 = CARTESIAN_POINT('',(-21.85,1.42,15.66));
#6870 = SEAM_CURVE('',#6871,(#6875,#6882),.PCURVE_S1.);
#6871 = LINE('',#6872,#6873);
#6872 = CARTESIAN_POINT('',(-21.85,1.42,11.88));
#6873 = VECTOR('',#6874,1.);
#6874 = DIRECTION('',(0.,0.,1.));
#6875 = PCURVE('',#4862,#6876);
#6876 = DEFINITIONAL_REPRESENTATION('',(#6877),#6881);
#6877 = LINE('',#6878,#6879);
#6878 = CARTESIAN_POINT('',(6.28318530718,-0.));
#6879 = VECTOR('',#6880,1.);
#6880 = DIRECTION('',(0.,1.));
#6881 = ( GEOMETRIC_REPRESENTATION_CONTEXT(2) 
PARAMETRIC_REPRESENTATION_CONTEXT() REPRESENTATION_CONTEXT('2D SPACE',''
  ) );
#6882 = PCURVE('',#4862,#6883);
#6883 = DEFINITIONAL_REPRESENTATION('',(#6884),#6888);
#6884 = LINE('',#6885,#6886);
#6885 = CARTESIAN_POINT('',(0.,-0.));
#6886 = VECTOR('',#6887,1.);
#6887 = DIRECTION('',(0.,1.));
#6888 = ( GEOMETRIC_REPRESENTATION_CONTEXT(2) 
PARAMETRIC_REPRESENTATION_CONTEXT() REPRESENTATION_CONTEXT('2D SPACE',''
  ) );
#6889 = ORIENTED_EDGE('',*,*,#6890,.F.);
#6890 = EDGE_CURVE('',#6868,#6868,#6891,.T.);
#6891 = SURFACE_CURVE('',#6892,(#6897,#6904),.PCURVE_S1.);
#6892 = CIRCLE('',#6893,0.31);
#6893 = AXIS2_PLACEMENT_3D('',#6894,#6895,#6896);
#6894 = CARTESIAN_POINT('',(-22.16,1.42,15.66));
#6895 = DIRECTION('',(0.,0.,1.));
#6896 = DIRECTION('',(1.,0.,-0.));
#6897 = PCURVE('',#4862,#6898);
#6898 = DEFINITIONAL_REPRESENTATION('',(#6899),#6903);
#6899 = LINE('',#6900,#6901);
#6900 = CARTESIAN_POINT('',(0.,3.78));
#6901 = VECTOR('',#6902,1.);
#6902 = DIRECTION('',(1.,0.));
#6903 = ( GEOMETRIC_REPRESENTATION_CONTEXT(2) 
PARAMETRIC_REPRESENTATION_CONTEXT() REPRESENTATION_CONTEXT('2D SPACE',''
  ) );
#6904 = PCURVE('',#6905,#6910);
#6905 = SPHERICAL_SURFACE('',#6906,0.31);
#6906 = AXIS2_PLACEMENT_3D('',#6907,#6908,#6909);
#6907 = CARTESIAN_POINT('',(-22.16,1.42,15.66));
#6908 = DIRECTION('',(0.,0.,1.));
#6909 = DIRECTION('',(1.,0.,-0.));
#6910 = DEFINITIONAL_REPRESENTATION('',(#6911),#6915);
#6911 = LINE('',#6912,#6913);
#6912 = CARTESIAN_POINT('',(0.,0.));
#6913 = VECTOR('',#6914,1.);
#6914 = DIRECTION('',(1.,0.));
#6915 = ( GEOMETRIC_REPRESENTATION_CONTEXT(2) 
PARAMETRIC_REPRESENTATION_CONTEXT() REPRESENTATION_CONTEXT('2D SPACE',''
  ) );
#6916 = ORIENTED_EDGE('',*,*,#6867,.F.);
#6917 = ORIENTED_EDGE('',*,*,#4845,.T.);
#6918 = ADVANCED_FACE('',(#6919),#4897,.T.);
#6919 = FACE_BOUND('',#6920,.T.);
#6920 = EDGE_LOOP('',(#6921,#6944,#6971,#6972));
#6921 = ORIENTED_EDGE('',*,*,#6922,.T.);
#6922 = EDGE_CURVE('',#4881,#6923,#6925,.T.);
#6923 = VERTEX_POINT('',#6924);
#6924 = CARTESIAN_POINT('',(-19.08,1.42,15.66));
#6925 = SEAM_CURVE('',#6926,(#6930,#6937),.PCURVE_S1.);
#6926 = LINE('',#6927,#6928);
#6927 = CARTESIAN_POINT('',(-19.08,1.42,11.88));
#6928 = VECTOR('',#6929,1.);
#6929 = DIRECTION('',(0.,0.,1.));
#6930 = PCURVE('',#4897,#6931);
#6931 = DEFINITIONAL_REPRESENTATION('',(#6932),#6936);
#6932 = LINE('',#6933,#6934);
#6933 = CARTESIAN_POINT('',(6.28318530718,-0.));
#6934 = VECTOR('',#6935,1.);
#6935 = DIRECTION('',(0.,1.));
#6936 = ( GEOMETRIC_REPRESENTATION_CONTEXT(2) 
PARAMETRIC_REPRESENTATION_CONTEXT() REPRESENTATION_CONTEXT('2D SPACE',''
  ) );
#6937 = PCURVE('',#4897,#6938);
#6938 = DEFINITIONAL_REPRESENTATION('',(#6939),#6943);
#6939 = LINE('',#6940,#6941);
#6940 = CARTESIAN_POINT('',(0.,-0.));
#6941 = VECTOR('',#6942,1.);
#6942 = DIRECTION('',(0.,1.));
#6943 = ( GEOMETRIC_REPRESENTATION_CONTEXT(2) 
PARAMETRIC_REPRESENTATION_CONTEXT() REPRESENTATION_CONTEXT('2D SPACE',''
  ) );
#6944 = ORIENTED_EDGE('',*,*,#6945,.F.);
#6945 = EDGE_CURVE('',#6923,#6923,#6946,.T.);
#6946 = SURFACE_CURVE('',#6947,(#6952,#6959),.PCURVE_S1.);
#6947 = CIRCLE('',#6948,0.31);
#6948 = AXIS2_PLACEMENT_3D('',#6949,#6950,#6951);
#6949 = CARTESIAN_POINT('',(-19.39,1.42,15.66));
#6950 = DIRECTION('',(0.,0.,1.));
#6951 = DIRECTION('',(1.,0.,-0.));
#6952 = PCURVE('',#4897,#6953);
#6953 = DEFINITIONAL_REPRESENTATION('',(#6954),#6958);
#6954 = LINE('',#6955,#6956);
#6955 = CARTESIAN_POINT('',(0.,3.78));
#6956 = VECTOR('',#6957,1.);
#6957 = DIRECTION('',(1.,0.));
#6958 = ( GEOMETRIC_REPRESENTATION_CONTEXT(2) 
PARAMETRIC_REPRESENTATION_CONTEXT() REPRESENTATION_CONTEXT('2D SPACE',''
  ) );
#6959 = PCURVE('',#6960,#6965);
#6960 = SPHERICAL_SURFACE('',#6961,0.31);
#6961 = AXIS2_PLACEMENT_3D('',#6962,#6963,#6964);
#6962 = CARTESIAN_POINT('',(-19.39,1.42,15.66));
#6963 = DIRECTION('',(0.,0.,1.));
#6964 = DIRECTION('',(1.,0.,-0.));
#6965 = DEFINITIONAL_REPRESENTATION('',(#6966),#6970);
#6966 = LINE('',#6967,#6968);
#6967 = CARTESIAN_POINT('',(0.,0.));
#6968 = VECTOR('',#6969,1.);
#6969 = DIRECTION('',(1.,0.));
#6970 = ( GEOMETRIC_REPRESENTATION_CONTEXT(2) 
PARAMETRIC_REPRESENTATION_CONTEXT() REPRESENTATION_CONTEXT('2D SPACE',''
  ) );
#6971 = ORIENTED_EDGE('',*,*,#6922,.F.);
#6972 = ORIENTED_EDGE('',*,*,#4880,.T.);
#6973 = ADVANCED_FACE('',(#6974),#4932,.T.);
#6974 = FACE_BOUND('',#6975,.T.);
#6975 = EDGE_LOOP('',(#6976,#6999,#7026,#7027));
#6976 = ORIENTED_EDGE('',*,*,#6977,.T.);
#6977 = EDGE_CURVE('',#4916,#6978,#6980,.T.);
#6978 = VERTEX_POINT('',#6979);
#6979 = CARTESIAN_POINT('',(-16.31,1.42,15.66));
#6980 = SEAM_CURVE('',#6981,(#6985,#6992),.PCURVE_S1.);
#6981 = LINE('',#6982,#6983);
#6982 = CARTESIAN_POINT('',(-16.31,1.42,11.88));
#6983 = VECTOR('',#6984,1.);
#6984 = DIRECTION('',(0.,0.,1.));
#6985 = PCURVE('',#4932,#6986);
#6986 = DEFINITIONAL_REPRESENTATION('',(#6987),#6991);
#6987 = LINE('',#6988,#6989);
#6988 = CARTESIAN_POINT('',(6.28318530718,-0.));
#6989 = VECTOR('',#6990,1.);
#6990 = DIRECTION('',(0.,1.));
#6991 = ( GEOMETRIC_REPRESENTATION_CONTEXT(2) 
PARAMETRIC_REPRESENTATION_CONTEXT() REPRESENTATION_CONTEXT('2D SPACE',''
  ) );
#6992 = PCURVE('',#4932,#6993);
#6993 = DEFINITIONAL_REPRESENTATION('',(#6994),#6998);
#6994 = LINE('',#6995,#6996);
#6995 = CARTESIAN_POINT('',(0.,-0.));
#6996 = VECTOR('',#6997,1.);
#6997 = DIRECTION('',(0.,1.));
#6998 = ( GEOMETRIC_REPRESENTATION_CONTEXT(2) 
PARAMETRIC_REPRESENTATION_CONTEXT() REPRESENTATION_CONTEXT('2D SPACE',''
  ) );
#6999 = ORIENTED_EDGE('',*,*,#7000,.F.);
#7000 = EDGE_CURVE('',#6978,#6978,#7001,.T.);
#7001 = SURFACE_CURVE('',#7002,(#7007,#7014),.PCURVE_S1.);
#7002 = CIRCLE('',#7003,0.31);
#7003 = AXIS2_PLACEMENT_3D('',#7004,#7005,#7006);
#7004 = CARTESIAN_POINT('',(-16.62,1.42,15.66));
#7005 = DIRECTION('',(0.,0.,1.));
#7006 = DIRECTION('',(1.,0.,-0.));
#7007 = PCURVE('',#4932,#7008);
#7008 = DEFINITIONAL_REPRESENTATION('',(#7009),#7013);
#7009 = LINE('',#7010,#7011);
#7010 = CARTESIAN_POINT('',(0.,3.78));
#7011 = VECTOR('',#7012,1.);
#7012 = DIRECTION('',(1.,0.));
#7013 = ( GEOMETRIC_REPRESENTATION_CONTEXT(2) 
PARAMETRIC_REPRESENTATION_CONTEXT() REPRESENTATION_CONTEXT('2D SPACE',''
  ) );
#7014 = PCURVE('',#7015,#7020);
#7015 = SPHERICAL_SURFACE('',#7016,0.31);
#7016 = AXIS2_PLACEMENT_3D('',#7017,#7018,#7019);
#7017 = CARTESIAN_POINT('',(-16.62,1.42,15.66));
#7018 = DIRECTION('',(0.,0.,1.));
#7019 = DIRECTION('',(1.,0.,-0.));
#7020 = DEFINITIONAL_REPRESENTATION('',(#7021),#7025);
#7021 = LINE('',#7022,#7023);
#7022 = CARTESIAN_POINT('',(0.,0.));
#7023 = VECTOR('',#7024,1.);
#7024 = DIRECTION('',(1.,0.));
#7025 = ( GEOMETRIC_REPRESENTATION_CONTEXT(2) 
PARAMETRIC_REPRESENTATION_CONTEXT() REPRESENTATION_CONTEXT('2D SPACE',''
  ) );
#7026 = ORIENTED_EDGE('',*,*,#6977,.F.);
#7027 = ORIENTED_EDGE('',*,*,#4915,.T.);
#7028 = ADVANCED_FACE('',(#7029),#4967,.T.);
#7029 = FACE_BOUND('',#7030,.T.);
#7030 = EDGE_LOOP('',(#7031,#7054,#7081,#7082));
#7031 = ORIENTED_EDGE('',*,*,#7032,.T.);
#7032 = EDGE_CURVE('',#4951,#7033,#7035,.T.);
#7033 = VERTEX_POINT('',#7034);
#7034 = CARTESIAN_POINT('',(-13.54,1.42,15.66));
#7035 = SEAM_CURVE('',#7036,(#7040,#7047),.PCURVE_S1.);
#7036 = LINE('',#7037,#7038);
#7037 = CARTESIAN_POINT('',(-13.54,1.42,11.88));
#7038 = VECTOR('',#7039,1.);
#7039 = DIRECTION('',(0.,0.,1.));
#7040 = PCURVE('',#4967,#7041);
#7041 = DEFINITIONAL_REPRESENTATION('',(#7042),#7046);
#7042 = LINE('',#7043,#7044);
#7043 = CARTESIAN_POINT('',(6.28318530718,-0.));
#7044 = VECTOR('',#7045,1.);
#7045 = DIRECTION('',(0.,1.));
#7046 = ( GEOMETRIC_REPRESENTATION_CONTEXT(2) 
PARAMETRIC_REPRESENTATION_CONTEXT() REPRESENTATION_CONTEXT('2D SPACE',''
  ) );
#7047 = PCURVE('',#4967,#7048);
#7048 = DEFINITIONAL_REPRESENTATION('',(#7049),#7053);
#7049 = LINE('',#7050,#7051);
#7050 = CARTESIAN_POINT('',(0.,-0.));
#7051 = VECTOR('',#7052,1.);
#7052 = DIRECTION('',(0.,1.));
#7053 = ( GEOMETRIC_REPRESENTATION_CONTEXT(2) 
PARAMETRIC_REPRESENTATION_CONTEXT() REPRESENTATION_CONTEXT('2D SPACE',''
  ) );
#7054 = ORIENTED_EDGE('',*,*,#7055,.F.);
#7055 = EDGE_CURVE('',#7033,#7033,#7056,.T.);
#7056 = SURFACE_CURVE('',#7057,(#7062,#7069),.PCURVE_S1.);
#7057 = CIRCLE('',#7058,0.31);
#7058 = AXIS2_PLACEMENT_3D('',#7059,#7060,#7061);
#7059 = CARTESIAN_POINT('',(-13.85,1.42,15.66));
#7060 = DIRECTION('',(0.,0.,1.));
#7061 = DIRECTION('',(1.,0.,-0.));
#7062 = PCURVE('',#4967,#7063);
#7063 = DEFINITIONAL_REPRESENTATION('',(#7064),#7068);
#7064 = LINE('',#7065,#7066);
#7065 = CARTESIAN_POINT('',(0.,3.78));
#7066 = VECTOR('',#7067,1.);
#7067 = DIRECTION('',(1.,0.));
#7068 = ( GEOMETRIC_REPRESENTATION_CONTEXT(2) 
PARAMETRIC_REPRESENTATION_CONTEXT() REPRESENTATION_CONTEXT('2D SPACE',''
  ) );
#7069 = PCURVE('',#7070,#7075);
#7070 = SPHERICAL_SURFACE('',#7071,0.31);
#7071 = AXIS2_PLACEMENT_3D('',#7072,#7073,#7074);
#7072 = CARTESIAN_POINT('',(-13.85,1.42,15.66));
#7073 = DIRECTION('',(0.,0.,1.));
#7074 = DIRECTION('',(1.,0.,-0.));
#7075 = DEFINITIONAL_REPRESENTATION('',(#7076),#7080);
#7076 = LINE('',#7077,#7078);
#7077 = CARTESIAN_POINT('',(0.,0.));
#7078 = VECTOR('',#7079,1.);
#7079 = DIRECTION('',(1.,0.));
#7080 = ( GEOMETRIC_REPRESENTATION_CONTEXT(2) 
PARAMETRIC_REPRESENTATION_CONTEXT() REPRESENTATION_CONTEXT('2D SPACE',''
  ) );
#7081 = ORIENTED_EDGE('',*,*,#7032,.F.);
#7082 = ORIENTED_EDGE('',*,*,#4950,.T.);
#7083 = ADVANCED_FACE('',(#7084),#5002,.T.);
#7084 = FACE_BOUND('',#7085,.T.);
#7085 = EDGE_LOOP('',(#7086,#7109,#7136,#7137));
#7086 = ORIENTED_EDGE('',*,*,#7087,.T.);
#7087 = EDGE_CURVE('',#4986,#7088,#7090,.T.);
#7088 = VERTEX_POINT('',#7089);
#7089 = CARTESIAN_POINT('',(-10.77,1.42,15.66));
#7090 = SEAM_CURVE('',#7091,(#7095,#7102),.PCURVE_S1.);
#7091 = LINE('',#7092,#7093);
#7092 = CARTESIAN_POINT('',(-10.77,1.42,11.88));
#7093 = VECTOR('',#7094,1.);
#7094 = DIRECTION('',(0.,0.,1.));
#7095 = PCURVE('',#5002,#7096);
#7096 = DEFINITIONAL_REPRESENTATION('',(#7097),#7101);
#7097 = LINE('',#7098,#7099);
#7098 = CARTESIAN_POINT('',(6.28318530718,-0.));
#7099 = VECTOR('',#7100,1.);
#7100 = DIRECTION('',(0.,1.));
#7101 = ( GEOMETRIC_REPRESENTATION_CONTEXT(2) 
PARAMETRIC_REPRESENTATION_CONTEXT() REPRESENTATION_CONTEXT('2D SPACE',''
  ) );
#7102 = PCURVE('',#5002,#7103);
#7103 = DEFINITIONAL_REPRESENTATION('',(#7104),#7108);
#7104 = LINE('',#7105,#7106);
#7105 = CARTESIAN_POINT('',(0.,-0.));
#7106 = VECTOR('',#7107,1.);
#7107 = DIRECTION('',(0.,1.));
#7108 = ( GEOMETRIC_REPRESENTATION_CONTEXT(2) 
PARAMETRIC_REPRESENTATION_CONTEXT() REPRESENTATION_CONTEXT('2D SPACE',''
  ) );
#7109 = ORIENTED_EDGE('',*,*,#7110,.F.);
#7110 = EDGE_CURVE('',#7088,#7088,#7111,.T.);
#7111 = SURFACE_CURVE('',#7112,(#7117,#7124),.PCURVE_S1.);
#7112 = CIRCLE('',#7113,0.31);
#7113 = AXIS2_PLACEMENT_3D('',#7114,#7115,#7116);
#7114 = CARTESIAN_POINT('',(-11.08,1.42,15.66));
#7115 = DIRECTION('',(0.,0.,1.));
#7116 = DIRECTION('',(1.,0.,-0.));
#7117 = PCURVE('',#5002,#7118);
#7118 = DEFINITIONAL_REPRESENTATION('',(#7119),#7123);
#7119 = LINE('',#7120,#7121);
#7120 = CARTESIAN_POINT('',(0.,3.78));
#7121 = VECTOR('',#7122,1.);
#7122 = DIRECTION('',(1.,0.));
#7123 = ( GEOMETRIC_REPRESENTATION_CONTEXT(2) 
PARAMETRIC_REPRESENTATION_CONTEXT() REPRESENTATION_CONTEXT('2D SPACE',''
  ) );
#7124 = PCURVE('',#7125,#7130);
#7125 = SPHERICAL_SURFACE('',#7126,0.31);
#7126 = AXIS2_PLACEMENT_3D('',#7127,#7128,#7129);
#7127 = CARTESIAN_POINT('',(-11.08,1.42,15.66));
#7128 = DIRECTION('',(0.,0.,1.));
#7129 = DIRECTION('',(1.,0.,-0.));
#7130 = DEFINITIONAL_REPRESENTATION('',(#7131),#7135);
#7131 = LINE('',#7132,#7133);
#7132 = CARTESIAN_POINT('',(0.,0.));
#7133 = VECTOR('',#7134,1.);
#7134 = DIRECTION('',(1.,0.));
#7135 = ( GEOMETRIC_REPRESENTATION_CONTEXT(2) 
PARAMETRIC_REPRESENTATION_CONTEXT() REPRESENTATION_CONTEXT('2D SPACE',''
  ) );
#7136 = ORIENTED_EDGE('',*,*,#7087,.F.);
#7137 = ORIENTED_EDGE('',*,*,#4985,.T.);
#7138 = ADVANCED_FACE('',(#7139),#5037,.T.);
#7139 = FACE_BOUND('',#7140,.T.);
#7140 = EDGE_LOOP('',(#7141,#7164,#7191,#7192));
#7141 = ORIENTED_EDGE('',*,*,#7142,.T.);
#7142 = EDGE_CURVE('',#5021,#7143,#7145,.T.);
#7143 = VERTEX_POINT('',#7144);
#7144 = CARTESIAN_POINT('',(-8.,1.42,15.66));
#7145 = SEAM_CURVE('',#7146,(#7150,#7157),.PCURVE_S1.);
#7146 = LINE('',#7147,#7148);
#7147 = CARTESIAN_POINT('',(-8.,1.42,11.88));
#7148 = VECTOR('',#7149,1.);
#7149 = DIRECTION('',(0.,0.,1.));
#7150 = PCURVE('',#5037,#7151);
#7151 = DEFINITIONAL_REPRESENTATION('',(#7152),#7156);
#7152 = LINE('',#7153,#7154);
#7153 = CARTESIAN_POINT('',(6.28318530718,-0.));
#7154 = VECTOR('',#7155,1.);
#7155 = DIRECTION('',(0.,1.));
#7156 = ( GEOMETRIC_REPRESENTATION_CONTEXT(2) 
PARAMETRIC_REPRESENTATION_CONTEXT() REPRESENTATION_CONTEXT('2D SPACE',''
  ) );
#7157 = PCURVE('',#5037,#7158);
#7158 = DEFINITIONAL_REPRESENTATION('',(#7159),#7163);
#7159 = LINE('',#7160,#7161);
#7160 = CARTESIAN_POINT('',(0.,-0.));
#7161 = VECTOR('',#7162,1.);
#7162 = DIRECTION('',(0.,1.));
#7163 = ( GEOMETRIC_REPRESENTATION_CONTEXT(2) 
PARAMETRIC_REPRESENTATION_CONTEXT() REPRESENTATION_CONTEXT('2D SPACE',''
  ) );
#7164 = ORIENTED_EDGE('',*,*,#7165,.F.);
#7165 = EDGE_CURVE('',#7143,#7143,#7166,.T.);
#7166 = SURFACE_CURVE('',#7167,(#7172,#7179),.PCURVE_S1.);
#7167 = CIRCLE('',#7168,0.31);
#7168 = AXIS2_PLACEMENT_3D('',#7169,#7170,#7171);
#7169 = CARTESIAN_POINT('',(-8.31,1.42,15.66));
#7170 = DIRECTION('',(0.,0.,1.));
#7171 = DIRECTION('',(1.,0.,-0.));
#7172 = PCURVE('',#5037,#7173);
#7173 = DEFINITIONAL_REPRESENTATION('',(#7174),#7178);
#7174 = LINE('',#7175,#7176);
#7175 = CARTESIAN_POINT('',(0.,3.78));
#7176 = VECTOR('',#7177,1.);
#7177 = DIRECTION('',(1.,0.));
#7178 = ( GEOMETRIC_REPRESENTATION_CONTEXT(2) 
PARAMETRIC_REPRESENTATION_CONTEXT() REPRESENTATION_CONTEXT('2D SPACE',''
  ) );
#7179 = PCURVE('',#7180,#7185);
#7180 = SPHERICAL_SURFACE('',#7181,0.31);
#7181 = AXIS2_PLACEMENT_3D('',#7182,#7183,#7184);
#7182 = CARTESIAN_POINT('',(-8.31,1.42,15.66));
#7183 = DIRECTION('',(0.,0.,1.));
#7184 = DIRECTION('',(1.,0.,-0.));
#7185 = DEFINITIONAL_REPRESENTATION('',(#7186),#7190);
#7186 = LINE('',#7187,#7188);
#7187 = CARTESIAN_POINT('',(0.,0.));
#7188 = VECTOR('',#7189,1.);
#7189 = DIRECTION('',(1.,0.));
#7190 = ( GEOMETRIC_REPRESENTATION_CONTEXT(2) 
PARAMETRIC_REPRESENTATION_CONTEXT() REPRESENTATION_CONTEXT('2D SPACE',''
  ) );
#7191 = ORIENTED_EDGE('',*,*,#7142,.F.);
#7192 = ORIENTED_EDGE('',*,*,#5020,.T.);
#7193 = ADVANCED_FACE('',(#7194),#5072,.T.);
#7194 = FACE_BOUND('',#7195,.T.);
#7195 = EDGE_LOOP('',(#7196,#7219,#7246,#7247));
#7196 = ORIENTED_EDGE('',*,*,#7197,.T.);
#7197 = EDGE_CURVE('',#5056,#7198,#7200,.T.);
#7198 = VERTEX_POINT('',#7199);
#7199 = CARTESIAN_POINT('',(-5.23,1.42,15.66));
#7200 = SEAM_CURVE('',#7201,(#7205,#7212),.PCURVE_S1.);
#7201 = LINE('',#7202,#7203);
#7202 = CARTESIAN_POINT('',(-5.23,1.42,11.88));
#7203 = VECTOR('',#7204,1.);
#7204 = DIRECTION('',(0.,0.,1.));
#7205 = PCURVE('',#5072,#7206);
#7206 = DEFINITIONAL_REPRESENTATION('',(#7207),#7211);
#7207 = LINE('',#7208,#7209);
#7208 = CARTESIAN_POINT('',(6.28318530718,-0.));
#7209 = VECTOR('',#7210,1.);
#7210 = DIRECTION('',(0.,1.));
#7211 = ( GEOMETRIC_REPRESENTATION_CONTEXT(2) 
PARAMETRIC_REPRESENTATION_CONTEXT() REPRESENTATION_CONTEXT('2D SPACE',''
  ) );
#7212 = PCURVE('',#5072,#7213);
#7213 = DEFINITIONAL_REPRESENTATION('',(#7214),#7218);
#7214 = LINE('',#7215,#7216);
#7215 = CARTESIAN_POINT('',(0.,-0.));
#7216 = VECTOR('',#7217,1.);
#7217 = DIRECTION('',(0.,1.));
#7218 = ( GEOMETRIC_REPRESENTATION_CONTEXT(2) 
PARAMETRIC_REPRESENTATION_CONTEXT() REPRESENTATION_CONTEXT('2D SPACE',''
  ) );
#7219 = ORIENTED_EDGE('',*,*,#7220,.F.);
#7220 = EDGE_CURVE('',#7198,#7198,#7221,.T.);
#7221 = SURFACE_CURVE('',#7222,(#7227,#7234),.PCURVE_S1.);
#7222 = CIRCLE('',#7223,0.31);
#7223 = AXIS2_PLACEMENT_3D('',#7224,#7225,#7226);
#7224 = CARTESIAN_POINT('',(-5.54,1.42,15.66));
#7225 = DIRECTION('',(0.,0.,1.));
#7226 = DIRECTION('',(1.,0.,-0.));
#7227 = PCURVE('',#5072,#7228);
#7228 = DEFINITIONAL_REPRESENTATION('',(#7229),#7233);
#7229 = LINE('',#7230,#7231);
#7230 = CARTESIAN_POINT('',(0.,3.78));
#7231 = VECTOR('',#7232,1.);
#7232 = DIRECTION('',(1.,0.));
#7233 = ( GEOMETRIC_REPRESENTATION_CONTEXT(2) 
PARAMETRIC_REPRESENTATION_CONTEXT() REPRESENTATION_CONTEXT('2D SPACE',''
  ) );
#7234 = PCURVE('',#7235,#7240);
#7235 = SPHERICAL_SURFACE('',#7236,0.31);
#7236 = AXIS2_PLACEMENT_3D('',#7237,#7238,#7239);
#7237 = CARTESIAN_POINT('',(-5.54,1.42,15.66));
#7238 = DIRECTION('',(0.,0.,1.));
#7239 = DIRECTION('',(1.,0.,-0.));
#7240 = DEFINITIONAL_REPRESENTATION('',(#7241),#7245);
#7241 = LINE('',#7242,#7243);
#7242 = CARTESIAN_POINT('',(0.,0.));
#7243 = VECTOR('',#7244,1.);
#7244 = DIRECTION('',(1.,0.));
#7245 = ( GEOMETRIC_REPRESENTATION_CONTEXT(2) 
PARAMETRIC_REPRESENTATION_CONTEXT() REPRESENTATION_CONTEXT('2D SPACE',''
  ) );
#7246 = ORIENTED_EDGE('',*,*,#7197,.F.);
#7247 = ORIENTED_EDGE('',*,*,#5055,.T.);
#7248 = ADVANCED_FACE('',(#7249),#5107,.T.);
#7249 = FACE_BOUND('',#7250,.T.);
#7250 = EDGE_LOOP('',(#7251,#7274,#7301,#7302));
#7251 = ORIENTED_EDGE('',*,*,#7252,.T.);
#7252 = EDGE_CURVE('',#5091,#7253,#7255,.T.);
#7253 = VERTEX_POINT('',#7254);
#7254 = CARTESIAN_POINT('',(-2.46,1.42,15.66));
#7255 = SEAM_CURVE('',#7256,(#7260,#7267),.PCURVE_S1.);
#7256 = LINE('',#7257,#7258);
#7257 = CARTESIAN_POINT('',(-2.46,1.42,11.88));
#7258 = VECTOR('',#7259,1.);
#7259 = DIRECTION('',(0.,0.,1.));
#7260 = PCURVE('',#5107,#7261);
#7261 = DEFINITIONAL_REPRESENTATION('',(#7262),#7266);
#7262 = LINE('',#7263,#7264);
#7263 = CARTESIAN_POINT('',(6.28318530718,-0.));
#7264 = VECTOR('',#7265,1.);
#7265 = DIRECTION('',(0.,1.));
#7266 = ( GEOMETRIC_REPRESENTATION_CONTEXT(2) 
PARAMETRIC_REPRESENTATION_CONTEXT() REPRESENTATION_CONTEXT('2D SPACE',''
  ) );
#7267 = PCURVE('',#5107,#7268);
#7268 = DEFINITIONAL_REPRESENTATION('',(#7269),#7273);
#7269 = LINE('',#7270,#7271);
#7270 = CARTESIAN_POINT('',(0.,-0.));
#7271 = VECTOR('',#7272,1.);
#7272 = DIRECTION('',(0.,1.));
#7273 = ( GEOMETRIC_REPRESENTATION_CONTEXT(2) 
PARAMETRIC_REPRESENTATION_CONTEXT() REPRESENTATION_CONTEXT('2D SPACE',''
  ) );
#7274 = ORIENTED_EDGE('',*,*,#7275,.F.);
#7275 = EDGE_CURVE('',#7253,#7253,#7276,.T.);
#7276 = SURFACE_CURVE('',#7277,(#7282,#7289),.PCURVE_S1.);
#7277 = CIRCLE('',#7278,0.31);
#7278 = AXIS2_PLACEMENT_3D('',#7279,#7280,#7281);
#7279 = CARTESIAN_POINT('',(-2.77,1.42,15.66));
#7280 = DIRECTION('',(0.,0.,1.));
#7281 = DIRECTION('',(1.,0.,-0.));
#7282 = PCURVE('',#5107,#7283);
#7283 = DEFINITIONAL_REPRESENTATION('',(#7284),#7288);
#7284 = LINE('',#7285,#7286);
#7285 = CARTESIAN_POINT('',(0.,3.78));
#7286 = VECTOR('',#7287,1.);
#7287 = DIRECTION('',(1.,0.));
#7288 = ( GEOMETRIC_REPRESENTATION_CONTEXT(2) 
PARAMETRIC_REPRESENTATION_CONTEXT() REPRESENTATION_CONTEXT('2D SPACE',''
  ) );
#7289 = PCURVE('',#7290,#7295);
#7290 = SPHERICAL_SURFACE('',#7291,0.31);
#7291 = AXIS2_PLACEMENT_3D('',#7292,#7293,#7294);
#7292 = CARTESIAN_POINT('',(-2.77,1.42,15.66));
#7293 = DIRECTION('',(0.,0.,1.));
#7294 = DIRECTION('',(1.,0.,-0.));
#7295 = DEFINITIONAL_REPRESENTATION('',(#7296),#7300);
#7296 = LINE('',#7297,#7298);
#7297 = CARTESIAN_POINT('',(0.,0.));
#7298 = VECTOR('',#7299,1.);
#7299 = DIRECTION('',(1.,0.));
#7300 = ( GEOMETRIC_REPRESENTATION_CONTEXT(2) 
PARAMETRIC_REPRESENTATION_CONTEXT() REPRESENTATION_CONTEXT('2D SPACE',''
  ) );
#7301 = ORIENTED_EDGE('',*,*,#7252,.F.);
#7302 = ORIENTED_EDGE('',*,*,#5090,.T.);
#7303 = ADVANCED_FACE('',(#7304),#5142,.T.);
#7304 = FACE_BOUND('',#7305,.T.);
#7305 = EDGE_LOOP('',(#7306,#7329,#7356,#7357));
#7306 = ORIENTED_EDGE('',*,*,#7307,.T.);
#7307 = EDGE_CURVE('',#5126,#7308,#7310,.T.);
#7308 = VERTEX_POINT('',#7309);
#7309 = CARTESIAN_POINT('',(0.31,1.42,15.66));
#7310 = SEAM_CURVE('',#7311,(#7315,#7322),.PCURVE_S1.);
#7311 = LINE('',#7312,#7313);
#7312 = CARTESIAN_POINT('',(0.31,1.42,11.88));
#7313 = VECTOR('',#7314,1.);
#7314 = DIRECTION('',(0.,0.,1.));
#7315 = PCURVE('',#5142,#7316);
#7316 = DEFINITIONAL_REPRESENTATION('',(#7317),#7321);
#7317 = LINE('',#7318,#7319);
#7318 = CARTESIAN_POINT('',(6.28318530718,-0.));
#7319 = VECTOR('',#7320,1.);
#7320 = DIRECTION('',(0.,1.));
#7321 = ( GEOMETRIC_REPRESENTATION_CONTEXT(2) 
PARAMETRIC_REPRESENTATION_CONTEXT() REPRESENTATION_CONTEXT('2D SPACE',''
  ) );
#7322 = PCURVE('',#5142,#7323);
#7323 = DEFINITIONAL_REPRESENTATION('',(#7324),#7328);
#7324 = LINE('',#7325,#7326);
#7325 = CARTESIAN_POINT('',(0.,-0.));
#7326 = VECTOR('',#7327,1.);
#7327 = DIRECTION('',(0.,1.));
#7328 = ( GEOMETRIC_REPRESENTATION_CONTEXT(2) 
PARAMETRIC_REPRESENTATION_CONTEXT() REPRESENTATION_CONTEXT('2D SPACE',''
  ) );
#7329 = ORIENTED_EDGE('',*,*,#7330,.F.);
#7330 = EDGE_CURVE('',#7308,#7308,#7331,.T.);
#7331 = SURFACE_CURVE('',#7332,(#7337,#7344),.PCURVE_S1.);
#7332 = CIRCLE('',#7333,0.31);
#7333 = AXIS2_PLACEMENT_3D('',#7334,#7335,#7336);
#7334 = CARTESIAN_POINT('',(0.,1.42,15.66));
#7335 = DIRECTION('',(0.,0.,1.));
#7336 = DIRECTION('',(1.,0.,-0.));
#7337 = PCURVE('',#5142,#7338);
#7338 = DEFINITIONAL_REPRESENTATION('',(#7339),#7343);
#7339 = LINE('',#7340,#7341);
#7340 = CARTESIAN_POINT('',(0.,3.78));
#7341 = VECTOR('',#7342,1.);
#7342 = DIRECTION('',(1.,0.));
#7343 = ( GEOMETRIC_REPRESENTATION_CONTEXT(2) 
PARAMETRIC_REPRESENTATION_CONTEXT() REPRESENTATION_CONTEXT('2D SPACE',''
  ) );
#7344 = PCURVE('',#7345,#7350);
#7345 = SPHERICAL_SURFACE('',#7346,0.31);
#7346 = AXIS2_PLACEMENT_3D('',#7347,#7348,#7349);
#7347 = CARTESIAN_POINT('',(0.,1.42,15.66));
#7348 = DIRECTION('',(0.,0.,1.));
#7349 = DIRECTION('',(1.,0.,-0.));
#7350 = DEFINITIONAL_REPRESENTATION('',(#7351),#7355);
#7351 = LINE('',#7352,#7353);
#7352 = CARTESIAN_POINT('',(0.,0.));
#7353 = VECTOR('',#7354,1.);
#7354 = DIRECTION('',(1.,0.));
#7355 = ( GEOMETRIC_REPRESENTATION_CONTEXT(2) 
PARAMETRIC_REPRESENTATION_CONTEXT() REPRESENTATION_CONTEXT('2D SPACE',''
  ) );
#7356 = ORIENTED_EDGE('',*,*,#7307,.F.);
#7357 = ORIENTED_EDGE('',*,*,#5125,.T.);
#7358 = ADVANCED_FACE('',(#7359),#5177,.T.);
#7359 = FACE_BOUND('',#7360,.T.);
#7360 = EDGE_LOOP('',(#7361,#7384,#7411,#7412));
#7361 = ORIENTED_EDGE('',*,*,#7362,.T.);
#7362 = EDGE_CURVE('',#5161,#7363,#7365,.T.);
#7363 = VERTEX_POINT('',#7364);
#7364 = CARTESIAN_POINT('',(3.08,1.42,15.66));
#7365 = SEAM_CURVE('',#7366,(#7370,#7377),.PCURVE_S1.);
#7366 = LINE('',#7367,#7368);
#7367 = CARTESIAN_POINT('',(3.08,1.42,11.88));
#7368 = VECTOR('',#7369,1.);
#7369 = DIRECTION('',(0.,0.,1.));
#7370 = PCURVE('',#5177,#7371);
#7371 = DEFINITIONAL_REPRESENTATION('',(#7372),#7376);
#7372 = LINE('',#7373,#7374);
#7373 = CARTESIAN_POINT('',(6.28318530718,-0.));
#7374 = VECTOR('',#7375,1.);
#7375 = DIRECTION('',(0.,1.));
#7376 = ( GEOMETRIC_REPRESENTATION_CONTEXT(2) 
PARAMETRIC_REPRESENTATION_CONTEXT() REPRESENTATION_CONTEXT('2D SPACE',''
  ) );
#7377 = PCURVE('',#5177,#7378);
#7378 = DEFINITIONAL_REPRESENTATION('',(#7379),#7383);
#7379 = LINE('',#7380,#7381);
#7380 = CARTESIAN_POINT('',(0.,-0.));
#7381 = VECTOR('',#7382,1.);
#7382 = DIRECTION('',(0.,1.));
#7383 = ( GEOMETRIC_REPRESENTATION_CONTEXT(2) 
PARAMETRIC_REPRESENTATION_CONTEXT() REPRESENTATION_CONTEXT('2D SPACE',''
  ) );
#7384 = ORIENTED_EDGE('',*,*,#7385,.F.);
#7385 = EDGE_CURVE('',#7363,#7363,#7386,.T.);
#7386 = SURFACE_CURVE('',#7387,(#7392,#7399),.PCURVE_S1.);
#7387 = CIRCLE('',#7388,0.31);
#7388 = AXIS2_PLACEMENT_3D('',#7389,#7390,#7391);
#7389 = CARTESIAN_POINT('',(2.77,1.42,15.66));
#7390 = DIRECTION('',(0.,0.,1.));
#7391 = DIRECTION('',(1.,0.,-0.));
#7392 = PCURVE('',#5177,#7393);
#7393 = DEFINITIONAL_REPRESENTATION('',(#7394),#7398);
#7394 = LINE('',#7395,#7396);
#7395 = CARTESIAN_POINT('',(0.,3.78));
#7396 = VECTOR('',#7397,1.);
#7397 = DIRECTION('',(1.,0.));
#7398 = ( GEOMETRIC_REPRESENTATION_CONTEXT(2) 
PARAMETRIC_REPRESENTATION_CONTEXT() REPRESENTATION_CONTEXT('2D SPACE',''
  ) );
#7399 = PCURVE('',#7400,#7405);
#7400 = SPHERICAL_SURFACE('',#7401,0.31);
#7401 = AXIS2_PLACEMENT_3D('',#7402,#7403,#7404);
#7402 = CARTESIAN_POINT('',(2.77,1.42,15.66));
#7403 = DIRECTION('',(0.,0.,1.));
#7404 = DIRECTION('',(1.,0.,-0.));
#7405 = DEFINITIONAL_REPRESENTATION('',(#7406),#7410);
#7406 = LINE('',#7407,#7408);
#7407 = CARTESIAN_POINT('',(0.,0.));
#7408 = VECTOR('',#7409,1.);
#7409 = DIRECTION('',(1.,0.));
#7410 = ( GEOMETRIC_REPRESENTATION_CONTEXT(2) 
PARAMETRIC_REPRESENTATION_CONTEXT() REPRESENTATION_CONTEXT('2D SPACE',''
  ) );
#7411 = ORIENTED_EDGE('',*,*,#7362,.F.);
#7412 = ORIENTED_EDGE('',*,*,#5160,.T.);
#7413 = ADVANCED_FACE('',(#7414),#5212,.T.);
#7414 = FACE_BOUND('',#7415,.T.);
#7415 = EDGE_LOOP('',(#7416,#7439,#7466,#7467));
#7416 = ORIENTED_EDGE('',*,*,#7417,.T.);
#7417 = EDGE_CURVE('',#5196,#7418,#7420,.T.);
#7418 = VERTEX_POINT('',#7419);
#7419 = CARTESIAN_POINT('',(5.85,1.42,15.66));
#7420 = SEAM_CURVE('',#7421,(#7425,#7432),.PCURVE_S1.);
#7421 = LINE('',#7422,#7423);
#7422 = CARTESIAN_POINT('',(5.85,1.42,11.88));
#7423 = VECTOR('',#7424,1.);
#7424 = DIRECTION('',(0.,0.,1.));
#7425 = PCURVE('',#5212,#7426);
#7426 = DEFINITIONAL_REPRESENTATION('',(#7427),#7431);
#7427 = LINE('',#7428,#7429);
#7428 = CARTESIAN_POINT('',(6.28318530718,-0.));
#7429 = VECTOR('',#7430,1.);
#7430 = DIRECTION('',(0.,1.));
#7431 = ( GEOMETRIC_REPRESENTATION_CONTEXT(2) 
PARAMETRIC_REPRESENTATION_CONTEXT() REPRESENTATION_CONTEXT('2D SPACE',''
  ) );
#7432 = PCURVE('',#5212,#7433);
#7433 = DEFINITIONAL_REPRESENTATION('',(#7434),#7438);
#7434 = LINE('',#7435,#7436);
#7435 = CARTESIAN_POINT('',(0.,-0.));
#7436 = VECTOR('',#7437,1.);
#7437 = DIRECTION('',(0.,1.));
#7438 = ( GEOMETRIC_REPRESENTATION_CONTEXT(2) 
PARAMETRIC_REPRESENTATION_CONTEXT() REPRESENTATION_CONTEXT('2D SPACE',''
  ) );
#7439 = ORIENTED_EDGE('',*,*,#7440,.F.);
#7440 = EDGE_CURVE('',#7418,#7418,#7441,.T.);
#7441 = SURFACE_CURVE('',#7442,(#7447,#7454),.PCURVE_S1.);
#7442 = CIRCLE('',#7443,0.31);
#7443 = AXIS2_PLACEMENT_3D('',#7444,#7445,#7446);
#7444 = CARTESIAN_POINT('',(5.54,1.42,15.66));
#7445 = DIRECTION('',(0.,0.,1.));
#7446 = DIRECTION('',(1.,0.,-0.));
#7447 = PCURVE('',#5212,#7448);
#7448 = DEFINITIONAL_REPRESENTATION('',(#7449),#7453);
#7449 = LINE('',#7450,#7451);
#7450 = CARTESIAN_POINT('',(0.,3.78));
#7451 = VECTOR('',#7452,1.);
#7452 = DIRECTION('',(1.,0.));
#7453 = ( GEOMETRIC_REPRESENTATION_CONTEXT(2) 
PARAMETRIC_REPRESENTATION_CONTEXT() REPRESENTATION_CONTEXT('2D SPACE',''
  ) );
#7454 = PCURVE('',#7455,#7460);
#7455 = SPHERICAL_SURFACE('',#7456,0.31);
#7456 = AXIS2_PLACEMENT_3D('',#7457,#7458,#7459);
#7457 = CARTESIAN_POINT('',(5.54,1.42,15.66));
#7458 = DIRECTION('',(0.,0.,1.));
#7459 = DIRECTION('',(1.,0.,-0.));
#7460 = DEFINITIONAL_REPRESENTATION('',(#7461),#7465);
#7461 = LINE('',#7462,#7463);
#7462 = CARTESIAN_POINT('',(0.,0.));
#7463 = VECTOR('',#7464,1.);
#7464 = DIRECTION('',(1.,0.));
#7465 = ( GEOMETRIC_REPRESENTATION_CONTEXT(2) 
PARAMETRIC_REPRESENTATION_CONTEXT() REPRESENTATION_CONTEXT('2D SPACE',''
  ) );
#7466 = ORIENTED_EDGE('',*,*,#7417,.F.);
#7467 = ORIENTED_EDGE('',*,*,#5195,.T.);
#7468 = ADVANCED_FACE('',(#7469),#5247,.T.);
#7469 = FACE_BOUND('',#7470,.T.);
#7470 = EDGE_LOOP('',(#7471,#7494,#7521,#7522));
#7471 = ORIENTED_EDGE('',*,*,#7472,.T.);
#7472 = EDGE_CURVE('',#5231,#7473,#7475,.T.);
#7473 = VERTEX_POINT('',#7474);
#7474 = CARTESIAN_POINT('',(8.62,1.42,15.66));
#7475 = SEAM_CURVE('',#7476,(#7480,#7487),.PCURVE_S1.);
#7476 = LINE('',#7477,#7478);
#7477 = CARTESIAN_POINT('',(8.62,1.42,11.88));
#7478 = VECTOR('',#7479,1.);
#7479 = DIRECTION('',(0.,0.,1.));
#7480 = PCURVE('',#5247,#7481);
#7481 = DEFINITIONAL_REPRESENTATION('',(#7482),#7486);
#7482 = LINE('',#7483,#7484);
#7483 = CARTESIAN_POINT('',(6.28318530718,-0.));
#7484 = VECTOR('',#7485,1.);
#7485 = DIRECTION('',(0.,1.));
#7486 = ( GEOMETRIC_REPRESENTATION_CONTEXT(2) 
PARAMETRIC_REPRESENTATION_CONTEXT() REPRESENTATION_CONTEXT('2D SPACE',''
  ) );
#7487 = PCURVE('',#5247,#7488);
#7488 = DEFINITIONAL_REPRESENTATION('',(#7489),#7493);
#7489 = LINE('',#7490,#7491);
#7490 = CARTESIAN_POINT('',(0.,-0.));
#7491 = VECTOR('',#7492,1.);
#7492 = DIRECTION('',(0.,1.));
#7493 = ( GEOMETRIC_REPRESENTATION_CONTEXT(2) 
PARAMETRIC_REPRESENTATION_CONTEXT() REPRESENTATION_CONTEXT('2D SPACE',''
  ) );
#7494 = ORIENTED_EDGE('',*,*,#7495,.F.);
#7495 = EDGE_CURVE('',#7473,#7473,#7496,.T.);
#7496 = SURFACE_CURVE('',#7497,(#7502,#7509),.PCURVE_S1.);
#7497 = CIRCLE('',#7498,0.31);
#7498 = AXIS2_PLACEMENT_3D('',#7499,#7500,#7501);
#7499 = CARTESIAN_POINT('',(8.31,1.42,15.66));
#7500 = DIRECTION('',(0.,0.,1.));
#7501 = DIRECTION('',(1.,0.,-0.));
#7502 = PCURVE('',#5247,#7503);
#7503 = DEFINITIONAL_REPRESENTATION('',(#7504),#7508);
#7504 = LINE('',#7505,#7506);
#7505 = CARTESIAN_POINT('',(0.,3.78));
#7506 = VECTOR('',#7507,1.);
#7507 = DIRECTION('',(1.,0.));
#7508 = ( GEOMETRIC_REPRESENTATION_CONTEXT(2) 
PARAMETRIC_REPRESENTATION_CONTEXT() REPRESENTATION_CONTEXT('2D SPACE',''
  ) );
#7509 = PCURVE('',#7510,#7515);
#7510 = SPHERICAL_SURFACE('',#7511,0.31);
#7511 = AXIS2_PLACEMENT_3D('',#7512,#7513,#7514);
#7512 = CARTESIAN_POINT('',(8.31,1.42,15.66));
#7513 = DIRECTION('',(0.,0.,1.));
#7514 = DIRECTION('',(1.,0.,-0.));
#7515 = DEFINITIONAL_REPRESENTATION('',(#7516),#7520);
#7516 = LINE('',#7517,#7518);
#7517 = CARTESIAN_POINT('',(0.,0.));
#7518 = VECTOR('',#7519,1.);
#7519 = DIRECTION('',(1.,0.));
#7520 = ( GEOMETRIC_REPRESENTATION_CONTEXT(2) 
PARAMETRIC_REPRESENTATION_CONTEXT() REPRESENTATION_CONTEXT('2D SPACE',''
  ) );
#7521 = ORIENTED_EDGE('',*,*,#7472,.F.);
#7522 = ORIENTED_EDGE('',*,*,#5230,.T.);
#7523 = ADVANCED_FACE('',(#7524),#5282,.T.);
#7524 = FACE_BOUND('',#7525,.T.);
#7525 = EDGE_LOOP('',(#7526,#7549,#7576,#7577));
#7526 = ORIENTED_EDGE('',*,*,#7527,.T.);
#7527 = EDGE_CURVE('',#5266,#7528,#7530,.T.);
#7528 = VERTEX_POINT('',#7529);
#7529 = CARTESIAN_POINT('',(11.39,1.42,15.66));
#7530 = SEAM_CURVE('',#7531,(#7535,#7542),.PCURVE_S1.);
#7531 = LINE('',#7532,#7533);
#7532 = CARTESIAN_POINT('',(11.39,1.42,11.88));
#7533 = VECTOR('',#7534,1.);
#7534 = DIRECTION('',(0.,0.,1.));
#7535 = PCURVE('',#5282,#7536);
#7536 = DEFINITIONAL_REPRESENTATION('',(#7537),#7541);
#7537 = LINE('',#7538,#7539);
#7538 = CARTESIAN_POINT('',(6.28318530718,-0.));
#7539 = VECTOR('',#7540,1.);
#7540 = DIRECTION('',(0.,1.));
#7541 = ( GEOMETRIC_REPRESENTATION_CONTEXT(2) 
PARAMETRIC_REPRESENTATION_CONTEXT() REPRESENTATION_CONTEXT('2D SPACE',''
  ) );
#7542 = PCURVE('',#5282,#7543);
#7543 = DEFINITIONAL_REPRESENTATION('',(#7544),#7548);
#7544 = LINE('',#7545,#7546);
#7545 = CARTESIAN_POINT('',(0.,-0.));
#7546 = VECTOR('',#7547,1.);
#7547 = DIRECTION('',(0.,1.));
#7548 = ( GEOMETRIC_REPRESENTATION_CONTEXT(2) 
PARAMETRIC_REPRESENTATION_CONTEXT() REPRESENTATION_CONTEXT('2D SPACE',''
  ) );
#7549 = ORIENTED_EDGE('',*,*,#7550,.F.);
#7550 = EDGE_CURVE('',#7528,#7528,#7551,.T.);
#7551 = SURFACE_CURVE('',#7552,(#7557,#7564),.PCURVE_S1.);
#7552 = CIRCLE('',#7553,0.31);
#7553 = AXIS2_PLACEMENT_3D('',#7554,#7555,#7556);
#7554 = CARTESIAN_POINT('',(11.08,1.42,15.66));
#7555 = DIRECTION('',(0.,0.,1.));
#7556 = DIRECTION('',(1.,0.,-0.));
#7557 = PCURVE('',#5282,#7558);
#7558 = DEFINITIONAL_REPRESENTATION('',(#7559),#7563);
#7559 = LINE('',#7560,#7561);
#7560 = CARTESIAN_POINT('',(0.,3.78));
#7561 = VECTOR('',#7562,1.);
#7562 = DIRECTION('',(1.,0.));
#7563 = ( GEOMETRIC_REPRESENTATION_CONTEXT(2) 
PARAMETRIC_REPRESENTATION_CONTEXT() REPRESENTATION_CONTEXT('2D SPACE',''
  ) );
#7564 = PCURVE('',#7565,#7570);
#7565 = SPHERICAL_SURFACE('',#7566,0.31);
#7566 = AXIS2_PLACEMENT_3D('',#7567,#7568,#7569);
#7567 = CARTESIAN_POINT('',(11.08,1.42,15.66));
#7568 = DIRECTION('',(0.,0.,1.));
#7569 = DIRECTION('',(1.,0.,-0.));
#7570 = DEFINITIONAL_REPRESENTATION('',(#7571),#7575);
#7571 = LINE('',#7572,#7573);
#7572 = CARTESIAN_POINT('',(0.,0.));
#7573 = VECTOR('',#7574,1.);
#7574 = DIRECTION('',(1.,0.));
#7575 = ( GEOMETRIC_REPRESENTATION_CONTEXT(2) 
PARAMETRIC_REPRESENTATION_CONTEXT() REPRESENTATION_CONTEXT('2D SPACE',''
  ) );
#7576 = ORIENTED_EDGE('',*,*,#7527,.F.);
#7577 = ORIENTED_EDGE('',*,*,#5265,.T.);
#7578 = ADVANCED_FACE('',(#7579),#5317,.T.);
#7579 = FACE_BOUND('',#7580,.T.);
#7580 = EDGE_LOOP('',(#7581,#7604,#7631,#7632));
#7581 = ORIENTED_EDGE('',*,*,#7582,.T.);
#7582 = EDGE_CURVE('',#5301,#7583,#7585,.T.);
#7583 = VERTEX_POINT('',#7584);
#7584 = CARTESIAN_POINT('',(14.16,1.42,15.66));
#7585 = SEAM_CURVE('',#7586,(#7590,#7597),.PCURVE_S1.);
#7586 = LINE('',#7587,#7588);
#7587 = CARTESIAN_POINT('',(14.16,1.42,11.88));
#7588 = VECTOR('',#7589,1.);
#7589 = DIRECTION('',(0.,0.,1.));
#7590 = PCURVE('',#5317,#7591);
#7591 = DEFINITIONAL_REPRESENTATION('',(#7592),#7596);
#7592 = LINE('',#7593,#7594);
#7593 = CARTESIAN_POINT('',(6.28318530718,-0.));
#7594 = VECTOR('',#7595,1.);
#7595 = DIRECTION('',(0.,1.));
#7596 = ( GEOMETRIC_REPRESENTATION_CONTEXT(2) 
PARAMETRIC_REPRESENTATION_CONTEXT() REPRESENTATION_CONTEXT('2D SPACE',''
  ) );
#7597 = PCURVE('',#5317,#7598);
#7598 = DEFINITIONAL_REPRESENTATION('',(#7599),#7603);
#7599 = LINE('',#7600,#7601);
#7600 = CARTESIAN_POINT('',(0.,-0.));
#7601 = VECTOR('',#7602,1.);
#7602 = DIRECTION('',(0.,1.));
#7603 = ( GEOMETRIC_REPRESENTATION_CONTEXT(2) 
PARAMETRIC_REPRESENTATION_CONTEXT() REPRESENTATION_CONTEXT('2D SPACE',''
  ) );
#7604 = ORIENTED_EDGE('',*,*,#7605,.F.);
#7605 = EDGE_CURVE('',#7583,#7583,#7606,.T.);
#7606 = SURFACE_CURVE('',#7607,(#7612,#7619),.PCURVE_S1.);
#7607 = CIRCLE('',#7608,0.31);
#7608 = AXIS2_PLACEMENT_3D('',#7609,#7610,#7611);
#7609 = CARTESIAN_POINT('',(13.85,1.42,15.66));
#7610 = DIRECTION('',(0.,0.,1.));
#7611 = DIRECTION('',(1.,0.,-0.));
#7612 = PCURVE('',#5317,#7613);
#7613 = DEFINITIONAL_REPRESENTATION('',(#7614),#7618);
#7614 = LINE('',#7615,#7616);
#7615 = CARTESIAN_POINT('',(0.,3.78));
#7616 = VECTOR('',#7617,1.);
#7617 = DIRECTION('',(1.,0.));
#7618 = ( GEOMETRIC_REPRESENTATION_CONTEXT(2) 
PARAMETRIC_REPRESENTATION_CONTEXT() REPRESENTATION_CONTEXT('2D SPACE',''
  ) );
#7619 = PCURVE('',#7620,#7625);
#7620 = SPHERICAL_SURFACE('',#7621,0.31);
#7621 = AXIS2_PLACEMENT_3D('',#7622,#7623,#7624);
#7622 = CARTESIAN_POINT('',(13.85,1.42,15.66));
#7623 = DIRECTION('',(0.,0.,1.));
#7624 = DIRECTION('',(1.,0.,-0.));
#7625 = DEFINITIONAL_REPRESENTATION('',(#7626),#7630);
#7626 = LINE('',#7627,#7628);
#7627 = CARTESIAN_POINT('',(0.,0.));
#7628 = VECTOR('',#7629,1.);
#7629 = DIRECTION('',(1.,0.));
#7630 = ( GEOMETRIC_REPRESENTATION_CONTEXT(2) 
PARAMETRIC_REPRESENTATION_CONTEXT() REPRESENTATION_CONTEXT('2D SPACE',''
  ) );
#7631 = ORIENTED_EDGE('',*,*,#7582,.F.);
#7632 = ORIENTED_EDGE('',*,*,#5300,.T.);
#7633 = ADVANCED_FACE('',(#7634),#5352,.T.);
#7634 = FACE_BOUND('',#7635,.T.);
#7635 = EDGE_LOOP('',(#7636,#7659,#7686,#7687));
#7636 = ORIENTED_EDGE('',*,*,#7637,.T.);
#7637 = EDGE_CURVE('',#5336,#7638,#7640,.T.);
#7638 = VERTEX_POINT('',#7639);
#7639 = CARTESIAN_POINT('',(16.93,1.42,15.66));
#7640 = SEAM_CURVE('',#7641,(#7645,#7652),.PCURVE_S1.);
#7641 = LINE('',#7642,#7643);
#7642 = CARTESIAN_POINT('',(16.93,1.42,11.88));
#7643 = VECTOR('',#7644,1.);
#7644 = DIRECTION('',(0.,0.,1.));
#7645 = PCURVE('',#5352,#7646);
#7646 = DEFINITIONAL_REPRESENTATION('',(#7647),#7651);
#7647 = LINE('',#7648,#7649);
#7648 = CARTESIAN_POINT('',(6.28318530718,-0.));
#7649 = VECTOR('',#7650,1.);
#7650 = DIRECTION('',(0.,1.));
#7651 = ( GEOMETRIC_REPRESENTATION_CONTEXT(2) 
PARAMETRIC_REPRESENTATION_CONTEXT() REPRESENTATION_CONTEXT('2D SPACE',''
  ) );
#7652 = PCURVE('',#5352,#7653);
#7653 = DEFINITIONAL_REPRESENTATION('',(#7654),#7658);
#7654 = LINE('',#7655,#7656);
#7655 = CARTESIAN_POINT('',(0.,-0.));
#7656 = VECTOR('',#7657,1.);
#7657 = DIRECTION('',(0.,1.));
#7658 = ( GEOMETRIC_REPRESENTATION_CONTEXT(2) 
PARAMETRIC_REPRESENTATION_CONTEXT() REPRESENTATION_CONTEXT('2D SPACE',''
  ) );
#7659 = ORIENTED_EDGE('',*,*,#7660,.F.);
#7660 = EDGE_CURVE('',#7638,#7638,#7661,.T.);
#7661 = SURFACE_CURVE('',#7662,(#7667,#7674),.PCURVE_S1.);
#7662 = CIRCLE('',#7663,0.31);
#7663 = AXIS2_PLACEMENT_3D('',#7664,#7665,#7666);
#7664 = CARTESIAN_POINT('',(16.62,1.42,15.66));
#7665 = DIRECTION('',(0.,0.,1.));
#7666 = DIRECTION('',(1.,0.,-0.));
#7667 = PCURVE('',#5352,#7668);
#7668 = DEFINITIONAL_REPRESENTATION('',(#7669),#7673);
#7669 = LINE('',#7670,#7671);
#7670 = CARTESIAN_POINT('',(0.,3.78));
#7671 = VECTOR('',#7672,1.);
#7672 = DIRECTION('',(1.,0.));
#7673 = ( GEOMETRIC_REPRESENTATION_CONTEXT(2) 
PARAMETRIC_REPRESENTATION_CONTEXT() REPRESENTATION_CONTEXT('2D SPACE',''
  ) );
#7674 = PCURVE('',#7675,#7680);
#7675 = SPHERICAL_SURFACE('',#7676,0.31);
#7676 = AXIS2_PLACEMENT_3D('',#7677,#7678,#7679);
#7677 = CARTESIAN_POINT('',(16.62,1.42,15.66));
#7678 = DIRECTION('',(0.,0.,1.));
#7679 = DIRECTION('',(1.,0.,-0.));
#7680 = DEFINITIONAL_REPRESENTATION('',(#7681),#7685);
#7681 = LINE('',#7682,#7683);
#7682 = CARTESIAN_POINT('',(0.,0.));
#7683 = VECTOR('',#7684,1.);
#7684 = DIRECTION('',(1.,0.));
#7685 = ( GEOMETRIC_REPRESENTATION_CONTEXT(2) 
PARAMETRIC_REPRESENTATION_CONTEXT() REPRESENTATION_CONTEXT('2D SPACE',''
  ) );
#7686 = ORIENTED_EDGE('',*,*,#7637,.F.);
#7687 = ORIENTED_EDGE('',*,*,#5335,.T.);
#7688 = ADVANCED_FACE('',(#7689),#5387,.T.);
#7689 = FACE_BOUND('',#7690,.T.);
#7690 = EDGE_LOOP('',(#7691,#7714,#7741,#7742));
#7691 = ORIENTED_EDGE('',*,*,#7692,.T.);
#7692 = EDGE_CURVE('',#5371,#7693,#7695,.T.);
#7693 = VERTEX_POINT('',#7694);
#7694 = CARTESIAN_POINT('',(19.7,1.42,15.66));
#7695 = SEAM_CURVE('',#7696,(#7700,#7707),.PCURVE_S1.);
#7696 = LINE('',#7697,#7698);
#7697 = CARTESIAN_POINT('',(19.7,1.42,11.88));
#7698 = VECTOR('',#7699,1.);
#7699 = DIRECTION('',(0.,0.,1.));
#7700 = PCURVE('',#5387,#7701);
#7701 = DEFINITIONAL_REPRESENTATION('',(#7702),#7706);
#7702 = LINE('',#7703,#7704);
#7703 = CARTESIAN_POINT('',(6.28318530718,-0.));
#7704 = VECTOR('',#7705,1.);
#7705 = DIRECTION('',(0.,1.));
#7706 = ( GEOMETRIC_REPRESENTATION_CONTEXT(2) 
PARAMETRIC_REPRESENTATION_CONTEXT() REPRESENTATION_CONTEXT('2D SPACE',''
  ) );
#7707 = PCURVE('',#5387,#7708);
#7708 = DEFINITIONAL_REPRESENTATION('',(#7709),#7713);
#7709 = LINE('',#7710,#7711);
#7710 = CARTESIAN_POINT('',(0.,-0.));
#7711 = VECTOR('',#7712,1.);
#7712 = DIRECTION('',(0.,1.));
#7713 = ( GEOMETRIC_REPRESENTATION_CONTEXT(2) 
PARAMETRIC_REPRESENTATION_CONTEXT() REPRESENTATION_CONTEXT('2D SPACE',''
  ) );
#7714 = ORIENTED_EDGE('',*,*,#7715,.F.);
#7715 = EDGE_CURVE('',#7693,#7693,#7716,.T.);
#7716 = SURFACE_CURVE('',#7717,(#7722,#7729),.PCURVE_S1.);
#7717 = CIRCLE('',#7718,0.31);
#7718 = AXIS2_PLACEMENT_3D('',#7719,#7720,#7721);
#7719 = CARTESIAN_POINT('',(19.39,1.42,15.66));
#7720 = DIRECTION('',(0.,0.,1.));
#7721 = DIRECTION('',(1.,0.,-0.));
#7722 = PCURVE('',#5387,#7723);
#7723 = DEFINITIONAL_REPRESENTATION('',(#7724),#7728);
#7724 = LINE('',#7725,#7726);
#7725 = CARTESIAN_POINT('',(0.,3.78));
#7726 = VECTOR('',#7727,1.);
#7727 = DIRECTION('',(1.,0.));
#7728 = ( GEOMETRIC_REPRESENTATION_CONTEXT(2) 
PARAMETRIC_REPRESENTATION_CONTEXT() REPRESENTATION_CONTEXT('2D SPACE',''
  ) );
#7729 = PCURVE('',#7730,#7735);
#7730 = SPHERICAL_SURFACE('',#7731,0.31);
#7731 = AXIS2_PLACEMENT_3D('',#7732,#7733,#7734);
#7732 = CARTESIAN_POINT('',(19.39,1.42,15.66));
#7733 = DIRECTION('',(0.,0.,1.));
#7734 = DIRECTION('',(1.,0.,-0.));
#7735 = DEFINITIONAL_REPRESENTATION('',(#7736),#7740);
#7736 = LINE('',#7737,#7738);
#7737 = CARTESIAN_POINT('',(0.,0.));
#7738 = VECTOR('',#7739,1.);
#7739 = DIRECTION('',(1.,0.));
#7740 = ( GEOMETRIC_REPRESENTATION_CONTEXT(2) 
PARAMETRIC_REPRESENTATION_CONTEXT() REPRESENTATION_CONTEXT('2D SPACE',''
  ) );
#7741 = ORIENTED_EDGE('',*,*,#7692,.F.);
#7742 = ORIENTED_EDGE('',*,*,#5370,.T.);
#7743 = ADVANCED_FACE('',(#7744),#5422,.T.);
#7744 = FACE_BOUND('',#7745,.T.);
#7745 = EDGE_LOOP('',(#7746,#7769,#7796,#7797));
#7746 = ORIENTED_EDGE('',*,*,#7747,.T.);
#7747 = EDGE_CURVE('',#5406,#7748,#7750,.T.);
#7748 = VERTEX_POINT('',#7749);
#7749 = CARTESIAN_POINT('',(22.47,1.42,15.66));
#7750 = SEAM_CURVE('',#7751,(#7755,#7762),.PCURVE_S1.);
#7751 = LINE('',#7752,#7753);
#7752 = CARTESIAN_POINT('',(22.47,1.42,11.88));
#7753 = VECTOR('',#7754,1.);
#7754 = DIRECTION('',(0.,0.,1.));
#7755 = PCURVE('',#5422,#7756);
#7756 = DEFINITIONAL_REPRESENTATION('',(#7757),#7761);
#7757 = LINE('',#7758,#7759);
#7758 = CARTESIAN_POINT('',(6.28318530718,-0.));
#7759 = VECTOR('',#7760,1.);
#7760 = DIRECTION('',(0.,1.));
#7761 = ( GEOMETRIC_REPRESENTATION_CONTEXT(2) 
PARAMETRIC_REPRESENTATION_CONTEXT() REPRESENTATION_CONTEXT('2D SPACE',''
  ) );
#7762 = PCURVE('',#5422,#7763);
#7763 = DEFINITIONAL_REPRESENTATION('',(#7764),#7768);
#7764 = LINE('',#7765,#7766);
#7765 = CARTESIAN_POINT('',(0.,-0.));
#7766 = VECTOR('',#7767,1.);
#7767 = DIRECTION('',(0.,1.));
#7768 = ( GEOMETRIC_REPRESENTATION_CONTEXT(2) 
PARAMETRIC_REPRESENTATION_CONTEXT() REPRESENTATION_CONTEXT('2D SPACE',''
  ) );
#7769 = ORIENTED_EDGE('',*,*,#7770,.F.);
#7770 = EDGE_CURVE('',#7748,#7748,#7771,.T.);
#7771 = SURFACE_CURVE('',#7772,(#7777,#7784),.PCURVE_S1.);
#7772 = CIRCLE('',#7773,0.31);
#7773 = AXIS2_PLACEMENT_3D('',#7774,#7775,#7776);
#7774 = CARTESIAN_POINT('',(22.16,1.42,15.66));
#7775 = DIRECTION('',(0.,0.,1.));
#7776 = DIRECTION('',(1.,0.,-0.));
#7777 = PCURVE('',#5422,#7778);
#7778 = DEFINITIONAL_REPRESENTATION('',(#7779),#7783);
#7779 = LINE('',#7780,#7781);
#7780 = CARTESIAN_POINT('',(0.,3.78));
#7781 = VECTOR('',#7782,1.);
#7782 = DIRECTION('',(1.,0.));
#7783 = ( GEOMETRIC_REPRESENTATION_CONTEXT(2) 
PARAMETRIC_REPRESENTATION_CONTEXT() REPRESENTATION_CONTEXT('2D SPACE',''
  ) );
#7784 = PCURVE('',#7785,#7790);
#7785 = SPHERICAL_SURFACE('',#7786,0.31);
#7786 = AXIS2_PLACEMENT_3D('',#7787,#7788,#7789);
#7787 = CARTESIAN_POINT('',(22.16,1.42,15.66));
#7788 = DIRECTION('',(0.,0.,1.));
#7789 = DIRECTION('',(1.,0.,-0.));
#7790 = DEFINITIONAL_REPRESENTATION('',(#7791),#7795);
#7791 = LINE('',#7792,#7793);
#7792 = CARTESIAN_POINT('',(0.,0.));
#7793 = VECTOR('',#7794,1.);
#7794 = DIRECTION('',(1.,0.));
#7795 = ( GEOMETRIC_REPRESENTATION_CONTEXT(2) 
PARAMETRIC_REPRESENTATION_CONTEXT() REPRESENTATION_CONTEXT('2D SPACE',''
  ) );
#7796 = ORIENTED_EDGE('',*,*,#7747,.F.);
#7797 = ORIENTED_EDGE('',*,*,#5405,.T.);
#7798 = ADVANCED_FACE('',(#7799),#5457,.T.);
#7799 = FACE_BOUND('',#7800,.T.);
#7800 = EDGE_LOOP('',(#7801,#7824,#7851,#7852));
#7801 = ORIENTED_EDGE('',*,*,#7802,.T.);
#7802 = EDGE_CURVE('',#5441,#7803,#7805,.T.);
#7803 = VERTEX_POINT('',#7804);
#7804 = CARTESIAN_POINT('',(25.24,1.42,15.66));
#7805 = SEAM_CURVE('',#7806,(#7810,#7817),.PCURVE_S1.);
#7806 = LINE('',#7807,#7808);
#7807 = CARTESIAN_POINT('',(25.24,1.42,11.88));
#7808 = VECTOR('',#7809,1.);
#7809 = DIRECTION('',(0.,0.,1.));
#7810 = PCURVE('',#5457,#7811);
#7811 = DEFINITIONAL_REPRESENTATION('',(#7812),#7816);
#7812 = LINE('',#7813,#7814);
#7813 = CARTESIAN_POINT('',(6.28318530718,-0.));
#7814 = VECTOR('',#7815,1.);
#7815 = DIRECTION('',(0.,1.));
#7816 = ( GEOMETRIC_REPRESENTATION_CONTEXT(2) 
PARAMETRIC_REPRESENTATION_CONTEXT() REPRESENTATION_CONTEXT('2D SPACE',''
  ) );
#7817 = PCURVE('',#5457,#7818);
#7818 = DEFINITIONAL_REPRESENTATION('',(#7819),#7823);
#7819 = LINE('',#7820,#7821);
#7820 = CARTESIAN_POINT('',(0.,-0.));
#7821 = VECTOR('',#7822,1.);
#7822 = DIRECTION('',(0.,1.));
#7823 = ( GEOMETRIC_REPRESENTATION_CONTEXT(2) 
PARAMETRIC_REPRESENTATION_CONTEXT() REPRESENTATION_CONTEXT('2D SPACE',''
  ) );
#7824 = ORIENTED_EDGE('',*,*,#7825,.F.);
#7825 = EDGE_CURVE('',#7803,#7803,#7826,.T.);
#7826 = SURFACE_CURVE('',#7827,(#7832,#7839),.PCURVE_S1.);
#7827 = CIRCLE('',#7828,0.31);
#7828 = AXIS2_PLACEMENT_3D('',#7829,#7830,#7831);
#7829 = CARTESIAN_POINT('',(24.93,1.42,15.66));
#7830 = DIRECTION('',(0.,0.,1.));
#7831 = DIRECTION('',(1.,0.,-0.));
#7832 = PCURVE('',#5457,#7833);
#7833 = DEFINITIONAL_REPRESENTATION('',(#7834),#7838);
#7834 = LINE('',#7835,#7836);
#7835 = CARTESIAN_POINT('',(0.,3.78));
#7836 = VECTOR('',#7837,1.);
#7837 = DIRECTION('',(1.,0.));
#7838 = ( GEOMETRIC_REPRESENTATION_CONTEXT(2) 
PARAMETRIC_REPRESENTATION_CONTEXT() REPRESENTATION_CONTEXT('2D SPACE',''
  ) );
#7839 = PCURVE('',#7840,#7845);
#7840 = SPHERICAL_SURFACE('',#7841,0.31);
#7841 = AXIS2_PLACEMENT_3D('',#7842,#7843,#7844);
#7842 = CARTESIAN_POINT('',(24.93,1.42,15.66));
#7843 = DIRECTION('',(0.,0.,1.));
#7844 = DIRECTION('',(1.,0.,-0.));
#7845 = DEFINITIONAL_REPRESENTATION('',(#7846),#7850);
#7846 = LINE('',#7847,#7848);
#7847 = CARTESIAN_POINT('',(0.,0.));
#7848 = VECTOR('',#7849,1.);
#7849 = DIRECTION('',(1.,0.));
#7850 = ( GEOMETRIC_REPRESENTATION_CONTEXT(2) 
PARAMETRIC_REPRESENTATION_CONTEXT() REPRESENTATION_CONTEXT('2D SPACE',''
  ) );
#7851 = ORIENTED_EDGE('',*,*,#7802,.F.);
#7852 = ORIENTED_EDGE('',*,*,#5440,.T.);
#7853 = ADVANCED_FACE('',(#7854,#8088),#5490,.T.);
#7854 = FACE_BOUND('',#7855,.T.);
#7855 = EDGE_LOOP('',(#7856,#7886,#7915,#7943,#7972,#8000,#8029,#8057));
#7856 = ORIENTED_EDGE('',*,*,#7857,.T.);
#7857 = EDGE_CURVE('',#7858,#7860,#7862,.T.);
#7858 = VERTEX_POINT('',#7859);
#7859 = CARTESIAN_POINT('',(-25.60182487715,-4.725,10.14));
#7860 = VERTEX_POINT('',#7861);
#7861 = CARTESIAN_POINT('',(25.601824877158,-4.725,10.14));
#7862 = SURFACE_CURVE('',#7863,(#7867,#7874),.PCURVE_S1.);
#7863 = LINE('',#7864,#7865);
#7864 = CARTESIAN_POINT('',(-26.44285,-4.725,10.14));
#7865 = VECTOR('',#7866,1.);
#7866 = DIRECTION('',(1.,0.,0.));
#7867 = PCURVE('',#5490,#7868);
#7868 = DEFINITIONAL_REPRESENTATION('',(#7869),#7873);
#7869 = LINE('',#7870,#7871);
#7870 = CARTESIAN_POINT('',(-26.44285,-4.846164639677));
#7871 = VECTOR('',#7872,1.);
#7872 = DIRECTION('',(1.,0.));
#7873 = ( GEOMETRIC_REPRESENTATION_CONTEXT(2) 
PARAMETRIC_REPRESENTATION_CONTEXT() REPRESENTATION_CONTEXT('2D SPACE',''
  ) );
#7874 = PCURVE('',#7875,#7880);
#7875 = PLANE('',#7876);
#7876 = AXIS2_PLACEMENT_3D('',#7877,#7878,#7879);
#7877 = CARTESIAN_POINT('',(-26.44285,-4.725,9.65));
#7878 = DIRECTION('',(0.,1.,0.));
#7879 = DIRECTION('',(1.,0.,0.));
#7880 = DEFINITIONAL_REPRESENTATION('',(#7881),#7885);
#7881 = LINE('',#7882,#7883);
#7882 = CARTESIAN_POINT('',(0.,-0.49));
#7883 = VECTOR('',#7884,1.);
#7884 = DIRECTION('',(1.,0.));
#7885 = ( GEOMETRIC_REPRESENTATION_CONTEXT(2) 
PARAMETRIC_REPRESENTATION_CONTEXT() REPRESENTATION_CONTEXT('2D SPACE',''
  ) );
#7886 = ORIENTED_EDGE('',*,*,#7887,.T.);
#7887 = EDGE_CURVE('',#7860,#7888,#7890,.T.);
#7888 = VERTEX_POINT('',#7889);
#7889 = CARTESIAN_POINT('',(26.587022166857,-3.896424328408,10.14));
#7890 = SURFACE_CURVE('',#7891,(#7896,#7903),.PCURVE_S1.);
#7891 = CIRCLE('',#7892,1.);
#7892 = AXIS2_PLACEMENT_3D('',#7893,#7894,#7895);
#7893 = CARTESIAN_POINT('',(25.601824877158,-3.725,10.14));
#7894 = DIRECTION('',(0.,0.,1.));
#7895 = DIRECTION('',(0.,-1.,0.));
#7896 = PCURVE('',#5490,#7897);
#7897 = DEFINITIONAL_REPRESENTATION('',(#7898),#7902);
#7898 = CIRCLE('',#7899,1.);
#7899 = AXIS2_PLACEMENT_2D('',#7900,#7901);
#7900 = CARTESIAN_POINT('',(25.601824877158,-3.846164639677));
#7901 = DIRECTION('',(0.,-1.));
#7902 = ( GEOMETRIC_REPRESENTATION_CONTEXT(2) 
PARAMETRIC_REPRESENTATION_CONTEXT() REPRESENTATION_CONTEXT('2D SPACE',''
  ) );
#7903 = PCURVE('',#7904,#7909);
#7904 = CYLINDRICAL_SURFACE('',#7905,1.);
#7905 = AXIS2_PLACEMENT_3D('',#7906,#7907,#7908);
#7906 = CARTESIAN_POINT('',(25.601824877158,-3.725,9.65));
#7907 = DIRECTION('',(0.,0.,1.));
#7908 = DIRECTION('',(0.,-1.,0.));
#7909 = DEFINITIONAL_REPRESENTATION('',(#7910),#7914);
#7910 = LINE('',#7911,#7912);
#7911 = CARTESIAN_POINT('',(0.,0.49));
#7912 = VECTOR('',#7913,1.);
#7913 = DIRECTION('',(1.,0.));
#7914 = ( GEOMETRIC_REPRESENTATION_CONTEXT(2) 
PARAMETRIC_REPRESENTATION_CONTEXT() REPRESENTATION_CONTEXT('2D SPACE',''
  ) );
#7915 = ORIENTED_EDGE('',*,*,#7916,.T.);
#7916 = EDGE_CURVE('',#7888,#7917,#7919,.T.);
#7917 = VERTEX_POINT('',#7918);
#7918 = CARTESIAN_POINT('',(27.883322166857,3.553575671592,10.14));
#7919 = SURFACE_CURVE('',#7920,(#7924,#7931),.PCURVE_S1.);
#7920 = LINE('',#7921,#7922);
#7921 = CARTESIAN_POINT('',(26.44285,-4.725,10.14));
#7922 = VECTOR('',#7923,1.);
#7923 = DIRECTION('',(0.171424328408,0.985197289699,0.));
#7924 = PCURVE('',#5490,#7925);
#7925 = DEFINITIONAL_REPRESENTATION('',(#7926),#7930);
#7926 = LINE('',#7927,#7928);
#7927 = CARTESIAN_POINT('',(26.44285,-4.846164639677));
#7928 = VECTOR('',#7929,1.);
#7929 = DIRECTION('',(0.171424328408,0.985197289699));
#7930 = ( GEOMETRIC_REPRESENTATION_CONTEXT(2) 
PARAMETRIC_REPRESENTATION_CONTEXT() REPRESENTATION_CONTEXT('2D SPACE',''
  ) );
#7931 = PCURVE('',#7932,#7937);
#7932 = PLANE('',#7933);
#7933 = AXIS2_PLACEMENT_3D('',#7934,#7935,#7936);
#7934 = CARTESIAN_POINT('',(26.44285,-4.725,9.65));
#7935 = DIRECTION('',(-0.985197289699,0.171424328408,0.));
#7936 = DIRECTION('',(0.171424328408,0.985197289699,0.));
#7937 = DEFINITIONAL_REPRESENTATION('',(#7938),#7942);
#7938 = LINE('',#7939,#7940);
#7939 = CARTESIAN_POINT('',(0.,-0.49));
#7940 = VECTOR('',#7941,1.);
#7941 = DIRECTION('',(1.,0.));
#7942 = ( GEOMETRIC_REPRESENTATION_CONTEXT(2) 
PARAMETRIC_REPRESENTATION_CONTEXT() REPRESENTATION_CONTEXT('2D SPACE',''
  ) );
#7943 = ORIENTED_EDGE('',*,*,#7944,.T.);
#7944 = EDGE_CURVE('',#7917,#7945,#7947,.T.);
#7945 = VERTEX_POINT('',#7946);
#7946 = CARTESIAN_POINT('',(26.898124877158,4.725,10.14));
#7947 = SURFACE_CURVE('',#7948,(#7953,#7960),.PCURVE_S1.);
#7948 = CIRCLE('',#7949,1.);
#7949 = AXIS2_PLACEMENT_3D('',#7950,#7951,#7952);
#7950 = CARTESIAN_POINT('',(26.898124877158,3.725,10.14));
#7951 = DIRECTION('',(0.,0.,1.));
#7952 = DIRECTION('',(0.,-1.,0.));
#7953 = PCURVE('',#5490,#7954);
#7954 = DEFINITIONAL_REPRESENTATION('',(#7955),#7959);
#7955 = CIRCLE('',#7956,1.);
#7956 = AXIS2_PLACEMENT_2D('',#7957,#7958);
#7957 = CARTESIAN_POINT('',(26.898124877158,3.603835360323));
#7958 = DIRECTION('',(0.,-1.));
#7959 = ( GEOMETRIC_REPRESENTATION_CONTEXT(2) 
PARAMETRIC_REPRESENTATION_CONTEXT() REPRESENTATION_CONTEXT('2D SPACE',''
  ) );
#7960 = PCURVE('',#7961,#7966);
#7961 = CYLINDRICAL_SURFACE('',#7962,1.);
#7962 = AXIS2_PLACEMENT_3D('',#7963,#7964,#7965);
#7963 = CARTESIAN_POINT('',(26.898124877158,3.725,9.65));
#7964 = DIRECTION('',(0.,0.,1.));
#7965 = DIRECTION('',(0.985197289699,-0.171424328408,0.));
#7966 = DEFINITIONAL_REPRESENTATION('',(#7967),#7971);
#7967 = LINE('',#7968,#7969);
#7968 = CARTESIAN_POINT('',(-1.398521109841,0.49));
#7969 = VECTOR('',#7970,1.);
#7970 = DIRECTION('',(1.,0.));
#7971 = ( GEOMETRIC_REPRESENTATION_CONTEXT(2) 
PARAMETRIC_REPRESENTATION_CONTEXT() REPRESENTATION_CONTEXT('2D SPACE',''
  ) );
#7972 = ORIENTED_EDGE('',*,*,#7973,.T.);
#7973 = EDGE_CURVE('',#7945,#7974,#7976,.T.);
#7974 = VERTEX_POINT('',#7975);
#7975 = CARTESIAN_POINT('',(-26.89812487715,4.725,10.14));
#7976 = SURFACE_CURVE('',#7977,(#7981,#7988),.PCURVE_S1.);
#7977 = LINE('',#7978,#7979);
#7978 = CARTESIAN_POINT('',(28.08715,4.725,10.14));
#7979 = VECTOR('',#7980,1.);
#7980 = DIRECTION('',(-1.,0.,0.));
#7981 = PCURVE('',#5490,#7982);
#7982 = DEFINITIONAL_REPRESENTATION('',(#7983),#7987);
#7983 = LINE('',#7984,#7985);
#7984 = CARTESIAN_POINT('',(28.08715,4.603835360323));
#7985 = VECTOR('',#7986,1.);
#7986 = DIRECTION('',(-1.,0.));
#7987 = ( GEOMETRIC_REPRESENTATION_CONTEXT(2) 
PARAMETRIC_REPRESENTATION_CONTEXT() REPRESENTATION_CONTEXT('2D SPACE',''
  ) );
#7988 = PCURVE('',#7989,#7994);
#7989 = PLANE('',#7990);
#7990 = AXIS2_PLACEMENT_3D('',#7991,#7992,#7993);
#7991 = CARTESIAN_POINT('',(28.08715,4.725,9.65));
#7992 = DIRECTION('',(0.,-1.,0.));
#7993 = DIRECTION('',(-1.,0.,0.));
#7994 = DEFINITIONAL_REPRESENTATION('',(#7995),#7999);
#7995 = LINE('',#7996,#7997);
#7996 = CARTESIAN_POINT('',(0.,-0.49));
#7997 = VECTOR('',#7998,1.);
#7998 = DIRECTION('',(1.,0.));
#7999 = ( GEOMETRIC_REPRESENTATION_CONTEXT(2) 
PARAMETRIC_REPRESENTATION_CONTEXT() REPRESENTATION_CONTEXT('2D SPACE',''
  ) );
#8000 = ORIENTED_EDGE('',*,*,#8001,.T.);
#8001 = EDGE_CURVE('',#7974,#8002,#8004,.T.);
#8002 = VERTEX_POINT('',#8003);
#8003 = CARTESIAN_POINT('',(-27.88332216685,3.553575671592,10.14));
#8004 = SURFACE_CURVE('',#8005,(#8010,#8017),.PCURVE_S1.);
#8005 = CIRCLE('',#8006,1.);
#8006 = AXIS2_PLACEMENT_3D('',#8007,#8008,#8009);
#8007 = CARTESIAN_POINT('',(-26.89812487715,3.725,10.14));
#8008 = DIRECTION('',(0.,0.,1.));
#8009 = DIRECTION('',(0.,-1.,0.));
#8010 = PCURVE('',#5490,#8011);
#8011 = DEFINITIONAL_REPRESENTATION('',(#8012),#8016);
#8012 = CIRCLE('',#8013,1.);
#8013 = AXIS2_PLACEMENT_2D('',#8014,#8015);
#8014 = CARTESIAN_POINT('',(-26.89812487715,3.603835360323));
#8015 = DIRECTION('',(0.,-1.));
#8016 = ( GEOMETRIC_REPRESENTATION_CONTEXT(2) 
PARAMETRIC_REPRESENTATION_CONTEXT() REPRESENTATION_CONTEXT('2D SPACE',''
  ) );
#8017 = PCURVE('',#8018,#8023);
#8018 = CYLINDRICAL_SURFACE('',#8019,1.);
#8019 = AXIS2_PLACEMENT_3D('',#8020,#8021,#8022);
#8020 = CARTESIAN_POINT('',(-26.89812487715,3.725,9.65));
#8021 = DIRECTION('',(0.,0.,1.));
#8022 = DIRECTION('',(-0.,1.,0.));
#8023 = DEFINITIONAL_REPRESENTATION('',(#8024),#8028);
#8024 = LINE('',#8025,#8026);
#8025 = CARTESIAN_POINT('',(-3.14159265359,0.49));
#8026 = VECTOR('',#8027,1.);
#8027 = DIRECTION('',(1.,0.));
#8028 = ( GEOMETRIC_REPRESENTATION_CONTEXT(2) 
PARAMETRIC_REPRESENTATION_CONTEXT() REPRESENTATION_CONTEXT('2D SPACE',''
  ) );
#8029 = ORIENTED_EDGE('',*,*,#8030,.T.);
#8030 = EDGE_CURVE('',#8002,#8031,#8033,.T.);
#8031 = VERTEX_POINT('',#8032);
#8032 = CARTESIAN_POINT('',(-26.58702216685,-3.896424328408,10.14));
#8033 = SURFACE_CURVE('',#8034,(#8038,#8045),.PCURVE_S1.);
#8034 = LINE('',#8035,#8036);
#8035 = CARTESIAN_POINT('',(-28.08715,4.725,10.14));
#8036 = VECTOR('',#8037,1.);
#8037 = DIRECTION('',(0.171424328408,-0.985197289699,0.));
#8038 = PCURVE('',#5490,#8039);
#8039 = DEFINITIONAL_REPRESENTATION('',(#8040),#8044);
#8040 = LINE('',#8041,#8042);
#8041 = CARTESIAN_POINT('',(-28.08715,4.603835360323));
#8042 = VECTOR('',#8043,1.);
#8043 = DIRECTION('',(0.171424328408,-0.985197289699));
#8044 = ( GEOMETRIC_REPRESENTATION_CONTEXT(2) 
PARAMETRIC_REPRESENTATION_CONTEXT() REPRESENTATION_CONTEXT('2D SPACE',''
  ) );
#8045 = PCURVE('',#8046,#8051);
#8046 = PLANE('',#8047);
#8047 = AXIS2_PLACEMENT_3D('',#8048,#8049,#8050);
#8048 = CARTESIAN_POINT('',(-28.08715,4.725,9.65));
#8049 = DIRECTION('',(0.985197289699,0.171424328408,-0.));
#8050 = DIRECTION('',(0.171424328408,-0.985197289699,0.));
#8051 = DEFINITIONAL_REPRESENTATION('',(#8052),#8056);
#8052 = LINE('',#8053,#8054);
#8053 = CARTESIAN_POINT('',(0.,-0.49));
#8054 = VECTOR('',#8055,1.);
#8055 = DIRECTION('',(1.,0.));
#8056 = ( GEOMETRIC_REPRESENTATION_CONTEXT(2) 
PARAMETRIC_REPRESENTATION_CONTEXT() REPRESENTATION_CONTEXT('2D SPACE',''
  ) );
#8057 = ORIENTED_EDGE('',*,*,#8058,.F.);
#8058 = EDGE_CURVE('',#7858,#8031,#8059,.T.);
#8059 = SURFACE_CURVE('',#8060,(#8065,#8076),.PCURVE_S1.);
#8060 = CIRCLE('',#8061,1.);
#8061 = AXIS2_PLACEMENT_3D('',#8062,#8063,#8064);
#8062 = CARTESIAN_POINT('',(-25.60182487715,-3.725,10.14));
#8063 = DIRECTION('',(-0.,-0.,-1.));
#8064 = DIRECTION('',(0.,-1.,0.));
#8065 = PCURVE('',#5490,#8066);
#8066 = DEFINITIONAL_REPRESENTATION('',(#8067),#8075);
#8067 = ( BOUNDED_CURVE() B_SPLINE_CURVE(2,(#8068,#8069,#8070,#8071,
#8072,#8073,#8074),.UNSPECIFIED.,.T.,.F.) B_SPLINE_CURVE_WITH_KNOTS((1,2
    ,2,2,2,1),(-2.094395102393,0.,2.094395102393,4.188790204786,
6.28318530718,8.377580409573),.UNSPECIFIED.) CURVE() 
GEOMETRIC_REPRESENTATION_ITEM() RATIONAL_B_SPLINE_CURVE((1.,0.5,1.,0.5,
1.,0.5,1.)) REPRESENTATION_ITEM('') );
#8068 = CARTESIAN_POINT('',(-25.60182487715,-4.846164639677));
#8069 = CARTESIAN_POINT('',(-27.33387568472,-4.846164639677));
#8070 = CARTESIAN_POINT('',(-26.46785028094,-3.346164639677));
#8071 = CARTESIAN_POINT('',(-25.60182487715,-1.846164639677));
#8072 = CARTESIAN_POINT('',(-24.73579947337,-3.346164639677));
#8073 = CARTESIAN_POINT('',(-23.86977406958,-4.846164639677));
#8074 = CARTESIAN_POINT('',(-25.60182487715,-4.846164639677));
#8075 = ( GEOMETRIC_REPRESENTATION_CONTEXT(2) 
PARAMETRIC_REPRESENTATION_CONTEXT() REPRESENTATION_CONTEXT('2D SPACE',''
  ) );
#8076 = PCURVE('',#8077,#8082);
#8077 = CYLINDRICAL_SURFACE('',#8078,1.);
#8078 = AXIS2_PLACEMENT_3D('',#8079,#8080,#8081);
#8079 = CARTESIAN_POINT('',(-25.60182487715,-3.725,9.65));
#8080 = DIRECTION('',(0.,0.,1.));
#8081 = DIRECTION('',(0.,-1.,0.));
#8082 = DEFINITIONAL_REPRESENTATION('',(#8083),#8087);
#8083 = LINE('',#8084,#8085);
#8084 = CARTESIAN_POINT('',(-0.,0.49));
#8085 = VECTOR('',#8086,1.);
#8086 = DIRECTION('',(-1.,0.));
#8087 = ( GEOMETRIC_REPRESENTATION_CONTEXT(2) 
PARAMETRIC_REPRESENTATION_CONTEXT() REPRESENTATION_CONTEXT('2D SPACE',''
  ) );
#8088 = FACE_BOUND('',#8089,.T.);
#8089 = EDGE_LOOP('',(#8090,#8091,#8092,#8093,#8094,#8095,#8096,#8097));
#8090 = ORIENTED_EDGE('',*,*,#5472,.F.);
#8091 = ORIENTED_EDGE('',*,*,#5548,.T.);
#8092 = ORIENTED_EDGE('',*,*,#5652,.F.);
#8093 = ORIENTED_EDGE('',*,*,#5750,.F.);
#8094 = ORIENTED_EDGE('',*,*,#5850,.F.);
#8095 = ORIENTED_EDGE('',*,*,#5800,.F.);
#8096 = ORIENTED_EDGE('',*,*,#5701,.F.);
#8097 = ORIENTED_EDGE('',*,*,#5602,.F.);
#8098 = ADVANCED_FACE('',(#8099),#5915,.T.);
#8099 = FACE_BOUND('',#8100,.T.);
#8100 = EDGE_LOOP('',(#8101,#8125,#8126));
#8101 = ORIENTED_EDGE('',*,*,#8102,.T.);
#8102 = EDGE_CURVE('',#5878,#8103,#8105,.T.);
#8103 = VERTEX_POINT('',#8104);
#8104 = CARTESIAN_POINT('',(-23.545,-1.42,15.97));
#8105 = SEAM_CURVE('',#8106,(#8111,#8118),.PCURVE_S1.);
#8106 = CIRCLE('',#8107,0.31);
#8107 = AXIS2_PLACEMENT_3D('',#8108,#8109,#8110);
#8108 = CARTESIAN_POINT('',(-23.545,-1.42,15.66));
#8109 = DIRECTION('',(-2.449293598295E-16,-1.,0.));
#8110 = DIRECTION('',(1.,-2.449293598295E-16,0.));
#8111 = PCURVE('',#5915,#8112);
#8112 = DEFINITIONAL_REPRESENTATION('',(#8113),#8117);
#8113 = LINE('',#8114,#8115);
#8114 = CARTESIAN_POINT('',(6.28318530718,-6.28318530718));
#8115 = VECTOR('',#8116,1.);
#8116 = DIRECTION('',(0.,1.));
#8117 = ( GEOMETRIC_REPRESENTATION_CONTEXT(2) 
PARAMETRIC_REPRESENTATION_CONTEXT() REPRESENTATION_CONTEXT('2D SPACE',''
  ) );
#8118 = PCURVE('',#5915,#8119);
#8119 = DEFINITIONAL_REPRESENTATION('',(#8120),#8124);
#8120 = LINE('',#8121,#8122);
#8121 = CARTESIAN_POINT('',(0.,-6.28318530718));
#8122 = VECTOR('',#8123,1.);
#8123 = DIRECTION('',(0.,1.));
#8124 = ( GEOMETRIC_REPRESENTATION_CONTEXT(2) 
PARAMETRIC_REPRESENTATION_CONTEXT() REPRESENTATION_CONTEXT('2D SPACE',''
  ) );
#8125 = ORIENTED_EDGE('',*,*,#8102,.F.);
#8126 = ORIENTED_EDGE('',*,*,#5900,.T.);
#8127 = ADVANCED_FACE('',(#8128),#5970,.T.);
#8128 = FACE_BOUND('',#8129,.T.);
#8129 = EDGE_LOOP('',(#8130,#8154,#8155));
#8130 = ORIENTED_EDGE('',*,*,#8131,.T.);
#8131 = EDGE_CURVE('',#5933,#8132,#8134,.T.);
#8132 = VERTEX_POINT('',#8133);
#8133 = CARTESIAN_POINT('',(-20.775,-1.42,15.97));
#8134 = SEAM_CURVE('',#8135,(#8140,#8147),.PCURVE_S1.);
#8135 = CIRCLE('',#8136,0.31);
#8136 = AXIS2_PLACEMENT_3D('',#8137,#8138,#8139);
#8137 = CARTESIAN_POINT('',(-20.775,-1.42,15.66));
#8138 = DIRECTION('',(-2.449293598295E-16,-1.,0.));
#8139 = DIRECTION('',(1.,-2.449293598295E-16,0.));
#8140 = PCURVE('',#5970,#8141);
#8141 = DEFINITIONAL_REPRESENTATION('',(#8142),#8146);
#8142 = LINE('',#8143,#8144);
#8143 = CARTESIAN_POINT('',(6.28318530718,-6.28318530718));
#8144 = VECTOR('',#8145,1.);
#8145 = DIRECTION('',(0.,1.));
#8146 = ( GEOMETRIC_REPRESENTATION_CONTEXT(2) 
PARAMETRIC_REPRESENTATION_CONTEXT() REPRESENTATION_CONTEXT('2D SPACE',''
  ) );
#8147 = PCURVE('',#5970,#8148);
#8148 = DEFINITIONAL_REPRESENTATION('',(#8149),#8153);
#8149 = LINE('',#8150,#8151);
#8150 = CARTESIAN_POINT('',(0.,-6.28318530718));
#8151 = VECTOR('',#8152,1.);
#8152 = DIRECTION('',(0.,1.));
#8153 = ( GEOMETRIC_REPRESENTATION_CONTEXT(2) 
PARAMETRIC_REPRESENTATION_CONTEXT() REPRESENTATION_CONTEXT('2D SPACE',''
  ) );
#8154 = ORIENTED_EDGE('',*,*,#8131,.F.);
#8155 = ORIENTED_EDGE('',*,*,#5955,.T.);
#8156 = ADVANCED_FACE('',(#8157),#6025,.T.);
#8157 = FACE_BOUND('',#8158,.T.);
#8158 = EDGE_LOOP('',(#8159,#8183,#8184));
#8159 = ORIENTED_EDGE('',*,*,#8160,.T.);
#8160 = EDGE_CURVE('',#5988,#8161,#8163,.T.);
#8161 = VERTEX_POINT('',#8162);
#8162 = CARTESIAN_POINT('',(-18.005,-1.42,15.97));
#8163 = SEAM_CURVE('',#8164,(#8169,#8176),.PCURVE_S1.);
#8164 = CIRCLE('',#8165,0.31);
#8165 = AXIS2_PLACEMENT_3D('',#8166,#8167,#8168);
#8166 = CARTESIAN_POINT('',(-18.005,-1.42,15.66));
#8167 = DIRECTION('',(-2.449293598295E-16,-1.,0.));
#8168 = DIRECTION('',(1.,-2.449293598295E-16,0.));
#8169 = PCURVE('',#6025,#8170);
#8170 = DEFINITIONAL_REPRESENTATION('',(#8171),#8175);
#8171 = LINE('',#8172,#8173);
#8172 = CARTESIAN_POINT('',(6.28318530718,-6.28318530718));
#8173 = VECTOR('',#8174,1.);
#8174 = DIRECTION('',(0.,1.));
#8175 = ( GEOMETRIC_REPRESENTATION_CONTEXT(2) 
PARAMETRIC_REPRESENTATION_CONTEXT() REPRESENTATION_CONTEXT('2D SPACE',''
  ) );
#8176 = PCURVE('',#6025,#8177);
#8177 = DEFINITIONAL_REPRESENTATION('',(#8178),#8182);
#8178 = LINE('',#8179,#8180);
#8179 = CARTESIAN_POINT('',(0.,-6.28318530718));
#8180 = VECTOR('',#8181,1.);
#8181 = DIRECTION('',(0.,1.));
#8182 = ( GEOMETRIC_REPRESENTATION_CONTEXT(2) 
PARAMETRIC_REPRESENTATION_CONTEXT() REPRESENTATION_CONTEXT('2D SPACE',''
  ) );
#8183 = ORIENTED_EDGE('',*,*,#8160,.F.);
#8184 = ORIENTED_EDGE('',*,*,#6010,.T.);
#8185 = ADVANCED_FACE('',(#8186),#6080,.T.);
#8186 = FACE_BOUND('',#8187,.T.);
#8187 = EDGE_LOOP('',(#8188,#8212,#8213));
#8188 = ORIENTED_EDGE('',*,*,#8189,.T.);
#8189 = EDGE_CURVE('',#6043,#8190,#8192,.T.);
#8190 = VERTEX_POINT('',#8191);
#8191 = CARTESIAN_POINT('',(-15.235,-1.42,15.97));
#8192 = SEAM_CURVE('',#8193,(#8198,#8205),.PCURVE_S1.);
#8193 = CIRCLE('',#8194,0.31);
#8194 = AXIS2_PLACEMENT_3D('',#8195,#8196,#8197);
#8195 = CARTESIAN_POINT('',(-15.235,-1.42,15.66));
#8196 = DIRECTION('',(-2.449293598295E-16,-1.,0.));
#8197 = DIRECTION('',(1.,-2.449293598295E-16,0.));
#8198 = PCURVE('',#6080,#8199);
#8199 = DEFINITIONAL_REPRESENTATION('',(#8200),#8204);
#8200 = LINE('',#8201,#8202);
#8201 = CARTESIAN_POINT('',(6.28318530718,-6.28318530718));
#8202 = VECTOR('',#8203,1.);
#8203 = DIRECTION('',(0.,1.));
#8204 = ( GEOMETRIC_REPRESENTATION_CONTEXT(2) 
PARAMETRIC_REPRESENTATION_CONTEXT() REPRESENTATION_CONTEXT('2D SPACE',''
  ) );
#8205 = PCURVE('',#6080,#8206);
#8206 = DEFINITIONAL_REPRESENTATION('',(#8207),#8211);
#8207 = LINE('',#8208,#8209);
#8208 = CARTESIAN_POINT('',(0.,-6.28318530718));
#8209 = VECTOR('',#8210,1.);
#8210 = DIRECTION('',(0.,1.));
#8211 = ( GEOMETRIC_REPRESENTATION_CONTEXT(2) 
PARAMETRIC_REPRESENTATION_CONTEXT() REPRESENTATION_CONTEXT('2D SPACE',''
  ) );
#8212 = ORIENTED_EDGE('',*,*,#8189,.F.);
#8213 = ORIENTED_EDGE('',*,*,#6065,.T.);
#8214 = ADVANCED_FACE('',(#8215),#6135,.T.);
#8215 = FACE_BOUND('',#8216,.T.);
#8216 = EDGE_LOOP('',(#8217,#8241,#8242));
#8217 = ORIENTED_EDGE('',*,*,#8218,.T.);
#8218 = EDGE_CURVE('',#6098,#8219,#8221,.T.);
#8219 = VERTEX_POINT('',#8220);
#8220 = CARTESIAN_POINT('',(-12.465,-1.42,15.97));
#8221 = SEAM_CURVE('',#8222,(#8227,#8234),.PCURVE_S1.);
#8222 = CIRCLE('',#8223,0.31);
#8223 = AXIS2_PLACEMENT_3D('',#8224,#8225,#8226);
#8224 = CARTESIAN_POINT('',(-12.465,-1.42,15.66));
#8225 = DIRECTION('',(-2.449293598295E-16,-1.,0.));
#8226 = DIRECTION('',(1.,-2.449293598295E-16,0.));
#8227 = PCURVE('',#6135,#8228);
#8228 = DEFINITIONAL_REPRESENTATION('',(#8229),#8233);
#8229 = LINE('',#8230,#8231);
#8230 = CARTESIAN_POINT('',(6.28318530718,-6.28318530718));
#8231 = VECTOR('',#8232,1.);
#8232 = DIRECTION('',(0.,1.));
#8233 = ( GEOMETRIC_REPRESENTATION_CONTEXT(2) 
PARAMETRIC_REPRESENTATION_CONTEXT() REPRESENTATION_CONTEXT('2D SPACE',''
  ) );
#8234 = PCURVE('',#6135,#8235);
#8235 = DEFINITIONAL_REPRESENTATION('',(#8236),#8240);
#8236 = LINE('',#8237,#8238);
#8237 = CARTESIAN_POINT('',(0.,-6.28318530718));
#8238 = VECTOR('',#8239,1.);
#8239 = DIRECTION('',(0.,1.));
#8240 = ( GEOMETRIC_REPRESENTATION_CONTEXT(2) 
PARAMETRIC_REPRESENTATION_CONTEXT() REPRESENTATION_CONTEXT('2D SPACE',''
  ) );
#8241 = ORIENTED_EDGE('',*,*,#8218,.F.);
#8242 = ORIENTED_EDGE('',*,*,#6120,.T.);
#8243 = ADVANCED_FACE('',(#8244),#6190,.T.);
#8244 = FACE_BOUND('',#8245,.T.);
#8245 = EDGE_LOOP('',(#8246,#8270,#8271));
#8246 = ORIENTED_EDGE('',*,*,#8247,.T.);
#8247 = EDGE_CURVE('',#6153,#8248,#8250,.T.);
#8248 = VERTEX_POINT('',#8249);
#8249 = CARTESIAN_POINT('',(-9.695,-1.42,15.97));
#8250 = SEAM_CURVE('',#8251,(#8256,#8263),.PCURVE_S1.);
#8251 = CIRCLE('',#8252,0.31);
#8252 = AXIS2_PLACEMENT_3D('',#8253,#8254,#8255);
#8253 = CARTESIAN_POINT('',(-9.695,-1.42,15.66));
#8254 = DIRECTION('',(-2.449293598295E-16,-1.,0.));
#8255 = DIRECTION('',(1.,-2.449293598295E-16,0.));
#8256 = PCURVE('',#6190,#8257);
#8257 = DEFINITIONAL_REPRESENTATION('',(#8258),#8262);
#8258 = LINE('',#8259,#8260);
#8259 = CARTESIAN_POINT('',(6.28318530718,-6.28318530718));
#8260 = VECTOR('',#8261,1.);
#8261 = DIRECTION('',(0.,1.));
#8262 = ( GEOMETRIC_REPRESENTATION_CONTEXT(2) 
PARAMETRIC_REPRESENTATION_CONTEXT() REPRESENTATION_CONTEXT('2D SPACE',''
  ) );
#8263 = PCURVE('',#6190,#8264);
#8264 = DEFINITIONAL_REPRESENTATION('',(#8265),#8269);
#8265 = LINE('',#8266,#8267);
#8266 = CARTESIAN_POINT('',(0.,-6.28318530718));
#8267 = VECTOR('',#8268,1.);
#8268 = DIRECTION('',(0.,1.));
#8269 = ( GEOMETRIC_REPRESENTATION_CONTEXT(2) 
PARAMETRIC_REPRESENTATION_CONTEXT() REPRESENTATION_CONTEXT('2D SPACE',''
  ) );
#8270 = ORIENTED_EDGE('',*,*,#8247,.F.);
#8271 = ORIENTED_EDGE('',*,*,#6175,.T.);
#8272 = ADVANCED_FACE('',(#8273),#6245,.T.);
#8273 = FACE_BOUND('',#8274,.T.);
#8274 = EDGE_LOOP('',(#8275,#8299,#8300));
#8275 = ORIENTED_EDGE('',*,*,#8276,.T.);
#8276 = EDGE_CURVE('',#6208,#8277,#8279,.T.);
#8277 = VERTEX_POINT('',#8278);
#8278 = CARTESIAN_POINT('',(-6.925,-1.42,15.97));
#8279 = SEAM_CURVE('',#8280,(#8285,#8292),.PCURVE_S1.);
#8280 = CIRCLE('',#8281,0.31);
#8281 = AXIS2_PLACEMENT_3D('',#8282,#8283,#8284);
#8282 = CARTESIAN_POINT('',(-6.925,-1.42,15.66));
#8283 = DIRECTION('',(-2.449293598295E-16,-1.,0.));
#8284 = DIRECTION('',(1.,-2.449293598295E-16,0.));
#8285 = PCURVE('',#6245,#8286);
#8286 = DEFINITIONAL_REPRESENTATION('',(#8287),#8291);
#8287 = LINE('',#8288,#8289);
#8288 = CARTESIAN_POINT('',(6.28318530718,-6.28318530718));
#8289 = VECTOR('',#8290,1.);
#8290 = DIRECTION('',(0.,1.));
#8291 = ( GEOMETRIC_REPRESENTATION_CONTEXT(2) 
PARAMETRIC_REPRESENTATION_CONTEXT() REPRESENTATION_CONTEXT('2D SPACE',''
  ) );
#8292 = PCURVE('',#6245,#8293);
#8293 = DEFINITIONAL_REPRESENTATION('',(#8294),#8298);
#8294 = LINE('',#8295,#8296);
#8295 = CARTESIAN_POINT('',(0.,-6.28318530718));
#8296 = VECTOR('',#8297,1.);
#8297 = DIRECTION('',(0.,1.));
#8298 = ( GEOMETRIC_REPRESENTATION_CONTEXT(2) 
PARAMETRIC_REPRESENTATION_CONTEXT() REPRESENTATION_CONTEXT('2D SPACE',''
  ) );
#8299 = ORIENTED_EDGE('',*,*,#8276,.F.);
#8300 = ORIENTED_EDGE('',*,*,#6230,.T.);
#8301 = ADVANCED_FACE('',(#8302),#6300,.T.);
#8302 = FACE_BOUND('',#8303,.T.);
#8303 = EDGE_LOOP('',(#8304,#8328,#8329));
#8304 = ORIENTED_EDGE('',*,*,#8305,.T.);
#8305 = EDGE_CURVE('',#6263,#8306,#8308,.T.);
#8306 = VERTEX_POINT('',#8307);
#8307 = CARTESIAN_POINT('',(-4.155,-1.42,15.97));
#8308 = SEAM_CURVE('',#8309,(#8314,#8321),.PCURVE_S1.);
#8309 = CIRCLE('',#8310,0.31);
#8310 = AXIS2_PLACEMENT_3D('',#8311,#8312,#8313);
#8311 = CARTESIAN_POINT('',(-4.155,-1.42,15.66));
#8312 = DIRECTION('',(-2.449293598295E-16,-1.,0.));
#8313 = DIRECTION('',(1.,-2.449293598295E-16,0.));
#8314 = PCURVE('',#6300,#8315);
#8315 = DEFINITIONAL_REPRESENTATION('',(#8316),#8320);
#8316 = LINE('',#8317,#8318);
#8317 = CARTESIAN_POINT('',(6.28318530718,-6.28318530718));
#8318 = VECTOR('',#8319,1.);
#8319 = DIRECTION('',(0.,1.));
#8320 = ( GEOMETRIC_REPRESENTATION_CONTEXT(2) 
PARAMETRIC_REPRESENTATION_CONTEXT() REPRESENTATION_CONTEXT('2D SPACE',''
  ) );
#8321 = PCURVE('',#6300,#8322);
#8322 = DEFINITIONAL_REPRESENTATION('',(#8323),#8327);
#8323 = LINE('',#8324,#8325);
#8324 = CARTESIAN_POINT('',(0.,-6.28318530718));
#8325 = VECTOR('',#8326,1.);
#8326 = DIRECTION('',(0.,1.));
#8327 = ( GEOMETRIC_REPRESENTATION_CONTEXT(2) 
PARAMETRIC_REPRESENTATION_CONTEXT() REPRESENTATION_CONTEXT('2D SPACE',''
  ) );
#8328 = ORIENTED_EDGE('',*,*,#8305,.F.);
#8329 = ORIENTED_EDGE('',*,*,#6285,.T.);
#8330 = ADVANCED_FACE('',(#8331),#6355,.T.);
#8331 = FACE_BOUND('',#8332,.T.);
#8332 = EDGE_LOOP('',(#8333,#8357,#8358));
#8333 = ORIENTED_EDGE('',*,*,#8334,.T.);
#8334 = EDGE_CURVE('',#6318,#8335,#8337,.T.);
#8335 = VERTEX_POINT('',#8336);
#8336 = CARTESIAN_POINT('',(-1.385,-1.42,15.97));
#8337 = SEAM_CURVE('',#8338,(#8343,#8350),.PCURVE_S1.);
#8338 = CIRCLE('',#8339,0.31);
#8339 = AXIS2_PLACEMENT_3D('',#8340,#8341,#8342);
#8340 = CARTESIAN_POINT('',(-1.385,-1.42,15.66));
#8341 = DIRECTION('',(-2.449293598295E-16,-1.,0.));
#8342 = DIRECTION('',(1.,-2.449293598295E-16,0.));
#8343 = PCURVE('',#6355,#8344);
#8344 = DEFINITIONAL_REPRESENTATION('',(#8345),#8349);
#8345 = LINE('',#8346,#8347);
#8346 = CARTESIAN_POINT('',(6.28318530718,-6.28318530718));
#8347 = VECTOR('',#8348,1.);
#8348 = DIRECTION('',(0.,1.));
#8349 = ( GEOMETRIC_REPRESENTATION_CONTEXT(2) 
PARAMETRIC_REPRESENTATION_CONTEXT() REPRESENTATION_CONTEXT('2D SPACE',''
  ) );
#8350 = PCURVE('',#6355,#8351);
#8351 = DEFINITIONAL_REPRESENTATION('',(#8352),#8356);
#8352 = LINE('',#8353,#8354);
#8353 = CARTESIAN_POINT('',(0.,-6.28318530718));
#8354 = VECTOR('',#8355,1.);
#8355 = DIRECTION('',(0.,1.));
#8356 = ( GEOMETRIC_REPRESENTATION_CONTEXT(2) 
PARAMETRIC_REPRESENTATION_CONTEXT() REPRESENTATION_CONTEXT('2D SPACE',''
  ) );
#8357 = ORIENTED_EDGE('',*,*,#8334,.F.);
#8358 = ORIENTED_EDGE('',*,*,#6340,.T.);
#8359 = ADVANCED_FACE('',(#8360),#6410,.T.);
#8360 = FACE_BOUND('',#8361,.T.);
#8361 = EDGE_LOOP('',(#8362,#8386,#8387));
#8362 = ORIENTED_EDGE('',*,*,#8363,.T.);
#8363 = EDGE_CURVE('',#6373,#8364,#8366,.T.);
#8364 = VERTEX_POINT('',#8365);
#8365 = CARTESIAN_POINT('',(1.385,-1.42,15.97));
#8366 = SEAM_CURVE('',#8367,(#8372,#8379),.PCURVE_S1.);
#8367 = CIRCLE('',#8368,0.31);
#8368 = AXIS2_PLACEMENT_3D('',#8369,#8370,#8371);
#8369 = CARTESIAN_POINT('',(1.385,-1.42,15.66));
#8370 = DIRECTION('',(-2.449293598295E-16,-1.,0.));
#8371 = DIRECTION('',(1.,-2.449293598295E-16,0.));
#8372 = PCURVE('',#6410,#8373);
#8373 = DEFINITIONAL_REPRESENTATION('',(#8374),#8378);
#8374 = LINE('',#8375,#8376);
#8375 = CARTESIAN_POINT('',(6.28318530718,-6.28318530718));
#8376 = VECTOR('',#8377,1.);
#8377 = DIRECTION('',(0.,1.));
#8378 = ( GEOMETRIC_REPRESENTATION_CONTEXT(2) 
PARAMETRIC_REPRESENTATION_CONTEXT() REPRESENTATION_CONTEXT('2D SPACE',''
  ) );
#8379 = PCURVE('',#6410,#8380);
#8380 = DEFINITIONAL_REPRESENTATION('',(#8381),#8385);
#8381 = LINE('',#8382,#8383);
#8382 = CARTESIAN_POINT('',(0.,-6.28318530718));
#8383 = VECTOR('',#8384,1.);
#8384 = DIRECTION('',(0.,1.));
#8385 = ( GEOMETRIC_REPRESENTATION_CONTEXT(2) 
PARAMETRIC_REPRESENTATION_CONTEXT() REPRESENTATION_CONTEXT('2D SPACE',''
  ) );
#8386 = ORIENTED_EDGE('',*,*,#8363,.F.);
#8387 = ORIENTED_EDGE('',*,*,#6395,.T.);
#8388 = ADVANCED_FACE('',(#8389),#6465,.T.);
#8389 = FACE_BOUND('',#8390,.T.);
#8390 = EDGE_LOOP('',(#8391,#8415,#8416));
#8391 = ORIENTED_EDGE('',*,*,#8392,.T.);
#8392 = EDGE_CURVE('',#6428,#8393,#8395,.T.);
#8393 = VERTEX_POINT('',#8394);
#8394 = CARTESIAN_POINT('',(4.155,-1.42,15.97));
#8395 = SEAM_CURVE('',#8396,(#8401,#8408),.PCURVE_S1.);
#8396 = CIRCLE('',#8397,0.31);
#8397 = AXIS2_PLACEMENT_3D('',#8398,#8399,#8400);
#8398 = CARTESIAN_POINT('',(4.155,-1.42,15.66));
#8399 = DIRECTION('',(-2.449293598295E-16,-1.,0.));
#8400 = DIRECTION('',(1.,-2.449293598295E-16,0.));
#8401 = PCURVE('',#6465,#8402);
#8402 = DEFINITIONAL_REPRESENTATION('',(#8403),#8407);
#8403 = LINE('',#8404,#8405);
#8404 = CARTESIAN_POINT('',(6.28318530718,-6.28318530718));
#8405 = VECTOR('',#8406,1.);
#8406 = DIRECTION('',(0.,1.));
#8407 = ( GEOMETRIC_REPRESENTATION_CONTEXT(2) 
PARAMETRIC_REPRESENTATION_CONTEXT() REPRESENTATION_CONTEXT('2D SPACE',''
  ) );
#8408 = PCURVE('',#6465,#8409);
#8409 = DEFINITIONAL_REPRESENTATION('',(#8410),#8414);
#8410 = LINE('',#8411,#8412);
#8411 = CARTESIAN_POINT('',(0.,-6.28318530718));
#8412 = VECTOR('',#8413,1.);
#8413 = DIRECTION('',(0.,1.));
#8414 = ( GEOMETRIC_REPRESENTATION_CONTEXT(2) 
PARAMETRIC_REPRESENTATION_CONTEXT() REPRESENTATION_CONTEXT('2D SPACE',''
  ) );
#8415 = ORIENTED_EDGE('',*,*,#8392,.F.);
#8416 = ORIENTED_EDGE('',*,*,#6450,.T.);
#8417 = ADVANCED_FACE('',(#8418),#6520,.T.);
#8418 = FACE_BOUND('',#8419,.T.);
#8419 = EDGE_LOOP('',(#8420,#8444,#8445));
#8420 = ORIENTED_EDGE('',*,*,#8421,.T.);
#8421 = EDGE_CURVE('',#6483,#8422,#8424,.T.);
#8422 = VERTEX_POINT('',#8423);
#8423 = CARTESIAN_POINT('',(6.925,-1.42,15.97));
#8424 = SEAM_CURVE('',#8425,(#8430,#8437),.PCURVE_S1.);
#8425 = CIRCLE('',#8426,0.31);
#8426 = AXIS2_PLACEMENT_3D('',#8427,#8428,#8429);
#8427 = CARTESIAN_POINT('',(6.925,-1.42,15.66));
#8428 = DIRECTION('',(-2.449293598295E-16,-1.,0.));
#8429 = DIRECTION('',(1.,-2.449293598295E-16,0.));
#8430 = PCURVE('',#6520,#8431);
#8431 = DEFINITIONAL_REPRESENTATION('',(#8432),#8436);
#8432 = LINE('',#8433,#8434);
#8433 = CARTESIAN_POINT('',(6.28318530718,-6.28318530718));
#8434 = VECTOR('',#8435,1.);
#8435 = DIRECTION('',(0.,1.));
#8436 = ( GEOMETRIC_REPRESENTATION_CONTEXT(2) 
PARAMETRIC_REPRESENTATION_CONTEXT() REPRESENTATION_CONTEXT('2D SPACE',''
  ) );
#8437 = PCURVE('',#6520,#8438);
#8438 = DEFINITIONAL_REPRESENTATION('',(#8439),#8443);
#8439 = LINE('',#8440,#8441);
#8440 = CARTESIAN_POINT('',(0.,-6.28318530718));
#8441 = VECTOR('',#8442,1.);
#8442 = DIRECTION('',(0.,1.));
#8443 = ( GEOMETRIC_REPRESENTATION_CONTEXT(2) 
PARAMETRIC_REPRESENTATION_CONTEXT() REPRESENTATION_CONTEXT('2D SPACE',''
  ) );
#8444 = ORIENTED_EDGE('',*,*,#8421,.F.);
#8445 = ORIENTED_EDGE('',*,*,#6505,.T.);
#8446 = ADVANCED_FACE('',(#8447),#6575,.T.);
#8447 = FACE_BOUND('',#8448,.T.);
#8448 = EDGE_LOOP('',(#8449,#8473,#8474));
#8449 = ORIENTED_EDGE('',*,*,#8450,.T.);
#8450 = EDGE_CURVE('',#6538,#8451,#8453,.T.);
#8451 = VERTEX_POINT('',#8452);
#8452 = CARTESIAN_POINT('',(9.695,-1.42,15.97));
#8453 = SEAM_CURVE('',#8454,(#8459,#8466),.PCURVE_S1.);
#8454 = CIRCLE('',#8455,0.31);
#8455 = AXIS2_PLACEMENT_3D('',#8456,#8457,#8458);
#8456 = CARTESIAN_POINT('',(9.695,-1.42,15.66));
#8457 = DIRECTION('',(-2.449293598295E-16,-1.,0.));
#8458 = DIRECTION('',(1.,-2.449293598295E-16,0.));
#8459 = PCURVE('',#6575,#8460);
#8460 = DEFINITIONAL_REPRESENTATION('',(#8461),#8465);
#8461 = LINE('',#8462,#8463);
#8462 = CARTESIAN_POINT('',(6.28318530718,-6.28318530718));
#8463 = VECTOR('',#8464,1.);
#8464 = DIRECTION('',(0.,1.));
#8465 = ( GEOMETRIC_REPRESENTATION_CONTEXT(2) 
PARAMETRIC_REPRESENTATION_CONTEXT() REPRESENTATION_CONTEXT('2D SPACE',''
  ) );
#8466 = PCURVE('',#6575,#8467);
#8467 = DEFINITIONAL_REPRESENTATION('',(#8468),#8472);
#8468 = LINE('',#8469,#8470);
#8469 = CARTESIAN_POINT('',(0.,-6.28318530718));
#8470 = VECTOR('',#8471,1.);
#8471 = DIRECTION('',(0.,1.));
#8472 = ( GEOMETRIC_REPRESENTATION_CONTEXT(2) 
PARAMETRIC_REPRESENTATION_CONTEXT() REPRESENTATION_CONTEXT('2D SPACE',''
  ) );
#8473 = ORIENTED_EDGE('',*,*,#8450,.F.);
#8474 = ORIENTED_EDGE('',*,*,#6560,.T.);
#8475 = ADVANCED_FACE('',(#8476),#6630,.T.);
#8476 = FACE_BOUND('',#8477,.T.);
#8477 = EDGE_LOOP('',(#8478,#8502,#8503));
#8478 = ORIENTED_EDGE('',*,*,#8479,.T.);
#8479 = EDGE_CURVE('',#6593,#8480,#8482,.T.);
#8480 = VERTEX_POINT('',#8481);
#8481 = CARTESIAN_POINT('',(12.465,-1.42,15.97));
#8482 = SEAM_CURVE('',#8483,(#8488,#8495),.PCURVE_S1.);
#8483 = CIRCLE('',#8484,0.31);
#8484 = AXIS2_PLACEMENT_3D('',#8485,#8486,#8487);
#8485 = CARTESIAN_POINT('',(12.465,-1.42,15.66));
#8486 = DIRECTION('',(-2.449293598295E-16,-1.,0.));
#8487 = DIRECTION('',(1.,-2.449293598295E-16,0.));
#8488 = PCURVE('',#6630,#8489);
#8489 = DEFINITIONAL_REPRESENTATION('',(#8490),#8494);
#8490 = LINE('',#8491,#8492);
#8491 = CARTESIAN_POINT('',(6.28318530718,-6.28318530718));
#8492 = VECTOR('',#8493,1.);
#8493 = DIRECTION('',(0.,1.));
#8494 = ( GEOMETRIC_REPRESENTATION_CONTEXT(2) 
PARAMETRIC_REPRESENTATION_CONTEXT() REPRESENTATION_CONTEXT('2D SPACE',''
  ) );
#8495 = PCURVE('',#6630,#8496);
#8496 = DEFINITIONAL_REPRESENTATION('',(#8497),#8501);
#8497 = LINE('',#8498,#8499);
#8498 = CARTESIAN_POINT('',(0.,-6.28318530718));
#8499 = VECTOR('',#8500,1.);
#8500 = DIRECTION('',(0.,1.));
#8501 = ( GEOMETRIC_REPRESENTATION_CONTEXT(2) 
PARAMETRIC_REPRESENTATION_CONTEXT() REPRESENTATION_CONTEXT('2D SPACE',''
  ) );
#8502 = ORIENTED_EDGE('',*,*,#8479,.F.);
#8503 = ORIENTED_EDGE('',*,*,#6615,.T.);
#8504 = ADVANCED_FACE('',(#8505),#6685,.T.);
#8505 = FACE_BOUND('',#8506,.T.);
#8506 = EDGE_LOOP('',(#8507,#8531,#8532));
#8507 = ORIENTED_EDGE('',*,*,#8508,.T.);
#8508 = EDGE_CURVE('',#6648,#8509,#8511,.T.);
#8509 = VERTEX_POINT('',#8510);
#8510 = CARTESIAN_POINT('',(15.235,-1.42,15.97));
#8511 = SEAM_CURVE('',#8512,(#8517,#8524),.PCURVE_S1.);
#8512 = CIRCLE('',#8513,0.31);
#8513 = AXIS2_PLACEMENT_3D('',#8514,#8515,#8516);
#8514 = CARTESIAN_POINT('',(15.235,-1.42,15.66));
#8515 = DIRECTION('',(-2.449293598295E-16,-1.,0.));
#8516 = DIRECTION('',(1.,-2.449293598295E-16,0.));
#8517 = PCURVE('',#6685,#8518);
#8518 = DEFINITIONAL_REPRESENTATION('',(#8519),#8523);
#8519 = LINE('',#8520,#8521);
#8520 = CARTESIAN_POINT('',(6.28318530718,-6.28318530718));
#8521 = VECTOR('',#8522,1.);
#8522 = DIRECTION('',(0.,1.));
#8523 = ( GEOMETRIC_REPRESENTATION_CONTEXT(2) 
PARAMETRIC_REPRESENTATION_CONTEXT() REPRESENTATION_CONTEXT('2D SPACE',''
  ) );
#8524 = PCURVE('',#6685,#8525);
#8525 = DEFINITIONAL_REPRESENTATION('',(#8526),#8530);
#8526 = LINE('',#8527,#8528);
#8527 = CARTESIAN_POINT('',(0.,-6.28318530718));
#8528 = VECTOR('',#8529,1.);
#8529 = DIRECTION('',(0.,1.));
#8530 = ( GEOMETRIC_REPRESENTATION_CONTEXT(2) 
PARAMETRIC_REPRESENTATION_CONTEXT() REPRESENTATION_CONTEXT('2D SPACE',''
  ) );
#8531 = ORIENTED_EDGE('',*,*,#8508,.F.);
#8532 = ORIENTED_EDGE('',*,*,#6670,.T.);
#8533 = ADVANCED_FACE('',(#8534),#6740,.T.);
#8534 = FACE_BOUND('',#8535,.T.);
#8535 = EDGE_LOOP('',(#8536,#8560,#8561));
#8536 = ORIENTED_EDGE('',*,*,#8537,.T.);
#8537 = EDGE_CURVE('',#6703,#8538,#8540,.T.);
#8538 = VERTEX_POINT('',#8539);
#8539 = CARTESIAN_POINT('',(18.005,-1.42,15.97));
#8540 = SEAM_CURVE('',#8541,(#8546,#8553),.PCURVE_S1.);
#8541 = CIRCLE('',#8542,0.31);
#8542 = AXIS2_PLACEMENT_3D('',#8543,#8544,#8545);
#8543 = CARTESIAN_POINT('',(18.005,-1.42,15.66));
#8544 = DIRECTION('',(-2.449293598295E-16,-1.,0.));
#8545 = DIRECTION('',(1.,-2.449293598295E-16,0.));
#8546 = PCURVE('',#6740,#8547);
#8547 = DEFINITIONAL_REPRESENTATION('',(#8548),#8552);
#8548 = LINE('',#8549,#8550);
#8549 = CARTESIAN_POINT('',(6.28318530718,-6.28318530718));
#8550 = VECTOR('',#8551,1.);
#8551 = DIRECTION('',(0.,1.));
#8552 = ( GEOMETRIC_REPRESENTATION_CONTEXT(2) 
PARAMETRIC_REPRESENTATION_CONTEXT() REPRESENTATION_CONTEXT('2D SPACE',''
  ) );
#8553 = PCURVE('',#6740,#8554);
#8554 = DEFINITIONAL_REPRESENTATION('',(#8555),#8559);
#8555 = LINE('',#8556,#8557);
#8556 = CARTESIAN_POINT('',(0.,-6.28318530718));
#8557 = VECTOR('',#8558,1.);
#8558 = DIRECTION('',(0.,1.));
#8559 = ( GEOMETRIC_REPRESENTATION_CONTEXT(2) 
PARAMETRIC_REPRESENTATION_CONTEXT() REPRESENTATION_CONTEXT('2D SPACE',''
  ) );
#8560 = ORIENTED_EDGE('',*,*,#8537,.F.);
#8561 = ORIENTED_EDGE('',*,*,#6725,.T.);
#8562 = ADVANCED_FACE('',(#8563),#6795,.T.);
#8563 = FACE_BOUND('',#8564,.T.);
#8564 = EDGE_LOOP('',(#8565,#8589,#8590));
#8565 = ORIENTED_EDGE('',*,*,#8566,.T.);
#8566 = EDGE_CURVE('',#6758,#8567,#8569,.T.);
#8567 = VERTEX_POINT('',#8568);
#8568 = CARTESIAN_POINT('',(20.775,-1.42,15.97));
#8569 = SEAM_CURVE('',#8570,(#8575,#8582),.PCURVE_S1.);
#8570 = CIRCLE('',#8571,0.31);
#8571 = AXIS2_PLACEMENT_3D('',#8572,#8573,#8574);
#8572 = CARTESIAN_POINT('',(20.775,-1.42,15.66));
#8573 = DIRECTION('',(-2.449293598295E-16,-1.,0.));
#8574 = DIRECTION('',(1.,-2.449293598295E-16,0.));
#8575 = PCURVE('',#6795,#8576);
#8576 = DEFINITIONAL_REPRESENTATION('',(#8577),#8581);
#8577 = LINE('',#8578,#8579);
#8578 = CARTESIAN_POINT('',(6.28318530718,-6.28318530718));
#8579 = VECTOR('',#8580,1.);
#8580 = DIRECTION('',(0.,1.));
#8581 = ( GEOMETRIC_REPRESENTATION_CONTEXT(2) 
PARAMETRIC_REPRESENTATION_CONTEXT() REPRESENTATION_CONTEXT('2D SPACE',''
  ) );
#8582 = PCURVE('',#6795,#8583);
#8583 = DEFINITIONAL_REPRESENTATION('',(#8584),#8588);
#8584 = LINE('',#8585,#8586);
#8585 = CARTESIAN_POINT('',(0.,-6.28318530718));
#8586 = VECTOR('',#8587,1.);
#8587 = DIRECTION('',(0.,1.));
#8588 = ( GEOMETRIC_REPRESENTATION_CONTEXT(2) 
PARAMETRIC_REPRESENTATION_CONTEXT() REPRESENTATION_CONTEXT('2D SPACE',''
  ) );
#8589 = ORIENTED_EDGE('',*,*,#8566,.F.);
#8590 = ORIENTED_EDGE('',*,*,#6780,.T.);
#8591 = ADVANCED_FACE('',(#8592),#6850,.T.);
#8592 = FACE_BOUND('',#8593,.T.);
#8593 = EDGE_LOOP('',(#8594,#8618,#8619));
#8594 = ORIENTED_EDGE('',*,*,#8595,.T.);
#8595 = EDGE_CURVE('',#6813,#8596,#8598,.T.);
#8596 = VERTEX_POINT('',#8597);
#8597 = CARTESIAN_POINT('',(23.545,-1.42,15.97));
#8598 = SEAM_CURVE('',#8599,(#8604,#8611),.PCURVE_S1.);
#8599 = CIRCLE('',#8600,0.31);
#8600 = AXIS2_PLACEMENT_3D('',#8601,#8602,#8603);
#8601 = CARTESIAN_POINT('',(23.545,-1.42,15.66));
#8602 = DIRECTION('',(-2.449293598295E-16,-1.,0.));
#8603 = DIRECTION('',(1.,-2.449293598295E-16,0.));
#8604 = PCURVE('',#6850,#8605);
#8605 = DEFINITIONAL_REPRESENTATION('',(#8606),#8610);
#8606 = LINE('',#8607,#8608);
#8607 = CARTESIAN_POINT('',(6.28318530718,-6.28318530718));
#8608 = VECTOR('',#8609,1.);
#8609 = DIRECTION('',(0.,1.));
#8610 = ( GEOMETRIC_REPRESENTATION_CONTEXT(2) 
PARAMETRIC_REPRESENTATION_CONTEXT() REPRESENTATION_CONTEXT('2D SPACE',''
  ) );
#8611 = PCURVE('',#6850,#8612);
#8612 = DEFINITIONAL_REPRESENTATION('',(#8613),#8617);
#8613 = LINE('',#8614,#8615);
#8614 = CARTESIAN_POINT('',(0.,-6.28318530718));
#8615 = VECTOR('',#8616,1.);
#8616 = DIRECTION('',(0.,1.));
#8617 = ( GEOMETRIC_REPRESENTATION_CONTEXT(2) 
PARAMETRIC_REPRESENTATION_CONTEXT() REPRESENTATION_CONTEXT('2D SPACE',''
  ) );
#8618 = ORIENTED_EDGE('',*,*,#8595,.F.);
#8619 = ORIENTED_EDGE('',*,*,#6835,.T.);
#8620 = ADVANCED_FACE('',(#8621),#6905,.T.);
#8621 = FACE_BOUND('',#8622,.T.);
#8622 = EDGE_LOOP('',(#8623,#8647,#8648));
#8623 = ORIENTED_EDGE('',*,*,#8624,.T.);
#8624 = EDGE_CURVE('',#6868,#8625,#8627,.T.);
#8625 = VERTEX_POINT('',#8626);
#8626 = CARTESIAN_POINT('',(-22.16,1.42,15.97));
#8627 = SEAM_CURVE('',#8628,(#8633,#8640),.PCURVE_S1.);
#8628 = CIRCLE('',#8629,0.31);
#8629 = AXIS2_PLACEMENT_3D('',#8630,#8631,#8632);
#8630 = CARTESIAN_POINT('',(-22.16,1.42,15.66));
#8631 = DIRECTION('',(-2.449293598295E-16,-1.,0.));
#8632 = DIRECTION('',(1.,-2.449293598295E-16,0.));
#8633 = PCURVE('',#6905,#8634);
#8634 = DEFINITIONAL_REPRESENTATION('',(#8635),#8639);
#8635 = LINE('',#8636,#8637);
#8636 = CARTESIAN_POINT('',(6.28318530718,-6.28318530718));
#8637 = VECTOR('',#8638,1.);
#8638 = DIRECTION('',(0.,1.));
#8639 = ( GEOMETRIC_REPRESENTATION_CONTEXT(2) 
PARAMETRIC_REPRESENTATION_CONTEXT() REPRESENTATION_CONTEXT('2D SPACE',''
  ) );
#8640 = PCURVE('',#6905,#8641);
#8641 = DEFINITIONAL_REPRESENTATION('',(#8642),#8646);
#8642 = LINE('',#8643,#8644);
#8643 = CARTESIAN_POINT('',(0.,-6.28318530718));
#8644 = VECTOR('',#8645,1.);
#8645 = DIRECTION('',(0.,1.));
#8646 = ( GEOMETRIC_REPRESENTATION_CONTEXT(2) 
PARAMETRIC_REPRESENTATION_CONTEXT() REPRESENTATION_CONTEXT('2D SPACE',''
  ) );
#8647 = ORIENTED_EDGE('',*,*,#8624,.F.);
#8648 = ORIENTED_EDGE('',*,*,#6890,.T.);
#8649 = ADVANCED_FACE('',(#8650),#6960,.T.);
#8650 = FACE_BOUND('',#8651,.T.);
#8651 = EDGE_LOOP('',(#8652,#8676,#8677));
#8652 = ORIENTED_EDGE('',*,*,#8653,.T.);
#8653 = EDGE_CURVE('',#6923,#8654,#8656,.T.);
#8654 = VERTEX_POINT('',#8655);
#8655 = CARTESIAN_POINT('',(-19.39,1.42,15.97));
#8656 = SEAM_CURVE('',#8657,(#8662,#8669),.PCURVE_S1.);
#8657 = CIRCLE('',#8658,0.31);
#8658 = AXIS2_PLACEMENT_3D('',#8659,#8660,#8661);
#8659 = CARTESIAN_POINT('',(-19.39,1.42,15.66));
#8660 = DIRECTION('',(-2.449293598295E-16,-1.,0.));
#8661 = DIRECTION('',(1.,-2.449293598295E-16,0.));
#8662 = PCURVE('',#6960,#8663);
#8663 = DEFINITIONAL_REPRESENTATION('',(#8664),#8668);
#8664 = LINE('',#8665,#8666);
#8665 = CARTESIAN_POINT('',(6.28318530718,-6.28318530718));
#8666 = VECTOR('',#8667,1.);
#8667 = DIRECTION('',(0.,1.));
#8668 = ( GEOMETRIC_REPRESENTATION_CONTEXT(2) 
PARAMETRIC_REPRESENTATION_CONTEXT() REPRESENTATION_CONTEXT('2D SPACE',''
  ) );
#8669 = PCURVE('',#6960,#8670);
#8670 = DEFINITIONAL_REPRESENTATION('',(#8671),#8675);
#8671 = LINE('',#8672,#8673);
#8672 = CARTESIAN_POINT('',(0.,-6.28318530718));
#8673 = VECTOR('',#8674,1.);
#8674 = DIRECTION('',(0.,1.));
#8675 = ( GEOMETRIC_REPRESENTATION_CONTEXT(2) 
PARAMETRIC_REPRESENTATION_CONTEXT() REPRESENTATION_CONTEXT('2D SPACE',''
  ) );
#8676 = ORIENTED_EDGE('',*,*,#8653,.F.);
#8677 = ORIENTED_EDGE('',*,*,#6945,.T.);
#8678 = ADVANCED_FACE('',(#8679),#7015,.T.);
#8679 = FACE_BOUND('',#8680,.T.);
#8680 = EDGE_LOOP('',(#8681,#8705,#8706));
#8681 = ORIENTED_EDGE('',*,*,#8682,.T.);
#8682 = EDGE_CURVE('',#6978,#8683,#8685,.T.);
#8683 = VERTEX_POINT('',#8684);
#8684 = CARTESIAN_POINT('',(-16.62,1.42,15.97));
#8685 = SEAM_CURVE('',#8686,(#8691,#8698),.PCURVE_S1.);
#8686 = CIRCLE('',#8687,0.31);
#8687 = AXIS2_PLACEMENT_3D('',#8688,#8689,#8690);
#8688 = CARTESIAN_POINT('',(-16.62,1.42,15.66));
#8689 = DIRECTION('',(-2.449293598295E-16,-1.,0.));
#8690 = DIRECTION('',(1.,-2.449293598295E-16,0.));
#8691 = PCURVE('',#7015,#8692);
#8692 = DEFINITIONAL_REPRESENTATION('',(#8693),#8697);
#8693 = LINE('',#8694,#8695);
#8694 = CARTESIAN_POINT('',(6.28318530718,-6.28318530718));
#8695 = VECTOR('',#8696,1.);
#8696 = DIRECTION('',(0.,1.));
#8697 = ( GEOMETRIC_REPRESENTATION_CONTEXT(2) 
PARAMETRIC_REPRESENTATION_CONTEXT() REPRESENTATION_CONTEXT('2D SPACE',''
  ) );
#8698 = PCURVE('',#7015,#8699);
#8699 = DEFINITIONAL_REPRESENTATION('',(#8700),#8704);
#8700 = LINE('',#8701,#8702);
#8701 = CARTESIAN_POINT('',(0.,-6.28318530718));
#8702 = VECTOR('',#8703,1.);
#8703 = DIRECTION('',(0.,1.));
#8704 = ( GEOMETRIC_REPRESENTATION_CONTEXT(2) 
PARAMETRIC_REPRESENTATION_CONTEXT() REPRESENTATION_CONTEXT('2D SPACE',''
  ) );
#8705 = ORIENTED_EDGE('',*,*,#8682,.F.);
#8706 = ORIENTED_EDGE('',*,*,#7000,.T.);
#8707 = ADVANCED_FACE('',(#8708),#7070,.T.);
#8708 = FACE_BOUND('',#8709,.T.);
#8709 = EDGE_LOOP('',(#8710,#8734,#8735));
#8710 = ORIENTED_EDGE('',*,*,#8711,.T.);
#8711 = EDGE_CURVE('',#7033,#8712,#8714,.T.);
#8712 = VERTEX_POINT('',#8713);
#8713 = CARTESIAN_POINT('',(-13.85,1.42,15.97));
#8714 = SEAM_CURVE('',#8715,(#8720,#8727),.PCURVE_S1.);
#8715 = CIRCLE('',#8716,0.31);
#8716 = AXIS2_PLACEMENT_3D('',#8717,#8718,#8719);
#8717 = CARTESIAN_POINT('',(-13.85,1.42,15.66));
#8718 = DIRECTION('',(-2.449293598295E-16,-1.,0.));
#8719 = DIRECTION('',(1.,-2.449293598295E-16,0.));
#8720 = PCURVE('',#7070,#8721);
#8721 = DEFINITIONAL_REPRESENTATION('',(#8722),#8726);
#8722 = LINE('',#8723,#8724);
#8723 = CARTESIAN_POINT('',(6.28318530718,-6.28318530718));
#8724 = VECTOR('',#8725,1.);
#8725 = DIRECTION('',(0.,1.));
#8726 = ( GEOMETRIC_REPRESENTATION_CONTEXT(2) 
PARAMETRIC_REPRESENTATION_CONTEXT() REPRESENTATION_CONTEXT('2D SPACE',''
  ) );
#8727 = PCURVE('',#7070,#8728);
#8728 = DEFINITIONAL_REPRESENTATION('',(#8729),#8733);
#8729 = LINE('',#8730,#8731);
#8730 = CARTESIAN_POINT('',(0.,-6.28318530718));
#8731 = VECTOR('',#8732,1.);
#8732 = DIRECTION('',(0.,1.));
#8733 = ( GEOMETRIC_REPRESENTATION_CONTEXT(2) 
PARAMETRIC_REPRESENTATION_CONTEXT() REPRESENTATION_CONTEXT('2D SPACE',''
  ) );
#8734 = ORIENTED_EDGE('',*,*,#8711,.F.);
#8735 = ORIENTED_EDGE('',*,*,#7055,.T.);
#8736 = ADVANCED_FACE('',(#8737),#7125,.T.);
#8737 = FACE_BOUND('',#8738,.T.);
#8738 = EDGE_LOOP('',(#8739,#8763,#8764));
#8739 = ORIENTED_EDGE('',*,*,#8740,.T.);
#8740 = EDGE_CURVE('',#7088,#8741,#8743,.T.);
#8741 = VERTEX_POINT('',#8742);
#8742 = CARTESIAN_POINT('',(-11.08,1.42,15.97));
#8743 = SEAM_CURVE('',#8744,(#8749,#8756),.PCURVE_S1.);
#8744 = CIRCLE('',#8745,0.31);
#8745 = AXIS2_PLACEMENT_3D('',#8746,#8747,#8748);
#8746 = CARTESIAN_POINT('',(-11.08,1.42,15.66));
#8747 = DIRECTION('',(-2.449293598295E-16,-1.,0.));
#8748 = DIRECTION('',(1.,-2.449293598295E-16,0.));
#8749 = PCURVE('',#7125,#8750);
#8750 = DEFINITIONAL_REPRESENTATION('',(#8751),#8755);
#8751 = LINE('',#8752,#8753);
#8752 = CARTESIAN_POINT('',(6.28318530718,-6.28318530718));
#8753 = VECTOR('',#8754,1.);
#8754 = DIRECTION('',(0.,1.));
#8755 = ( GEOMETRIC_REPRESENTATION_CONTEXT(2) 
PARAMETRIC_REPRESENTATION_CONTEXT() REPRESENTATION_CONTEXT('2D SPACE',''
  ) );
#8756 = PCURVE('',#7125,#8757);
#8757 = DEFINITIONAL_REPRESENTATION('',(#8758),#8762);
#8758 = LINE('',#8759,#8760);
#8759 = CARTESIAN_POINT('',(0.,-6.28318530718));
#8760 = VECTOR('',#8761,1.);
#8761 = DIRECTION('',(0.,1.));
#8762 = ( GEOMETRIC_REPRESENTATION_CONTEXT(2) 
PARAMETRIC_REPRESENTATION_CONTEXT() REPRESENTATION_CONTEXT('2D SPACE',''
  ) );
#8763 = ORIENTED_EDGE('',*,*,#8740,.F.);
#8764 = ORIENTED_EDGE('',*,*,#7110,.T.);
#8765 = ADVANCED_FACE('',(#8766),#7180,.T.);
#8766 = FACE_BOUND('',#8767,.T.);
#8767 = EDGE_LOOP('',(#8768,#8792,#8793));
#8768 = ORIENTED_EDGE('',*,*,#8769,.T.);
#8769 = EDGE_CURVE('',#7143,#8770,#8772,.T.);
#8770 = VERTEX_POINT('',#8771);
#8771 = CARTESIAN_POINT('',(-8.31,1.42,15.97));
#8772 = SEAM_CURVE('',#8773,(#8778,#8785),.PCURVE_S1.);
#8773 = CIRCLE('',#8774,0.31);
#8774 = AXIS2_PLACEMENT_3D('',#8775,#8776,#8777);
#8775 = CARTESIAN_POINT('',(-8.31,1.42,15.66));
#8776 = DIRECTION('',(-2.449293598295E-16,-1.,0.));
#8777 = DIRECTION('',(1.,-2.449293598295E-16,0.));
#8778 = PCURVE('',#7180,#8779);
#8779 = DEFINITIONAL_REPRESENTATION('',(#8780),#8784);
#8780 = LINE('',#8781,#8782);
#8781 = CARTESIAN_POINT('',(6.28318530718,-6.28318530718));
#8782 = VECTOR('',#8783,1.);
#8783 = DIRECTION('',(0.,1.));
#8784 = ( GEOMETRIC_REPRESENTATION_CONTEXT(2) 
PARAMETRIC_REPRESENTATION_CONTEXT() REPRESENTATION_CONTEXT('2D SPACE',''
  ) );
#8785 = PCURVE('',#7180,#8786);
#8786 = DEFINITIONAL_REPRESENTATION('',(#8787),#8791);
#8787 = LINE('',#8788,#8789);
#8788 = CARTESIAN_POINT('',(0.,-6.28318530718));
#8789 = VECTOR('',#8790,1.);
#8790 = DIRECTION('',(0.,1.));
#8791 = ( GEOMETRIC_REPRESENTATION_CONTEXT(2) 
PARAMETRIC_REPRESENTATION_CONTEXT() REPRESENTATION_CONTEXT('2D SPACE',''
  ) );
#8792 = ORIENTED_EDGE('',*,*,#8769,.F.);
#8793 = ORIENTED_EDGE('',*,*,#7165,.T.);
#8794 = ADVANCED_FACE('',(#8795),#7235,.T.);
#8795 = FACE_BOUND('',#8796,.T.);
#8796 = EDGE_LOOP('',(#8797,#8821,#8822));
#8797 = ORIENTED_EDGE('',*,*,#8798,.T.);
#8798 = EDGE_CURVE('',#7198,#8799,#8801,.T.);
#8799 = VERTEX_POINT('',#8800);
#8800 = CARTESIAN_POINT('',(-5.54,1.42,15.97));
#8801 = SEAM_CURVE('',#8802,(#8807,#8814),.PCURVE_S1.);
#8802 = CIRCLE('',#8803,0.31);
#8803 = AXIS2_PLACEMENT_3D('',#8804,#8805,#8806);
#8804 = CARTESIAN_POINT('',(-5.54,1.42,15.66));
#8805 = DIRECTION('',(-2.449293598295E-16,-1.,0.));
#8806 = DIRECTION('',(1.,-2.449293598295E-16,0.));
#8807 = PCURVE('',#7235,#8808);
#8808 = DEFINITIONAL_REPRESENTATION('',(#8809),#8813);
#8809 = LINE('',#8810,#8811);
#8810 = CARTESIAN_POINT('',(6.28318530718,-6.28318530718));
#8811 = VECTOR('',#8812,1.);
#8812 = DIRECTION('',(0.,1.));
#8813 = ( GEOMETRIC_REPRESENTATION_CONTEXT(2) 
PARAMETRIC_REPRESENTATION_CONTEXT() REPRESENTATION_CONTEXT('2D SPACE',''
  ) );
#8814 = PCURVE('',#7235,#8815);
#8815 = DEFINITIONAL_REPRESENTATION('',(#8816),#8820);
#8816 = LINE('',#8817,#8818);
#8817 = CARTESIAN_POINT('',(0.,-6.28318530718));
#8818 = VECTOR('',#8819,1.);
#8819 = DIRECTION('',(0.,1.));
#8820 = ( GEOMETRIC_REPRESENTATION_CONTEXT(2) 
PARAMETRIC_REPRESENTATION_CONTEXT() REPRESENTATION_CONTEXT('2D SPACE',''
  ) );
#8821 = ORIENTED_EDGE('',*,*,#8798,.F.);
#8822 = ORIENTED_EDGE('',*,*,#7220,.T.);
#8823 = ADVANCED_FACE('',(#8824),#7290,.T.);
#8824 = FACE_BOUND('',#8825,.T.);
#8825 = EDGE_LOOP('',(#8826,#8850,#8851));
#8826 = ORIENTED_EDGE('',*,*,#8827,.T.);
#8827 = EDGE_CURVE('',#7253,#8828,#8830,.T.);
#8828 = VERTEX_POINT('',#8829);
#8829 = CARTESIAN_POINT('',(-2.77,1.42,15.97));
#8830 = SEAM_CURVE('',#8831,(#8836,#8843),.PCURVE_S1.);
#8831 = CIRCLE('',#8832,0.31);
#8832 = AXIS2_PLACEMENT_3D('',#8833,#8834,#8835);
#8833 = CARTESIAN_POINT('',(-2.77,1.42,15.66));
#8834 = DIRECTION('',(-2.449293598295E-16,-1.,0.));
#8835 = DIRECTION('',(1.,-2.449293598295E-16,0.));
#8836 = PCURVE('',#7290,#8837);
#8837 = DEFINITIONAL_REPRESENTATION('',(#8838),#8842);
#8838 = LINE('',#8839,#8840);
#8839 = CARTESIAN_POINT('',(6.28318530718,-6.28318530718));
#8840 = VECTOR('',#8841,1.);
#8841 = DIRECTION('',(0.,1.));
#8842 = ( GEOMETRIC_REPRESENTATION_CONTEXT(2) 
PARAMETRIC_REPRESENTATION_CONTEXT() REPRESENTATION_CONTEXT('2D SPACE',''
  ) );
#8843 = PCURVE('',#7290,#8844);
#8844 = DEFINITIONAL_REPRESENTATION('',(#8845),#8849);
#8845 = LINE('',#8846,#8847);
#8846 = CARTESIAN_POINT('',(0.,-6.28318530718));
#8847 = VECTOR('',#8848,1.);
#8848 = DIRECTION('',(0.,1.));
#8849 = ( GEOMETRIC_REPRESENTATION_CONTEXT(2) 
PARAMETRIC_REPRESENTATION_CONTEXT() REPRESENTATION_CONTEXT('2D SPACE',''
  ) );
#8850 = ORIENTED_EDGE('',*,*,#8827,.F.);
#8851 = ORIENTED_EDGE('',*,*,#7275,.T.);
#8852 = ADVANCED_FACE('',(#8853),#7345,.T.);
#8853 = FACE_BOUND('',#8854,.T.);
#8854 = EDGE_LOOP('',(#8855,#8879,#8880));
#8855 = ORIENTED_EDGE('',*,*,#8856,.T.);
#8856 = EDGE_CURVE('',#7308,#8857,#8859,.T.);
#8857 = VERTEX_POINT('',#8858);
#8858 = CARTESIAN_POINT('',(1.898202538678E-17,1.42,15.97));
#8859 = SEAM_CURVE('',#8860,(#8865,#8872),.PCURVE_S1.);
#8860 = CIRCLE('',#8861,0.31);
#8861 = AXIS2_PLACEMENT_3D('',#8862,#8863,#8864);
#8862 = CARTESIAN_POINT('',(0.,1.42,15.66));
#8863 = DIRECTION('',(-2.449293598295E-16,-1.,0.));
#8864 = DIRECTION('',(1.,-2.449293598295E-16,0.));
#8865 = PCURVE('',#7345,#8866);
#8866 = DEFINITIONAL_REPRESENTATION('',(#8867),#8871);
#8867 = LINE('',#8868,#8869);
#8868 = CARTESIAN_POINT('',(6.28318530718,-6.28318530718));
#8869 = VECTOR('',#8870,1.);
#8870 = DIRECTION('',(0.,1.));
#8871 = ( GEOMETRIC_REPRESENTATION_CONTEXT(2) 
PARAMETRIC_REPRESENTATION_CONTEXT() REPRESENTATION_CONTEXT('2D SPACE',''
  ) );
#8872 = PCURVE('',#7345,#8873);
#8873 = DEFINITIONAL_REPRESENTATION('',(#8874),#8878);
#8874 = LINE('',#8875,#8876);
#8875 = CARTESIAN_POINT('',(0.,-6.28318530718));
#8876 = VECTOR('',#8877,1.);
#8877 = DIRECTION('',(0.,1.));
#8878 = ( GEOMETRIC_REPRESENTATION_CONTEXT(2) 
PARAMETRIC_REPRESENTATION_CONTEXT() REPRESENTATION_CONTEXT('2D SPACE',''
  ) );
#8879 = ORIENTED_EDGE('',*,*,#8856,.F.);
#8880 = ORIENTED_EDGE('',*,*,#7330,.T.);
#8881 = ADVANCED_FACE('',(#8882),#7400,.T.);
#8882 = FACE_BOUND('',#8883,.T.);
#8883 = EDGE_LOOP('',(#8884,#8908,#8909));
#8884 = ORIENTED_EDGE('',*,*,#8885,.T.);
#8885 = EDGE_CURVE('',#7363,#8886,#8888,.T.);
#8886 = VERTEX_POINT('',#8887);
#8887 = CARTESIAN_POINT('',(2.77,1.42,15.97));
#8888 = SEAM_CURVE('',#8889,(#8894,#8901),.PCURVE_S1.);
#8889 = CIRCLE('',#8890,0.31);
#8890 = AXIS2_PLACEMENT_3D('',#8891,#8892,#8893);
#8891 = CARTESIAN_POINT('',(2.77,1.42,15.66));
#8892 = DIRECTION('',(-2.449293598295E-16,-1.,0.));
#8893 = DIRECTION('',(1.,-2.449293598295E-16,0.));
#8894 = PCURVE('',#7400,#8895);
#8895 = DEFINITIONAL_REPRESENTATION('',(#8896),#8900);
#8896 = LINE('',#8897,#8898);
#8897 = CARTESIAN_POINT('',(6.28318530718,-6.28318530718));
#8898 = VECTOR('',#8899,1.);
#8899 = DIRECTION('',(0.,1.));
#8900 = ( GEOMETRIC_REPRESENTATION_CONTEXT(2) 
PARAMETRIC_REPRESENTATION_CONTEXT() REPRESENTATION_CONTEXT('2D SPACE',''
  ) );
#8901 = PCURVE('',#7400,#8902);
#8902 = DEFINITIONAL_REPRESENTATION('',(#8903),#8907);
#8903 = LINE('',#8904,#8905);
#8904 = CARTESIAN_POINT('',(0.,-6.28318530718));
#8905 = VECTOR('',#8906,1.);
#8906 = DIRECTION('',(0.,1.));
#8907 = ( GEOMETRIC_REPRESENTATION_CONTEXT(2) 
PARAMETRIC_REPRESENTATION_CONTEXT() REPRESENTATION_CONTEXT('2D SPACE',''
  ) );
#8908 = ORIENTED_EDGE('',*,*,#8885,.F.);
#8909 = ORIENTED_EDGE('',*,*,#7385,.T.);
#8910 = ADVANCED_FACE('',(#8911),#7455,.T.);
#8911 = FACE_BOUND('',#8912,.T.);
#8912 = EDGE_LOOP('',(#8913,#8937,#8938));
#8913 = ORIENTED_EDGE('',*,*,#8914,.T.);
#8914 = EDGE_CURVE('',#7418,#8915,#8917,.T.);
#8915 = VERTEX_POINT('',#8916);
#8916 = CARTESIAN_POINT('',(5.54,1.42,15.97));
#8917 = SEAM_CURVE('',#8918,(#8923,#8930),.PCURVE_S1.);
#8918 = CIRCLE('',#8919,0.31);
#8919 = AXIS2_PLACEMENT_3D('',#8920,#8921,#8922);
#8920 = CARTESIAN_POINT('',(5.54,1.42,15.66));
#8921 = DIRECTION('',(-2.449293598295E-16,-1.,0.));
#8922 = DIRECTION('',(1.,-2.449293598295E-16,0.));
#8923 = PCURVE('',#7455,#8924);
#8924 = DEFINITIONAL_REPRESENTATION('',(#8925),#8929);
#8925 = LINE('',#8926,#8927);
#8926 = CARTESIAN_POINT('',(6.28318530718,-6.28318530718));
#8927 = VECTOR('',#8928,1.);
#8928 = DIRECTION('',(0.,1.));
#8929 = ( GEOMETRIC_REPRESENTATION_CONTEXT(2) 
PARAMETRIC_REPRESENTATION_CONTEXT() REPRESENTATION_CONTEXT('2D SPACE',''
  ) );
#8930 = PCURVE('',#7455,#8931);
#8931 = DEFINITIONAL_REPRESENTATION('',(#8932),#8936);
#8932 = LINE('',#8933,#8934);
#8933 = CARTESIAN_POINT('',(0.,-6.28318530718));
#8934 = VECTOR('',#8935,1.);
#8935 = DIRECTION('',(0.,1.));
#8936 = ( GEOMETRIC_REPRESENTATION_CONTEXT(2) 
PARAMETRIC_REPRESENTATION_CONTEXT() REPRESENTATION_CONTEXT('2D SPACE',''
  ) );
#8937 = ORIENTED_EDGE('',*,*,#8914,.F.);
#8938 = ORIENTED_EDGE('',*,*,#7440,.T.);
#8939 = ADVANCED_FACE('',(#8940),#7510,.T.);
#8940 = FACE_BOUND('',#8941,.T.);
#8941 = EDGE_LOOP('',(#8942,#8966,#8967));
#8942 = ORIENTED_EDGE('',*,*,#8943,.T.);
#8943 = EDGE_CURVE('',#7473,#8944,#8946,.T.);
#8944 = VERTEX_POINT('',#8945);
#8945 = CARTESIAN_POINT('',(8.31,1.42,15.97));
#8946 = SEAM_CURVE('',#8947,(#8952,#8959),.PCURVE_S1.);
#8947 = CIRCLE('',#8948,0.31);
#8948 = AXIS2_PLACEMENT_3D('',#8949,#8950,#8951);
#8949 = CARTESIAN_POINT('',(8.31,1.42,15.66));
#8950 = DIRECTION('',(-2.449293598295E-16,-1.,0.));
#8951 = DIRECTION('',(1.,-2.449293598295E-16,0.));
#8952 = PCURVE('',#7510,#8953);
#8953 = DEFINITIONAL_REPRESENTATION('',(#8954),#8958);
#8954 = LINE('',#8955,#8956);
#8955 = CARTESIAN_POINT('',(6.28318530718,-6.28318530718));
#8956 = VECTOR('',#8957,1.);
#8957 = DIRECTION('',(0.,1.));
#8958 = ( GEOMETRIC_REPRESENTATION_CONTEXT(2) 
PARAMETRIC_REPRESENTATION_CONTEXT() REPRESENTATION_CONTEXT('2D SPACE',''
  ) );
#8959 = PCURVE('',#7510,#8960);
#8960 = DEFINITIONAL_REPRESENTATION('',(#8961),#8965);
#8961 = LINE('',#8962,#8963);
#8962 = CARTESIAN_POINT('',(0.,-6.28318530718));
#8963 = VECTOR('',#8964,1.);
#8964 = DIRECTION('',(0.,1.));
#8965 = ( GEOMETRIC_REPRESENTATION_CONTEXT(2) 
PARAMETRIC_REPRESENTATION_CONTEXT() REPRESENTATION_CONTEXT('2D SPACE',''
  ) );
#8966 = ORIENTED_EDGE('',*,*,#8943,.F.);
#8967 = ORIENTED_EDGE('',*,*,#7495,.T.);
#8968 = ADVANCED_FACE('',(#8969),#7565,.T.);
#8969 = FACE_BOUND('',#8970,.T.);
#8970 = EDGE_LOOP('',(#8971,#8995,#8996));
#8971 = ORIENTED_EDGE('',*,*,#8972,.T.);
#8972 = EDGE_CURVE('',#7528,#8973,#8975,.T.);
#8973 = VERTEX_POINT('',#8974);
#8974 = CARTESIAN_POINT('',(11.08,1.42,15.97));
#8975 = SEAM_CURVE('',#8976,(#8981,#8988),.PCURVE_S1.);
#8976 = CIRCLE('',#8977,0.31);
#8977 = AXIS2_PLACEMENT_3D('',#8978,#8979,#8980);
#8978 = CARTESIAN_POINT('',(11.08,1.42,15.66));
#8979 = DIRECTION('',(-2.449293598295E-16,-1.,0.));
#8980 = DIRECTION('',(1.,-2.449293598295E-16,0.));
#8981 = PCURVE('',#7565,#8982);
#8982 = DEFINITIONAL_REPRESENTATION('',(#8983),#8987);
#8983 = LINE('',#8984,#8985);
#8984 = CARTESIAN_POINT('',(6.28318530718,-6.28318530718));
#8985 = VECTOR('',#8986,1.);
#8986 = DIRECTION('',(0.,1.));
#8987 = ( GEOMETRIC_REPRESENTATION_CONTEXT(2) 
PARAMETRIC_REPRESENTATION_CONTEXT() REPRESENTATION_CONTEXT('2D SPACE',''
  ) );
#8988 = PCURVE('',#7565,#8989);
#8989 = DEFINITIONAL_REPRESENTATION('',(#8990),#8994);
#8990 = LINE('',#8991,#8992);
#8991 = CARTESIAN_POINT('',(0.,-6.28318530718));
#8992 = VECTOR('',#8993,1.);
#8993 = DIRECTION('',(0.,1.));
#8994 = ( GEOMETRIC_REPRESENTATION_CONTEXT(2) 
PARAMETRIC_REPRESENTATION_CONTEXT() REPRESENTATION_CONTEXT('2D SPACE',''
  ) );
#8995 = ORIENTED_EDGE('',*,*,#8972,.F.);
#8996 = ORIENTED_EDGE('',*,*,#7550,.T.);
#8997 = ADVANCED_FACE('',(#8998),#7620,.T.);
#8998 = FACE_BOUND('',#8999,.T.);
#8999 = EDGE_LOOP('',(#9000,#9024,#9025));
#9000 = ORIENTED_EDGE('',*,*,#9001,.T.);
#9001 = EDGE_CURVE('',#7583,#9002,#9004,.T.);
#9002 = VERTEX_POINT('',#9003);
#9003 = CARTESIAN_POINT('',(13.85,1.42,15.97));
#9004 = SEAM_CURVE('',#9005,(#9010,#9017),.PCURVE_S1.);
#9005 = CIRCLE('',#9006,0.31);
#9006 = AXIS2_PLACEMENT_3D('',#9007,#9008,#9009);
#9007 = CARTESIAN_POINT('',(13.85,1.42,15.66));
#9008 = DIRECTION('',(-2.449293598295E-16,-1.,0.));
#9009 = DIRECTION('',(1.,-2.449293598295E-16,0.));
#9010 = PCURVE('',#7620,#9011);
#9011 = DEFINITIONAL_REPRESENTATION('',(#9012),#9016);
#9012 = LINE('',#9013,#9014);
#9013 = CARTESIAN_POINT('',(6.28318530718,-6.28318530718));
#9014 = VECTOR('',#9015,1.);
#9015 = DIRECTION('',(0.,1.));
#9016 = ( GEOMETRIC_REPRESENTATION_CONTEXT(2) 
PARAMETRIC_REPRESENTATION_CONTEXT() REPRESENTATION_CONTEXT('2D SPACE',''
  ) );
#9017 = PCURVE('',#7620,#9018);
#9018 = DEFINITIONAL_REPRESENTATION('',(#9019),#9023);
#9019 = LINE('',#9020,#9021);
#9020 = CARTESIAN_POINT('',(0.,-6.28318530718));
#9021 = VECTOR('',#9022,1.);
#9022 = DIRECTION('',(0.,1.));
#9023 = ( GEOMETRIC_REPRESENTATION_CONTEXT(2) 
PARAMETRIC_REPRESENTATION_CONTEXT() REPRESENTATION_CONTEXT('2D SPACE',''
  ) );
#9024 = ORIENTED_EDGE('',*,*,#9001,.F.);
#9025 = ORIENTED_EDGE('',*,*,#7605,.T.);
#9026 = ADVANCED_FACE('',(#9027),#7675,.T.);
#9027 = FACE_BOUND('',#9028,.T.);
#9028 = EDGE_LOOP('',(#9029,#9053,#9054));
#9029 = ORIENTED_EDGE('',*,*,#9030,.T.);
#9030 = EDGE_CURVE('',#7638,#9031,#9033,.T.);
#9031 = VERTEX_POINT('',#9032);
#9032 = CARTESIAN_POINT('',(16.62,1.42,15.97));
#9033 = SEAM_CURVE('',#9034,(#9039,#9046),.PCURVE_S1.);
#9034 = CIRCLE('',#9035,0.31);
#9035 = AXIS2_PLACEMENT_3D('',#9036,#9037,#9038);
#9036 = CARTESIAN_POINT('',(16.62,1.42,15.66));
#9037 = DIRECTION('',(-2.449293598295E-16,-1.,0.));
#9038 = DIRECTION('',(1.,-2.449293598295E-16,0.));
#9039 = PCURVE('',#7675,#9040);
#9040 = DEFINITIONAL_REPRESENTATION('',(#9041),#9045);
#9041 = LINE('',#9042,#9043);
#9042 = CARTESIAN_POINT('',(6.28318530718,-6.28318530718));
#9043 = VECTOR('',#9044,1.);
#9044 = DIRECTION('',(0.,1.));
#9045 = ( GEOMETRIC_REPRESENTATION_CONTEXT(2) 
PARAMETRIC_REPRESENTATION_CONTEXT() REPRESENTATION_CONTEXT('2D SPACE',''
  ) );
#9046 = PCURVE('',#7675,#9047);
#9047 = DEFINITIONAL_REPRESENTATION('',(#9048),#9052);
#9048 = LINE('',#9049,#9050);
#9049 = CARTESIAN_POINT('',(0.,-6.28318530718));
#9050 = VECTOR('',#9051,1.);
#9051 = DIRECTION('',(0.,1.));
#9052 = ( GEOMETRIC_REPRESENTATION_CONTEXT(2) 
PARAMETRIC_REPRESENTATION_CONTEXT() REPRESENTATION_CONTEXT('2D SPACE',''
  ) );
#9053 = ORIENTED_EDGE('',*,*,#9030,.F.);
#9054 = ORIENTED_EDGE('',*,*,#7660,.T.);
#9055 = ADVANCED_FACE('',(#9056),#7730,.T.);
#9056 = FACE_BOUND('',#9057,.T.);
#9057 = EDGE_LOOP('',(#9058,#9082,#9083));
#9058 = ORIENTED_EDGE('',*,*,#9059,.T.);
#9059 = EDGE_CURVE('',#7693,#9060,#9062,.T.);
#9060 = VERTEX_POINT('',#9061);
#9061 = CARTESIAN_POINT('',(19.39,1.42,15.97));
#9062 = SEAM_CURVE('',#9063,(#9068,#9075),.PCURVE_S1.);
#9063 = CIRCLE('',#9064,0.31);
#9064 = AXIS2_PLACEMENT_3D('',#9065,#9066,#9067);
#9065 = CARTESIAN_POINT('',(19.39,1.42,15.66));
#9066 = DIRECTION('',(-2.449293598295E-16,-1.,0.));
#9067 = DIRECTION('',(1.,-2.449293598295E-16,0.));
#9068 = PCURVE('',#7730,#9069);
#9069 = DEFINITIONAL_REPRESENTATION('',(#9070),#9074);
#9070 = LINE('',#9071,#9072);
#9071 = CARTESIAN_POINT('',(6.28318530718,-6.28318530718));
#9072 = VECTOR('',#9073,1.);
#9073 = DIRECTION('',(0.,1.));
#9074 = ( GEOMETRIC_REPRESENTATION_CONTEXT(2) 
PARAMETRIC_REPRESENTATION_CONTEXT() REPRESENTATION_CONTEXT('2D SPACE',''
  ) );
#9075 = PCURVE('',#7730,#9076);
#9076 = DEFINITIONAL_REPRESENTATION('',(#9077),#9081);
#9077 = LINE('',#9078,#9079);
#9078 = CARTESIAN_POINT('',(0.,-6.28318530718));
#9079 = VECTOR('',#9080,1.);
#9080 = DIRECTION('',(0.,1.));
#9081 = ( GEOMETRIC_REPRESENTATION_CONTEXT(2) 
PARAMETRIC_REPRESENTATION_CONTEXT() REPRESENTATION_CONTEXT('2D SPACE',''
  ) );
#9082 = ORIENTED_EDGE('',*,*,#9059,.F.);
#9083 = ORIENTED_EDGE('',*,*,#7715,.T.);
#9084 = ADVANCED_FACE('',(#9085),#7785,.T.);
#9085 = FACE_BOUND('',#9086,.T.);
#9086 = EDGE_LOOP('',(#9087,#9111,#9112));
#9087 = ORIENTED_EDGE('',*,*,#9088,.T.);
#9088 = EDGE_CURVE('',#7748,#9089,#9091,.T.);
#9089 = VERTEX_POINT('',#9090);
#9090 = CARTESIAN_POINT('',(22.16,1.42,15.97));
#9091 = SEAM_CURVE('',#9092,(#9097,#9104),.PCURVE_S1.);
#9092 = CIRCLE('',#9093,0.31);
#9093 = AXIS2_PLACEMENT_3D('',#9094,#9095,#9096);
#9094 = CARTESIAN_POINT('',(22.16,1.42,15.66));
#9095 = DIRECTION('',(-2.449293598295E-16,-1.,0.));
#9096 = DIRECTION('',(1.,-2.449293598295E-16,0.));
#9097 = PCURVE('',#7785,#9098);
#9098 = DEFINITIONAL_REPRESENTATION('',(#9099),#9103);
#9099 = LINE('',#9100,#9101);
#9100 = CARTESIAN_POINT('',(6.28318530718,-6.28318530718));
#9101 = VECTOR('',#9102,1.);
#9102 = DIRECTION('',(0.,1.));
#9103 = ( GEOMETRIC_REPRESENTATION_CONTEXT(2) 
PARAMETRIC_REPRESENTATION_CONTEXT() REPRESENTATION_CONTEXT('2D SPACE',''
  ) );
#9104 = PCURVE('',#7785,#9105);
#9105 = DEFINITIONAL_REPRESENTATION('',(#9106),#9110);
#9106 = LINE('',#9107,#9108);
#9107 = CARTESIAN_POINT('',(0.,-6.28318530718));
#9108 = VECTOR('',#9109,1.);
#9109 = DIRECTION('',(0.,1.));
#9110 = ( GEOMETRIC_REPRESENTATION_CONTEXT(2) 
PARAMETRIC_REPRESENTATION_CONTEXT() REPRESENTATION_CONTEXT('2D SPACE',''
  ) );
#9111 = ORIENTED_EDGE('',*,*,#9088,.F.);
#9112 = ORIENTED_EDGE('',*,*,#7770,.T.);
#9113 = ADVANCED_FACE('',(#9114),#7840,.T.);
#9114 = FACE_BOUND('',#9115,.T.);
#9115 = EDGE_LOOP('',(#9116,#9140,#9141));
#9116 = ORIENTED_EDGE('',*,*,#9117,.T.);
#9117 = EDGE_CURVE('',#7803,#9118,#9120,.T.);
#9118 = VERTEX_POINT('',#9119);
#9119 = CARTESIAN_POINT('',(24.93,1.42,15.97));
#9120 = SEAM_CURVE('',#9121,(#9126,#9133),.PCURVE_S1.);
#9121 = CIRCLE('',#9122,0.31);
#9122 = AXIS2_PLACEMENT_3D('',#9123,#9124,#9125);
#9123 = CARTESIAN_POINT('',(24.93,1.42,15.66));
#9124 = DIRECTION('',(-2.449293598295E-16,-1.,0.));
#9125 = DIRECTION('',(1.,-2.449293598295E-16,0.));
#9126 = PCURVE('',#7840,#9127);
#9127 = DEFINITIONAL_REPRESENTATION('',(#9128),#9132);
#9128 = LINE('',#9129,#9130);
#9129 = CARTESIAN_POINT('',(6.28318530718,-6.28318530718));
#9130 = VECTOR('',#9131,1.);
#9131 = DIRECTION('',(0.,1.));
#9132 = ( GEOMETRIC_REPRESENTATION_CONTEXT(2) 
PARAMETRIC_REPRESENTATION_CONTEXT() REPRESENTATION_CONTEXT('2D SPACE',''
  ) );
#9133 = PCURVE('',#7840,#9134);
#9134 = DEFINITIONAL_REPRESENTATION('',(#9135),#9139);
#9135 = LINE('',#9136,#9137);
#9136 = CARTESIAN_POINT('',(0.,-6.28318530718));
#9137 = VECTOR('',#9138,1.);
#9138 = DIRECTION('',(0.,1.));
#9139 = ( GEOMETRIC_REPRESENTATION_CONTEXT(2) 
PARAMETRIC_REPRESENTATION_CONTEXT() REPRESENTATION_CONTEXT('2D SPACE',''
  ) );
#9140 = ORIENTED_EDGE('',*,*,#9117,.F.);
#9141 = ORIENTED_EDGE('',*,*,#7825,.T.);
#9142 = ADVANCED_FACE('',(#9143),#7875,.F.);
#9143 = FACE_BOUND('',#9144,.F.);
#9144 = EDGE_LOOP('',(#9145,#9175,#9196,#9197));
#9145 = ORIENTED_EDGE('',*,*,#9146,.F.);
#9146 = EDGE_CURVE('',#9147,#9149,#9151,.T.);
#9147 = VERTEX_POINT('',#9148);
#9148 = CARTESIAN_POINT('',(-25.60182487715,-4.725,9.65));
#9149 = VERTEX_POINT('',#9150);
#9150 = CARTESIAN_POINT('',(25.601824877158,-4.725,9.65));
#9151 = SURFACE_CURVE('',#9152,(#9156,#9163),.PCURVE_S1.);
#9152 = LINE('',#9153,#9154);
#9153 = CARTESIAN_POINT('',(-26.44285,-4.725,9.65));
#9154 = VECTOR('',#9155,1.);
#9155 = DIRECTION('',(1.,0.,0.));
#9156 = PCURVE('',#7875,#9157);
#9157 = DEFINITIONAL_REPRESENTATION('',(#9158),#9162);
#9158 = LINE('',#9159,#9160);
#9159 = CARTESIAN_POINT('',(0.,0.));
#9160 = VECTOR('',#9161,1.);
#9161 = DIRECTION('',(1.,0.));
#9162 = ( GEOMETRIC_REPRESENTATION_CONTEXT(2) 
PARAMETRIC_REPRESENTATION_CONTEXT() REPRESENTATION_CONTEXT('2D SPACE',''
  ) );
#9163 = PCURVE('',#9164,#9169);
#9164 = PLANE('',#9165);
#9165 = AXIS2_PLACEMENT_3D('',#9166,#9167,#9168);
#9166 = CARTESIAN_POINT('',(4.252663746992E-16,0.152681710132,9.65));
#9167 = DIRECTION('',(0.,0.,1.));
#9168 = DIRECTION('',(1.,0.,-0.));
#9169 = DEFINITIONAL_REPRESENTATION('',(#9170),#9174);
#9170 = LINE('',#9171,#9172);
#9171 = CARTESIAN_POINT('',(-26.44285,-4.877681710132));
#9172 = VECTOR('',#9173,1.);
#9173 = DIRECTION('',(1.,0.));
#9174 = ( GEOMETRIC_REPRESENTATION_CONTEXT(2) 
PARAMETRIC_REPRESENTATION_CONTEXT() REPRESENTATION_CONTEXT('2D SPACE',''
  ) );
#9175 = ORIENTED_EDGE('',*,*,#9176,.T.);
#9176 = EDGE_CURVE('',#9147,#7858,#9177,.T.);
#9177 = SURFACE_CURVE('',#9178,(#9182,#9189),.PCURVE_S1.);
#9178 = LINE('',#9179,#9180);
#9179 = CARTESIAN_POINT('',(-25.60182487715,-4.725,9.65));
#9180 = VECTOR('',#9181,1.);
#9181 = DIRECTION('',(0.,0.,1.));
#9182 = PCURVE('',#7875,#9183);
#9183 = DEFINITIONAL_REPRESENTATION('',(#9184),#9188);
#9184 = LINE('',#9185,#9186);
#9185 = CARTESIAN_POINT('',(0.841025122842,0.));
#9186 = VECTOR('',#9187,1.);
#9187 = DIRECTION('',(0.,-1.));
#9188 = ( GEOMETRIC_REPRESENTATION_CONTEXT(2) 
PARAMETRIC_REPRESENTATION_CONTEXT() REPRESENTATION_CONTEXT('2D SPACE',''
  ) );
#9189 = PCURVE('',#8077,#9190);
#9190 = DEFINITIONAL_REPRESENTATION('',(#9191),#9195);
#9191 = LINE('',#9192,#9193);
#9192 = CARTESIAN_POINT('',(-0.,0.));
#9193 = VECTOR('',#9194,1.);
#9194 = DIRECTION('',(-0.,1.));
#9195 = ( GEOMETRIC_REPRESENTATION_CONTEXT(2) 
PARAMETRIC_REPRESENTATION_CONTEXT() REPRESENTATION_CONTEXT('2D SPACE',''
  ) );
#9196 = ORIENTED_EDGE('',*,*,#7857,.T.);
#9197 = ORIENTED_EDGE('',*,*,#9198,.F.);
#9198 = EDGE_CURVE('',#9149,#7860,#9199,.T.);
#9199 = SURFACE_CURVE('',#9200,(#9204,#9211),.PCURVE_S1.);
#9200 = LINE('',#9201,#9202);
#9201 = CARTESIAN_POINT('',(25.601824877158,-4.725,9.65));
#9202 = VECTOR('',#9203,1.);
#9203 = DIRECTION('',(0.,0.,1.));
#9204 = PCURVE('',#7875,#9205);
#9205 = DEFINITIONAL_REPRESENTATION('',(#9206),#9210);
#9206 = LINE('',#9207,#9208);
#9207 = CARTESIAN_POINT('',(52.044674877158,0.));
#9208 = VECTOR('',#9209,1.);
#9209 = DIRECTION('',(0.,-1.));
#9210 = ( GEOMETRIC_REPRESENTATION_CONTEXT(2) 
PARAMETRIC_REPRESENTATION_CONTEXT() REPRESENTATION_CONTEXT('2D SPACE',''
  ) );
#9211 = PCURVE('',#7904,#9212);
#9212 = DEFINITIONAL_REPRESENTATION('',(#9213),#9217);
#9213 = LINE('',#9214,#9215);
#9214 = CARTESIAN_POINT('',(0.,0.));
#9215 = VECTOR('',#9216,1.);
#9216 = DIRECTION('',(0.,1.));
#9217 = ( GEOMETRIC_REPRESENTATION_CONTEXT(2) 
PARAMETRIC_REPRESENTATION_CONTEXT() REPRESENTATION_CONTEXT('2D SPACE',''
  ) );
#9218 = ADVANCED_FACE('',(#9219),#8077,.T.);
#9219 = FACE_BOUND('',#9220,.F.);
#9220 = EDGE_LOOP('',(#9221,#9249,#9270,#9271));
#9221 = ORIENTED_EDGE('',*,*,#9222,.T.);
#9222 = EDGE_CURVE('',#9147,#9223,#9225,.T.);
#9223 = VERTEX_POINT('',#9224);
#9224 = CARTESIAN_POINT('',(-26.58702216685,-3.896424328408,9.65));
#9225 = SURFACE_CURVE('',#9226,(#9231,#9238),.PCURVE_S1.);
#9226 = CIRCLE('',#9227,1.);
#9227 = AXIS2_PLACEMENT_3D('',#9228,#9229,#9230);
#9228 = CARTESIAN_POINT('',(-25.60182487715,-3.725,9.65));
#9229 = DIRECTION('',(-0.,-0.,-1.));
#9230 = DIRECTION('',(0.,-1.,0.));
#9231 = PCURVE('',#8077,#9232);
#9232 = DEFINITIONAL_REPRESENTATION('',(#9233),#9237);
#9233 = LINE('',#9234,#9235);
#9234 = CARTESIAN_POINT('',(-0.,-3.552713678801E-15));
#9235 = VECTOR('',#9236,1.);
#9236 = DIRECTION('',(-1.,0.));
#9237 = ( GEOMETRIC_REPRESENTATION_CONTEXT(2) 
PARAMETRIC_REPRESENTATION_CONTEXT() REPRESENTATION_CONTEXT('2D SPACE',''
  ) );
#9238 = PCURVE('',#9164,#9239);
#9239 = DEFINITIONAL_REPRESENTATION('',(#9240),#9248);
#9240 = ( BOUNDED_CURVE() B_SPLINE_CURVE(2,(#9241,#9242,#9243,#9244,
#9245,#9246,#9247),.UNSPECIFIED.,.T.,.F.) B_SPLINE_CURVE_WITH_KNOTS((1,2
    ,2,2,2,1),(-2.094395102393,0.,2.094395102393,4.188790204786,
6.28318530718,8.377580409573),.UNSPECIFIED.) CURVE() 
GEOMETRIC_REPRESENTATION_ITEM() RATIONAL_B_SPLINE_CURVE((1.,0.5,1.,0.5,
1.,0.5,1.)) REPRESENTATION_ITEM('') );
#9241 = CARTESIAN_POINT('',(-25.60182487715,-4.877681710132));
#9242 = CARTESIAN_POINT('',(-27.33387568472,-4.877681710132));
#9243 = CARTESIAN_POINT('',(-26.46785028094,-3.377681710132));
#9244 = CARTESIAN_POINT('',(-25.60182487715,-1.877681710132));
#9245 = CARTESIAN_POINT('',(-24.73579947337,-3.377681710132));
#9246 = CARTESIAN_POINT('',(-23.86977406958,-4.877681710132));
#9247 = CARTESIAN_POINT('',(-25.60182487715,-4.877681710132));
#9248 = ( GEOMETRIC_REPRESENTATION_CONTEXT(2) 
PARAMETRIC_REPRESENTATION_CONTEXT() REPRESENTATION_CONTEXT('2D SPACE',''
  ) );
#9249 = ORIENTED_EDGE('',*,*,#9250,.T.);
#9250 = EDGE_CURVE('',#9223,#8031,#9251,.T.);
#9251 = SURFACE_CURVE('',#9252,(#9256,#9263),.PCURVE_S1.);
#9252 = LINE('',#9253,#9254);
#9253 = CARTESIAN_POINT('',(-26.58702216685,-3.896424328408,9.65));
#9254 = VECTOR('',#9255,1.);
#9255 = DIRECTION('',(0.,0.,1.));
#9256 = PCURVE('',#8077,#9257);
#9257 = DEFINITIONAL_REPRESENTATION('',(#9258),#9262);
#9258 = LINE('',#9259,#9260);
#9259 = CARTESIAN_POINT('',(-1.398521109841,0.));
#9260 = VECTOR('',#9261,1.);
#9261 = DIRECTION('',(-0.,1.));
#9262 = ( GEOMETRIC_REPRESENTATION_CONTEXT(2) 
PARAMETRIC_REPRESENTATION_CONTEXT() REPRESENTATION_CONTEXT('2D SPACE',''
  ) );
#9263 = PCURVE('',#8046,#9264);
#9264 = DEFINITIONAL_REPRESENTATION('',(#9265),#9269);
#9265 = LINE('',#9266,#9267);
#9266 = CARTESIAN_POINT('',(8.750962288013,0.));
#9267 = VECTOR('',#9268,1.);
#9268 = DIRECTION('',(0.,-1.));
#9269 = ( GEOMETRIC_REPRESENTATION_CONTEXT(2) 
PARAMETRIC_REPRESENTATION_CONTEXT() REPRESENTATION_CONTEXT('2D SPACE',''
  ) );
#9270 = ORIENTED_EDGE('',*,*,#8058,.F.);
#9271 = ORIENTED_EDGE('',*,*,#9176,.F.);
#9272 = ADVANCED_FACE('',(#9273),#7904,.T.);
#9273 = FACE_BOUND('',#9274,.T.);
#9274 = EDGE_LOOP('',(#9275,#9299,#9320,#9321));
#9275 = ORIENTED_EDGE('',*,*,#9276,.T.);
#9276 = EDGE_CURVE('',#9149,#9277,#9279,.T.);
#9277 = VERTEX_POINT('',#9278);
#9278 = CARTESIAN_POINT('',(26.587022166857,-3.896424328408,9.65));
#9279 = SURFACE_CURVE('',#9280,(#9285,#9292),.PCURVE_S1.);
#9280 = CIRCLE('',#9281,1.);
#9281 = AXIS2_PLACEMENT_3D('',#9282,#9283,#9284);
#9282 = CARTESIAN_POINT('',(25.601824877158,-3.725,9.65));
#9283 = DIRECTION('',(0.,0.,1.));
#9284 = DIRECTION('',(0.,-1.,0.));
#9285 = PCURVE('',#7904,#9286);
#9286 = DEFINITIONAL_REPRESENTATION('',(#9287),#9291);
#9287 = LINE('',#9288,#9289);
#9288 = CARTESIAN_POINT('',(0.,-3.552713678801E-15));
#9289 = VECTOR('',#9290,1.);
#9290 = DIRECTION('',(1.,0.));
#9291 = ( GEOMETRIC_REPRESENTATION_CONTEXT(2) 
PARAMETRIC_REPRESENTATION_CONTEXT() REPRESENTATION_CONTEXT('2D SPACE',''
  ) );
#9292 = PCURVE('',#9164,#9293);
#9293 = DEFINITIONAL_REPRESENTATION('',(#9294),#9298);
#9294 = CIRCLE('',#9295,1.);
#9295 = AXIS2_PLACEMENT_2D('',#9296,#9297);
#9296 = CARTESIAN_POINT('',(25.601824877158,-3.877681710132));
#9297 = DIRECTION('',(0.,-1.));
#9298 = ( GEOMETRIC_REPRESENTATION_CONTEXT(2) 
PARAMETRIC_REPRESENTATION_CONTEXT() REPRESENTATION_CONTEXT('2D SPACE',''
  ) );
#9299 = ORIENTED_EDGE('',*,*,#9300,.T.);
#9300 = EDGE_CURVE('',#9277,#7888,#9301,.T.);
#9301 = SURFACE_CURVE('',#9302,(#9306,#9313),.PCURVE_S1.);
#9302 = LINE('',#9303,#9304);
#9303 = CARTESIAN_POINT('',(26.587022166857,-3.896424328408,9.65));
#9304 = VECTOR('',#9305,1.);
#9305 = DIRECTION('',(0.,0.,1.));
#9306 = PCURVE('',#7904,#9307);
#9307 = DEFINITIONAL_REPRESENTATION('',(#9308),#9312);
#9308 = LINE('',#9309,#9310);
#9309 = CARTESIAN_POINT('',(1.398521109841,0.));
#9310 = VECTOR('',#9311,1.);
#9311 = DIRECTION('',(0.,1.));
#9312 = ( GEOMETRIC_REPRESENTATION_CONTEXT(2) 
PARAMETRIC_REPRESENTATION_CONTEXT() REPRESENTATION_CONTEXT('2D SPACE',''
  ) );
#9313 = PCURVE('',#7932,#9314);
#9314 = DEFINITIONAL_REPRESENTATION('',(#9315),#9319);
#9315 = LINE('',#9316,#9317);
#9316 = CARTESIAN_POINT('',(0.841025122842,0.));
#9317 = VECTOR('',#9318,1.);
#9318 = DIRECTION('',(0.,-1.));
#9319 = ( GEOMETRIC_REPRESENTATION_CONTEXT(2) 
PARAMETRIC_REPRESENTATION_CONTEXT() REPRESENTATION_CONTEXT('2D SPACE',''
  ) );
#9320 = ORIENTED_EDGE('',*,*,#7887,.F.);
#9321 = ORIENTED_EDGE('',*,*,#9198,.F.);
#9322 = ADVANCED_FACE('',(#9323),#8046,.F.);
#9323 = FACE_BOUND('',#9324,.F.);
#9324 = EDGE_LOOP('',(#9325,#9348,#9369,#9370));
#9325 = ORIENTED_EDGE('',*,*,#9326,.F.);
#9326 = EDGE_CURVE('',#9327,#9223,#9329,.T.);
#9327 = VERTEX_POINT('',#9328);
#9328 = CARTESIAN_POINT('',(-27.88332216685,3.553575671592,9.65));
#9329 = SURFACE_CURVE('',#9330,(#9334,#9341),.PCURVE_S1.);
#9330 = LINE('',#9331,#9332);
#9331 = CARTESIAN_POINT('',(-28.08715,4.725,9.65));
#9332 = VECTOR('',#9333,1.);
#9333 = DIRECTION('',(0.171424328408,-0.985197289699,0.));
#9334 = PCURVE('',#8046,#9335);
#9335 = DEFINITIONAL_REPRESENTATION('',(#9336),#9340);
#9336 = LINE('',#9337,#9338);
#9337 = CARTESIAN_POINT('',(0.,0.));
#9338 = VECTOR('',#9339,1.);
#9339 = DIRECTION('',(1.,0.));
#9340 = ( GEOMETRIC_REPRESENTATION_CONTEXT(2) 
PARAMETRIC_REPRESENTATION_CONTEXT() REPRESENTATION_CONTEXT('2D SPACE',''
  ) );
#9341 = PCURVE('',#9164,#9342);
#9342 = DEFINITIONAL_REPRESENTATION('',(#9343),#9347);
#9343 = LINE('',#9344,#9345);
#9344 = CARTESIAN_POINT('',(-28.08715,4.572318289868));
#9345 = VECTOR('',#9346,1.);
#9346 = DIRECTION('',(0.171424328408,-0.985197289699));
#9347 = ( GEOMETRIC_REPRESENTATION_CONTEXT(2) 
PARAMETRIC_REPRESENTATION_CONTEXT() REPRESENTATION_CONTEXT('2D SPACE',''
  ) );
#9348 = ORIENTED_EDGE('',*,*,#9349,.T.);
#9349 = EDGE_CURVE('',#9327,#8002,#9350,.T.);
#9350 = SURFACE_CURVE('',#9351,(#9355,#9362),.PCURVE_S1.);
#9351 = LINE('',#9352,#9353);
#9352 = CARTESIAN_POINT('',(-27.88332216685,3.553575671592,9.65));
#9353 = VECTOR('',#9354,1.);
#9354 = DIRECTION('',(0.,0.,1.));
#9355 = PCURVE('',#8046,#9356);
#9356 = DEFINITIONAL_REPRESENTATION('',(#9357),#9361);
#9357 = LINE('',#9358,#9359);
#9358 = CARTESIAN_POINT('',(1.189025122842,0.));
#9359 = VECTOR('',#9360,1.);
#9360 = DIRECTION('',(0.,-1.));
#9361 = ( GEOMETRIC_REPRESENTATION_CONTEXT(2) 
PARAMETRIC_REPRESENTATION_CONTEXT() REPRESENTATION_CONTEXT('2D SPACE',''
  ) );
#9362 = PCURVE('',#8018,#9363);
#9363 = DEFINITIONAL_REPRESENTATION('',(#9364),#9368);
#9364 = LINE('',#9365,#9366);
#9365 = CARTESIAN_POINT('',(1.743071543748,0.));
#9366 = VECTOR('',#9367,1.);
#9367 = DIRECTION('',(0.,1.));
#9368 = ( GEOMETRIC_REPRESENTATION_CONTEXT(2) 
PARAMETRIC_REPRESENTATION_CONTEXT() REPRESENTATION_CONTEXT('2D SPACE',''
  ) );
#9369 = ORIENTED_EDGE('',*,*,#8030,.T.);
#9370 = ORIENTED_EDGE('',*,*,#9250,.F.);
#9371 = ADVANCED_FACE('',(#9372),#7932,.F.);
#9372 = FACE_BOUND('',#9373,.F.);
#9373 = EDGE_LOOP('',(#9374,#9397,#9398,#9399));
#9374 = ORIENTED_EDGE('',*,*,#9375,.F.);
#9375 = EDGE_CURVE('',#9277,#9376,#9378,.T.);
#9376 = VERTEX_POINT('',#9377);
#9377 = CARTESIAN_POINT('',(27.883322166857,3.553575671592,9.65));
#9378 = SURFACE_CURVE('',#9379,(#9383,#9390),.PCURVE_S1.);
#9379 = LINE('',#9380,#9381);
#9380 = CARTESIAN_POINT('',(26.44285,-4.725,9.65));
#9381 = VECTOR('',#9382,1.);
#9382 = DIRECTION('',(0.171424328408,0.985197289699,0.));
#9383 = PCURVE('',#7932,#9384);
#9384 = DEFINITIONAL_REPRESENTATION('',(#9385),#9389);
#9385 = LINE('',#9386,#9387);
#9386 = CARTESIAN_POINT('',(0.,0.));
#9387 = VECTOR('',#9388,1.);
#9388 = DIRECTION('',(1.,0.));
#9389 = ( GEOMETRIC_REPRESENTATION_CONTEXT(2) 
PARAMETRIC_REPRESENTATION_CONTEXT() REPRESENTATION_CONTEXT('2D SPACE',''
  ) );
#9390 = PCURVE('',#9164,#9391);
#9391 = DEFINITIONAL_REPRESENTATION('',(#9392),#9396);
#9392 = LINE('',#9393,#9394);
#9393 = CARTESIAN_POINT('',(26.44285,-4.877681710132));
#9394 = VECTOR('',#9395,1.);
#9395 = DIRECTION('',(0.171424328408,0.985197289699));
#9396 = ( GEOMETRIC_REPRESENTATION_CONTEXT(2) 
PARAMETRIC_REPRESENTATION_CONTEXT() REPRESENTATION_CONTEXT('2D SPACE',''
  ) );
#9397 = ORIENTED_EDGE('',*,*,#9300,.T.);
#9398 = ORIENTED_EDGE('',*,*,#7916,.T.);
#9399 = ORIENTED_EDGE('',*,*,#9400,.F.);
#9400 = EDGE_CURVE('',#9376,#7917,#9401,.T.);
#9401 = SURFACE_CURVE('',#9402,(#9406,#9413),.PCURVE_S1.);
#9402 = LINE('',#9403,#9404);
#9403 = CARTESIAN_POINT('',(27.883322166857,3.553575671592,9.65));
#9404 = VECTOR('',#9405,1.);
#9405 = DIRECTION('',(0.,0.,1.));
#9406 = PCURVE('',#7932,#9407);
#9407 = DEFINITIONAL_REPRESENTATION('',(#9408),#9412);
#9408 = LINE('',#9409,#9410);
#9409 = CARTESIAN_POINT('',(8.402962288013,0.));
#9410 = VECTOR('',#9411,1.);
#9411 = DIRECTION('',(0.,-1.));
#9412 = ( GEOMETRIC_REPRESENTATION_CONTEXT(2) 
PARAMETRIC_REPRESENTATION_CONTEXT() REPRESENTATION_CONTEXT('2D SPACE',''
  ) );
#9413 = PCURVE('',#7961,#9414);
#9414 = DEFINITIONAL_REPRESENTATION('',(#9415),#9419);
#9415 = LINE('',#9416,#9417);
#9416 = CARTESIAN_POINT('',(0.,0.));
#9417 = VECTOR('',#9418,1.);
#9418 = DIRECTION('',(0.,1.));
#9419 = ( GEOMETRIC_REPRESENTATION_CONTEXT(2) 
PARAMETRIC_REPRESENTATION_CONTEXT() REPRESENTATION_CONTEXT('2D SPACE',''
  ) );
#9420 = ADVANCED_FACE('',(#9421),#8018,.T.);
#9421 = FACE_BOUND('',#9422,.T.);
#9422 = EDGE_LOOP('',(#9423,#9447,#9448,#9449));
#9423 = ORIENTED_EDGE('',*,*,#9424,.T.);
#9424 = EDGE_CURVE('',#9425,#9327,#9427,.T.);
#9425 = VERTEX_POINT('',#9426);
#9426 = CARTESIAN_POINT('',(-26.89812487715,4.725,9.65));
#9427 = SURFACE_CURVE('',#9428,(#9433,#9440),.PCURVE_S1.);
#9428 = CIRCLE('',#9429,1.);
#9429 = AXIS2_PLACEMENT_3D('',#9430,#9431,#9432);
#9430 = CARTESIAN_POINT('',(-26.89812487715,3.725,9.65));
#9431 = DIRECTION('',(0.,0.,1.));
#9432 = DIRECTION('',(0.,-1.,0.));
#9433 = PCURVE('',#8018,#9434);
#9434 = DEFINITIONAL_REPRESENTATION('',(#9435),#9439);
#9435 = LINE('',#9436,#9437);
#9436 = CARTESIAN_POINT('',(-3.14159265359,-3.552713678801E-15));
#9437 = VECTOR('',#9438,1.);
#9438 = DIRECTION('',(1.,0.));
#9439 = ( GEOMETRIC_REPRESENTATION_CONTEXT(2) 
PARAMETRIC_REPRESENTATION_CONTEXT() REPRESENTATION_CONTEXT('2D SPACE',''
  ) );
#9440 = PCURVE('',#9164,#9441);
#9441 = DEFINITIONAL_REPRESENTATION('',(#9442),#9446);
#9442 = CIRCLE('',#9443,1.);
#9443 = AXIS2_PLACEMENT_2D('',#9444,#9445);
#9444 = CARTESIAN_POINT('',(-26.89812487715,3.572318289868));
#9445 = DIRECTION('',(0.,-1.));
#9446 = ( GEOMETRIC_REPRESENTATION_CONTEXT(2) 
PARAMETRIC_REPRESENTATION_CONTEXT() REPRESENTATION_CONTEXT('2D SPACE',''
  ) );
#9447 = ORIENTED_EDGE('',*,*,#9349,.T.);
#9448 = ORIENTED_EDGE('',*,*,#8001,.F.);
#9449 = ORIENTED_EDGE('',*,*,#9450,.F.);
#9450 = EDGE_CURVE('',#9425,#7974,#9451,.T.);
#9451 = SURFACE_CURVE('',#9452,(#9456,#9463),.PCURVE_S1.);
#9452 = LINE('',#9453,#9454);
#9453 = CARTESIAN_POINT('',(-26.89812487715,4.725,9.65));
#9454 = VECTOR('',#9455,1.);
#9455 = DIRECTION('',(0.,0.,1.));
#9456 = PCURVE('',#8018,#9457);
#9457 = DEFINITIONAL_REPRESENTATION('',(#9458),#9462);
#9458 = LINE('',#9459,#9460);
#9459 = CARTESIAN_POINT('',(0.,0.));
#9460 = VECTOR('',#9461,1.);
#9461 = DIRECTION('',(0.,1.));
#9462 = ( GEOMETRIC_REPRESENTATION_CONTEXT(2) 
PARAMETRIC_REPRESENTATION_CONTEXT() REPRESENTATION_CONTEXT('2D SPACE',''
  ) );
#9463 = PCURVE('',#7989,#9464);
#9464 = DEFINITIONAL_REPRESENTATION('',(#9465),#9469);
#9465 = LINE('',#9466,#9467);
#9466 = CARTESIAN_POINT('',(54.985274877158,0.));
#9467 = VECTOR('',#9468,1.);
#9468 = DIRECTION('',(0.,-1.));
#9469 = ( GEOMETRIC_REPRESENTATION_CONTEXT(2) 
PARAMETRIC_REPRESENTATION_CONTEXT() REPRESENTATION_CONTEXT('2D SPACE',''
  ) );
#9470 = ADVANCED_FACE('',(#9471),#7961,.T.);
#9471 = FACE_BOUND('',#9472,.T.);
#9472 = EDGE_LOOP('',(#9473,#9497,#9518,#9519));
#9473 = ORIENTED_EDGE('',*,*,#9474,.T.);
#9474 = EDGE_CURVE('',#9376,#9475,#9477,.T.);
#9475 = VERTEX_POINT('',#9476);
#9476 = CARTESIAN_POINT('',(26.898124877158,4.725,9.65));
#9477 = SURFACE_CURVE('',#9478,(#9483,#9490),.PCURVE_S1.);
#9478 = CIRCLE('',#9479,1.);
#9479 = AXIS2_PLACEMENT_3D('',#9480,#9481,#9482);
#9480 = CARTESIAN_POINT('',(26.898124877158,3.725,9.65));
#9481 = DIRECTION('',(0.,0.,1.));
#9482 = DIRECTION('',(0.,-1.,0.));
#9483 = PCURVE('',#7961,#9484);
#9484 = DEFINITIONAL_REPRESENTATION('',(#9485),#9489);
#9485 = LINE('',#9486,#9487);
#9486 = CARTESIAN_POINT('',(-1.398521109841,-3.552713678801E-15));
#9487 = VECTOR('',#9488,1.);
#9488 = DIRECTION('',(1.,0.));
#9489 = ( GEOMETRIC_REPRESENTATION_CONTEXT(2) 
PARAMETRIC_REPRESENTATION_CONTEXT() REPRESENTATION_CONTEXT('2D SPACE',''
  ) );
#9490 = PCURVE('',#9164,#9491);
#9491 = DEFINITIONAL_REPRESENTATION('',(#9492),#9496);
#9492 = CIRCLE('',#9493,1.);
#9493 = AXIS2_PLACEMENT_2D('',#9494,#9495);
#9494 = CARTESIAN_POINT('',(26.898124877158,3.572318289868));
#9495 = DIRECTION('',(0.,-1.));
#9496 = ( GEOMETRIC_REPRESENTATION_CONTEXT(2) 
PARAMETRIC_REPRESENTATION_CONTEXT() REPRESENTATION_CONTEXT('2D SPACE',''
  ) );
#9497 = ORIENTED_EDGE('',*,*,#9498,.T.);
#9498 = EDGE_CURVE('',#9475,#7945,#9499,.T.);
#9499 = SURFACE_CURVE('',#9500,(#9504,#9511),.PCURVE_S1.);
#9500 = LINE('',#9501,#9502);
#9501 = CARTESIAN_POINT('',(26.898124877158,4.725,9.65));
#9502 = VECTOR('',#9503,1.);
#9503 = DIRECTION('',(0.,0.,1.));
#9504 = PCURVE('',#7961,#9505);
#9505 = DEFINITIONAL_REPRESENTATION('',(#9506),#9510);
#9506 = LINE('',#9507,#9508);
#9507 = CARTESIAN_POINT('',(1.743071543748,0.));
#9508 = VECTOR('',#9509,1.);
#9509 = DIRECTION('',(0.,1.));
#9510 = ( GEOMETRIC_REPRESENTATION_CONTEXT(2) 
PARAMETRIC_REPRESENTATION_CONTEXT() REPRESENTATION_CONTEXT('2D SPACE',''
  ) );
#9511 = PCURVE('',#7989,#9512);
#9512 = DEFINITIONAL_REPRESENTATION('',(#9513),#9517);
#9513 = LINE('',#9514,#9515);
#9514 = CARTESIAN_POINT('',(1.189025122842,0.));
#9515 = VECTOR('',#9516,1.);
#9516 = DIRECTION('',(0.,-1.));
#9517 = ( GEOMETRIC_REPRESENTATION_CONTEXT(2) 
PARAMETRIC_REPRESENTATION_CONTEXT() REPRESENTATION_CONTEXT('2D SPACE',''
  ) );
#9518 = ORIENTED_EDGE('',*,*,#7944,.F.);
#9519 = ORIENTED_EDGE('',*,*,#9400,.F.);
#9520 = ADVANCED_FACE('',(#9521),#7989,.F.);
#9521 = FACE_BOUND('',#9522,.F.);
#9522 = EDGE_LOOP('',(#9523,#9544,#9545,#9546));
#9523 = ORIENTED_EDGE('',*,*,#9524,.F.);
#9524 = EDGE_CURVE('',#9475,#9425,#9525,.T.);
#9525 = SURFACE_CURVE('',#9526,(#9530,#9537),.PCURVE_S1.);
#9526 = LINE('',#9527,#9528);
#9527 = CARTESIAN_POINT('',(28.08715,4.725,9.65));
#9528 = VECTOR('',#9529,1.);
#9529 = DIRECTION('',(-1.,0.,0.));
#9530 = PCURVE('',#7989,#9531);
#9531 = DEFINITIONAL_REPRESENTATION('',(#9532),#9536);
#9532 = LINE('',#9533,#9534);
#9533 = CARTESIAN_POINT('',(0.,-0.));
#9534 = VECTOR('',#9535,1.);
#9535 = DIRECTION('',(1.,0.));
#9536 = ( GEOMETRIC_REPRESENTATION_CONTEXT(2) 
PARAMETRIC_REPRESENTATION_CONTEXT() REPRESENTATION_CONTEXT('2D SPACE',''
  ) );
#9537 = PCURVE('',#9164,#9538);
#9538 = DEFINITIONAL_REPRESENTATION('',(#9539),#9543);
#9539 = LINE('',#9540,#9541);
#9540 = CARTESIAN_POINT('',(28.08715,4.572318289868));
#9541 = VECTOR('',#9542,1.);
#9542 = DIRECTION('',(-1.,0.));
#9543 = ( GEOMETRIC_REPRESENTATION_CONTEXT(2) 
PARAMETRIC_REPRESENTATION_CONTEXT() REPRESENTATION_CONTEXT('2D SPACE',''
  ) );
#9544 = ORIENTED_EDGE('',*,*,#9498,.T.);
#9545 = ORIENTED_EDGE('',*,*,#7973,.T.);
#9546 = ORIENTED_EDGE('',*,*,#9450,.F.);
#9547 = ADVANCED_FACE('',(#9548,#9782),#9164,.T.);
#9548 = FACE_BOUND('',#9549,.T.);
#9549 = EDGE_LOOP('',(#9550,#9580,#9609,#9637,#9666,#9694,#9723,#9751));
#9550 = ORIENTED_EDGE('',*,*,#9551,.T.);
#9551 = EDGE_CURVE('',#9552,#9554,#9556,.T.);
#9552 = VERTEX_POINT('',#9553);
#9553 = CARTESIAN_POINT('',(-26.13676487715,-5.415,9.65));
#9554 = VERTEX_POINT('',#9555);
#9555 = CARTESIAN_POINT('',(26.136764877158,-5.415,9.65));
#9556 = SURFACE_CURVE('',#9557,(#9561,#9568),.PCURVE_S1.);
#9557 = LINE('',#9558,#9559);
#9558 = CARTESIAN_POINT('',(-26.97779,-5.415,9.65));
#9559 = VECTOR('',#9560,1.);
#9560 = DIRECTION('',(1.,0.,0.));
#9561 = PCURVE('',#9164,#9562);
#9562 = DEFINITIONAL_REPRESENTATION('',(#9563),#9567);
#9563 = LINE('',#9564,#9565);
#9564 = CARTESIAN_POINT('',(-26.97779,-5.567681710132));
#9565 = VECTOR('',#9566,1.);
#9566 = DIRECTION('',(1.,0.));
#9567 = ( GEOMETRIC_REPRESENTATION_CONTEXT(2) 
PARAMETRIC_REPRESENTATION_CONTEXT() REPRESENTATION_CONTEXT('2D SPACE',''
  ) );
#9568 = PCURVE('',#9569,#9574);
#9569 = PLANE('',#9570);
#9570 = AXIS2_PLACEMENT_3D('',#9571,#9572,#9573);
#9571 = CARTESIAN_POINT('',(-26.97779,-5.415,7.54));
#9572 = DIRECTION('',(0.,1.,0.));
#9573 = DIRECTION('',(1.,0.,0.));
#9574 = DEFINITIONAL_REPRESENTATION('',(#9575),#9579);
#9575 = LINE('',#9576,#9577);
#9576 = CARTESIAN_POINT('',(0.,-2.11));
#9577 = VECTOR('',#9578,1.);
#9578 = DIRECTION('',(1.,0.));
#9579 = ( GEOMETRIC_REPRESENTATION_CONTEXT(2) 
PARAMETRIC_REPRESENTATION_CONTEXT() REPRESENTATION_CONTEXT('2D SPACE',''
  ) );
#9580 = ORIENTED_EDGE('',*,*,#9581,.T.);
#9581 = EDGE_CURVE('',#9554,#9582,#9584,.T.);
#9582 = VERTEX_POINT('',#9583);
#9583 = CARTESIAN_POINT('',(27.121962166857,-4.586424328408,9.65));
#9584 = SURFACE_CURVE('',#9585,(#9590,#9597),.PCURVE_S1.);
#9585 = CIRCLE('',#9586,1.);
#9586 = AXIS2_PLACEMENT_3D('',#9587,#9588,#9589);
#9587 = CARTESIAN_POINT('',(26.136764877158,-4.415,9.65));
#9588 = DIRECTION('',(0.,0.,1.));
#9589 = DIRECTION('',(0.,-1.,0.));
#9590 = PCURVE('',#9164,#9591);
#9591 = DEFINITIONAL_REPRESENTATION('',(#9592),#9596);
#9592 = CIRCLE('',#9593,1.);
#9593 = AXIS2_PLACEMENT_2D('',#9594,#9595);
#9594 = CARTESIAN_POINT('',(26.136764877158,-4.567681710132));
#9595 = DIRECTION('',(0.,-1.));
#9596 = ( GEOMETRIC_REPRESENTATION_CONTEXT(2) 
PARAMETRIC_REPRESENTATION_CONTEXT() REPRESENTATION_CONTEXT('2D SPACE',''
  ) );
#9597 = PCURVE('',#9598,#9603);
#9598 = CYLINDRICAL_SURFACE('',#9599,1.);
#9599 = AXIS2_PLACEMENT_3D('',#9600,#9601,#9602);
#9600 = CARTESIAN_POINT('',(26.136764877158,-4.415,7.54));
#9601 = DIRECTION('',(0.,0.,1.));
#9602 = DIRECTION('',(0.,-1.,0.));
#9603 = DEFINITIONAL_REPRESENTATION('',(#9604),#9608);
#9604 = LINE('',#9605,#9606);
#9605 = CARTESIAN_POINT('',(0.,2.11));
#9606 = VECTOR('',#9607,1.);
#9607 = DIRECTION('',(1.,0.));
#9608 = ( GEOMETRIC_REPRESENTATION_CONTEXT(2) 
PARAMETRIC_REPRESENTATION_CONTEXT() REPRESENTATION_CONTEXT('2D SPACE',''
  ) );
#9609 = ORIENTED_EDGE('',*,*,#9610,.T.);
#9610 = EDGE_CURVE('',#9582,#9611,#9613,.T.);
#9611 = VERTEX_POINT('',#9612);
#9612 = CARTESIAN_POINT('',(28.658382166857,4.243575671592,9.65));
#9613 = SURFACE_CURVE('',#9614,(#9618,#9625),.PCURVE_S1.);
#9614 = LINE('',#9615,#9616);
#9615 = CARTESIAN_POINT('',(26.97779,-5.415,9.65));
#9616 = VECTOR('',#9617,1.);
#9617 = DIRECTION('',(0.171424328408,0.985197289699,0.));
#9618 = PCURVE('',#9164,#9619);
#9619 = DEFINITIONAL_REPRESENTATION('',(#9620),#9624);
#9620 = LINE('',#9621,#9622);
#9621 = CARTESIAN_POINT('',(26.97779,-5.567681710132));
#9622 = VECTOR('',#9623,1.);
#9623 = DIRECTION('',(0.171424328408,0.985197289699));
#9624 = ( GEOMETRIC_REPRESENTATION_CONTEXT(2) 
PARAMETRIC_REPRESENTATION_CONTEXT() REPRESENTATION_CONTEXT('2D SPACE',''
  ) );
#9625 = PCURVE('',#9626,#9631);
#9626 = PLANE('',#9627);
#9627 = AXIS2_PLACEMENT_3D('',#9628,#9629,#9630);
#9628 = CARTESIAN_POINT('',(26.97779,-5.415,7.54));
#9629 = DIRECTION('',(-0.985197289699,0.171424328408,0.));
#9630 = DIRECTION('',(0.171424328408,0.985197289699,0.));
#9631 = DEFINITIONAL_REPRESENTATION('',(#9632),#9636);
#9632 = LINE('',#9633,#9634);
#9633 = CARTESIAN_POINT('',(0.,-2.11));
#9634 = VECTOR('',#9635,1.);
#9635 = DIRECTION('',(1.,0.));
#9636 = ( GEOMETRIC_REPRESENTATION_CONTEXT(2) 
PARAMETRIC_REPRESENTATION_CONTEXT() REPRESENTATION_CONTEXT('2D SPACE',''
  ) );
#9637 = ORIENTED_EDGE('',*,*,#9638,.T.);
#9638 = EDGE_CURVE('',#9611,#9639,#9641,.T.);
#9639 = VERTEX_POINT('',#9640);
#9640 = CARTESIAN_POINT('',(27.673184877158,5.415,9.65));
#9641 = SURFACE_CURVE('',#9642,(#9647,#9654),.PCURVE_S1.);
#9642 = CIRCLE('',#9643,1.);
#9643 = AXIS2_PLACEMENT_3D('',#9644,#9645,#9646);
#9644 = CARTESIAN_POINT('',(27.673184877158,4.415,9.65));
#9645 = DIRECTION('',(0.,0.,1.));
#9646 = DIRECTION('',(0.,-1.,0.));
#9647 = PCURVE('',#9164,#9648);
#9648 = DEFINITIONAL_REPRESENTATION('',(#9649),#9653);
#9649 = CIRCLE('',#9650,1.);
#9650 = AXIS2_PLACEMENT_2D('',#9651,#9652);
#9651 = CARTESIAN_POINT('',(27.673184877158,4.262318289868));
#9652 = DIRECTION('',(0.,-1.));
#9653 = ( GEOMETRIC_REPRESENTATION_CONTEXT(2) 
PARAMETRIC_REPRESENTATION_CONTEXT() REPRESENTATION_CONTEXT('2D SPACE',''
  ) );
#9654 = PCURVE('',#9655,#9660);
#9655 = CYLINDRICAL_SURFACE('',#9656,1.);
#9656 = AXIS2_PLACEMENT_3D('',#9657,#9658,#9659);
#9657 = CARTESIAN_POINT('',(27.673184877158,4.415,7.54));
#9658 = DIRECTION('',(0.,0.,1.));
#9659 = DIRECTION('',(0.985197289699,-0.171424328408,0.));
#9660 = DEFINITIONAL_REPRESENTATION('',(#9661),#9665);
#9661 = LINE('',#9662,#9663);
#9662 = CARTESIAN_POINT('',(-1.398521109841,2.11));
#9663 = VECTOR('',#9664,1.);
#9664 = DIRECTION('',(1.,0.));
#9665 = ( GEOMETRIC_REPRESENTATION_CONTEXT(2) 
PARAMETRIC_REPRESENTATION_CONTEXT() REPRESENTATION_CONTEXT('2D SPACE',''
  ) );
#9666 = ORIENTED_EDGE('',*,*,#9667,.T.);
#9667 = EDGE_CURVE('',#9639,#9668,#9670,.T.);
#9668 = VERTEX_POINT('',#9669);
#9669 = CARTESIAN_POINT('',(-27.67318487715,5.415,9.65));
#9670 = SURFACE_CURVE('',#9671,(#9675,#9682),.PCURVE_S1.);
#9671 = LINE('',#9672,#9673);
#9672 = CARTESIAN_POINT('',(28.86221,5.415,9.65));
#9673 = VECTOR('',#9674,1.);
#9674 = DIRECTION('',(-1.,0.,0.));
#9675 = PCURVE('',#9164,#9676);
#9676 = DEFINITIONAL_REPRESENTATION('',(#9677),#9681);
#9677 = LINE('',#9678,#9679);
#9678 = CARTESIAN_POINT('',(28.86221,5.262318289868));
#9679 = VECTOR('',#9680,1.);
#9680 = DIRECTION('',(-1.,0.));
#9681 = ( GEOMETRIC_REPRESENTATION_CONTEXT(2) 
PARAMETRIC_REPRESENTATION_CONTEXT() REPRESENTATION_CONTEXT('2D SPACE',''
  ) );
#9682 = PCURVE('',#9683,#9688);
#9683 = PLANE('',#9684);
#9684 = AXIS2_PLACEMENT_3D('',#9685,#9686,#9687);
#9685 = CARTESIAN_POINT('',(28.86221,5.415,7.54));
#9686 = DIRECTION('',(0.,-1.,0.));
#9687 = DIRECTION('',(-1.,0.,0.));
#9688 = DEFINITIONAL_REPRESENTATION('',(#9689),#9693);
#9689 = LINE('',#9690,#9691);
#9690 = CARTESIAN_POINT('',(0.,-2.11));
#9691 = VECTOR('',#9692,1.);
#9692 = DIRECTION('',(1.,0.));
#9693 = ( GEOMETRIC_REPRESENTATION_CONTEXT(2) 
PARAMETRIC_REPRESENTATION_CONTEXT() REPRESENTATION_CONTEXT('2D SPACE',''
  ) );
#9694 = ORIENTED_EDGE('',*,*,#9695,.T.);
#9695 = EDGE_CURVE('',#9668,#9696,#9698,.T.);
#9696 = VERTEX_POINT('',#9697);
#9697 = CARTESIAN_POINT('',(-28.65838216685,4.243575671592,9.65));
#9698 = SURFACE_CURVE('',#9699,(#9704,#9711),.PCURVE_S1.);
#9699 = CIRCLE('',#9700,1.);
#9700 = AXIS2_PLACEMENT_3D('',#9701,#9702,#9703);
#9701 = CARTESIAN_POINT('',(-27.67318487715,4.415,9.65));
#9702 = DIRECTION('',(0.,0.,1.));
#9703 = DIRECTION('',(0.,-1.,0.));
#9704 = PCURVE('',#9164,#9705);
#9705 = DEFINITIONAL_REPRESENTATION('',(#9706),#9710);
#9706 = CIRCLE('',#9707,1.);
#9707 = AXIS2_PLACEMENT_2D('',#9708,#9709);
#9708 = CARTESIAN_POINT('',(-27.67318487715,4.262318289868));
#9709 = DIRECTION('',(0.,-1.));
#9710 = ( GEOMETRIC_REPRESENTATION_CONTEXT(2) 
PARAMETRIC_REPRESENTATION_CONTEXT() REPRESENTATION_CONTEXT('2D SPACE',''
  ) );
#9711 = PCURVE('',#9712,#9717);
#9712 = CYLINDRICAL_SURFACE('',#9713,1.);
#9713 = AXIS2_PLACEMENT_3D('',#9714,#9715,#9716);
#9714 = CARTESIAN_POINT('',(-27.67318487715,4.415,7.54));
#9715 = DIRECTION('',(0.,0.,1.));
#9716 = DIRECTION('',(-0.,1.,0.));
#9717 = DEFINITIONAL_REPRESENTATION('',(#9718),#9722);
#9718 = LINE('',#9719,#9720);
#9719 = CARTESIAN_POINT('',(-3.14159265359,2.11));
#9720 = VECTOR('',#9721,1.);
#9721 = DIRECTION('',(1.,0.));
#9722 = ( GEOMETRIC_REPRESENTATION_CONTEXT(2) 
PARAMETRIC_REPRESENTATION_CONTEXT() REPRESENTATION_CONTEXT('2D SPACE',''
  ) );
#9723 = ORIENTED_EDGE('',*,*,#9724,.T.);
#9724 = EDGE_CURVE('',#9696,#9725,#9727,.T.);
#9725 = VERTEX_POINT('',#9726);
#9726 = CARTESIAN_POINT('',(-27.12196216685,-4.586424328408,9.65));
#9727 = SURFACE_CURVE('',#9728,(#9732,#9739),.PCURVE_S1.);
#9728 = LINE('',#9729,#9730);
#9729 = CARTESIAN_POINT('',(-28.86221,5.415,9.65));
#9730 = VECTOR('',#9731,1.);
#9731 = DIRECTION('',(0.171424328408,-0.985197289699,0.));
#9732 = PCURVE('',#9164,#9733);
#9733 = DEFINITIONAL_REPRESENTATION('',(#9734),#9738);
#9734 = LINE('',#9735,#9736);
#9735 = CARTESIAN_POINT('',(-28.86221,5.262318289868));
#9736 = VECTOR('',#9737,1.);
#9737 = DIRECTION('',(0.171424328408,-0.985197289699));
#9738 = ( GEOMETRIC_REPRESENTATION_CONTEXT(2) 
PARAMETRIC_REPRESENTATION_CONTEXT() REPRESENTATION_CONTEXT('2D SPACE',''
  ) );
#9739 = PCURVE('',#9740,#9745);
#9740 = PLANE('',#9741);
#9741 = AXIS2_PLACEMENT_3D('',#9742,#9743,#9744);
#9742 = CARTESIAN_POINT('',(-28.86221,5.415,7.54));
#9743 = DIRECTION('',(0.985197289699,0.171424328408,-0.));
#9744 = DIRECTION('',(0.171424328408,-0.985197289699,0.));
#9745 = DEFINITIONAL_REPRESENTATION('',(#9746),#9750);
#9746 = LINE('',#9747,#9748);
#9747 = CARTESIAN_POINT('',(0.,-2.11));
#9748 = VECTOR('',#9749,1.);
#9749 = DIRECTION('',(1.,0.));
#9750 = ( GEOMETRIC_REPRESENTATION_CONTEXT(2) 
PARAMETRIC_REPRESENTATION_CONTEXT() REPRESENTATION_CONTEXT('2D SPACE',''
  ) );
#9751 = ORIENTED_EDGE('',*,*,#9752,.F.);
#9752 = EDGE_CURVE('',#9552,#9725,#9753,.T.);
#9753 = SURFACE_CURVE('',#9754,(#9759,#9770),.PCURVE_S1.);
#9754 = CIRCLE('',#9755,1.);
#9755 = AXIS2_PLACEMENT_3D('',#9756,#9757,#9758);
#9756 = CARTESIAN_POINT('',(-26.13676487715,-4.415,9.65));
#9757 = DIRECTION('',(-0.,-0.,-1.));
#9758 = DIRECTION('',(0.,-1.,0.));
#9759 = PCURVE('',#9164,#9760);
#9760 = DEFINITIONAL_REPRESENTATION('',(#9761),#9769);
#9761 = ( BOUNDED_CURVE() B_SPLINE_CURVE(2,(#9762,#9763,#9764,#9765,
#9766,#9767,#9768),.UNSPECIFIED.,.T.,.F.) B_SPLINE_CURVE_WITH_KNOTS((1,2
    ,2,2,2,1),(-2.094395102393,0.,2.094395102393,4.188790204786,
6.28318530718,8.377580409573),.UNSPECIFIED.) CURVE() 
GEOMETRIC_REPRESENTATION_ITEM() RATIONAL_B_SPLINE_CURVE((1.,0.5,1.,0.5,
1.,0.5,1.)) REPRESENTATION_ITEM('') );
#9762 = CARTESIAN_POINT('',(-26.13676487715,-5.567681710132));
#9763 = CARTESIAN_POINT('',(-27.86881568472,-5.567681710132));
#9764 = CARTESIAN_POINT('',(-27.00279028094,-4.067681710132));
#9765 = CARTESIAN_POINT('',(-26.13676487715,-2.567681710132));
#9766 = CARTESIAN_POINT('',(-25.27073947337,-4.067681710132));
#9767 = CARTESIAN_POINT('',(-24.40471406958,-5.567681710132));
#9768 = CARTESIAN_POINT('',(-26.13676487715,-5.567681710132));
#9769 = ( GEOMETRIC_REPRESENTATION_CONTEXT(2) 
PARAMETRIC_REPRESENTATION_CONTEXT() REPRESENTATION_CONTEXT('2D SPACE',''
  ) );
#9770 = PCURVE('',#9771,#9776);
#9771 = CYLINDRICAL_SURFACE('',#9772,1.);
#9772 = AXIS2_PLACEMENT_3D('',#9773,#9774,#9775);
#9773 = CARTESIAN_POINT('',(-26.13676487715,-4.415,7.54));
#9774 = DIRECTION('',(0.,0.,1.));
#9775 = DIRECTION('',(0.,-1.,0.));
#9776 = DEFINITIONAL_REPRESENTATION('',(#9777),#9781);
#9777 = LINE('',#9778,#9779);
#9778 = CARTESIAN_POINT('',(-0.,2.11));
#9779 = VECTOR('',#9780,1.);
#9780 = DIRECTION('',(-1.,0.));
#9781 = ( GEOMETRIC_REPRESENTATION_CONTEXT(2) 
PARAMETRIC_REPRESENTATION_CONTEXT() REPRESENTATION_CONTEXT('2D SPACE',''
  ) );
#9782 = FACE_BOUND('',#9783,.T.);
#9783 = EDGE_LOOP('',(#9784,#9785,#9786,#9787,#9788,#9789,#9790,#9791));
#9784 = ORIENTED_EDGE('',*,*,#9146,.F.);
#9785 = ORIENTED_EDGE('',*,*,#9222,.T.);
#9786 = ORIENTED_EDGE('',*,*,#9326,.F.);
#9787 = ORIENTED_EDGE('',*,*,#9424,.F.);
#9788 = ORIENTED_EDGE('',*,*,#9524,.F.);
#9789 = ORIENTED_EDGE('',*,*,#9474,.F.);
#9790 = ORIENTED_EDGE('',*,*,#9375,.F.);
#9791 = ORIENTED_EDGE('',*,*,#9276,.F.);
#9792 = ADVANCED_FACE('',(#9793),#9569,.F.);
#9793 = FACE_BOUND('',#9794,.F.);
#9794 = EDGE_LOOP('',(#9795,#9825,#9846,#9847));
#9795 = ORIENTED_EDGE('',*,*,#9796,.F.);
#9796 = EDGE_CURVE('',#9797,#9799,#9801,.T.);
#9797 = VERTEX_POINT('',#9798);
#9798 = CARTESIAN_POINT('',(-26.13676487715,-5.415,7.54));
#9799 = VERTEX_POINT('',#9800);
#9800 = CARTESIAN_POINT('',(26.136764877158,-5.415,7.54));
#9801 = SURFACE_CURVE('',#9802,(#9806,#9813),.PCURVE_S1.);
#9802 = LINE('',#9803,#9804);
#9803 = CARTESIAN_POINT('',(-26.97779,-5.415,7.54));
#9804 = VECTOR('',#9805,1.);
#9805 = DIRECTION('',(1.,0.,0.));
#9806 = PCURVE('',#9569,#9807);
#9807 = DEFINITIONAL_REPRESENTATION('',(#9808),#9812);
#9808 = LINE('',#9809,#9810);
#9809 = CARTESIAN_POINT('',(0.,0.));
#9810 = VECTOR('',#9811,1.);
#9811 = DIRECTION('',(1.,0.));
#9812 = ( GEOMETRIC_REPRESENTATION_CONTEXT(2) 
PARAMETRIC_REPRESENTATION_CONTEXT() REPRESENTATION_CONTEXT('2D SPACE',''
  ) );
#9813 = PCURVE('',#9814,#9819);
#9814 = PLANE('',#9815);
#9815 = AXIS2_PLACEMENT_3D('',#9816,#9817,#9818);
#9816 = CARTESIAN_POINT('',(-2.065607867253E-16,0.176378939654,7.54));
#9817 = DIRECTION('',(0.,0.,1.));
#9818 = DIRECTION('',(1.,0.,-0.));
#9819 = DEFINITIONAL_REPRESENTATION('',(#9820),#9824);
#9820 = LINE('',#9821,#9822);
#9821 = CARTESIAN_POINT('',(-26.97779,-5.591378939654));
#9822 = VECTOR('',#9823,1.);
#9823 = DIRECTION('',(1.,0.));
#9824 = ( GEOMETRIC_REPRESENTATION_CONTEXT(2) 
PARAMETRIC_REPRESENTATION_CONTEXT() REPRESENTATION_CONTEXT('2D SPACE',''
  ) );
#9825 = ORIENTED_EDGE('',*,*,#9826,.T.);
#9826 = EDGE_CURVE('',#9797,#9552,#9827,.T.);
#9827 = SURFACE_CURVE('',#9828,(#9832,#9839),.PCURVE_S1.);
#9828 = LINE('',#9829,#9830);
#9829 = CARTESIAN_POINT('',(-26.13676487715,-5.415,7.54));
#9830 = VECTOR('',#9831,1.);
#9831 = DIRECTION('',(0.,0.,1.));
#9832 = PCURVE('',#9569,#9833);
#9833 = DEFINITIONAL_REPRESENTATION('',(#9834),#9838);
#9834 = LINE('',#9835,#9836);
#9835 = CARTESIAN_POINT('',(0.841025122842,0.));
#9836 = VECTOR('',#9837,1.);
#9837 = DIRECTION('',(0.,-1.));
#9838 = ( GEOMETRIC_REPRESENTATION_CONTEXT(2) 
PARAMETRIC_REPRESENTATION_CONTEXT() REPRESENTATION_CONTEXT('2D SPACE',''
  ) );
#9839 = PCURVE('',#9771,#9840);
#9840 = DEFINITIONAL_REPRESENTATION('',(#9841),#9845);
#9841 = LINE('',#9842,#9843);
#9842 = CARTESIAN_POINT('',(-0.,0.));
#9843 = VECTOR('',#9844,1.);
#9844 = DIRECTION('',(-0.,1.));
#9845 = ( GEOMETRIC_REPRESENTATION_CONTEXT(2) 
PARAMETRIC_REPRESENTATION_CONTEXT() REPRESENTATION_CONTEXT('2D SPACE',''
  ) );
#9846 = ORIENTED_EDGE('',*,*,#9551,.T.);
#9847 = ORIENTED_EDGE('',*,*,#9848,.F.);
#9848 = EDGE_CURVE('',#9799,#9554,#9849,.T.);
#9849 = SURFACE_CURVE('',#9850,(#9854,#9861),.PCURVE_S1.);
#9850 = LINE('',#9851,#9852);
#9851 = CARTESIAN_POINT('',(26.136764877158,-5.415,7.54));
#9852 = VECTOR('',#9853,1.);
#9853 = DIRECTION('',(0.,0.,1.));
#9854 = PCURVE('',#9569,#9855);
#9855 = DEFINITIONAL_REPRESENTATION('',(#9856),#9860);
#9856 = LINE('',#9857,#9858);
#9857 = CARTESIAN_POINT('',(53.114554877158,0.));
#9858 = VECTOR('',#9859,1.);
#9859 = DIRECTION('',(0.,-1.));
#9860 = ( GEOMETRIC_REPRESENTATION_CONTEXT(2) 
PARAMETRIC_REPRESENTATION_CONTEXT() REPRESENTATION_CONTEXT('2D SPACE',''
  ) );
#9861 = PCURVE('',#9598,#9862);
#9862 = DEFINITIONAL_REPRESENTATION('',(#9863),#9867);
#9863 = LINE('',#9864,#9865);
#9864 = CARTESIAN_POINT('',(0.,0.));
#9865 = VECTOR('',#9866,1.);
#9866 = DIRECTION('',(0.,1.));
#9867 = ( GEOMETRIC_REPRESENTATION_CONTEXT(2) 
PARAMETRIC_REPRESENTATION_CONTEXT() REPRESENTATION_CONTEXT('2D SPACE',''
  ) );
#9868 = ADVANCED_FACE('',(#9869),#9771,.T.);
#9869 = FACE_BOUND('',#9870,.F.);
#9870 = EDGE_LOOP('',(#9871,#9899,#9920,#9921));
#9871 = ORIENTED_EDGE('',*,*,#9872,.T.);
#9872 = EDGE_CURVE('',#9797,#9873,#9875,.T.);
#9873 = VERTEX_POINT('',#9874);
#9874 = CARTESIAN_POINT('',(-27.12196216685,-4.586424328408,7.54));
#9875 = SURFACE_CURVE('',#9876,(#9881,#9888),.PCURVE_S1.);
#9876 = CIRCLE('',#9877,1.);
#9877 = AXIS2_PLACEMENT_3D('',#9878,#9879,#9880);
#9878 = CARTESIAN_POINT('',(-26.13676487715,-4.415,7.54));
#9879 = DIRECTION('',(-0.,-0.,-1.));
#9880 = DIRECTION('',(0.,-1.,0.));
#9881 = PCURVE('',#9771,#9882);
#9882 = DEFINITIONAL_REPRESENTATION('',(#9883),#9887);
#9883 = LINE('',#9884,#9885);
#9884 = CARTESIAN_POINT('',(-0.,8.881784197001E-16));
#9885 = VECTOR('',#9886,1.);
#9886 = DIRECTION('',(-1.,0.));
#9887 = ( GEOMETRIC_REPRESENTATION_CONTEXT(2) 
PARAMETRIC_REPRESENTATION_CONTEXT() REPRESENTATION_CONTEXT('2D SPACE',''
  ) );
#9888 = PCURVE('',#9814,#9889);
#9889 = DEFINITIONAL_REPRESENTATION('',(#9890),#9898);
#9890 = ( BOUNDED_CURVE() B_SPLINE_CURVE(2,(#9891,#9892,#9893,#9894,
#9895,#9896,#9897),.UNSPECIFIED.,.T.,.F.) B_SPLINE_CURVE_WITH_KNOTS((1,2
    ,2,2,2,1),(-2.094395102393,0.,2.094395102393,4.188790204786,
6.28318530718,8.377580409573),.UNSPECIFIED.) CURVE() 
GEOMETRIC_REPRESENTATION_ITEM() RATIONAL_B_SPLINE_CURVE((1.,0.5,1.,0.5,
1.,0.5,1.)) REPRESENTATION_ITEM('') );
#9891 = CARTESIAN_POINT('',(-26.13676487715,-5.591378939654));
#9892 = CARTESIAN_POINT('',(-27.86881568472,-5.591378939654));
#9893 = CARTESIAN_POINT('',(-27.00279028094,-4.091378939654));
#9894 = CARTESIAN_POINT('',(-26.13676487715,-2.591378939654));
#9895 = CARTESIAN_POINT('',(-25.27073947337,-4.091378939654));
#9896 = CARTESIAN_POINT('',(-24.40471406958,-5.591378939654));
#9897 = CARTESIAN_POINT('',(-26.13676487715,-5.591378939654));
#9898 = ( GEOMETRIC_REPRESENTATION_CONTEXT(2) 
PARAMETRIC_REPRESENTATION_CONTEXT() REPRESENTATION_CONTEXT('2D SPACE',''
  ) );
#9899 = ORIENTED_EDGE('',*,*,#9900,.T.);
#9900 = EDGE_CURVE('',#9873,#9725,#9901,.T.);
#9901 = SURFACE_CURVE('',#9902,(#9906,#9913),.PCURVE_S1.);
#9902 = LINE('',#9903,#9904);
#9903 = CARTESIAN_POINT('',(-27.12196216685,-4.586424328408,7.54));
#9904 = VECTOR('',#9905,1.);
#9905 = DIRECTION('',(0.,0.,1.));
#9906 = PCURVE('',#9771,#9907);
#9907 = DEFINITIONAL_REPRESENTATION('',(#9908),#9912);
#9908 = LINE('',#9909,#9910);
#9909 = CARTESIAN_POINT('',(-1.398521109841,0.));
#9910 = VECTOR('',#9911,1.);
#9911 = DIRECTION('',(-0.,1.));
#9912 = ( GEOMETRIC_REPRESENTATION_CONTEXT(2) 
PARAMETRIC_REPRESENTATION_CONTEXT() REPRESENTATION_CONTEXT('2D SPACE',''
  ) );
#9913 = PCURVE('',#9740,#9914);
#9914 = DEFINITIONAL_REPRESENTATION('',(#9915),#9919);
#9915 = LINE('',#9916,#9917);
#9916 = CARTESIAN_POINT('',(10.151696957535,0.));
#9917 = VECTOR('',#9918,1.);
#9918 = DIRECTION('',(0.,-1.));
#9919 = ( GEOMETRIC_REPRESENTATION_CONTEXT(2) 
PARAMETRIC_REPRESENTATION_CONTEXT() REPRESENTATION_CONTEXT('2D SPACE',''
  ) );
#9920 = ORIENTED_EDGE('',*,*,#9752,.F.);
#9921 = ORIENTED_EDGE('',*,*,#9826,.F.);
#9922 = ADVANCED_FACE('',(#9923),#9598,.T.);
#9923 = FACE_BOUND('',#9924,.T.);
#9924 = EDGE_LOOP('',(#9925,#9949,#9970,#9971));
#9925 = ORIENTED_EDGE('',*,*,#9926,.T.);
#9926 = EDGE_CURVE('',#9799,#9927,#9929,.T.);
#9927 = VERTEX_POINT('',#9928);
#9928 = CARTESIAN_POINT('',(27.121962166857,-4.586424328408,7.54));
#9929 = SURFACE_CURVE('',#9930,(#9935,#9942),.PCURVE_S1.);
#9930 = CIRCLE('',#9931,1.);
#9931 = AXIS2_PLACEMENT_3D('',#9932,#9933,#9934);
#9932 = CARTESIAN_POINT('',(26.136764877158,-4.415,7.54));
#9933 = DIRECTION('',(0.,0.,1.));
#9934 = DIRECTION('',(0.,-1.,0.));
#9935 = PCURVE('',#9598,#9936);
#9936 = DEFINITIONAL_REPRESENTATION('',(#9937),#9941);
#9937 = LINE('',#9938,#9939);
#9938 = CARTESIAN_POINT('',(0.,8.881784197001E-16));
#9939 = VECTOR('',#9940,1.);
#9940 = DIRECTION('',(1.,0.));
#9941 = ( GEOMETRIC_REPRESENTATION_CONTEXT(2) 
PARAMETRIC_REPRESENTATION_CONTEXT() REPRESENTATION_CONTEXT('2D SPACE',''
  ) );
#9942 = PCURVE('',#9814,#9943);
#9943 = DEFINITIONAL_REPRESENTATION('',(#9944),#9948);
#9944 = CIRCLE('',#9945,1.);
#9945 = AXIS2_PLACEMENT_2D('',#9946,#9947);
#9946 = CARTESIAN_POINT('',(26.136764877158,-4.591378939654));
#9947 = DIRECTION('',(0.,-1.));
#9948 = ( GEOMETRIC_REPRESENTATION_CONTEXT(2) 
PARAMETRIC_REPRESENTATION_CONTEXT() REPRESENTATION_CONTEXT('2D SPACE',''
  ) );
#9949 = ORIENTED_EDGE('',*,*,#9950,.T.);
#9950 = EDGE_CURVE('',#9927,#9582,#9951,.T.);
#9951 = SURFACE_CURVE('',#9952,(#9956,#9963),.PCURVE_S1.);
#9952 = LINE('',#9953,#9954);
#9953 = CARTESIAN_POINT('',(27.121962166857,-4.586424328408,7.54));
#9954 = VECTOR('',#9955,1.);
#9955 = DIRECTION('',(0.,0.,1.));
#9956 = PCURVE('',#9598,#9957);
#9957 = DEFINITIONAL_REPRESENTATION('',(#9958),#9962);
#9958 = LINE('',#9959,#9960);
#9959 = CARTESIAN_POINT('',(1.398521109841,0.));
#9960 = VECTOR('',#9961,1.);
#9961 = DIRECTION('',(0.,1.));
#9962 = ( GEOMETRIC_REPRESENTATION_CONTEXT(2) 
PARAMETRIC_REPRESENTATION_CONTEXT() REPRESENTATION_CONTEXT('2D SPACE',''
  ) );
#9963 = PCURVE('',#9626,#9964);
#9964 = DEFINITIONAL_REPRESENTATION('',(#9965),#9969);
#9965 = LINE('',#9966,#9967);
#9966 = CARTESIAN_POINT('',(0.841025122842,0.));
#9967 = VECTOR('',#9968,1.);
#9968 = DIRECTION('',(0.,-1.));
#9969 = ( GEOMETRIC_REPRESENTATION_CONTEXT(2) 
PARAMETRIC_REPRESENTATION_CONTEXT() REPRESENTATION_CONTEXT('2D SPACE',''
  ) );
#9970 = ORIENTED_EDGE('',*,*,#9581,.F.);
#9971 = ORIENTED_EDGE('',*,*,#9848,.F.);
#9972 = ADVANCED_FACE('',(#9973),#9740,.F.);
#9973 = FACE_BOUND('',#9974,.F.);
#9974 = EDGE_LOOP('',(#9975,#9998,#10019,#10020));
#9975 = ORIENTED_EDGE('',*,*,#9976,.F.);
#9976 = EDGE_CURVE('',#9977,#9873,#9979,.T.);
#9977 = VERTEX_POINT('',#9978);
#9978 = CARTESIAN_POINT('',(-28.65838216685,4.243575671592,7.54));
#9979 = SURFACE_CURVE('',#9980,(#9984,#9991),.PCURVE_S1.);
#9980 = LINE('',#9981,#9982);
#9981 = CARTESIAN_POINT('',(-28.86221,5.415,7.54));
#9982 = VECTOR('',#9983,1.);
#9983 = DIRECTION('',(0.171424328408,-0.985197289699,0.));
#9984 = PCURVE('',#9740,#9985);
#9985 = DEFINITIONAL_REPRESENTATION('',(#9986),#9990);
#9986 = LINE('',#9987,#9988);
#9987 = CARTESIAN_POINT('',(0.,0.));
#9988 = VECTOR('',#9989,1.);
#9989 = DIRECTION('',(1.,0.));
#9990 = ( GEOMETRIC_REPRESENTATION_CONTEXT(2) 
PARAMETRIC_REPRESENTATION_CONTEXT() REPRESENTATION_CONTEXT('2D SPACE',''
  ) );
#9991 = PCURVE('',#9814,#9992);
#9992 = DEFINITIONAL_REPRESENTATION('',(#9993),#9997);
#9993 = LINE('',#9994,#9995);
#9994 = CARTESIAN_POINT('',(-28.86221,5.238621060346));
#9995 = VECTOR('',#9996,1.);
#9996 = DIRECTION('',(0.171424328408,-0.985197289699));
#9997 = ( GEOMETRIC_REPRESENTATION_CONTEXT(2) 
PARAMETRIC_REPRESENTATION_CONTEXT() REPRESENTATION_CONTEXT('2D SPACE',''
  ) );
#9998 = ORIENTED_EDGE('',*,*,#9999,.T.);
#9999 = EDGE_CURVE('',#9977,#9696,#10000,.T.);
#10000 = SURFACE_CURVE('',#10001,(#10005,#10012),.PCURVE_S1.);
#10001 = LINE('',#10002,#10003);
#10002 = CARTESIAN_POINT('',(-28.65838216685,4.243575671592,7.54));
#10003 = VECTOR('',#10004,1.);
#10004 = DIRECTION('',(0.,0.,1.));
#10005 = PCURVE('',#9740,#10006);
#10006 = DEFINITIONAL_REPRESENTATION('',(#10007),#10011);
#10007 = LINE('',#10008,#10009);
#10008 = CARTESIAN_POINT('',(1.189025122842,0.));
#10009 = VECTOR('',#10010,1.);
#10010 = DIRECTION('',(0.,-1.));
#10011 = ( GEOMETRIC_REPRESENTATION_CONTEXT(2) 
PARAMETRIC_REPRESENTATION_CONTEXT() REPRESENTATION_CONTEXT('2D SPACE',''
  ) );
#10012 = PCURVE('',#9712,#10013);
#10013 = DEFINITIONAL_REPRESENTATION('',(#10014),#10018);
#10014 = LINE('',#10015,#10016);
#10015 = CARTESIAN_POINT('',(1.743071543748,0.));
#10016 = VECTOR('',#10017,1.);
#10017 = DIRECTION('',(0.,1.));
#10018 = ( GEOMETRIC_REPRESENTATION_CONTEXT(2) 
PARAMETRIC_REPRESENTATION_CONTEXT() REPRESENTATION_CONTEXT('2D SPACE',''
  ) );
#10019 = ORIENTED_EDGE('',*,*,#9724,.T.);
#10020 = ORIENTED_EDGE('',*,*,#9900,.F.);
#10021 = ADVANCED_FACE('',(#10022),#9626,.F.);
#10022 = FACE_BOUND('',#10023,.F.);
#10023 = EDGE_LOOP('',(#10024,#10047,#10048,#10049));
#10024 = ORIENTED_EDGE('',*,*,#10025,.F.);
#10025 = EDGE_CURVE('',#9927,#10026,#10028,.T.);
#10026 = VERTEX_POINT('',#10027);
#10027 = CARTESIAN_POINT('',(28.658382166857,4.243575671592,7.54));
#10028 = SURFACE_CURVE('',#10029,(#10033,#10040),.PCURVE_S1.);
#10029 = LINE('',#10030,#10031);
#10030 = CARTESIAN_POINT('',(26.97779,-5.415,7.54));
#10031 = VECTOR('',#10032,1.);
#10032 = DIRECTION('',(0.171424328408,0.985197289699,0.));
#10033 = PCURVE('',#9626,#10034);
#10034 = DEFINITIONAL_REPRESENTATION('',(#10035),#10039);
#10035 = LINE('',#10036,#10037);
#10036 = CARTESIAN_POINT('',(0.,0.));
#10037 = VECTOR('',#10038,1.);
#10038 = DIRECTION('',(1.,0.));
#10039 = ( GEOMETRIC_REPRESENTATION_CONTEXT(2) 
PARAMETRIC_REPRESENTATION_CONTEXT() REPRESENTATION_CONTEXT('2D SPACE',''
  ) );
#10040 = PCURVE('',#9814,#10041);
#10041 = DEFINITIONAL_REPRESENTATION('',(#10042),#10046);
#10042 = LINE('',#10043,#10044);
#10043 = CARTESIAN_POINT('',(26.97779,-5.591378939654));
#10044 = VECTOR('',#10045,1.);
#10045 = DIRECTION('',(0.171424328408,0.985197289699));
#10046 = ( GEOMETRIC_REPRESENTATION_CONTEXT(2) 
PARAMETRIC_REPRESENTATION_CONTEXT() REPRESENTATION_CONTEXT('2D SPACE',''
  ) );
#10047 = ORIENTED_EDGE('',*,*,#9950,.T.);
#10048 = ORIENTED_EDGE('',*,*,#9610,.T.);
#10049 = ORIENTED_EDGE('',*,*,#10050,.F.);
#10050 = EDGE_CURVE('',#10026,#9611,#10051,.T.);
#10051 = SURFACE_CURVE('',#10052,(#10056,#10063),.PCURVE_S1.);
#10052 = LINE('',#10053,#10054);
#10053 = CARTESIAN_POINT('',(28.658382166857,4.243575671592,7.54));
#10054 = VECTOR('',#10055,1.);
#10055 = DIRECTION('',(0.,0.,1.));
#10056 = PCURVE('',#9626,#10057);
#10057 = DEFINITIONAL_REPRESENTATION('',(#10058),#10062);
#10058 = LINE('',#10059,#10060);
#10059 = CARTESIAN_POINT('',(9.803696957535,0.));
#10060 = VECTOR('',#10061,1.);
#10061 = DIRECTION('',(0.,-1.));
#10062 = ( GEOMETRIC_REPRESENTATION_CONTEXT(2) 
PARAMETRIC_REPRESENTATION_CONTEXT() REPRESENTATION_CONTEXT('2D SPACE',''
  ) );
#10063 = PCURVE('',#9655,#10064);
#10064 = DEFINITIONAL_REPRESENTATION('',(#10065),#10069);
#10065 = LINE('',#10066,#10067);
#10066 = CARTESIAN_POINT('',(0.,0.));
#10067 = VECTOR('',#10068,1.);
#10068 = DIRECTION('',(0.,1.));
#10069 = ( GEOMETRIC_REPRESENTATION_CONTEXT(2) 
PARAMETRIC_REPRESENTATION_CONTEXT() REPRESENTATION_CONTEXT('2D SPACE',''
  ) );
#10070 = ADVANCED_FACE('',(#10071),#9712,.T.);
#10071 = FACE_BOUND('',#10072,.T.);
#10072 = EDGE_LOOP('',(#10073,#10097,#10098,#10099));
#10073 = ORIENTED_EDGE('',*,*,#10074,.T.);
#10074 = EDGE_CURVE('',#10075,#9977,#10077,.T.);
#10075 = VERTEX_POINT('',#10076);
#10076 = CARTESIAN_POINT('',(-27.67318487715,5.415,7.54));
#10077 = SURFACE_CURVE('',#10078,(#10083,#10090),.PCURVE_S1.);
#10078 = CIRCLE('',#10079,1.);
#10079 = AXIS2_PLACEMENT_3D('',#10080,#10081,#10082);
#10080 = CARTESIAN_POINT('',(-27.67318487715,4.415,7.54));
#10081 = DIRECTION('',(0.,0.,1.));
#10082 = DIRECTION('',(0.,-1.,0.));
#10083 = PCURVE('',#9712,#10084);
#10084 = DEFINITIONAL_REPRESENTATION('',(#10085),#10089);
#10085 = LINE('',#10086,#10087);
#10086 = CARTESIAN_POINT('',(-3.14159265359,8.881784197001E-16));
#10087 = VECTOR('',#10088,1.);
#10088 = DIRECTION('',(1.,0.));
#10089 = ( GEOMETRIC_REPRESENTATION_CONTEXT(2) 
PARAMETRIC_REPRESENTATION_CONTEXT() REPRESENTATION_CONTEXT('2D SPACE',''
  ) );
#10090 = PCURVE('',#9814,#10091);
#10091 = DEFINITIONAL_REPRESENTATION('',(#10092),#10096);
#10092 = CIRCLE('',#10093,1.);
#10093 = AXIS2_PLACEMENT_2D('',#10094,#10095);
#10094 = CARTESIAN_POINT('',(-27.67318487715,4.238621060346));
#10095 = DIRECTION('',(0.,-1.));
#10096 = ( GEOMETRIC_REPRESENTATION_CONTEXT(2) 
PARAMETRIC_REPRESENTATION_CONTEXT() REPRESENTATION_CONTEXT('2D SPACE',''
  ) );
#10097 = ORIENTED_EDGE('',*,*,#9999,.T.);
#10098 = ORIENTED_EDGE('',*,*,#9695,.F.);
#10099 = ORIENTED_EDGE('',*,*,#10100,.F.);
#10100 = EDGE_CURVE('',#10075,#9668,#10101,.T.);
#10101 = SURFACE_CURVE('',#10102,(#10106,#10113),.PCURVE_S1.);
#10102 = LINE('',#10103,#10104);
#10103 = CARTESIAN_POINT('',(-27.67318487715,5.415,7.54));
#10104 = VECTOR('',#10105,1.);
#10105 = DIRECTION('',(0.,0.,1.));
#10106 = PCURVE('',#9712,#10107);
#10107 = DEFINITIONAL_REPRESENTATION('',(#10108),#10112);
#10108 = LINE('',#10109,#10110);
#10109 = CARTESIAN_POINT('',(0.,0.));
#10110 = VECTOR('',#10111,1.);
#10111 = DIRECTION('',(0.,1.));
#10112 = ( GEOMETRIC_REPRESENTATION_CONTEXT(2) 
PARAMETRIC_REPRESENTATION_CONTEXT() REPRESENTATION_CONTEXT('2D SPACE',''
  ) );
#10113 = PCURVE('',#9683,#10114);
#10114 = DEFINITIONAL_REPRESENTATION('',(#10115),#10119);
#10115 = LINE('',#10116,#10117);
#10116 = CARTESIAN_POINT('',(56.535394877158,0.));
#10117 = VECTOR('',#10118,1.);
#10118 = DIRECTION('',(0.,-1.));
#10119 = ( GEOMETRIC_REPRESENTATION_CONTEXT(2) 
PARAMETRIC_REPRESENTATION_CONTEXT() REPRESENTATION_CONTEXT('2D SPACE',''
  ) );
#10120 = ADVANCED_FACE('',(#10121),#9655,.T.);
#10121 = FACE_BOUND('',#10122,.T.);
#10122 = EDGE_LOOP('',(#10123,#10147,#10168,#10169));
#10123 = ORIENTED_EDGE('',*,*,#10124,.T.);
#10124 = EDGE_CURVE('',#10026,#10125,#10127,.T.);
#10125 = VERTEX_POINT('',#10126);
#10126 = CARTESIAN_POINT('',(27.673184877158,5.415,7.54));
#10127 = SURFACE_CURVE('',#10128,(#10133,#10140),.PCURVE_S1.);
#10128 = CIRCLE('',#10129,1.);
#10129 = AXIS2_PLACEMENT_3D('',#10130,#10131,#10132);
#10130 = CARTESIAN_POINT('',(27.673184877158,4.415,7.54));
#10131 = DIRECTION('',(0.,0.,1.));
#10132 = DIRECTION('',(0.,-1.,0.));
#10133 = PCURVE('',#9655,#10134);
#10134 = DEFINITIONAL_REPRESENTATION('',(#10135),#10139);
#10135 = LINE('',#10136,#10137);
#10136 = CARTESIAN_POINT('',(-1.398521109841,8.881784197001E-16));
#10137 = VECTOR('',#10138,1.);
#10138 = DIRECTION('',(1.,0.));
#10139 = ( GEOMETRIC_REPRESENTATION_CONTEXT(2) 
PARAMETRIC_REPRESENTATION_CONTEXT() REPRESENTATION_CONTEXT('2D SPACE',''
  ) );
#10140 = PCURVE('',#9814,#10141);
#10141 = DEFINITIONAL_REPRESENTATION('',(#10142),#10146);
#10142 = CIRCLE('',#10143,1.);
#10143 = AXIS2_PLACEMENT_2D('',#10144,#10145);
#10144 = CARTESIAN_POINT('',(27.673184877158,4.238621060346));
#10145 = DIRECTION('',(0.,-1.));
#10146 = ( GEOMETRIC_REPRESENTATION_CONTEXT(2) 
PARAMETRIC_REPRESENTATION_CONTEXT() REPRESENTATION_CONTEXT('2D SPACE',''
  ) );
#10147 = ORIENTED_EDGE('',*,*,#10148,.T.);
#10148 = EDGE_CURVE('',#10125,#9639,#10149,.T.);
#10149 = SURFACE_CURVE('',#10150,(#10154,#10161),.PCURVE_S1.);
#10150 = LINE('',#10151,#10152);
#10151 = CARTESIAN_POINT('',(27.673184877158,5.415,7.54));
#10152 = VECTOR('',#10153,1.);
#10153 = DIRECTION('',(0.,0.,1.));
#10154 = PCURVE('',#9655,#10155);
#10155 = DEFINITIONAL_REPRESENTATION('',(#10156),#10160);
#10156 = LINE('',#10157,#10158);
#10157 = CARTESIAN_POINT('',(1.743071543748,0.));
#10158 = VECTOR('',#10159,1.);
#10159 = DIRECTION('',(0.,1.));
#10160 = ( GEOMETRIC_REPRESENTATION_CONTEXT(2) 
PARAMETRIC_REPRESENTATION_CONTEXT() REPRESENTATION_CONTEXT('2D SPACE',''
  ) );
#10161 = PCURVE('',#9683,#10162);
#10162 = DEFINITIONAL_REPRESENTATION('',(#10163),#10167);
#10163 = LINE('',#10164,#10165);
#10164 = CARTESIAN_POINT('',(1.189025122842,0.));
#10165 = VECTOR('',#10166,1.);
#10166 = DIRECTION('',(0.,-1.));
#10167 = ( GEOMETRIC_REPRESENTATION_CONTEXT(2) 
PARAMETRIC_REPRESENTATION_CONTEXT() REPRESENTATION_CONTEXT('2D SPACE',''
  ) );
#10168 = ORIENTED_EDGE('',*,*,#9638,.F.);
#10169 = ORIENTED_EDGE('',*,*,#10050,.F.);
#10170 = ADVANCED_FACE('',(#10171),#9683,.F.);
#10171 = FACE_BOUND('',#10172,.F.);
#10172 = EDGE_LOOP('',(#10173,#10194,#10195,#10196));
#10173 = ORIENTED_EDGE('',*,*,#10174,.F.);
#10174 = EDGE_CURVE('',#10125,#10075,#10175,.T.);
#10175 = SURFACE_CURVE('',#10176,(#10180,#10187),.PCURVE_S1.);
#10176 = LINE('',#10177,#10178);
#10177 = CARTESIAN_POINT('',(28.86221,5.415,7.54));
#10178 = VECTOR('',#10179,1.);
#10179 = DIRECTION('',(-1.,0.,0.));
#10180 = PCURVE('',#9683,#10181);
#10181 = DEFINITIONAL_REPRESENTATION('',(#10182),#10186);
#10182 = LINE('',#10183,#10184);
#10183 = CARTESIAN_POINT('',(0.,-0.));
#10184 = VECTOR('',#10185,1.);
#10185 = DIRECTION('',(1.,0.));
#10186 = ( GEOMETRIC_REPRESENTATION_CONTEXT(2) 
PARAMETRIC_REPRESENTATION_CONTEXT() REPRESENTATION_CONTEXT('2D SPACE',''
  ) );
#10187 = PCURVE('',#9814,#10188);
#10188 = DEFINITIONAL_REPRESENTATION('',(#10189),#10193);
#10189 = LINE('',#10190,#10191);
#10190 = CARTESIAN_POINT('',(28.86221,5.238621060346));
#10191 = VECTOR('',#10192,1.);
#10192 = DIRECTION('',(-1.,0.));
#10193 = ( GEOMETRIC_REPRESENTATION_CONTEXT(2) 
PARAMETRIC_REPRESENTATION_CONTEXT() REPRESENTATION_CONTEXT('2D SPACE',''
  ) );
#10194 = ORIENTED_EDGE('',*,*,#10148,.T.);
#10195 = ORIENTED_EDGE('',*,*,#9667,.T.);
#10196 = ORIENTED_EDGE('',*,*,#10100,.F.);
#10197 = ADVANCED_FACE('',(#10198,#10432),#9814,.T.);
#10198 = FACE_BOUND('',#10199,.T.);
#10199 = EDGE_LOOP('',(#10200,#10230,#10259,#10287,#10316,#10344,#10373,
    #10401));
#10200 = ORIENTED_EDGE('',*,*,#10201,.T.);
#10201 = EDGE_CURVE('',#10202,#10204,#10206,.T.);
#10202 = VERTEX_POINT('',#10203);
#10203 = CARTESIAN_POINT('',(-26.53650487715,-5.905,7.54));
#10204 = VERTEX_POINT('',#10205);
#10205 = CARTESIAN_POINT('',(26.536504877158,-5.905,7.54));
#10206 = SURFACE_CURVE('',#10207,(#10211,#10218),.PCURVE_S1.);
#10207 = LINE('',#10208,#10209);
#10208 = CARTESIAN_POINT('',(-27.37753,-5.905,7.54));
#10209 = VECTOR('',#10210,1.);
#10210 = DIRECTION('',(1.,0.,0.));
#10211 = PCURVE('',#9814,#10212);
#10212 = DEFINITIONAL_REPRESENTATION('',(#10213),#10217);
#10213 = LINE('',#10214,#10215);
#10214 = CARTESIAN_POINT('',(-27.37753,-6.081378939654));
#10215 = VECTOR('',#10216,1.);
#10216 = DIRECTION('',(1.,0.));
#10217 = ( GEOMETRIC_REPRESENTATION_CONTEXT(2) 
PARAMETRIC_REPRESENTATION_CONTEXT() REPRESENTATION_CONTEXT('2D SPACE',''
  ) );
#10218 = PCURVE('',#10219,#10224);
#10219 = PLANE('',#10220);
#10220 = AXIS2_PLACEMENT_3D('',#10221,#10222,#10223);
#10221 = CARTESIAN_POINT('',(-27.37753,-5.905,6.97));
#10222 = DIRECTION('',(0.,1.,0.));
#10223 = DIRECTION('',(1.,0.,0.));
#10224 = DEFINITIONAL_REPRESENTATION('',(#10225),#10229);
#10225 = LINE('',#10226,#10227);
#10226 = CARTESIAN_POINT('',(0.,-0.57));
#10227 = VECTOR('',#10228,1.);
#10228 = DIRECTION('',(1.,0.));
#10229 = ( GEOMETRIC_REPRESENTATION_CONTEXT(2) 
PARAMETRIC_REPRESENTATION_CONTEXT() REPRESENTATION_CONTEXT('2D SPACE',''
  ) );
#10230 = ORIENTED_EDGE('',*,*,#10231,.T.);
#10231 = EDGE_CURVE('',#10204,#10232,#10234,.T.);
#10232 = VERTEX_POINT('',#10233);
#10233 = CARTESIAN_POINT('',(27.521702166857,-5.076424328408,7.54));
#10234 = SURFACE_CURVE('',#10235,(#10240,#10247),.PCURVE_S1.);
#10235 = CIRCLE('',#10236,1.);
#10236 = AXIS2_PLACEMENT_3D('',#10237,#10238,#10239);
#10237 = CARTESIAN_POINT('',(26.536504877158,-4.905,7.54));
#10238 = DIRECTION('',(0.,0.,1.));
#10239 = DIRECTION('',(0.,-1.,0.));
#10240 = PCURVE('',#9814,#10241);
#10241 = DEFINITIONAL_REPRESENTATION('',(#10242),#10246);
#10242 = CIRCLE('',#10243,1.);
#10243 = AXIS2_PLACEMENT_2D('',#10244,#10245);
#10244 = CARTESIAN_POINT('',(26.536504877158,-5.081378939654));
#10245 = DIRECTION('',(0.,-1.));
#10246 = ( GEOMETRIC_REPRESENTATION_CONTEXT(2) 
PARAMETRIC_REPRESENTATION_CONTEXT() REPRESENTATION_CONTEXT('2D SPACE',''
  ) );
#10247 = PCURVE('',#10248,#10253);
#10248 = CYLINDRICAL_SURFACE('',#10249,1.);
#10249 = AXIS2_PLACEMENT_3D('',#10250,#10251,#10252);
#10250 = CARTESIAN_POINT('',(26.536504877158,-4.905,6.97));
#10251 = DIRECTION('',(0.,0.,1.));
#10252 = DIRECTION('',(0.,-1.,0.));
#10253 = DEFINITIONAL_REPRESENTATION('',(#10254),#10258);
#10254 = LINE('',#10255,#10256);
#10255 = CARTESIAN_POINT('',(0.,0.57));
#10256 = VECTOR('',#10257,1.);
#10257 = DIRECTION('',(1.,0.));
#10258 = ( GEOMETRIC_REPRESENTATION_CONTEXT(2) 
PARAMETRIC_REPRESENTATION_CONTEXT() REPRESENTATION_CONTEXT('2D SPACE',''
  ) );
#10259 = ORIENTED_EDGE('',*,*,#10260,.T.);
#10260 = EDGE_CURVE('',#10232,#10261,#10263,.T.);
#10261 = VERTEX_POINT('',#10262);
#10262 = CARTESIAN_POINT('',(29.228642166857,4.733575671592,7.54));
#10263 = SURFACE_CURVE('',#10264,(#10268,#10275),.PCURVE_S1.);
#10264 = LINE('',#10265,#10266);
#10265 = CARTESIAN_POINT('',(27.37753,-5.905,7.54));
#10266 = VECTOR('',#10267,1.);
#10267 = DIRECTION('',(0.171424328408,0.985197289699,0.));
#10268 = PCURVE('',#9814,#10269);
#10269 = DEFINITIONAL_REPRESENTATION('',(#10270),#10274);
#10270 = LINE('',#10271,#10272);
#10271 = CARTESIAN_POINT('',(27.37753,-6.081378939654));
#10272 = VECTOR('',#10273,1.);
#10273 = DIRECTION('',(0.171424328408,0.985197289699));
#10274 = ( GEOMETRIC_REPRESENTATION_CONTEXT(2) 
PARAMETRIC_REPRESENTATION_CONTEXT() REPRESENTATION_CONTEXT('2D SPACE',''
  ) );
#10275 = PCURVE('',#10276,#10281);
#10276 = PLANE('',#10277);
#10277 = AXIS2_PLACEMENT_3D('',#10278,#10279,#10280);
#10278 = CARTESIAN_POINT('',(27.37753,-5.905,6.97));
#10279 = DIRECTION('',(-0.985197289699,0.171424328408,0.));
#10280 = DIRECTION('',(0.171424328408,0.985197289699,0.));
#10281 = DEFINITIONAL_REPRESENTATION('',(#10282),#10286);
#10282 = LINE('',#10283,#10284);
#10283 = CARTESIAN_POINT('',(0.,-0.57));
#10284 = VECTOR('',#10285,1.);
#10285 = DIRECTION('',(1.,0.));
#10286 = ( GEOMETRIC_REPRESENTATION_CONTEXT(2) 
PARAMETRIC_REPRESENTATION_CONTEXT() REPRESENTATION_CONTEXT('2D SPACE',''
  ) );
#10287 = ORIENTED_EDGE('',*,*,#10288,.T.);
#10288 = EDGE_CURVE('',#10261,#10289,#10291,.T.);
#10289 = VERTEX_POINT('',#10290);
#10290 = CARTESIAN_POINT('',(28.243444877158,5.905,7.54));
#10291 = SURFACE_CURVE('',#10292,(#10297,#10304),.PCURVE_S1.);
#10292 = CIRCLE('',#10293,1.);
#10293 = AXIS2_PLACEMENT_3D('',#10294,#10295,#10296);
#10294 = CARTESIAN_POINT('',(28.243444877158,4.905,7.54));
#10295 = DIRECTION('',(0.,0.,1.));
#10296 = DIRECTION('',(0.,-1.,0.));
#10297 = PCURVE('',#9814,#10298);
#10298 = DEFINITIONAL_REPRESENTATION('',(#10299),#10303);
#10299 = CIRCLE('',#10300,1.);
#10300 = AXIS2_PLACEMENT_2D('',#10301,#10302);
#10301 = CARTESIAN_POINT('',(28.243444877158,4.728621060346));
#10302 = DIRECTION('',(0.,-1.));
#10303 = ( GEOMETRIC_REPRESENTATION_CONTEXT(2) 
PARAMETRIC_REPRESENTATION_CONTEXT() REPRESENTATION_CONTEXT('2D SPACE',''
  ) );
#10304 = PCURVE('',#10305,#10310);
#10305 = CYLINDRICAL_SURFACE('',#10306,1.);
#10306 = AXIS2_PLACEMENT_3D('',#10307,#10308,#10309);
#10307 = CARTESIAN_POINT('',(28.243444877158,4.905,6.97));
#10308 = DIRECTION('',(0.,0.,1.));
#10309 = DIRECTION('',(0.985197289699,-0.171424328408,0.));
#10310 = DEFINITIONAL_REPRESENTATION('',(#10311),#10315);
#10311 = LINE('',#10312,#10313);
#10312 = CARTESIAN_POINT('',(-1.398521109841,0.57));
#10313 = VECTOR('',#10314,1.);
#10314 = DIRECTION('',(1.,0.));
#10315 = ( GEOMETRIC_REPRESENTATION_CONTEXT(2) 
PARAMETRIC_REPRESENTATION_CONTEXT() REPRESENTATION_CONTEXT('2D SPACE',''
  ) );
#10316 = ORIENTED_EDGE('',*,*,#10317,.T.);
#10317 = EDGE_CURVE('',#10289,#10318,#10320,.T.);
#10318 = VERTEX_POINT('',#10319);
#10319 = CARTESIAN_POINT('',(-28.24344487715,5.905,7.54));
#10320 = SURFACE_CURVE('',#10321,(#10325,#10332),.PCURVE_S1.);
#10321 = LINE('',#10322,#10323);
#10322 = CARTESIAN_POINT('',(29.43247,5.905,7.54));
#10323 = VECTOR('',#10324,1.);
#10324 = DIRECTION('',(-1.,0.,0.));
#10325 = PCURVE('',#9814,#10326);
#10326 = DEFINITIONAL_REPRESENTATION('',(#10327),#10331);
#10327 = LINE('',#10328,#10329);
#10328 = CARTESIAN_POINT('',(29.43247,5.728621060346));
#10329 = VECTOR('',#10330,1.);
#10330 = DIRECTION('',(-1.,0.));
#10331 = ( GEOMETRIC_REPRESENTATION_CONTEXT(2) 
PARAMETRIC_REPRESENTATION_CONTEXT() REPRESENTATION_CONTEXT('2D SPACE',''
  ) );
#10332 = PCURVE('',#10333,#10338);
#10333 = PLANE('',#10334);
#10334 = AXIS2_PLACEMENT_3D('',#10335,#10336,#10337);
#10335 = CARTESIAN_POINT('',(29.43247,5.905,6.97));
#10336 = DIRECTION('',(0.,-1.,0.));
#10337 = DIRECTION('',(-1.,0.,0.));
#10338 = DEFINITIONAL_REPRESENTATION('',(#10339),#10343);
#10339 = LINE('',#10340,#10341);
#10340 = CARTESIAN_POINT('',(0.,-0.57));
#10341 = VECTOR('',#10342,1.);
#10342 = DIRECTION('',(1.,0.));
#10343 = ( GEOMETRIC_REPRESENTATION_CONTEXT(2) 
PARAMETRIC_REPRESENTATION_CONTEXT() REPRESENTATION_CONTEXT('2D SPACE',''
  ) );
#10344 = ORIENTED_EDGE('',*,*,#10345,.T.);
#10345 = EDGE_CURVE('',#10318,#10346,#10348,.T.);
#10346 = VERTEX_POINT('',#10347);
#10347 = CARTESIAN_POINT('',(-29.22864216685,4.733575671592,7.54));
#10348 = SURFACE_CURVE('',#10349,(#10354,#10361),.PCURVE_S1.);
#10349 = CIRCLE('',#10350,1.);
#10350 = AXIS2_PLACEMENT_3D('',#10351,#10352,#10353);
#10351 = CARTESIAN_POINT('',(-28.24344487715,4.905,7.54));
#10352 = DIRECTION('',(0.,0.,1.));
#10353 = DIRECTION('',(0.,-1.,0.));
#10354 = PCURVE('',#9814,#10355);
#10355 = DEFINITIONAL_REPRESENTATION('',(#10356),#10360);
#10356 = CIRCLE('',#10357,1.);
#10357 = AXIS2_PLACEMENT_2D('',#10358,#10359);
#10358 = CARTESIAN_POINT('',(-28.24344487715,4.728621060346));
#10359 = DIRECTION('',(0.,-1.));
#10360 = ( GEOMETRIC_REPRESENTATION_CONTEXT(2) 
PARAMETRIC_REPRESENTATION_CONTEXT() REPRESENTATION_CONTEXT('2D SPACE',''
  ) );
#10361 = PCURVE('',#10362,#10367);
#10362 = CYLINDRICAL_SURFACE('',#10363,1.);
#10363 = AXIS2_PLACEMENT_3D('',#10364,#10365,#10366);
#10364 = CARTESIAN_POINT('',(-28.24344487715,4.905,6.97));
#10365 = DIRECTION('',(0.,0.,1.));
#10366 = DIRECTION('',(-0.,1.,0.));
#10367 = DEFINITIONAL_REPRESENTATION('',(#10368),#10372);
#10368 = LINE('',#10369,#10370);
#10369 = CARTESIAN_POINT('',(-3.14159265359,0.57));
#10370 = VECTOR('',#10371,1.);
#10371 = DIRECTION('',(1.,0.));
#10372 = ( GEOMETRIC_REPRESENTATION_CONTEXT(2) 
PARAMETRIC_REPRESENTATION_CONTEXT() REPRESENTATION_CONTEXT('2D SPACE',''
  ) );
#10373 = ORIENTED_EDGE('',*,*,#10374,.T.);
#10374 = EDGE_CURVE('',#10346,#10375,#10377,.T.);
#10375 = VERTEX_POINT('',#10376);
#10376 = CARTESIAN_POINT('',(-27.52170216685,-5.076424328408,7.54));
#10377 = SURFACE_CURVE('',#10378,(#10382,#10389),.PCURVE_S1.);
#10378 = LINE('',#10379,#10380);
#10379 = CARTESIAN_POINT('',(-29.43247,5.905,7.54));
#10380 = VECTOR('',#10381,1.);
#10381 = DIRECTION('',(0.171424328408,-0.985197289699,0.));
#10382 = PCURVE('',#9814,#10383);
#10383 = DEFINITIONAL_REPRESENTATION('',(#10384),#10388);
#10384 = LINE('',#10385,#10386);
#10385 = CARTESIAN_POINT('',(-29.43247,5.728621060346));
#10386 = VECTOR('',#10387,1.);
#10387 = DIRECTION('',(0.171424328408,-0.985197289699));
#10388 = ( GEOMETRIC_REPRESENTATION_CONTEXT(2) 
PARAMETRIC_REPRESENTATION_CONTEXT() REPRESENTATION_CONTEXT('2D SPACE',''
  ) );
#10389 = PCURVE('',#10390,#10395);
#10390 = PLANE('',#10391);
#10391 = AXIS2_PLACEMENT_3D('',#10392,#10393,#10394);
#10392 = CARTESIAN_POINT('',(-29.43247,5.905,6.97));
#10393 = DIRECTION('',(0.985197289699,0.171424328408,-0.));
#10394 = DIRECTION('',(0.171424328408,-0.985197289699,0.));
#10395 = DEFINITIONAL_REPRESENTATION('',(#10396),#10400);
#10396 = LINE('',#10397,#10398);
#10397 = CARTESIAN_POINT('',(0.,-0.57));
#10398 = VECTOR('',#10399,1.);
#10399 = DIRECTION('',(1.,0.));
#10400 = ( GEOMETRIC_REPRESENTATION_CONTEXT(2) 
PARAMETRIC_REPRESENTATION_CONTEXT() REPRESENTATION_CONTEXT('2D SPACE',''
  ) );
#10401 = ORIENTED_EDGE('',*,*,#10402,.F.);
#10402 = EDGE_CURVE('',#10202,#10375,#10403,.T.);
#10403 = SURFACE_CURVE('',#10404,(#10409,#10420),.PCURVE_S1.);
#10404 = CIRCLE('',#10405,1.);
#10405 = AXIS2_PLACEMENT_3D('',#10406,#10407,#10408);
#10406 = CARTESIAN_POINT('',(-26.53650487715,-4.905,7.54));
#10407 = DIRECTION('',(-0.,-0.,-1.));
#10408 = DIRECTION('',(0.,-1.,0.));
#10409 = PCURVE('',#9814,#10410);
#10410 = DEFINITIONAL_REPRESENTATION('',(#10411),#10419);
#10411 = ( BOUNDED_CURVE() B_SPLINE_CURVE(2,(#10412,#10413,#10414,#10415
    ,#10416,#10417,#10418),.UNSPECIFIED.,.T.,.F.) 
B_SPLINE_CURVE_WITH_KNOTS((1,2,2,2,2,1),(-2.094395102393,0.,
    2.094395102393,4.188790204786,6.28318530718,8.377580409573),
.UNSPECIFIED.) CURVE() GEOMETRIC_REPRESENTATION_ITEM() 
RATIONAL_B_SPLINE_CURVE((1.,0.5,1.,0.5,1.,0.5,1.)) REPRESENTATION_ITEM(
  '') );
#10412 = CARTESIAN_POINT('',(-26.53650487715,-6.081378939654));
#10413 = CARTESIAN_POINT('',(-28.26855568472,-6.081378939654));
#10414 = CARTESIAN_POINT('',(-27.40253028094,-4.581378939654));
#10415 = CARTESIAN_POINT('',(-26.53650487715,-3.081378939654));
#10416 = CARTESIAN_POINT('',(-25.67047947337,-4.581378939654));
#10417 = CARTESIAN_POINT('',(-24.80445406958,-6.081378939654));
#10418 = CARTESIAN_POINT('',(-26.53650487715,-6.081378939654));
#10419 = ( GEOMETRIC_REPRESENTATION_CONTEXT(2) 
PARAMETRIC_REPRESENTATION_CONTEXT() REPRESENTATION_CONTEXT('2D SPACE',''
  ) );
#10420 = PCURVE('',#10421,#10426);
#10421 = CYLINDRICAL_SURFACE('',#10422,1.);
#10422 = AXIS2_PLACEMENT_3D('',#10423,#10424,#10425);
#10423 = CARTESIAN_POINT('',(-26.53650487715,-4.905,6.97));
#10424 = DIRECTION('',(0.,0.,1.));
#10425 = DIRECTION('',(0.,-1.,0.));
#10426 = DEFINITIONAL_REPRESENTATION('',(#10427),#10431);
#10427 = LINE('',#10428,#10429);
#10428 = CARTESIAN_POINT('',(-0.,0.57));
#10429 = VECTOR('',#10430,1.);
#10430 = DIRECTION('',(-1.,0.));
#10431 = ( GEOMETRIC_REPRESENTATION_CONTEXT(2) 
PARAMETRIC_REPRESENTATION_CONTEXT() REPRESENTATION_CONTEXT('2D SPACE',''
  ) );
#10432 = FACE_BOUND('',#10433,.T.);
#10433 = EDGE_LOOP('',(#10434,#10435,#10436,#10437,#10438,#10439,#10440,
    #10441));
#10434 = ORIENTED_EDGE('',*,*,#9796,.F.);
#10435 = ORIENTED_EDGE('',*,*,#9872,.T.);
#10436 = ORIENTED_EDGE('',*,*,#9976,.F.);
#10437 = ORIENTED_EDGE('',*,*,#10074,.F.);
#10438 = ORIENTED_EDGE('',*,*,#10174,.F.);
#10439 = ORIENTED_EDGE('',*,*,#10124,.F.);
#10440 = ORIENTED_EDGE('',*,*,#10025,.F.);
#10441 = ORIENTED_EDGE('',*,*,#9926,.F.);
#10442 = ADVANCED_FACE('',(#10443),#10219,.F.);
#10443 = FACE_BOUND('',#10444,.F.);
#10444 = EDGE_LOOP('',(#10445,#10475,#10496,#10497));
#10445 = ORIENTED_EDGE('',*,*,#10446,.F.);
#10446 = EDGE_CURVE('',#10447,#10449,#10451,.T.);
#10447 = VERTEX_POINT('',#10448);
#10448 = CARTESIAN_POINT('',(-26.53650487715,-5.905,6.97));
#10449 = VERTEX_POINT('',#10450);
#10450 = CARTESIAN_POINT('',(26.536504877158,-5.905,6.97));
#10451 = SURFACE_CURVE('',#10452,(#10456,#10463),.PCURVE_S1.);
#10452 = LINE('',#10453,#10454);
#10453 = CARTESIAN_POINT('',(-27.37753,-5.905,6.97));
#10454 = VECTOR('',#10455,1.);
#10455 = DIRECTION('',(1.,0.,0.));
#10456 = PCURVE('',#10219,#10457);
#10457 = DEFINITIONAL_REPRESENTATION('',(#10458),#10462);
#10458 = LINE('',#10459,#10460);
#10459 = CARTESIAN_POINT('',(0.,0.));
#10460 = VECTOR('',#10461,1.);
#10461 = DIRECTION('',(1.,0.));
#10462 = ( GEOMETRIC_REPRESENTATION_CONTEXT(2) 
PARAMETRIC_REPRESENTATION_CONTEXT() REPRESENTATION_CONTEXT('2D SPACE',''
  ) );
#10463 = PCURVE('',#10464,#10469);
#10464 = PLANE('',#10465);
#10465 = AXIS2_PLACEMENT_3D('',#10466,#10467,#10468);
#10466 = CARTESIAN_POINT('',(-3.471565827581E-16,0.,6.97));
#10467 = DIRECTION('',(0.,0.,1.));
#10468 = DIRECTION('',(1.,0.,-0.));
#10469 = DEFINITIONAL_REPRESENTATION('',(#10470),#10474);
#10470 = LINE('',#10471,#10472);
#10471 = CARTESIAN_POINT('',(-27.37753,-5.905));
#10472 = VECTOR('',#10473,1.);
#10473 = DIRECTION('',(1.,0.));
#10474 = ( GEOMETRIC_REPRESENTATION_CONTEXT(2) 
PARAMETRIC_REPRESENTATION_CONTEXT() REPRESENTATION_CONTEXT('2D SPACE',''
  ) );
#10475 = ORIENTED_EDGE('',*,*,#10476,.T.);
#10476 = EDGE_CURVE('',#10447,#10202,#10477,.T.);
#10477 = SURFACE_CURVE('',#10478,(#10482,#10489),.PCURVE_S1.);
#10478 = LINE('',#10479,#10480);
#10479 = CARTESIAN_POINT('',(-26.53650487715,-5.905,6.97));
#10480 = VECTOR('',#10481,1.);
#10481 = DIRECTION('',(0.,0.,1.));
#10482 = PCURVE('',#10219,#10483);
#10483 = DEFINITIONAL_REPRESENTATION('',(#10484),#10488);
#10484 = LINE('',#10485,#10486);
#10485 = CARTESIAN_POINT('',(0.841025122842,0.));
#10486 = VECTOR('',#10487,1.);
#10487 = DIRECTION('',(0.,-1.));
#10488 = ( GEOMETRIC_REPRESENTATION_CONTEXT(2) 
PARAMETRIC_REPRESENTATION_CONTEXT() REPRESENTATION_CONTEXT('2D SPACE',''
  ) );
#10489 = PCURVE('',#10421,#10490);
#10490 = DEFINITIONAL_REPRESENTATION('',(#10491),#10495);
#10491 = LINE('',#10492,#10493);
#10492 = CARTESIAN_POINT('',(-0.,0.));
#10493 = VECTOR('',#10494,1.);
#10494 = DIRECTION('',(-0.,1.));
#10495 = ( GEOMETRIC_REPRESENTATION_CONTEXT(2) 
PARAMETRIC_REPRESENTATION_CONTEXT() REPRESENTATION_CONTEXT('2D SPACE',''
  ) );
#10496 = ORIENTED_EDGE('',*,*,#10201,.T.);
#10497 = ORIENTED_EDGE('',*,*,#10498,.F.);
#10498 = EDGE_CURVE('',#10449,#10204,#10499,.T.);
#10499 = SURFACE_CURVE('',#10500,(#10504,#10511),.PCURVE_S1.);
#10500 = LINE('',#10501,#10502);
#10501 = CARTESIAN_POINT('',(26.536504877158,-5.905,6.97));
#10502 = VECTOR('',#10503,1.);
#10503 = DIRECTION('',(0.,0.,1.));
#10504 = PCURVE('',#10219,#10505);
#10505 = DEFINITIONAL_REPRESENTATION('',(#10506),#10510);
#10506 = LINE('',#10507,#10508);
#10507 = CARTESIAN_POINT('',(53.914034877158,0.));
#10508 = VECTOR('',#10509,1.);
#10509 = DIRECTION('',(0.,-1.));
#10510 = ( GEOMETRIC_REPRESENTATION_CONTEXT(2) 
PARAMETRIC_REPRESENTATION_CONTEXT() REPRESENTATION_CONTEXT('2D SPACE',''
  ) );
#10511 = PCURVE('',#10248,#10512);
#10512 = DEFINITIONAL_REPRESENTATION('',(#10513),#10517);
#10513 = LINE('',#10514,#10515);
#10514 = CARTESIAN_POINT('',(0.,0.));
#10515 = VECTOR('',#10516,1.);
#10516 = DIRECTION('',(0.,1.));
#10517 = ( GEOMETRIC_REPRESENTATION_CONTEXT(2) 
PARAMETRIC_REPRESENTATION_CONTEXT() REPRESENTATION_CONTEXT('2D SPACE',''
  ) );
#10518 = ADVANCED_FACE('',(#10519),#10421,.T.);
#10519 = FACE_BOUND('',#10520,.F.);
#10520 = EDGE_LOOP('',(#10521,#10549,#10570,#10571));
#10521 = ORIENTED_EDGE('',*,*,#10522,.T.);
#10522 = EDGE_CURVE('',#10447,#10523,#10525,.T.);
#10523 = VERTEX_POINT('',#10524);
#10524 = CARTESIAN_POINT('',(-27.52170216685,-5.076424328408,6.97));
#10525 = SURFACE_CURVE('',#10526,(#10531,#10538),.PCURVE_S1.);
#10526 = CIRCLE('',#10527,1.);
#10527 = AXIS2_PLACEMENT_3D('',#10528,#10529,#10530);
#10528 = CARTESIAN_POINT('',(-26.53650487715,-4.905,6.97));
#10529 = DIRECTION('',(-0.,-0.,-1.));
#10530 = DIRECTION('',(0.,-1.,0.));
#10531 = PCURVE('',#10421,#10532);
#10532 = DEFINITIONAL_REPRESENTATION('',(#10533),#10537);
#10533 = LINE('',#10534,#10535);
#10534 = CARTESIAN_POINT('',(-0.,8.881784197001E-16));
#10535 = VECTOR('',#10536,1.);
#10536 = DIRECTION('',(-1.,0.));
#10537 = ( GEOMETRIC_REPRESENTATION_CONTEXT(2) 
PARAMETRIC_REPRESENTATION_CONTEXT() REPRESENTATION_CONTEXT('2D SPACE',''
  ) );
#10538 = PCURVE('',#10464,#10539);
#10539 = DEFINITIONAL_REPRESENTATION('',(#10540),#10548);
#10540 = ( BOUNDED_CURVE() B_SPLINE_CURVE(2,(#10541,#10542,#10543,#10544
    ,#10545,#10546,#10547),.UNSPECIFIED.,.T.,.F.) 
B_SPLINE_CURVE_WITH_KNOTS((1,2,2,2,2,1),(-2.094395102393,0.,
    2.094395102393,4.188790204786,6.28318530718,8.377580409573),
.UNSPECIFIED.) CURVE() GEOMETRIC_REPRESENTATION_ITEM() 
RATIONAL_B_SPLINE_CURVE((1.,0.5,1.,0.5,1.,0.5,1.)) REPRESENTATION_ITEM(
  '') );
#10541 = CARTESIAN_POINT('',(-26.53650487715,-5.905));
#10542 = CARTESIAN_POINT('',(-28.26855568472,-5.905));
#10543 = CARTESIAN_POINT('',(-27.40253028094,-4.405));
#10544 = CARTESIAN_POINT('',(-26.53650487715,-2.905));
#10545 = CARTESIAN_POINT('',(-25.67047947337,-4.405));
#10546 = CARTESIAN_POINT('',(-24.80445406958,-5.905));
#10547 = CARTESIAN_POINT('',(-26.53650487715,-5.905));
#10548 = ( GEOMETRIC_REPRESENTATION_CONTEXT(2) 
PARAMETRIC_REPRESENTATION_CONTEXT() REPRESENTATION_CONTEXT('2D SPACE',''
  ) );
#10549 = ORIENTED_EDGE('',*,*,#10550,.T.);
#10550 = EDGE_CURVE('',#10523,#10375,#10551,.T.);
#10551 = SURFACE_CURVE('',#10552,(#10556,#10563),.PCURVE_S1.);
#10552 = LINE('',#10553,#10554);
#10553 = CARTESIAN_POINT('',(-27.52170216685,-5.076424328408,6.97));
#10554 = VECTOR('',#10555,1.);
#10555 = DIRECTION('',(0.,0.,1.));
#10556 = PCURVE('',#10421,#10557);
#10557 = DEFINITIONAL_REPRESENTATION('',(#10558),#10562);
#10558 = LINE('',#10559,#10560);
#10559 = CARTESIAN_POINT('',(-1.398521109841,0.));
#10560 = VECTOR('',#10561,1.);
#10561 = DIRECTION('',(-0.,1.));
#10562 = ( GEOMETRIC_REPRESENTATION_CONTEXT(2) 
PARAMETRIC_REPRESENTATION_CONTEXT() REPRESENTATION_CONTEXT('2D SPACE',''
  ) );
#10563 = PCURVE('',#10390,#10564);
#10564 = DEFINITIONAL_REPRESENTATION('',(#10565),#10569);
#10565 = LINE('',#10566,#10567);
#10566 = CARTESIAN_POINT('',(11.14642157792,0.));
#10567 = VECTOR('',#10568,1.);
#10568 = DIRECTION('',(0.,-1.));
#10569 = ( GEOMETRIC_REPRESENTATION_CONTEXT(2) 
PARAMETRIC_REPRESENTATION_CONTEXT() REPRESENTATION_CONTEXT('2D SPACE',''
  ) );
#10570 = ORIENTED_EDGE('',*,*,#10402,.F.);
#10571 = ORIENTED_EDGE('',*,*,#10476,.F.);
#10572 = ADVANCED_FACE('',(#10573),#10248,.T.);
#10573 = FACE_BOUND('',#10574,.T.);
#10574 = EDGE_LOOP('',(#10575,#10599,#10620,#10621));
#10575 = ORIENTED_EDGE('',*,*,#10576,.T.);
#10576 = EDGE_CURVE('',#10449,#10577,#10579,.T.);
#10577 = VERTEX_POINT('',#10578);
#10578 = CARTESIAN_POINT('',(27.521702166857,-5.076424328408,6.97));
#10579 = SURFACE_CURVE('',#10580,(#10585,#10592),.PCURVE_S1.);
#10580 = CIRCLE('',#10581,1.);
#10581 = AXIS2_PLACEMENT_3D('',#10582,#10583,#10584);
#10582 = CARTESIAN_POINT('',(26.536504877158,-4.905,6.97));
#10583 = DIRECTION('',(0.,0.,1.));
#10584 = DIRECTION('',(0.,-1.,0.));
#10585 = PCURVE('',#10248,#10586);
#10586 = DEFINITIONAL_REPRESENTATION('',(#10587),#10591);
#10587 = LINE('',#10588,#10589);
#10588 = CARTESIAN_POINT('',(0.,8.881784197001E-16));
#10589 = VECTOR('',#10590,1.);
#10590 = DIRECTION('',(1.,0.));
#10591 = ( GEOMETRIC_REPRESENTATION_CONTEXT(2) 
PARAMETRIC_REPRESENTATION_CONTEXT() REPRESENTATION_CONTEXT('2D SPACE',''
  ) );
#10592 = PCURVE('',#10464,#10593);
#10593 = DEFINITIONAL_REPRESENTATION('',(#10594),#10598);
#10594 = CIRCLE('',#10595,1.);
#10595 = AXIS2_PLACEMENT_2D('',#10596,#10597);
#10596 = CARTESIAN_POINT('',(26.536504877158,-4.905));
#10597 = DIRECTION('',(0.,-1.));
#10598 = ( GEOMETRIC_REPRESENTATION_CONTEXT(2) 
PARAMETRIC_REPRESENTATION_CONTEXT() REPRESENTATION_CONTEXT('2D SPACE',''
  ) );
#10599 = ORIENTED_EDGE('',*,*,#10600,.T.);
#10600 = EDGE_CURVE('',#10577,#10232,#10601,.T.);
#10601 = SURFACE_CURVE('',#10602,(#10606,#10613),.PCURVE_S1.);
#10602 = LINE('',#10603,#10604);
#10603 = CARTESIAN_POINT('',(27.521702166857,-5.076424328408,6.97));
#10604 = VECTOR('',#10605,1.);
#10605 = DIRECTION('',(0.,0.,1.));
#10606 = PCURVE('',#10248,#10607);
#10607 = DEFINITIONAL_REPRESENTATION('',(#10608),#10612);
#10608 = LINE('',#10609,#10610);
#10609 = CARTESIAN_POINT('',(1.398521109841,0.));
#10610 = VECTOR('',#10611,1.);
#10611 = DIRECTION('',(0.,1.));
#10612 = ( GEOMETRIC_REPRESENTATION_CONTEXT(2) 
PARAMETRIC_REPRESENTATION_CONTEXT() REPRESENTATION_CONTEXT('2D SPACE',''
  ) );
#10613 = PCURVE('',#10276,#10614);
#10614 = DEFINITIONAL_REPRESENTATION('',(#10615),#10619);
#10615 = LINE('',#10616,#10617);
#10616 = CARTESIAN_POINT('',(0.841025122842,0.));
#10617 = VECTOR('',#10618,1.);
#10618 = DIRECTION('',(0.,-1.));
#10619 = ( GEOMETRIC_REPRESENTATION_CONTEXT(2) 
PARAMETRIC_REPRESENTATION_CONTEXT() REPRESENTATION_CONTEXT('2D SPACE',''
  ) );
#10620 = ORIENTED_EDGE('',*,*,#10231,.F.);
#10621 = ORIENTED_EDGE('',*,*,#10498,.F.);
#10622 = ADVANCED_FACE('',(#10623),#10390,.F.);
#10623 = FACE_BOUND('',#10624,.F.);
#10624 = EDGE_LOOP('',(#10625,#10648,#10669,#10670));
#10625 = ORIENTED_EDGE('',*,*,#10626,.F.);
#10626 = EDGE_CURVE('',#10627,#10523,#10629,.T.);
#10627 = VERTEX_POINT('',#10628);
#10628 = CARTESIAN_POINT('',(-29.22864216685,4.733575671592,6.97));
#10629 = SURFACE_CURVE('',#10630,(#10634,#10641),.PCURVE_S1.);
#10630 = LINE('',#10631,#10632);
#10631 = CARTESIAN_POINT('',(-29.43247,5.905,6.97));
#10632 = VECTOR('',#10633,1.);
#10633 = DIRECTION('',(0.171424328408,-0.985197289699,0.));
#10634 = PCURVE('',#10390,#10635);
#10635 = DEFINITIONAL_REPRESENTATION('',(#10636),#10640);
#10636 = LINE('',#10637,#10638);
#10637 = CARTESIAN_POINT('',(0.,0.));
#10638 = VECTOR('',#10639,1.);
#10639 = DIRECTION('',(1.,0.));
#10640 = ( GEOMETRIC_REPRESENTATION_CONTEXT(2) 
PARAMETRIC_REPRESENTATION_CONTEXT() REPRESENTATION_CONTEXT('2D SPACE',''
  ) );
#10641 = PCURVE('',#10464,#10642);
#10642 = DEFINITIONAL_REPRESENTATION('',(#10643),#10647);
#10643 = LINE('',#10644,#10645);
#10644 = CARTESIAN_POINT('',(-29.43247,5.905));
#10645 = VECTOR('',#10646,1.);
#10646 = DIRECTION('',(0.171424328408,-0.985197289699));
#10647 = ( GEOMETRIC_REPRESENTATION_CONTEXT(2) 
PARAMETRIC_REPRESENTATION_CONTEXT() REPRESENTATION_CONTEXT('2D SPACE',''
  ) );
#10648 = ORIENTED_EDGE('',*,*,#10649,.T.);
#10649 = EDGE_CURVE('',#10627,#10346,#10650,.T.);
#10650 = SURFACE_CURVE('',#10651,(#10655,#10662),.PCURVE_S1.);
#10651 = LINE('',#10652,#10653);
#10652 = CARTESIAN_POINT('',(-29.22864216685,4.733575671592,6.97));
#10653 = VECTOR('',#10654,1.);
#10654 = DIRECTION('',(0.,0.,1.));
#10655 = PCURVE('',#10390,#10656);
#10656 = DEFINITIONAL_REPRESENTATION('',(#10657),#10661);
#10657 = LINE('',#10658,#10659);
#10658 = CARTESIAN_POINT('',(1.189025122842,0.));
#10659 = VECTOR('',#10660,1.);
#10660 = DIRECTION('',(0.,-1.));
#10661 = ( GEOMETRIC_REPRESENTATION_CONTEXT(2) 
PARAMETRIC_REPRESENTATION_CONTEXT() REPRESENTATION_CONTEXT('2D SPACE',''
  ) );
#10662 = PCURVE('',#10362,#10663);
#10663 = DEFINITIONAL_REPRESENTATION('',(#10664),#10668);
#10664 = LINE('',#10665,#10666);
#10665 = CARTESIAN_POINT('',(1.743071543748,0.));
#10666 = VECTOR('',#10667,1.);
#10667 = DIRECTION('',(0.,1.));
#10668 = ( GEOMETRIC_REPRESENTATION_CONTEXT(2) 
PARAMETRIC_REPRESENTATION_CONTEXT() REPRESENTATION_CONTEXT('2D SPACE',''
  ) );
#10669 = ORIENTED_EDGE('',*,*,#10374,.T.);
#10670 = ORIENTED_EDGE('',*,*,#10550,.F.);
#10671 = ADVANCED_FACE('',(#10672),#10276,.F.);
#10672 = FACE_BOUND('',#10673,.F.);
#10673 = EDGE_LOOP('',(#10674,#10697,#10698,#10699));
#10674 = ORIENTED_EDGE('',*,*,#10675,.F.);
#10675 = EDGE_CURVE('',#10577,#10676,#10678,.T.);
#10676 = VERTEX_POINT('',#10677);
#10677 = CARTESIAN_POINT('',(29.228642166857,4.733575671592,6.97));
#10678 = SURFACE_CURVE('',#10679,(#10683,#10690),.PCURVE_S1.);
#10679 = LINE('',#10680,#10681);
#10680 = CARTESIAN_POINT('',(27.37753,-5.905,6.97));
#10681 = VECTOR('',#10682,1.);
#10682 = DIRECTION('',(0.171424328408,0.985197289699,0.));
#10683 = PCURVE('',#10276,#10684);
#10684 = DEFINITIONAL_REPRESENTATION('',(#10685),#10689);
#10685 = LINE('',#10686,#10687);
#10686 = CARTESIAN_POINT('',(0.,0.));
#10687 = VECTOR('',#10688,1.);
#10688 = DIRECTION('',(1.,0.));
#10689 = ( GEOMETRIC_REPRESENTATION_CONTEXT(2) 
PARAMETRIC_REPRESENTATION_CONTEXT() REPRESENTATION_CONTEXT('2D SPACE',''
  ) );
#10690 = PCURVE('',#10464,#10691);
#10691 = DEFINITIONAL_REPRESENTATION('',(#10692),#10696);
#10692 = LINE('',#10693,#10694);
#10693 = CARTESIAN_POINT('',(27.37753,-5.905));
#10694 = VECTOR('',#10695,1.);
#10695 = DIRECTION('',(0.171424328408,0.985197289699));
#10696 = ( GEOMETRIC_REPRESENTATION_CONTEXT(2) 
PARAMETRIC_REPRESENTATION_CONTEXT() REPRESENTATION_CONTEXT('2D SPACE',''
  ) );
#10697 = ORIENTED_EDGE('',*,*,#10600,.T.);
#10698 = ORIENTED_EDGE('',*,*,#10260,.T.);
#10699 = ORIENTED_EDGE('',*,*,#10700,.F.);
#10700 = EDGE_CURVE('',#10676,#10261,#10701,.T.);
#10701 = SURFACE_CURVE('',#10702,(#10706,#10713),.PCURVE_S1.);
#10702 = LINE('',#10703,#10704);
#10703 = CARTESIAN_POINT('',(29.228642166857,4.733575671592,6.97));
#10704 = VECTOR('',#10705,1.);
#10705 = DIRECTION('',(0.,0.,1.));
#10706 = PCURVE('',#10276,#10707);
#10707 = DEFINITIONAL_REPRESENTATION('',(#10708),#10712);
#10708 = LINE('',#10709,#10710);
#10709 = CARTESIAN_POINT('',(10.79842157792,0.));
#10710 = VECTOR('',#10711,1.);
#10711 = DIRECTION('',(0.,-1.));
#10712 = ( GEOMETRIC_REPRESENTATION_CONTEXT(2) 
PARAMETRIC_REPRESENTATION_CONTEXT() REPRESENTATION_CONTEXT('2D SPACE',''
  ) );
#10713 = PCURVE('',#10305,#10714);
#10714 = DEFINITIONAL_REPRESENTATION('',(#10715),#10719);
#10715 = LINE('',#10716,#10717);
#10716 = CARTESIAN_POINT('',(0.,0.));
#10717 = VECTOR('',#10718,1.);
#10718 = DIRECTION('',(0.,1.));
#10719 = ( GEOMETRIC_REPRESENTATION_CONTEXT(2) 
PARAMETRIC_REPRESENTATION_CONTEXT() REPRESENTATION_CONTEXT('2D SPACE',''
  ) );
#10720 = ADVANCED_FACE('',(#10721),#10362,.T.);
#10721 = FACE_BOUND('',#10722,.T.);
#10722 = EDGE_LOOP('',(#10723,#10747,#10748,#10749));
#10723 = ORIENTED_EDGE('',*,*,#10724,.T.);
#10724 = EDGE_CURVE('',#10725,#10627,#10727,.T.);
#10725 = VERTEX_POINT('',#10726);
#10726 = CARTESIAN_POINT('',(-28.24344487715,5.905,6.97));
#10727 = SURFACE_CURVE('',#10728,(#10733,#10740),.PCURVE_S1.);
#10728 = CIRCLE('',#10729,1.);
#10729 = AXIS2_PLACEMENT_3D('',#10730,#10731,#10732);
#10730 = CARTESIAN_POINT('',(-28.24344487715,4.905,6.97));
#10731 = DIRECTION('',(0.,0.,1.));
#10732 = DIRECTION('',(0.,-1.,0.));
#10733 = PCURVE('',#10362,#10734);
#10734 = DEFINITIONAL_REPRESENTATION('',(#10735),#10739);
#10735 = LINE('',#10736,#10737);
#10736 = CARTESIAN_POINT('',(-3.14159265359,8.881784197001E-16));
#10737 = VECTOR('',#10738,1.);
#10738 = DIRECTION('',(1.,0.));
#10739 = ( GEOMETRIC_REPRESENTATION_CONTEXT(2) 
PARAMETRIC_REPRESENTATION_CONTEXT() REPRESENTATION_CONTEXT('2D SPACE',''
  ) );
#10740 = PCURVE('',#10464,#10741);
#10741 = DEFINITIONAL_REPRESENTATION('',(#10742),#10746);
#10742 = CIRCLE('',#10743,1.);
#10743 = AXIS2_PLACEMENT_2D('',#10744,#10745);
#10744 = CARTESIAN_POINT('',(-28.24344487715,4.905));
#10745 = DIRECTION('',(0.,-1.));
#10746 = ( GEOMETRIC_REPRESENTATION_CONTEXT(2) 
PARAMETRIC_REPRESENTATION_CONTEXT() REPRESENTATION_CONTEXT('2D SPACE',''
  ) );
#10747 = ORIENTED_EDGE('',*,*,#10649,.T.);
#10748 = ORIENTED_EDGE('',*,*,#10345,.F.);
#10749 = ORIENTED_EDGE('',*,*,#10750,.F.);
#10750 = EDGE_CURVE('',#10725,#10318,#10751,.T.);
#10751 = SURFACE_CURVE('',#10752,(#10756,#10763),.PCURVE_S1.);
#10752 = LINE('',#10753,#10754);
#10753 = CARTESIAN_POINT('',(-28.24344487715,5.905,6.97));
#10754 = VECTOR('',#10755,1.);
#10755 = DIRECTION('',(0.,0.,1.));
#10756 = PCURVE('',#10362,#10757);
#10757 = DEFINITIONAL_REPRESENTATION('',(#10758),#10762);
#10758 = LINE('',#10759,#10760);
#10759 = CARTESIAN_POINT('',(0.,0.));
#10760 = VECTOR('',#10761,1.);
#10761 = DIRECTION('',(0.,1.));
#10762 = ( GEOMETRIC_REPRESENTATION_CONTEXT(2) 
PARAMETRIC_REPRESENTATION_CONTEXT() REPRESENTATION_CONTEXT('2D SPACE',''
  ) );
#10763 = PCURVE('',#10333,#10764);
#10764 = DEFINITIONAL_REPRESENTATION('',(#10765),#10769);
#10765 = LINE('',#10766,#10767);
#10766 = CARTESIAN_POINT('',(57.675914877158,0.));
#10767 = VECTOR('',#10768,1.);
#10768 = DIRECTION('',(0.,-1.));
#10769 = ( GEOMETRIC_REPRESENTATION_CONTEXT(2) 
PARAMETRIC_REPRESENTATION_CONTEXT() REPRESENTATION_CONTEXT('2D SPACE',''
  ) );
#10770 = ADVANCED_FACE('',(#10771),#10305,.T.);
#10771 = FACE_BOUND('',#10772,.T.);
#10772 = EDGE_LOOP('',(#10773,#10797,#10818,#10819));
#10773 = ORIENTED_EDGE('',*,*,#10774,.T.);
#10774 = EDGE_CURVE('',#10676,#10775,#10777,.T.);
#10775 = VERTEX_POINT('',#10776);
#10776 = CARTESIAN_POINT('',(28.243444877158,5.905,6.97));
#10777 = SURFACE_CURVE('',#10778,(#10783,#10790),.PCURVE_S1.);
#10778 = CIRCLE('',#10779,1.);
#10779 = AXIS2_PLACEMENT_3D('',#10780,#10781,#10782);
#10780 = CARTESIAN_POINT('',(28.243444877158,4.905,6.97));
#10781 = DIRECTION('',(0.,0.,1.));
#10782 = DIRECTION('',(0.,-1.,0.));
#10783 = PCURVE('',#10305,#10784);
#10784 = DEFINITIONAL_REPRESENTATION('',(#10785),#10789);
#10785 = LINE('',#10786,#10787);
#10786 = CARTESIAN_POINT('',(-1.398521109841,8.881784197001E-16));
#10787 = VECTOR('',#10788,1.);
#10788 = DIRECTION('',(1.,0.));
#10789 = ( GEOMETRIC_REPRESENTATION_CONTEXT(2) 
PARAMETRIC_REPRESENTATION_CONTEXT() REPRESENTATION_CONTEXT('2D SPACE',''
  ) );
#10790 = PCURVE('',#10464,#10791);
#10791 = DEFINITIONAL_REPRESENTATION('',(#10792),#10796);
#10792 = CIRCLE('',#10793,1.);
#10793 = AXIS2_PLACEMENT_2D('',#10794,#10795);
#10794 = CARTESIAN_POINT('',(28.243444877158,4.905));
#10795 = DIRECTION('',(0.,-1.));
#10796 = ( GEOMETRIC_REPRESENTATION_CONTEXT(2) 
PARAMETRIC_REPRESENTATION_CONTEXT() REPRESENTATION_CONTEXT('2D SPACE',''
  ) );
#10797 = ORIENTED_EDGE('',*,*,#10798,.T.);
#10798 = EDGE_CURVE('',#10775,#10289,#10799,.T.);
#10799 = SURFACE_CURVE('',#10800,(#10804,#10811),.PCURVE_S1.);
#10800 = LINE('',#10801,#10802);
#10801 = CARTESIAN_POINT('',(28.243444877158,5.905,6.97));
#10802 = VECTOR('',#10803,1.);
#10803 = DIRECTION('',(0.,0.,1.));
#10804 = PCURVE('',#10305,#10805);
#10805 = DEFINITIONAL_REPRESENTATION('',(#10806),#10810);
#10806 = LINE('',#10807,#10808);
#10807 = CARTESIAN_POINT('',(1.743071543748,0.));
#10808 = VECTOR('',#10809,1.);
#10809 = DIRECTION('',(0.,1.));
#10810 = ( GEOMETRIC_REPRESENTATION_CONTEXT(2) 
PARAMETRIC_REPRESENTATION_CONTEXT() REPRESENTATION_CONTEXT('2D SPACE',''
  ) );
#10811 = PCURVE('',#10333,#10812);
#10812 = DEFINITIONAL_REPRESENTATION('',(#10813),#10817);
#10813 = LINE('',#10814,#10815);
#10814 = CARTESIAN_POINT('',(1.189025122842,0.));
#10815 = VECTOR('',#10816,1.);
#10816 = DIRECTION('',(0.,-1.));
#10817 = ( GEOMETRIC_REPRESENTATION_CONTEXT(2) 
PARAMETRIC_REPRESENTATION_CONTEXT() REPRESENTATION_CONTEXT('2D SPACE',''
  ) );
#10818 = ORIENTED_EDGE('',*,*,#10288,.F.);
#10819 = ORIENTED_EDGE('',*,*,#10700,.F.);
#10820 = ADVANCED_FACE('',(#10821),#10333,.F.);
#10821 = FACE_BOUND('',#10822,.F.);
#10822 = EDGE_LOOP('',(#10823,#10844,#10845,#10846));
#10823 = ORIENTED_EDGE('',*,*,#10824,.F.);
#10824 = EDGE_CURVE('',#10775,#10725,#10825,.T.);
#10825 = SURFACE_CURVE('',#10826,(#10830,#10837),.PCURVE_S1.);
#10826 = LINE('',#10827,#10828);
#10827 = CARTESIAN_POINT('',(29.43247,5.905,6.97));
#10828 = VECTOR('',#10829,1.);
#10829 = DIRECTION('',(-1.,0.,0.));
#10830 = PCURVE('',#10333,#10831);
#10831 = DEFINITIONAL_REPRESENTATION('',(#10832),#10836);
#10832 = LINE('',#10833,#10834);
#10833 = CARTESIAN_POINT('',(0.,-0.));
#10834 = VECTOR('',#10835,1.);
#10835 = DIRECTION('',(1.,0.));
#10836 = ( GEOMETRIC_REPRESENTATION_CONTEXT(2) 
PARAMETRIC_REPRESENTATION_CONTEXT() REPRESENTATION_CONTEXT('2D SPACE',''
  ) );
#10837 = PCURVE('',#10464,#10838);
#10838 = DEFINITIONAL_REPRESENTATION('',(#10839),#10843);
#10839 = LINE('',#10840,#10841);
#10840 = CARTESIAN_POINT('',(29.43247,5.905));
#10841 = VECTOR('',#10842,1.);
#10842 = DIRECTION('',(-1.,0.));
#10843 = ( GEOMETRIC_REPRESENTATION_CONTEXT(2) 
PARAMETRIC_REPRESENTATION_CONTEXT() REPRESENTATION_CONTEXT('2D SPACE',''
  ) );
#10844 = ORIENTED_EDGE('',*,*,#10798,.T.);
#10845 = ORIENTED_EDGE('',*,*,#10317,.T.);
#10846 = ORIENTED_EDGE('',*,*,#10750,.F.);
#10847 = ADVANCED_FACE('',(#10848,#11082,#11113,#11123),#10464,.T.);
#10848 = FACE_BOUND('',#10849,.T.);
#10849 = EDGE_LOOP('',(#10850,#10880,#10909,#10937,#10966,#10994,#11023,
    #11051));
#10850 = ORIENTED_EDGE('',*,*,#10851,.T.);
#10851 = EDGE_CURVE('',#10852,#10854,#10856,.T.);
#10852 = VERTEX_POINT('',#10853);
#10853 = CARTESIAN_POINT('',(-33.76,-6.275,6.97));
#10854 = VERTEX_POINT('',#10855);
#10855 = CARTESIAN_POINT('',(33.76,-6.275,6.97));
#10856 = SURFACE_CURVE('',#10857,(#10861,#10868),.PCURVE_S1.);
#10857 = LINE('',#10858,#10859);
#10858 = CARTESIAN_POINT('',(-34.66,-6.275,6.97));
#10859 = VECTOR('',#10860,1.);
#10860 = DIRECTION('',(1.,0.,0.));
#10861 = PCURVE('',#10464,#10862);
#10862 = DEFINITIONAL_REPRESENTATION('',(#10863),#10867);
#10863 = LINE('',#10864,#10865);
#10864 = CARTESIAN_POINT('',(-34.66,-6.275));
#10865 = VECTOR('',#10866,1.);
#10866 = DIRECTION('',(1.,0.));
#10867 = ( GEOMETRIC_REPRESENTATION_CONTEXT(2) 
PARAMETRIC_REPRESENTATION_CONTEXT() REPRESENTATION_CONTEXT('2D SPACE',''
  ) );
#10868 = PCURVE('',#10869,#10874);
#10869 = PLANE('',#10870);
#10870 = AXIS2_PLACEMENT_3D('',#10871,#10872,#10873);
#10871 = CARTESIAN_POINT('',(-34.66,-6.275,5.99));
#10872 = DIRECTION('',(0.,1.,0.));
#10873 = DIRECTION('',(1.,0.,0.));
#10874 = DEFINITIONAL_REPRESENTATION('',(#10875),#10879);
#10875 = LINE('',#10876,#10877);
#10876 = CARTESIAN_POINT('',(0.,-0.98));
#10877 = VECTOR('',#10878,1.);
#10878 = DIRECTION('',(1.,0.));
#10879 = ( GEOMETRIC_REPRESENTATION_CONTEXT(2) 
PARAMETRIC_REPRESENTATION_CONTEXT() REPRESENTATION_CONTEXT('2D SPACE',''
  ) );
#10880 = ORIENTED_EDGE('',*,*,#10881,.T.);
#10881 = EDGE_CURVE('',#10854,#10882,#10884,.T.);
#10882 = VERTEX_POINT('',#10883);
#10883 = CARTESIAN_POINT('',(34.66,-5.375,6.97));
#10884 = SURFACE_CURVE('',#10885,(#10890,#10897),.PCURVE_S1.);
#10885 = CIRCLE('',#10886,0.9);
#10886 = AXIS2_PLACEMENT_3D('',#10887,#10888,#10889);
#10887 = CARTESIAN_POINT('',(33.76,-5.375,6.97));
#10888 = DIRECTION('',(0.,0.,1.));
#10889 = DIRECTION('',(0.,-1.,0.));
#10890 = PCURVE('',#10464,#10891);
#10891 = DEFINITIONAL_REPRESENTATION('',(#10892),#10896);
#10892 = CIRCLE('',#10893,0.9);
#10893 = AXIS2_PLACEMENT_2D('',#10894,#10895);
#10894 = CARTESIAN_POINT('',(33.76,-5.375));
#10895 = DIRECTION('',(0.,-1.));
#10896 = ( GEOMETRIC_REPRESENTATION_CONTEXT(2) 
PARAMETRIC_REPRESENTATION_CONTEXT() REPRESENTATION_CONTEXT('2D SPACE',''
  ) );
#10897 = PCURVE('',#10898,#10903);
#10898 = CYLINDRICAL_SURFACE('',#10899,0.9);
#10899 = AXIS2_PLACEMENT_3D('',#10900,#10901,#10902);
#10900 = CARTESIAN_POINT('',(33.76,-5.375,5.99));
#10901 = DIRECTION('',(0.,0.,1.));
#10902 = DIRECTION('',(0.,-1.,0.));
#10903 = DEFINITIONAL_REPRESENTATION('',(#10904),#10908);
#10904 = LINE('',#10905,#10906);
#10905 = CARTESIAN_POINT('',(7.993605777301E-15,0.98));
#10906 = VECTOR('',#10907,1.);
#10907 = DIRECTION('',(1.,0.));
#10908 = ( GEOMETRIC_REPRESENTATION_CONTEXT(2) 
PARAMETRIC_REPRESENTATION_CONTEXT() REPRESENTATION_CONTEXT('2D SPACE',''
  ) );
#10909 = ORIENTED_EDGE('',*,*,#10910,.T.);
#10910 = EDGE_CURVE('',#10882,#10911,#10913,.T.);
#10911 = VERTEX_POINT('',#10912);
#10912 = CARTESIAN_POINT('',(34.66,5.375,6.97));
#10913 = SURFACE_CURVE('',#10914,(#10918,#10925),.PCURVE_S1.);
#10914 = LINE('',#10915,#10916);
#10915 = CARTESIAN_POINT('',(34.66,-6.275,6.97));
#10916 = VECTOR('',#10917,1.);
#10917 = DIRECTION('',(0.,1.,0.));
#10918 = PCURVE('',#10464,#10919);
#10919 = DEFINITIONAL_REPRESENTATION('',(#10920),#10924);
#10920 = LINE('',#10921,#10922);
#10921 = CARTESIAN_POINT('',(34.66,-6.275));
#10922 = VECTOR('',#10923,1.);
#10923 = DIRECTION('',(0.,1.));
#10924 = ( GEOMETRIC_REPRESENTATION_CONTEXT(2) 
PARAMETRIC_REPRESENTATION_CONTEXT() REPRESENTATION_CONTEXT('2D SPACE',''
  ) );
#10925 = PCURVE('',#10926,#10931);
#10926 = PLANE('',#10927);
#10927 = AXIS2_PLACEMENT_3D('',#10928,#10929,#10930);
#10928 = CARTESIAN_POINT('',(34.66,-6.275,5.99));
#10929 = DIRECTION('',(-1.,0.,0.));
#10930 = DIRECTION('',(0.,1.,0.));
#10931 = DEFINITIONAL_REPRESENTATION('',(#10932),#10936);
#10932 = LINE('',#10933,#10934);
#10933 = CARTESIAN_POINT('',(0.,-0.98));
#10934 = VECTOR('',#10935,1.);
#10935 = DIRECTION('',(1.,0.));
#10936 = ( GEOMETRIC_REPRESENTATION_CONTEXT(2) 
PARAMETRIC_REPRESENTATION_CONTEXT() REPRESENTATION_CONTEXT('2D SPACE',''
  ) );
#10937 = ORIENTED_EDGE('',*,*,#10938,.T.);
#10938 = EDGE_CURVE('',#10911,#10939,#10941,.T.);
#10939 = VERTEX_POINT('',#10940);
#10940 = CARTESIAN_POINT('',(33.76,6.275,6.97));
#10941 = SURFACE_CURVE('',#10942,(#10947,#10954),.PCURVE_S1.);
#10942 = CIRCLE('',#10943,0.9);
#10943 = AXIS2_PLACEMENT_3D('',#10944,#10945,#10946);
#10944 = CARTESIAN_POINT('',(33.76,5.375,6.97));
#10945 = DIRECTION('',(0.,0.,1.));
#10946 = DIRECTION('',(0.,-1.,0.));
#10947 = PCURVE('',#10464,#10948);
#10948 = DEFINITIONAL_REPRESENTATION('',(#10949),#10953);
#10949 = CIRCLE('',#10950,0.9);
#10950 = AXIS2_PLACEMENT_2D('',#10951,#10952);
#10951 = CARTESIAN_POINT('',(33.76,5.375));
#10952 = DIRECTION('',(0.,-1.));
#10953 = ( GEOMETRIC_REPRESENTATION_CONTEXT(2) 
PARAMETRIC_REPRESENTATION_CONTEXT() REPRESENTATION_CONTEXT('2D SPACE',''
  ) );
#10954 = PCURVE('',#10955,#10960);
#10955 = CYLINDRICAL_SURFACE('',#10956,0.9);
#10956 = AXIS2_PLACEMENT_3D('',#10957,#10958,#10959);
#10957 = CARTESIAN_POINT('',(33.76,5.375,5.99));
#10958 = DIRECTION('',(0.,0.,1.));
#10959 = DIRECTION('',(1.,0.,-0.));
#10960 = DEFINITIONAL_REPRESENTATION('',(#10961),#10965);
#10961 = LINE('',#10962,#10963);
#10962 = CARTESIAN_POINT('',(-1.570796326795,0.98));
#10963 = VECTOR('',#10964,1.);
#10964 = DIRECTION('',(1.,0.));
#10965 = ( GEOMETRIC_REPRESENTATION_CONTEXT(2) 
PARAMETRIC_REPRESENTATION_CONTEXT() REPRESENTATION_CONTEXT('2D SPACE',''
  ) );
#10966 = ORIENTED_EDGE('',*,*,#10967,.T.);
#10967 = EDGE_CURVE('',#10939,#10968,#10970,.T.);
#10968 = VERTEX_POINT('',#10969);
#10969 = CARTESIAN_POINT('',(-33.76,6.275,6.97));
#10970 = SURFACE_CURVE('',#10971,(#10975,#10982),.PCURVE_S1.);
#10971 = LINE('',#10972,#10973);
#10972 = CARTESIAN_POINT('',(34.66,6.275,6.97));
#10973 = VECTOR('',#10974,1.);
#10974 = DIRECTION('',(-1.,0.,0.));
#10975 = PCURVE('',#10464,#10976);
#10976 = DEFINITIONAL_REPRESENTATION('',(#10977),#10981);
#10977 = LINE('',#10978,#10979);
#10978 = CARTESIAN_POINT('',(34.66,6.275));
#10979 = VECTOR('',#10980,1.);
#10980 = DIRECTION('',(-1.,0.));
#10981 = ( GEOMETRIC_REPRESENTATION_CONTEXT(2) 
PARAMETRIC_REPRESENTATION_CONTEXT() REPRESENTATION_CONTEXT('2D SPACE',''
  ) );
#10982 = PCURVE('',#10983,#10988);
#10983 = PLANE('',#10984);
#10984 = AXIS2_PLACEMENT_3D('',#10985,#10986,#10987);
#10985 = CARTESIAN_POINT('',(34.66,6.275,5.99));
#10986 = DIRECTION('',(0.,-1.,0.));
#10987 = DIRECTION('',(-1.,0.,0.));
#10988 = DEFINITIONAL_REPRESENTATION('',(#10989),#10993);
#10989 = LINE('',#10990,#10991);
#10990 = CARTESIAN_POINT('',(0.,-0.98));
#10991 = VECTOR('',#10992,1.);
#10992 = DIRECTION('',(1.,0.));
#10993 = ( GEOMETRIC_REPRESENTATION_CONTEXT(2) 
PARAMETRIC_REPRESENTATION_CONTEXT() REPRESENTATION_CONTEXT('2D SPACE',''
  ) );
#10994 = ORIENTED_EDGE('',*,*,#10995,.T.);
#10995 = EDGE_CURVE('',#10968,#10996,#10998,.T.);
#10996 = VERTEX_POINT('',#10997);
#10997 = CARTESIAN_POINT('',(-34.66,5.375,6.97));
#10998 = SURFACE_CURVE('',#10999,(#11004,#11011),.PCURVE_S1.);
#10999 = CIRCLE('',#11000,0.9);
#11000 = AXIS2_PLACEMENT_3D('',#11001,#11002,#11003);
#11001 = CARTESIAN_POINT('',(-33.76,5.375,6.97));
#11002 = DIRECTION('',(0.,0.,1.));
#11003 = DIRECTION('',(0.,-1.,0.));
#11004 = PCURVE('',#10464,#11005);
#11005 = DEFINITIONAL_REPRESENTATION('',(#11006),#11010);
#11006 = CIRCLE('',#11007,0.9);
#11007 = AXIS2_PLACEMENT_2D('',#11008,#11009);
#11008 = CARTESIAN_POINT('',(-33.76,5.375));
#11009 = DIRECTION('',(0.,-1.));
#11010 = ( GEOMETRIC_REPRESENTATION_CONTEXT(2) 
PARAMETRIC_REPRESENTATION_CONTEXT() REPRESENTATION_CONTEXT('2D SPACE',''
  ) );
#11011 = PCURVE('',#11012,#11017);
#11012 = CYLINDRICAL_SURFACE('',#11013,0.9);
#11013 = AXIS2_PLACEMENT_3D('',#11014,#11015,#11016);
#11014 = CARTESIAN_POINT('',(-33.76,5.375,5.99));
#11015 = DIRECTION('',(0.,0.,1.));
#11016 = DIRECTION('',(-0.,1.,0.));
#11017 = DEFINITIONAL_REPRESENTATION('',(#11018),#11022);
#11018 = LINE('',#11019,#11020);
#11019 = CARTESIAN_POINT('',(-3.14159265359,0.98));
#11020 = VECTOR('',#11021,1.);
#11021 = DIRECTION('',(1.,0.));
#11022 = ( GEOMETRIC_REPRESENTATION_CONTEXT(2) 
PARAMETRIC_REPRESENTATION_CONTEXT() REPRESENTATION_CONTEXT('2D SPACE',''
  ) );
#11023 = ORIENTED_EDGE('',*,*,#11024,.T.);
#11024 = EDGE_CURVE('',#10996,#11025,#11027,.T.);
#11025 = VERTEX_POINT('',#11026);
#11026 = CARTESIAN_POINT('',(-34.66,-5.375,6.97));
#11027 = SURFACE_CURVE('',#11028,(#11032,#11039),.PCURVE_S1.);
#11028 = LINE('',#11029,#11030);
#11029 = CARTESIAN_POINT('',(-34.66,6.275,6.97));
#11030 = VECTOR('',#11031,1.);
#11031 = DIRECTION('',(0.,-1.,0.));
#11032 = PCURVE('',#10464,#11033);
#11033 = DEFINITIONAL_REPRESENTATION('',(#11034),#11038);
#11034 = LINE('',#11035,#11036);
#11035 = CARTESIAN_POINT('',(-34.66,6.275));
#11036 = VECTOR('',#11037,1.);
#11037 = DIRECTION('',(0.,-1.));
#11038 = ( GEOMETRIC_REPRESENTATION_CONTEXT(2) 
PARAMETRIC_REPRESENTATION_CONTEXT() REPRESENTATION_CONTEXT('2D SPACE',''
  ) );
#11039 = PCURVE('',#11040,#11045);
#11040 = PLANE('',#11041);
#11041 = AXIS2_PLACEMENT_3D('',#11042,#11043,#11044);
#11042 = CARTESIAN_POINT('',(-34.66,6.275,5.99));
#11043 = DIRECTION('',(1.,0.,-0.));
#11044 = DIRECTION('',(0.,-1.,0.));
#11045 = DEFINITIONAL_REPRESENTATION('',(#11046),#11050);
#11046 = LINE('',#11047,#11048);
#11047 = CARTESIAN_POINT('',(0.,-0.98));
#11048 = VECTOR('',#11049,1.);
#11049 = DIRECTION('',(1.,0.));
#11050 = ( GEOMETRIC_REPRESENTATION_CONTEXT(2) 
PARAMETRIC_REPRESENTATION_CONTEXT() REPRESENTATION_CONTEXT('2D SPACE',''
  ) );
#11051 = ORIENTED_EDGE('',*,*,#11052,.F.);
#11052 = EDGE_CURVE('',#10852,#11025,#11053,.T.);
#11053 = SURFACE_CURVE('',#11054,(#11059,#11070),.PCURVE_S1.);
#11054 = CIRCLE('',#11055,0.9);
#11055 = AXIS2_PLACEMENT_3D('',#11056,#11057,#11058);
#11056 = CARTESIAN_POINT('',(-33.76,-5.375,6.97));
#11057 = DIRECTION('',(-0.,-0.,-1.));
#11058 = DIRECTION('',(0.,-1.,0.));
#11059 = PCURVE('',#10464,#11060);
#11060 = DEFINITIONAL_REPRESENTATION('',(#11061),#11069);
#11061 = ( BOUNDED_CURVE() B_SPLINE_CURVE(2,(#11062,#11063,#11064,#11065
    ,#11066,#11067,#11068),.UNSPECIFIED.,.T.,.F.) 
B_SPLINE_CURVE_WITH_KNOTS((1,2,2,2,2,1),(-2.094395102393,0.,
    2.094395102393,4.188790204786,6.28318530718,8.377580409573),
.UNSPECIFIED.) CURVE() GEOMETRIC_REPRESENTATION_ITEM() 
RATIONAL_B_SPLINE_CURVE((1.,0.5,1.,0.5,1.,0.5,1.)) REPRESENTATION_ITEM(
  '') );
#11062 = CARTESIAN_POINT('',(-33.76,-6.275));
#11063 = CARTESIAN_POINT('',(-35.31884572681,-6.275));
#11064 = CARTESIAN_POINT('',(-34.5394228634,-4.925));
#11065 = CARTESIAN_POINT('',(-33.76,-3.575));
#11066 = CARTESIAN_POINT('',(-32.98057713659,-4.925));
#11067 = CARTESIAN_POINT('',(-32.20115427318,-6.275));
#11068 = CARTESIAN_POINT('',(-33.76,-6.275));
#11069 = ( GEOMETRIC_REPRESENTATION_CONTEXT(2) 
PARAMETRIC_REPRESENTATION_CONTEXT() REPRESENTATION_CONTEXT('2D SPACE',''
  ) );
#11070 = PCURVE('',#11071,#11076);
#11071 = CYLINDRICAL_SURFACE('',#11072,0.9);
#11072 = AXIS2_PLACEMENT_3D('',#11073,#11074,#11075);
#11073 = CARTESIAN_POINT('',(-33.76,-5.375,5.99));
#11074 = DIRECTION('',(0.,0.,1.));
#11075 = DIRECTION('',(0.,-1.,0.));
#11076 = DEFINITIONAL_REPRESENTATION('',(#11077),#11081);
#11077 = LINE('',#11078,#11079);
#11078 = CARTESIAN_POINT('',(-0.,0.98));
#11079 = VECTOR('',#11080,1.);
#11080 = DIRECTION('',(-1.,0.));
#11081 = ( GEOMETRIC_REPRESENTATION_CONTEXT(2) 
PARAMETRIC_REPRESENTATION_CONTEXT() REPRESENTATION_CONTEXT('2D SPACE',''
  ) );
#11082 = FACE_BOUND('',#11083,.T.);
#11083 = EDGE_LOOP('',(#11084));
#11084 = ORIENTED_EDGE('',*,*,#11085,.F.);
#11085 = EDGE_CURVE('',#11086,#11086,#11088,.T.);
#11086 = VERTEX_POINT('',#11087);
#11087 = CARTESIAN_POINT('',(-30.25,-3.673940397442E-16,6.97));
#11088 = SURFACE_CURVE('',#11089,(#11094,#11101),.PCURVE_S1.);
#11089 = CIRCLE('',#11090,1.5);
#11090 = AXIS2_PLACEMENT_3D('',#11091,#11092,#11093);
#11091 = CARTESIAN_POINT('',(-31.75,0.,6.97));
#11092 = DIRECTION('',(0.,0.,1.));
#11093 = DIRECTION('',(1.,0.,-0.));
#11094 = PCURVE('',#10464,#11095);
#11095 = DEFINITIONAL_REPRESENTATION('',(#11096),#11100);
#11096 = CIRCLE('',#11097,1.5);
#11097 = AXIS2_PLACEMENT_2D('',#11098,#11099);
#11098 = CARTESIAN_POINT('',(-31.75,0.));
#11099 = DIRECTION('',(1.,0.));
#11100 = ( GEOMETRIC_REPRESENTATION_CONTEXT(2) 
PARAMETRIC_REPRESENTATION_CONTEXT() REPRESENTATION_CONTEXT('2D SPACE',''
  ) );
#11101 = PCURVE('',#11102,#11107);
#11102 = CYLINDRICAL_SURFACE('',#11103,1.5);
#11103 = AXIS2_PLACEMENT_3D('',#11104,#11105,#11106);
#11104 = CARTESIAN_POINT('',(-31.75,0.,5.89));
#11105 = DIRECTION('',(0.,0.,1.));
#11106 = DIRECTION('',(1.,0.,-0.));
#11107 = DEFINITIONAL_REPRESENTATION('',(#11108),#11112);
#11108 = LINE('',#11109,#11110);
#11109 = CARTESIAN_POINT('',(0.,1.08));
#11110 = VECTOR('',#11111,1.);
#11111 = DIRECTION('',(1.,0.));
#11112 = ( GEOMETRIC_REPRESENTATION_CONTEXT(2) 
PARAMETRIC_REPRESENTATION_CONTEXT() REPRESENTATION_CONTEXT('2D SPACE',''
  ) );
#11113 = FACE_BOUND('',#11114,.T.);
#11114 = EDGE_LOOP('',(#11115,#11116,#11117,#11118,#11119,#11120,#11121,
    #11122));
#11115 = ORIENTED_EDGE('',*,*,#10446,.F.);
#11116 = ORIENTED_EDGE('',*,*,#10522,.T.);
#11117 = ORIENTED_EDGE('',*,*,#10626,.F.);
#11118 = ORIENTED_EDGE('',*,*,#10724,.F.);
#11119 = ORIENTED_EDGE('',*,*,#10824,.F.);
#11120 = ORIENTED_EDGE('',*,*,#10774,.F.);
#11121 = ORIENTED_EDGE('',*,*,#10675,.F.);
#11122 = ORIENTED_EDGE('',*,*,#10576,.F.);
#11123 = FACE_BOUND('',#11124,.T.);
#11124 = EDGE_LOOP('',(#11125));
#11125 = ORIENTED_EDGE('',*,*,#11126,.F.);
#11126 = EDGE_CURVE('',#11127,#11127,#11129,.T.);
#11127 = VERTEX_POINT('',#11128);
#11128 = CARTESIAN_POINT('',(33.25,-3.673940397442E-16,6.97));
#11129 = SURFACE_CURVE('',#11130,(#11135,#11142),.PCURVE_S1.);
#11130 = CIRCLE('',#11131,1.5);
#11131 = AXIS2_PLACEMENT_3D('',#11132,#11133,#11134);
#11132 = CARTESIAN_POINT('',(31.75,0.,6.97));
#11133 = DIRECTION('',(0.,0.,1.));
#11134 = DIRECTION('',(1.,0.,-0.));
#11135 = PCURVE('',#10464,#11136);
#11136 = DEFINITIONAL_REPRESENTATION('',(#11137),#11141);
#11137 = CIRCLE('',#11138,1.5);
#11138 = AXIS2_PLACEMENT_2D('',#11139,#11140);
#11139 = CARTESIAN_POINT('',(31.75,0.));
#11140 = DIRECTION('',(1.,0.));
#11141 = ( GEOMETRIC_REPRESENTATION_CONTEXT(2) 
PARAMETRIC_REPRESENTATION_CONTEXT() REPRESENTATION_CONTEXT('2D SPACE',''
  ) );
#11142 = PCURVE('',#11143,#11148);
#11143 = CYLINDRICAL_SURFACE('',#11144,1.5);
#11144 = AXIS2_PLACEMENT_3D('',#11145,#11146,#11147);
#11145 = CARTESIAN_POINT('',(31.75,0.,5.89));
#11146 = DIRECTION('',(0.,0.,1.));
#11147 = DIRECTION('',(1.,0.,-0.));
#11148 = DEFINITIONAL_REPRESENTATION('',(#11149),#11153);
#11149 = LINE('',#11150,#11151);
#11150 = CARTESIAN_POINT('',(0.,1.08));
#11151 = VECTOR('',#11152,1.);
#11152 = DIRECTION('',(1.,0.));
#11153 = ( GEOMETRIC_REPRESENTATION_CONTEXT(2) 
PARAMETRIC_REPRESENTATION_CONTEXT() REPRESENTATION_CONTEXT('2D SPACE',''
  ) );
#11154 = ADVANCED_FACE('',(#11155),#10869,.F.);
#11155 = FACE_BOUND('',#11156,.F.);
#11156 = EDGE_LOOP('',(#11157,#11187,#11208,#11209));
#11157 = ORIENTED_EDGE('',*,*,#11158,.F.);
#11158 = EDGE_CURVE('',#11159,#11161,#11163,.T.);
#11159 = VERTEX_POINT('',#11160);
#11160 = CARTESIAN_POINT('',(-33.76,-6.275,5.99));
#11161 = VERTEX_POINT('',#11162);
#11162 = CARTESIAN_POINT('',(33.76,-6.275,5.99));
#11163 = SURFACE_CURVE('',#11164,(#11168,#11175),.PCURVE_S1.);
#11164 = LINE('',#11165,#11166);
#11165 = CARTESIAN_POINT('',(-34.66,-6.275,5.99));
#11166 = VECTOR('',#11167,1.);
#11167 = DIRECTION('',(1.,0.,0.));
#11168 = PCURVE('',#10869,#11169);
#11169 = DEFINITIONAL_REPRESENTATION('',(#11170),#11174);
#11170 = LINE('',#11171,#11172);
#11171 = CARTESIAN_POINT('',(0.,0.));
#11172 = VECTOR('',#11173,1.);
#11173 = DIRECTION('',(1.,0.));
#11174 = ( GEOMETRIC_REPRESENTATION_CONTEXT(2) 
PARAMETRIC_REPRESENTATION_CONTEXT() REPRESENTATION_CONTEXT('2D SPACE',''
  ) );
#11175 = PCURVE('',#11176,#11181);
#11176 = PLANE('',#11177);
#11177 = AXIS2_PLACEMENT_3D('',#11178,#11179,#11180);
#11178 = CARTESIAN_POINT('',(-3.471565827581E-16,0.,5.99));
#11179 = DIRECTION('',(0.,0.,1.));
#11180 = DIRECTION('',(1.,0.,-0.));
#11181 = DEFINITIONAL_REPRESENTATION('',(#11182),#11186);
#11182 = LINE('',#11183,#11184);
#11183 = CARTESIAN_POINT('',(-34.66,-6.275));
#11184 = VECTOR('',#11185,1.);
#11185 = DIRECTION('',(1.,0.));
#11186 = ( GEOMETRIC_REPRESENTATION_CONTEXT(2) 
PARAMETRIC_REPRESENTATION_CONTEXT() REPRESENTATION_CONTEXT('2D SPACE',''
  ) );
#11187 = ORIENTED_EDGE('',*,*,#11188,.T.);
#11188 = EDGE_CURVE('',#11159,#10852,#11189,.T.);
#11189 = SURFACE_CURVE('',#11190,(#11194,#11201),.PCURVE_S1.);
#11190 = LINE('',#11191,#11192);
#11191 = CARTESIAN_POINT('',(-33.76,-6.275,5.99));
#11192 = VECTOR('',#11193,1.);
#11193 = DIRECTION('',(0.,0.,1.));
#11194 = PCURVE('',#10869,#11195);
#11195 = DEFINITIONAL_REPRESENTATION('',(#11196),#11200);
#11196 = LINE('',#11197,#11198);
#11197 = CARTESIAN_POINT('',(0.9,0.));
#11198 = VECTOR('',#11199,1.);
#11199 = DIRECTION('',(0.,-1.));
#11200 = ( GEOMETRIC_REPRESENTATION_CONTEXT(2) 
PARAMETRIC_REPRESENTATION_CONTEXT() REPRESENTATION_CONTEXT('2D SPACE',''
  ) );
#11201 = PCURVE('',#11071,#11202);
#11202 = DEFINITIONAL_REPRESENTATION('',(#11203),#11207);
#11203 = LINE('',#11204,#11205);
#11204 = CARTESIAN_POINT('',(-0.,0.));
#11205 = VECTOR('',#11206,1.);
#11206 = DIRECTION('',(-0.,1.));
#11207 = ( GEOMETRIC_REPRESENTATION_CONTEXT(2) 
PARAMETRIC_REPRESENTATION_CONTEXT() REPRESENTATION_CONTEXT('2D SPACE',''
  ) );
#11208 = ORIENTED_EDGE('',*,*,#10851,.T.);
#11209 = ORIENTED_EDGE('',*,*,#11210,.F.);
#11210 = EDGE_CURVE('',#11161,#10854,#11211,.T.);
#11211 = SURFACE_CURVE('',#11212,(#11216,#11223),.PCURVE_S1.);
#11212 = LINE('',#11213,#11214);
#11213 = CARTESIAN_POINT('',(33.76,-6.275,5.99));
#11214 = VECTOR('',#11215,1.);
#11215 = DIRECTION('',(0.,0.,1.));
#11216 = PCURVE('',#10869,#11217);
#11217 = DEFINITIONAL_REPRESENTATION('',(#11218),#11222);
#11218 = LINE('',#11219,#11220);
#11219 = CARTESIAN_POINT('',(68.42,0.));
#11220 = VECTOR('',#11221,1.);
#11221 = DIRECTION('',(0.,-1.));
#11222 = ( GEOMETRIC_REPRESENTATION_CONTEXT(2) 
PARAMETRIC_REPRESENTATION_CONTEXT() REPRESENTATION_CONTEXT('2D SPACE',''
  ) );
#11223 = PCURVE('',#10898,#11224);
#11224 = DEFINITIONAL_REPRESENTATION('',(#11225),#11229);
#11225 = LINE('',#11226,#11227);
#11226 = CARTESIAN_POINT('',(0.,0.));
#11227 = VECTOR('',#11228,1.);
#11228 = DIRECTION('',(0.,1.));
#11229 = ( GEOMETRIC_REPRESENTATION_CONTEXT(2) 
PARAMETRIC_REPRESENTATION_CONTEXT() REPRESENTATION_CONTEXT('2D SPACE',''
  ) );
#11230 = ADVANCED_FACE('',(#11231),#11071,.T.);
#11231 = FACE_BOUND('',#11232,.F.);
#11232 = EDGE_LOOP('',(#11233,#11261,#11282,#11283));
#11233 = ORIENTED_EDGE('',*,*,#11234,.T.);
#11234 = EDGE_CURVE('',#11159,#11235,#11237,.T.);
#11235 = VERTEX_POINT('',#11236);
#11236 = CARTESIAN_POINT('',(-34.66,-5.375,5.99));
#11237 = SURFACE_CURVE('',#11238,(#11243,#11250),.PCURVE_S1.);
#11238 = CIRCLE('',#11239,0.9);
#11239 = AXIS2_PLACEMENT_3D('',#11240,#11241,#11242);
#11240 = CARTESIAN_POINT('',(-33.76,-5.375,5.99));
#11241 = DIRECTION('',(-0.,-0.,-1.));
#11242 = DIRECTION('',(0.,-1.,0.));
#11243 = PCURVE('',#11071,#11244);
#11244 = DEFINITIONAL_REPRESENTATION('',(#11245),#11249);
#11245 = LINE('',#11246,#11247);
#11246 = CARTESIAN_POINT('',(-0.,-8.881784197001E-16));
#11247 = VECTOR('',#11248,1.);
#11248 = DIRECTION('',(-1.,0.));
#11249 = ( GEOMETRIC_REPRESENTATION_CONTEXT(2) 
PARAMETRIC_REPRESENTATION_CONTEXT() REPRESENTATION_CONTEXT('2D SPACE',''
  ) );
#11250 = PCURVE('',#11176,#11251);
#11251 = DEFINITIONAL_REPRESENTATION('',(#11252),#11260);
#11252 = ( BOUNDED_CURVE() B_SPLINE_CURVE(2,(#11253,#11254,#11255,#11256
    ,#11257,#11258,#11259),.UNSPECIFIED.,.T.,.F.) 
B_SPLINE_CURVE_WITH_KNOTS((1,2,2,2,2,1),(-2.094395102393,0.,
    2.094395102393,4.188790204786,6.28318530718,8.377580409573),
.UNSPECIFIED.) CURVE() GEOMETRIC_REPRESENTATION_ITEM() 
RATIONAL_B_SPLINE_CURVE((1.,0.5,1.,0.5,1.,0.5,1.)) REPRESENTATION_ITEM(
  '') );
#11253 = CARTESIAN_POINT('',(-33.76,-6.275));
#11254 = CARTESIAN_POINT('',(-35.31884572681,-6.275));
#11255 = CARTESIAN_POINT('',(-34.5394228634,-4.925));
#11256 = CARTESIAN_POINT('',(-33.76,-3.575));
#11257 = CARTESIAN_POINT('',(-32.98057713659,-4.925));
#11258 = CARTESIAN_POINT('',(-32.20115427318,-6.275));
#11259 = CARTESIAN_POINT('',(-33.76,-6.275));
#11260 = ( GEOMETRIC_REPRESENTATION_CONTEXT(2) 
PARAMETRIC_REPRESENTATION_CONTEXT() REPRESENTATION_CONTEXT('2D SPACE',''
  ) );
#11261 = ORIENTED_EDGE('',*,*,#11262,.T.);
#11262 = EDGE_CURVE('',#11235,#11025,#11263,.T.);
#11263 = SURFACE_CURVE('',#11264,(#11268,#11275),.PCURVE_S1.);
#11264 = LINE('',#11265,#11266);
#11265 = CARTESIAN_POINT('',(-34.66,-5.375,5.99));
#11266 = VECTOR('',#11267,1.);
#11267 = DIRECTION('',(0.,0.,1.));
#11268 = PCURVE('',#11071,#11269);
#11269 = DEFINITIONAL_REPRESENTATION('',(#11270),#11274);
#11270 = LINE('',#11271,#11272);
#11271 = CARTESIAN_POINT('',(-1.570796326795,0.));
#11272 = VECTOR('',#11273,1.);
#11273 = DIRECTION('',(-0.,1.));
#11274 = ( GEOMETRIC_REPRESENTATION_CONTEXT(2) 
PARAMETRIC_REPRESENTATION_CONTEXT() REPRESENTATION_CONTEXT('2D SPACE',''
  ) );
#11275 = PCURVE('',#11040,#11276);
#11276 = DEFINITIONAL_REPRESENTATION('',(#11277),#11281);
#11277 = LINE('',#11278,#11279);
#11278 = CARTESIAN_POINT('',(11.65,0.));
#11279 = VECTOR('',#11280,1.);
#11280 = DIRECTION('',(0.,-1.));
#11281 = ( GEOMETRIC_REPRESENTATION_CONTEXT(2) 
PARAMETRIC_REPRESENTATION_CONTEXT() REPRESENTATION_CONTEXT('2D SPACE',''
  ) );
#11282 = ORIENTED_EDGE('',*,*,#11052,.F.);
#11283 = ORIENTED_EDGE('',*,*,#11188,.F.);
#11284 = ADVANCED_FACE('',(#11285),#10898,.T.);
#11285 = FACE_BOUND('',#11286,.T.);
#11286 = EDGE_LOOP('',(#11287,#11311,#11332,#11333));
#11287 = ORIENTED_EDGE('',*,*,#11288,.T.);
#11288 = EDGE_CURVE('',#11161,#11289,#11291,.T.);
#11289 = VERTEX_POINT('',#11290);
#11290 = CARTESIAN_POINT('',(34.66,-5.375,5.99));
#11291 = SURFACE_CURVE('',#11292,(#11297,#11304),.PCURVE_S1.);
#11292 = CIRCLE('',#11293,0.9);
#11293 = AXIS2_PLACEMENT_3D('',#11294,#11295,#11296);
#11294 = CARTESIAN_POINT('',(33.76,-5.375,5.99));
#11295 = DIRECTION('',(0.,0.,1.));
#11296 = DIRECTION('',(0.,-1.,0.));
#11297 = PCURVE('',#10898,#11298);
#11298 = DEFINITIONAL_REPRESENTATION('',(#11299),#11303);
#11299 = LINE('',#11300,#11301);
#11300 = CARTESIAN_POINT('',(7.993605777301E-15,-8.881784197001E-16));
#11301 = VECTOR('',#11302,1.);
#11302 = DIRECTION('',(1.,0.));
#11303 = ( GEOMETRIC_REPRESENTATION_CONTEXT(2) 
PARAMETRIC_REPRESENTATION_CONTEXT() REPRESENTATION_CONTEXT('2D SPACE',''
  ) );
#11304 = PCURVE('',#11176,#11305);
#11305 = DEFINITIONAL_REPRESENTATION('',(#11306),#11310);
#11306 = CIRCLE('',#11307,0.9);
#11307 = AXIS2_PLACEMENT_2D('',#11308,#11309);
#11308 = CARTESIAN_POINT('',(33.76,-5.375));
#11309 = DIRECTION('',(0.,-1.));
#11310 = ( GEOMETRIC_REPRESENTATION_CONTEXT(2) 
PARAMETRIC_REPRESENTATION_CONTEXT() REPRESENTATION_CONTEXT('2D SPACE',''
  ) );
#11311 = ORIENTED_EDGE('',*,*,#11312,.T.);
#11312 = EDGE_CURVE('',#11289,#10882,#11313,.T.);
#11313 = SURFACE_CURVE('',#11314,(#11318,#11325),.PCURVE_S1.);
#11314 = LINE('',#11315,#11316);
#11315 = CARTESIAN_POINT('',(34.66,-5.375,5.99));
#11316 = VECTOR('',#11317,1.);
#11317 = DIRECTION('',(0.,0.,1.));
#11318 = PCURVE('',#10898,#11319);
#11319 = DEFINITIONAL_REPRESENTATION('',(#11320),#11324);
#11320 = LINE('',#11321,#11322);
#11321 = CARTESIAN_POINT('',(1.570796326795,0.));
#11322 = VECTOR('',#11323,1.);
#11323 = DIRECTION('',(0.,1.));
#11324 = ( GEOMETRIC_REPRESENTATION_CONTEXT(2) 
PARAMETRIC_REPRESENTATION_CONTEXT() REPRESENTATION_CONTEXT('2D SPACE',''
  ) );
#11325 = PCURVE('',#10926,#11326);
#11326 = DEFINITIONAL_REPRESENTATION('',(#11327),#11331);
#11327 = LINE('',#11328,#11329);
#11328 = CARTESIAN_POINT('',(0.9,0.));
#11329 = VECTOR('',#11330,1.);
#11330 = DIRECTION('',(0.,-1.));
#11331 = ( GEOMETRIC_REPRESENTATION_CONTEXT(2) 
PARAMETRIC_REPRESENTATION_CONTEXT() REPRESENTATION_CONTEXT('2D SPACE',''
  ) );
#11332 = ORIENTED_EDGE('',*,*,#10881,.F.);
#11333 = ORIENTED_EDGE('',*,*,#11210,.F.);
#11334 = ADVANCED_FACE('',(#11335),#11040,.F.);
#11335 = FACE_BOUND('',#11336,.F.);
#11336 = EDGE_LOOP('',(#11337,#11360,#11381,#11382));
#11337 = ORIENTED_EDGE('',*,*,#11338,.F.);
#11338 = EDGE_CURVE('',#11339,#11235,#11341,.T.);
#11339 = VERTEX_POINT('',#11340);
#11340 = CARTESIAN_POINT('',(-34.66,5.375,5.99));
#11341 = SURFACE_CURVE('',#11342,(#11346,#11353),.PCURVE_S1.);
#11342 = LINE('',#11343,#11344);
#11343 = CARTESIAN_POINT('',(-34.66,6.275,5.99));
#11344 = VECTOR('',#11345,1.);
#11345 = DIRECTION('',(0.,-1.,0.));
#11346 = PCURVE('',#11040,#11347);
#11347 = DEFINITIONAL_REPRESENTATION('',(#11348),#11352);
#11348 = LINE('',#11349,#11350);
#11349 = CARTESIAN_POINT('',(0.,0.));
#11350 = VECTOR('',#11351,1.);
#11351 = DIRECTION('',(1.,0.));
#11352 = ( GEOMETRIC_REPRESENTATION_CONTEXT(2) 
PARAMETRIC_REPRESENTATION_CONTEXT() REPRESENTATION_CONTEXT('2D SPACE',''
  ) );
#11353 = PCURVE('',#11176,#11354);
#11354 = DEFINITIONAL_REPRESENTATION('',(#11355),#11359);
#11355 = LINE('',#11356,#11357);
#11356 = CARTESIAN_POINT('',(-34.66,6.275));
#11357 = VECTOR('',#11358,1.);
#11358 = DIRECTION('',(0.,-1.));
#11359 = ( GEOMETRIC_REPRESENTATION_CONTEXT(2) 
PARAMETRIC_REPRESENTATION_CONTEXT() REPRESENTATION_CONTEXT('2D SPACE',''
  ) );
#11360 = ORIENTED_EDGE('',*,*,#11361,.T.);
#11361 = EDGE_CURVE('',#11339,#10996,#11362,.T.);
#11362 = SURFACE_CURVE('',#11363,(#11367,#11374),.PCURVE_S1.);
#11363 = LINE('',#11364,#11365);
#11364 = CARTESIAN_POINT('',(-34.66,5.375,5.99));
#11365 = VECTOR('',#11366,1.);
#11366 = DIRECTION('',(0.,0.,1.));
#11367 = PCURVE('',#11040,#11368);
#11368 = DEFINITIONAL_REPRESENTATION('',(#11369),#11373);
#11369 = LINE('',#11370,#11371);
#11370 = CARTESIAN_POINT('',(0.9,0.));
#11371 = VECTOR('',#11372,1.);
#11372 = DIRECTION('',(0.,-1.));
#11373 = ( GEOMETRIC_REPRESENTATION_CONTEXT(2) 
PARAMETRIC_REPRESENTATION_CONTEXT() REPRESENTATION_CONTEXT('2D SPACE',''
  ) );
#11374 = PCURVE('',#11012,#11375);
#11375 = DEFINITIONAL_REPRESENTATION('',(#11376),#11380);
#11376 = LINE('',#11377,#11378);
#11377 = CARTESIAN_POINT('',(1.570796326795,0.));
#11378 = VECTOR('',#11379,1.);
#11379 = DIRECTION('',(0.,1.));
#11380 = ( GEOMETRIC_REPRESENTATION_CONTEXT(2) 
PARAMETRIC_REPRESENTATION_CONTEXT() REPRESENTATION_CONTEXT('2D SPACE',''
  ) );
#11381 = ORIENTED_EDGE('',*,*,#11024,.T.);
#11382 = ORIENTED_EDGE('',*,*,#11262,.F.);
#11383 = ADVANCED_FACE('',(#11384),#10926,.F.);
#11384 = FACE_BOUND('',#11385,.F.);
#11385 = EDGE_LOOP('',(#11386,#11409,#11410,#11411));
#11386 = ORIENTED_EDGE('',*,*,#11387,.F.);
#11387 = EDGE_CURVE('',#11289,#11388,#11390,.T.);
#11388 = VERTEX_POINT('',#11389);
#11389 = CARTESIAN_POINT('',(34.66,5.375,5.99));
#11390 = SURFACE_CURVE('',#11391,(#11395,#11402),.PCURVE_S1.);
#11391 = LINE('',#11392,#11393);
#11392 = CARTESIAN_POINT('',(34.66,-6.275,5.99));
#11393 = VECTOR('',#11394,1.);
#11394 = DIRECTION('',(0.,1.,0.));
#11395 = PCURVE('',#10926,#11396);
#11396 = DEFINITIONAL_REPRESENTATION('',(#11397),#11401);
#11397 = LINE('',#11398,#11399);
#11398 = CARTESIAN_POINT('',(0.,0.));
#11399 = VECTOR('',#11400,1.);
#11400 = DIRECTION('',(1.,0.));
#11401 = ( GEOMETRIC_REPRESENTATION_CONTEXT(2) 
PARAMETRIC_REPRESENTATION_CONTEXT() REPRESENTATION_CONTEXT('2D SPACE',''
  ) );
#11402 = PCURVE('',#11176,#11403);
#11403 = DEFINITIONAL_REPRESENTATION('',(#11404),#11408);
#11404 = LINE('',#11405,#11406);
#11405 = CARTESIAN_POINT('',(34.66,-6.275));
#11406 = VECTOR('',#11407,1.);
#11407 = DIRECTION('',(0.,1.));
#11408 = ( GEOMETRIC_REPRESENTATION_CONTEXT(2) 
PARAMETRIC_REPRESENTATION_CONTEXT() REPRESENTATION_CONTEXT('2D SPACE',''
  ) );
#11409 = ORIENTED_EDGE('',*,*,#11312,.T.);
#11410 = ORIENTED_EDGE('',*,*,#10910,.T.);
#11411 = ORIENTED_EDGE('',*,*,#11412,.F.);
#11412 = EDGE_CURVE('',#11388,#10911,#11413,.T.);
#11413 = SURFACE_CURVE('',#11414,(#11418,#11425),.PCURVE_S1.);
#11414 = LINE('',#11415,#11416);
#11415 = CARTESIAN_POINT('',(34.66,5.375,5.99));
#11416 = VECTOR('',#11417,1.);
#11417 = DIRECTION('',(0.,0.,1.));
#11418 = PCURVE('',#10926,#11419);
#11419 = DEFINITIONAL_REPRESENTATION('',(#11420),#11424);
#11420 = LINE('',#11421,#11422);
#11421 = CARTESIAN_POINT('',(11.65,0.));
#11422 = VECTOR('',#11423,1.);
#11423 = DIRECTION('',(0.,-1.));
#11424 = ( GEOMETRIC_REPRESENTATION_CONTEXT(2) 
PARAMETRIC_REPRESENTATION_CONTEXT() REPRESENTATION_CONTEXT('2D SPACE',''
  ) );
#11425 = PCURVE('',#10955,#11426);
#11426 = DEFINITIONAL_REPRESENTATION('',(#11427),#11431);
#11427 = LINE('',#11428,#11429);
#11428 = CARTESIAN_POINT('',(0.,0.));
#11429 = VECTOR('',#11430,1.);
#11430 = DIRECTION('',(0.,1.));
#11431 = ( GEOMETRIC_REPRESENTATION_CONTEXT(2) 
PARAMETRIC_REPRESENTATION_CONTEXT() REPRESENTATION_CONTEXT('2D SPACE',''
  ) );
#11432 = ADVANCED_FACE('',(#11433),#11012,.T.);
#11433 = FACE_BOUND('',#11434,.T.);
#11434 = EDGE_LOOP('',(#11435,#11459,#11460,#11461));
#11435 = ORIENTED_EDGE('',*,*,#11436,.T.);
#11436 = EDGE_CURVE('',#11437,#11339,#11439,.T.);
#11437 = VERTEX_POINT('',#11438);
#11438 = CARTESIAN_POINT('',(-33.76,6.275,5.99));
#11439 = SURFACE_CURVE('',#11440,(#11445,#11452),.PCURVE_S1.);
#11440 = CIRCLE('',#11441,0.9);
#11441 = AXIS2_PLACEMENT_3D('',#11442,#11443,#11444);
#11442 = CARTESIAN_POINT('',(-33.76,5.375,5.99));
#11443 = DIRECTION('',(0.,0.,1.));
#11444 = DIRECTION('',(0.,-1.,0.));
#11445 = PCURVE('',#11012,#11446);
#11446 = DEFINITIONAL_REPRESENTATION('',(#11447),#11451);
#11447 = LINE('',#11448,#11449);
#11448 = CARTESIAN_POINT('',(-3.14159265359,-8.881784197001E-16));
#11449 = VECTOR('',#11450,1.);
#11450 = DIRECTION('',(1.,0.));
#11451 = ( GEOMETRIC_REPRESENTATION_CONTEXT(2) 
PARAMETRIC_REPRESENTATION_CONTEXT() REPRESENTATION_CONTEXT('2D SPACE',''
  ) );
#11452 = PCURVE('',#11176,#11453);
#11453 = DEFINITIONAL_REPRESENTATION('',(#11454),#11458);
#11454 = CIRCLE('',#11455,0.9);
#11455 = AXIS2_PLACEMENT_2D('',#11456,#11457);
#11456 = CARTESIAN_POINT('',(-33.76,5.375));
#11457 = DIRECTION('',(0.,-1.));
#11458 = ( GEOMETRIC_REPRESENTATION_CONTEXT(2) 
PARAMETRIC_REPRESENTATION_CONTEXT() REPRESENTATION_CONTEXT('2D SPACE',''
  ) );
#11459 = ORIENTED_EDGE('',*,*,#11361,.T.);
#11460 = ORIENTED_EDGE('',*,*,#10995,.F.);
#11461 = ORIENTED_EDGE('',*,*,#11462,.F.);
#11462 = EDGE_CURVE('',#11437,#10968,#11463,.T.);
#11463 = SURFACE_CURVE('',#11464,(#11468,#11475),.PCURVE_S1.);
#11464 = LINE('',#11465,#11466);
#11465 = CARTESIAN_POINT('',(-33.76,6.275,5.99));
#11466 = VECTOR('',#11467,1.);
#11467 = DIRECTION('',(0.,0.,1.));
#11468 = PCURVE('',#11012,#11469);
#11469 = DEFINITIONAL_REPRESENTATION('',(#11470),#11474);
#11470 = LINE('',#11471,#11472);
#11471 = CARTESIAN_POINT('',(0.,0.));
#11472 = VECTOR('',#11473,1.);
#11473 = DIRECTION('',(0.,1.));
#11474 = ( GEOMETRIC_REPRESENTATION_CONTEXT(2) 
PARAMETRIC_REPRESENTATION_CONTEXT() REPRESENTATION_CONTEXT('2D SPACE',''
  ) );
#11475 = PCURVE('',#10983,#11476);
#11476 = DEFINITIONAL_REPRESENTATION('',(#11477),#11481);
#11477 = LINE('',#11478,#11479);
#11478 = CARTESIAN_POINT('',(68.42,0.));
#11479 = VECTOR('',#11480,1.);
#11480 = DIRECTION('',(0.,-1.));
#11481 = ( GEOMETRIC_REPRESENTATION_CONTEXT(2) 
PARAMETRIC_REPRESENTATION_CONTEXT() REPRESENTATION_CONTEXT('2D SPACE',''
  ) );
#11482 = ADVANCED_FACE('',(#11483),#10955,.T.);
#11483 = FACE_BOUND('',#11484,.T.);
#11484 = EDGE_LOOP('',(#11485,#11509,#11530,#11531));
#11485 = ORIENTED_EDGE('',*,*,#11486,.T.);
#11486 = EDGE_CURVE('',#11388,#11487,#11489,.T.);
#11487 = VERTEX_POINT('',#11488);
#11488 = CARTESIAN_POINT('',(33.76,6.275,5.99));
#11489 = SURFACE_CURVE('',#11490,(#11495,#11502),.PCURVE_S1.);
#11490 = CIRCLE('',#11491,0.9);
#11491 = AXIS2_PLACEMENT_3D('',#11492,#11493,#11494);
#11492 = CARTESIAN_POINT('',(33.76,5.375,5.99));
#11493 = DIRECTION('',(0.,0.,1.));
#11494 = DIRECTION('',(0.,-1.,0.));
#11495 = PCURVE('',#10955,#11496);
#11496 = DEFINITIONAL_REPRESENTATION('',(#11497),#11501);
#11497 = LINE('',#11498,#11499);
#11498 = CARTESIAN_POINT('',(-1.570796326795,-8.881784197001E-16));
#11499 = VECTOR('',#11500,1.);
#11500 = DIRECTION('',(1.,0.));
#11501 = ( GEOMETRIC_REPRESENTATION_CONTEXT(2) 
PARAMETRIC_REPRESENTATION_CONTEXT() REPRESENTATION_CONTEXT('2D SPACE',''
  ) );
#11502 = PCURVE('',#11176,#11503);
#11503 = DEFINITIONAL_REPRESENTATION('',(#11504),#11508);
#11504 = CIRCLE('',#11505,0.9);
#11505 = AXIS2_PLACEMENT_2D('',#11506,#11507);
#11506 = CARTESIAN_POINT('',(33.76,5.375));
#11507 = DIRECTION('',(0.,-1.));
#11508 = ( GEOMETRIC_REPRESENTATION_CONTEXT(2) 
PARAMETRIC_REPRESENTATION_CONTEXT() REPRESENTATION_CONTEXT('2D SPACE',''
  ) );
#11509 = ORIENTED_EDGE('',*,*,#11510,.T.);
#11510 = EDGE_CURVE('',#11487,#10939,#11511,.T.);
#11511 = SURFACE_CURVE('',#11512,(#11516,#11523),.PCURVE_S1.);
#11512 = LINE('',#11513,#11514);
#11513 = CARTESIAN_POINT('',(33.76,6.275,5.99));
#11514 = VECTOR('',#11515,1.);
#11515 = DIRECTION('',(0.,0.,1.));
#11516 = PCURVE('',#10955,#11517);
#11517 = DEFINITIONAL_REPRESENTATION('',(#11518),#11522);
#11518 = LINE('',#11519,#11520);
#11519 = CARTESIAN_POINT('',(1.570796326795,0.));
#11520 = VECTOR('',#11521,1.);
#11521 = DIRECTION('',(0.,1.));
#11522 = ( GEOMETRIC_REPRESENTATION_CONTEXT(2) 
PARAMETRIC_REPRESENTATION_CONTEXT() REPRESENTATION_CONTEXT('2D SPACE',''
  ) );
#11523 = PCURVE('',#10983,#11524);
#11524 = DEFINITIONAL_REPRESENTATION('',(#11525),#11529);
#11525 = LINE('',#11526,#11527);
#11526 = CARTESIAN_POINT('',(0.9,0.));
#11527 = VECTOR('',#11528,1.);
#11528 = DIRECTION('',(0.,-1.));
#11529 = ( GEOMETRIC_REPRESENTATION_CONTEXT(2) 
PARAMETRIC_REPRESENTATION_CONTEXT() REPRESENTATION_CONTEXT('2D SPACE',''
  ) );
#11530 = ORIENTED_EDGE('',*,*,#10938,.F.);
#11531 = ORIENTED_EDGE('',*,*,#11412,.F.);
#11532 = ADVANCED_FACE('',(#11533),#10983,.F.);
#11533 = FACE_BOUND('',#11534,.F.);
#11534 = EDGE_LOOP('',(#11535,#11556,#11557,#11558));
#11535 = ORIENTED_EDGE('',*,*,#11536,.F.);
#11536 = EDGE_CURVE('',#11487,#11437,#11537,.T.);
#11537 = SURFACE_CURVE('',#11538,(#11542,#11549),.PCURVE_S1.);
#11538 = LINE('',#11539,#11540);
#11539 = CARTESIAN_POINT('',(34.66,6.275,5.99));
#11540 = VECTOR('',#11541,1.);
#11541 = DIRECTION('',(-1.,0.,0.));
#11542 = PCURVE('',#10983,#11543);
#11543 = DEFINITIONAL_REPRESENTATION('',(#11544),#11548);
#11544 = LINE('',#11545,#11546);
#11545 = CARTESIAN_POINT('',(0.,-0.));
#11546 = VECTOR('',#11547,1.);
#11547 = DIRECTION('',(1.,0.));
#11548 = ( GEOMETRIC_REPRESENTATION_CONTEXT(2) 
PARAMETRIC_REPRESENTATION_CONTEXT() REPRESENTATION_CONTEXT('2D SPACE',''
  ) );
#11549 = PCURVE('',#11176,#11550);
#11550 = DEFINITIONAL_REPRESENTATION('',(#11551),#11555);
#11551 = LINE('',#11552,#11553);
#11552 = CARTESIAN_POINT('',(34.66,6.275));
#11553 = VECTOR('',#11554,1.);
#11554 = DIRECTION('',(-1.,0.));
#11555 = ( GEOMETRIC_REPRESENTATION_CONTEXT(2) 
PARAMETRIC_REPRESENTATION_CONTEXT() REPRESENTATION_CONTEXT('2D SPACE',''
  ) );
#11556 = ORIENTED_EDGE('',*,*,#11510,.T.);
#11557 = ORIENTED_EDGE('',*,*,#10967,.T.);
#11558 = ORIENTED_EDGE('',*,*,#11462,.F.);
#11559 = ADVANCED_FACE('',(#11560),#11102,.F.);
#11560 = FACE_BOUND('',#11561,.F.);
#11561 = EDGE_LOOP('',(#11562,#11563,#11586,#11608));
#11562 = ORIENTED_EDGE('',*,*,#11085,.F.);
#11563 = ORIENTED_EDGE('',*,*,#11564,.F.);
#11564 = EDGE_CURVE('',#11565,#11086,#11567,.T.);
#11565 = VERTEX_POINT('',#11566);
#11566 = CARTESIAN_POINT('',(-30.25,-3.673940397442E-16,5.99));
#11567 = SEAM_CURVE('',#11568,(#11572,#11579),.PCURVE_S1.);
#11568 = LINE('',#11569,#11570);
#11569 = CARTESIAN_POINT('',(-30.25,-3.673940397442E-16,5.89));
#11570 = VECTOR('',#11571,1.);
#11571 = DIRECTION('',(0.,0.,1.));
#11572 = PCURVE('',#11102,#11573);
#11573 = DEFINITIONAL_REPRESENTATION('',(#11574),#11578);
#11574 = LINE('',#11575,#11576);
#11575 = CARTESIAN_POINT('',(6.28318530718,-0.));
#11576 = VECTOR('',#11577,1.);
#11577 = DIRECTION('',(0.,1.));
#11578 = ( GEOMETRIC_REPRESENTATION_CONTEXT(2) 
PARAMETRIC_REPRESENTATION_CONTEXT() REPRESENTATION_CONTEXT('2D SPACE',''
  ) );
#11579 = PCURVE('',#11102,#11580);
#11580 = DEFINITIONAL_REPRESENTATION('',(#11581),#11585);
#11581 = LINE('',#11582,#11583);
#11582 = CARTESIAN_POINT('',(0.,-0.));
#11583 = VECTOR('',#11584,1.);
#11584 = DIRECTION('',(0.,1.));
#11585 = ( GEOMETRIC_REPRESENTATION_CONTEXT(2) 
PARAMETRIC_REPRESENTATION_CONTEXT() REPRESENTATION_CONTEXT('2D SPACE',''
  ) );
#11586 = ORIENTED_EDGE('',*,*,#11587,.T.);
#11587 = EDGE_CURVE('',#11565,#11565,#11588,.T.);
#11588 = SURFACE_CURVE('',#11589,(#11594,#11601),.PCURVE_S1.);
#11589 = CIRCLE('',#11590,1.5);
#11590 = AXIS2_PLACEMENT_3D('',#11591,#11592,#11593);
#11591 = CARTESIAN_POINT('',(-31.75,0.,5.99));
#11592 = DIRECTION('',(0.,0.,1.));
#11593 = DIRECTION('',(1.,0.,-0.));
#11594 = PCURVE('',#11102,#11595);
#11595 = DEFINITIONAL_REPRESENTATION('',(#11596),#11600);
#11596 = LINE('',#11597,#11598);
#11597 = CARTESIAN_POINT('',(0.,1.E-01));
#11598 = VECTOR('',#11599,1.);
#11599 = DIRECTION('',(1.,0.));
#11600 = ( GEOMETRIC_REPRESENTATION_CONTEXT(2) 
PARAMETRIC_REPRESENTATION_CONTEXT() REPRESENTATION_CONTEXT('2D SPACE',''
  ) );
#11601 = PCURVE('',#11176,#11602);
#11602 = DEFINITIONAL_REPRESENTATION('',(#11603),#11607);
#11603 = CIRCLE('',#11604,1.5);
#11604 = AXIS2_PLACEMENT_2D('',#11605,#11606);
#11605 = CARTESIAN_POINT('',(-31.75,0.));
#11606 = DIRECTION('',(1.,0.));
#11607 = ( GEOMETRIC_REPRESENTATION_CONTEXT(2) 
PARAMETRIC_REPRESENTATION_CONTEXT() REPRESENTATION_CONTEXT('2D SPACE',''
  ) );
#11608 = ORIENTED_EDGE('',*,*,#11564,.T.);
#11609 = ADVANCED_FACE('',(#11610),#11143,.F.);
#11610 = FACE_BOUND('',#11611,.F.);
#11611 = EDGE_LOOP('',(#11612,#11613,#11636,#11658));
#11612 = ORIENTED_EDGE('',*,*,#11126,.F.);
#11613 = ORIENTED_EDGE('',*,*,#11614,.F.);
#11614 = EDGE_CURVE('',#11615,#11127,#11617,.T.);
#11615 = VERTEX_POINT('',#11616);
#11616 = CARTESIAN_POINT('',(33.25,-3.673940397442E-16,5.99));
#11617 = SEAM_CURVE('',#11618,(#11622,#11629),.PCURVE_S1.);
#11618 = LINE('',#11619,#11620);
#11619 = CARTESIAN_POINT('',(33.25,-3.673940397442E-16,5.89));
#11620 = VECTOR('',#11621,1.);
#11621 = DIRECTION('',(0.,0.,1.));
#11622 = PCURVE('',#11143,#11623);
#11623 = DEFINITIONAL_REPRESENTATION('',(#11624),#11628);
#11624 = LINE('',#11625,#11626);
#11625 = CARTESIAN_POINT('',(6.28318530718,-0.));
#11626 = VECTOR('',#11627,1.);
#11627 = DIRECTION('',(0.,1.));
#11628 = ( GEOMETRIC_REPRESENTATION_CONTEXT(2) 
PARAMETRIC_REPRESENTATION_CONTEXT() REPRESENTATION_CONTEXT('2D SPACE',''
  ) );
#11629 = PCURVE('',#11143,#11630);
#11630 = DEFINITIONAL_REPRESENTATION('',(#11631),#11635);
#11631 = LINE('',#11632,#11633);
#11632 = CARTESIAN_POINT('',(0.,-0.));
#11633 = VECTOR('',#11634,1.);
#11634 = DIRECTION('',(0.,1.));
#11635 = ( GEOMETRIC_REPRESENTATION_CONTEXT(2) 
PARAMETRIC_REPRESENTATION_CONTEXT() REPRESENTATION_CONTEXT('2D SPACE',''
  ) );
#11636 = ORIENTED_EDGE('',*,*,#11637,.T.);
#11637 = EDGE_CURVE('',#11615,#11615,#11638,.T.);
#11638 = SURFACE_CURVE('',#11639,(#11644,#11651),.PCURVE_S1.);
#11639 = CIRCLE('',#11640,1.5);
#11640 = AXIS2_PLACEMENT_3D('',#11641,#11642,#11643);
#11641 = CARTESIAN_POINT('',(31.75,0.,5.99));
#11642 = DIRECTION('',(0.,0.,1.));
#11643 = DIRECTION('',(1.,0.,-0.));
#11644 = PCURVE('',#11143,#11645);
#11645 = DEFINITIONAL_REPRESENTATION('',(#11646),#11650);
#11646 = LINE('',#11647,#11648);
#11647 = CARTESIAN_POINT('',(0.,1.E-01));
#11648 = VECTOR('',#11649,1.);
#11649 = DIRECTION('',(1.,0.));
#11650 = ( GEOMETRIC_REPRESENTATION_CONTEXT(2) 
PARAMETRIC_REPRESENTATION_CONTEXT() REPRESENTATION_CONTEXT('2D SPACE',''
  ) );
#11651 = PCURVE('',#11176,#11652);
#11652 = DEFINITIONAL_REPRESENTATION('',(#11653),#11657);
#11653 = CIRCLE('',#11654,1.5);
#11654 = AXIS2_PLACEMENT_2D('',#11655,#11656);
#11655 = CARTESIAN_POINT('',(31.75,0.));
#11656 = DIRECTION('',(1.,0.));
#11657 = ( GEOMETRIC_REPRESENTATION_CONTEXT(2) 
PARAMETRIC_REPRESENTATION_CONTEXT() REPRESENTATION_CONTEXT('2D SPACE',''
  ) );
#11658 = ORIENTED_EDGE('',*,*,#11614,.T.);
#11659 = ADVANCED_FACE('',(#11660,#11670,#11673,#11907),#11176,.F.);
#11660 = FACE_BOUND('',#11661,.F.);
#11661 = EDGE_LOOP('',(#11662,#11663,#11664,#11665,#11666,#11667,#11668,
    #11669));
#11662 = ORIENTED_EDGE('',*,*,#11158,.T.);
#11663 = ORIENTED_EDGE('',*,*,#11288,.T.);
#11664 = ORIENTED_EDGE('',*,*,#11387,.T.);
#11665 = ORIENTED_EDGE('',*,*,#11486,.T.);
#11666 = ORIENTED_EDGE('',*,*,#11536,.T.);
#11667 = ORIENTED_EDGE('',*,*,#11436,.T.);
#11668 = ORIENTED_EDGE('',*,*,#11338,.T.);
#11669 = ORIENTED_EDGE('',*,*,#11234,.F.);
#11670 = FACE_BOUND('',#11671,.F.);
#11671 = EDGE_LOOP('',(#11672));
#11672 = ORIENTED_EDGE('',*,*,#11587,.F.);
#11673 = FACE_BOUND('',#11674,.F.);
#11674 = EDGE_LOOP('',(#11675,#11705,#11738,#11766,#11795,#11823,#11852,
    #11880));
#11675 = ORIENTED_EDGE('',*,*,#11676,.F.);
#11676 = EDGE_CURVE('',#11677,#11679,#11681,.T.);
#11677 = VERTEX_POINT('',#11678);
#11678 = CARTESIAN_POINT('',(-26.42635487715,-5.13,5.99));
#11679 = VERTEX_POINT('',#11680);
#11680 = CARTESIAN_POINT('',(26.426354877158,-5.13,5.99));
#11681 = SURFACE_CURVE('',#11682,(#11686,#11693),.PCURVE_S1.);
#11682 = LINE('',#11683,#11684);
#11683 = CARTESIAN_POINT('',(-27.26738,-5.13,5.99));
#11684 = VECTOR('',#11685,1.);
#11685 = DIRECTION('',(1.,0.,0.));
#11686 = PCURVE('',#11176,#11687);
#11687 = DEFINITIONAL_REPRESENTATION('',(#11688),#11692);
#11688 = LINE('',#11689,#11690);
#11689 = CARTESIAN_POINT('',(-27.26738,-5.13));
#11690 = VECTOR('',#11691,1.);
#11691 = DIRECTION('',(1.,0.));
#11692 = ( GEOMETRIC_REPRESENTATION_CONTEXT(2) 
PARAMETRIC_REPRESENTATION_CONTEXT() REPRESENTATION_CONTEXT('2D SPACE',''
  ) );
#11693 = PCURVE('',#11694,#11699);
#11694 = PLANE('',#11695);
#11695 = AXIS2_PLACEMENT_3D('',#11696,#11697,#11698);
#11696 = CARTESIAN_POINT('',(-27.26738,-5.13,5.5));
#11697 = DIRECTION('',(0.,1.,0.));
#11698 = DIRECTION('',(1.,0.,0.));
#11699 = DEFINITIONAL_REPRESENTATION('',(#11700),#11704);
#11700 = LINE('',#11701,#11702);
#11701 = CARTESIAN_POINT('',(0.,-0.49));
#11702 = VECTOR('',#11703,1.);
#11703 = DIRECTION('',(1.,0.));
#11704 = ( GEOMETRIC_REPRESENTATION_CONTEXT(2) 
PARAMETRIC_REPRESENTATION_CONTEXT() REPRESENTATION_CONTEXT('2D SPACE',''
  ) );
#11705 = ORIENTED_EDGE('',*,*,#11706,.T.);
#11706 = EDGE_CURVE('',#11677,#11707,#11709,.T.);
#11707 = VERTEX_POINT('',#11708);
#11708 = CARTESIAN_POINT('',(-27.41155216685,-4.301424328408,5.99));
#11709 = SURFACE_CURVE('',#11710,(#11715,#11726),.PCURVE_S1.);
#11710 = CIRCLE('',#11711,1.);
#11711 = AXIS2_PLACEMENT_3D('',#11712,#11713,#11714);
#11712 = CARTESIAN_POINT('',(-26.42635487715,-4.13,5.99));
#11713 = DIRECTION('',(-0.,-0.,-1.));
#11714 = DIRECTION('',(0.,-1.,0.));
#11715 = PCURVE('',#11176,#11716);
#11716 = DEFINITIONAL_REPRESENTATION('',(#11717),#11725);
#11717 = ( BOUNDED_CURVE() B_SPLINE_CURVE(2,(#11718,#11719,#11720,#11721
    ,#11722,#11723,#11724),.UNSPECIFIED.,.T.,.F.) 
B_SPLINE_CURVE_WITH_KNOTS((1,2,2,2,2,1),(-2.094395102393,0.,
    2.094395102393,4.188790204786,6.28318530718,8.377580409573),
.UNSPECIFIED.) CURVE() GEOMETRIC_REPRESENTATION_ITEM() 
RATIONAL_B_SPLINE_CURVE((1.,0.5,1.,0.5,1.,0.5,1.)) REPRESENTATION_ITEM(
  '') );
#11718 = CARTESIAN_POINT('',(-26.42635487715,-5.13));
#11719 = CARTESIAN_POINT('',(-28.15840568472,-5.13));
#11720 = CARTESIAN_POINT('',(-27.29238028094,-3.63));
#11721 = CARTESIAN_POINT('',(-26.42635487715,-2.13));
#11722 = CARTESIAN_POINT('',(-25.56032947337,-3.63));
#11723 = CARTESIAN_POINT('',(-24.69430406958,-5.13));
#11724 = CARTESIAN_POINT('',(-26.42635487715,-5.13));
#11725 = ( GEOMETRIC_REPRESENTATION_CONTEXT(2) 
PARAMETRIC_REPRESENTATION_CONTEXT() REPRESENTATION_CONTEXT('2D SPACE',''
  ) );
#11726 = PCURVE('',#11727,#11732);
#11727 = CYLINDRICAL_SURFACE('',#11728,1.);
#11728 = AXIS2_PLACEMENT_3D('',#11729,#11730,#11731);
#11729 = CARTESIAN_POINT('',(-26.42635487715,-4.13,5.5));
#11730 = DIRECTION('',(0.,0.,1.));
#11731 = DIRECTION('',(0.,-1.,0.));
#11732 = DEFINITIONAL_REPRESENTATION('',(#11733),#11737);
#11733 = LINE('',#11734,#11735);
#11734 = CARTESIAN_POINT('',(-0.,0.49));
#11735 = VECTOR('',#11736,1.);
#11736 = DIRECTION('',(-1.,0.));
#11737 = ( GEOMETRIC_REPRESENTATION_CONTEXT(2) 
PARAMETRIC_REPRESENTATION_CONTEXT() REPRESENTATION_CONTEXT('2D SPACE',''
  ) );
#11738 = ORIENTED_EDGE('',*,*,#11739,.F.);
#11739 = EDGE_CURVE('',#11740,#11707,#11742,.T.);
#11740 = VERTEX_POINT('',#11741);
#11741 = CARTESIAN_POINT('',(-28.84879216685,3.958575671592,5.99));
#11742 = SURFACE_CURVE('',#11743,(#11747,#11754),.PCURVE_S1.);
#11743 = LINE('',#11744,#11745);
#11744 = CARTESIAN_POINT('',(-29.05262,5.13,5.99));
#11745 = VECTOR('',#11746,1.);
#11746 = DIRECTION('',(0.171424328408,-0.985197289699,0.));
#11747 = PCURVE('',#11176,#11748);
#11748 = DEFINITIONAL_REPRESENTATION('',(#11749),#11753);
#11749 = LINE('',#11750,#11751);
#11750 = CARTESIAN_POINT('',(-29.05262,5.13));
#11751 = VECTOR('',#11752,1.);
#11752 = DIRECTION('',(0.171424328408,-0.985197289699));
#11753 = ( GEOMETRIC_REPRESENTATION_CONTEXT(2) 
PARAMETRIC_REPRESENTATION_CONTEXT() REPRESENTATION_CONTEXT('2D SPACE',''
  ) );
#11754 = PCURVE('',#11755,#11760);
#11755 = PLANE('',#11756);
#11756 = AXIS2_PLACEMENT_3D('',#11757,#11758,#11759);
#11757 = CARTESIAN_POINT('',(-29.05262,5.13,5.5));
#11758 = DIRECTION('',(0.985197289699,0.171424328408,-0.));
#11759 = DIRECTION('',(0.171424328408,-0.985197289699,0.));
#11760 = DEFINITIONAL_REPRESENTATION('',(#11761),#11765);
#11761 = LINE('',#11762,#11763);
#11762 = CARTESIAN_POINT('',(0.,-0.49));
#11763 = VECTOR('',#11764,1.);
#11764 = DIRECTION('',(1.,0.));
#11765 = ( GEOMETRIC_REPRESENTATION_CONTEXT(2) 
PARAMETRIC_REPRESENTATION_CONTEXT() REPRESENTATION_CONTEXT('2D SPACE',''
  ) );
#11766 = ORIENTED_EDGE('',*,*,#11767,.F.);
#11767 = EDGE_CURVE('',#11768,#11740,#11770,.T.);
#11768 = VERTEX_POINT('',#11769);
#11769 = CARTESIAN_POINT('',(-27.86359487715,5.13,5.99));
#11770 = SURFACE_CURVE('',#11771,(#11776,#11783),.PCURVE_S1.);
#11771 = CIRCLE('',#11772,1.);
#11772 = AXIS2_PLACEMENT_3D('',#11773,#11774,#11775);
#11773 = CARTESIAN_POINT('',(-27.86359487715,4.13,5.99));
#11774 = DIRECTION('',(0.,0.,1.));
#11775 = DIRECTION('',(0.,-1.,0.));
#11776 = PCURVE('',#11176,#11777);
#11777 = DEFINITIONAL_REPRESENTATION('',(#11778),#11782);
#11778 = CIRCLE('',#11779,1.);
#11779 = AXIS2_PLACEMENT_2D('',#11780,#11781);
#11780 = CARTESIAN_POINT('',(-27.86359487715,4.13));
#11781 = DIRECTION('',(0.,-1.));
#11782 = ( GEOMETRIC_REPRESENTATION_CONTEXT(2) 
PARAMETRIC_REPRESENTATION_CONTEXT() REPRESENTATION_CONTEXT('2D SPACE',''
  ) );
#11783 = PCURVE('',#11784,#11789);
#11784 = CYLINDRICAL_SURFACE('',#11785,1.);
#11785 = AXIS2_PLACEMENT_3D('',#11786,#11787,#11788);
#11786 = CARTESIAN_POINT('',(-27.86359487715,4.13,5.5));
#11787 = DIRECTION('',(0.,0.,1.));
#11788 = DIRECTION('',(-0.,1.,0.));
#11789 = DEFINITIONAL_REPRESENTATION('',(#11790),#11794);
#11790 = LINE('',#11791,#11792);
#11791 = CARTESIAN_POINT('',(-3.14159265359,0.49));
#11792 = VECTOR('',#11793,1.);
#11793 = DIRECTION('',(1.,0.));
#11794 = ( GEOMETRIC_REPRESENTATION_CONTEXT(2) 
PARAMETRIC_REPRESENTATION_CONTEXT() REPRESENTATION_CONTEXT('2D SPACE',''
  ) );
#11795 = ORIENTED_EDGE('',*,*,#11796,.F.);
#11796 = EDGE_CURVE('',#11797,#11768,#11799,.T.);
#11797 = VERTEX_POINT('',#11798);
#11798 = CARTESIAN_POINT('',(27.863594877158,5.13,5.99));
#11799 = SURFACE_CURVE('',#11800,(#11804,#11811),.PCURVE_S1.);
#11800 = LINE('',#11801,#11802);
#11801 = CARTESIAN_POINT('',(29.05262,5.13,5.99));
#11802 = VECTOR('',#11803,1.);
#11803 = DIRECTION('',(-1.,0.,0.));
#11804 = PCURVE('',#11176,#11805);
#11805 = DEFINITIONAL_REPRESENTATION('',(#11806),#11810);
#11806 = LINE('',#11807,#11808);
#11807 = CARTESIAN_POINT('',(29.05262,5.13));
#11808 = VECTOR('',#11809,1.);
#11809 = DIRECTION('',(-1.,0.));
#11810 = ( GEOMETRIC_REPRESENTATION_CONTEXT(2) 
PARAMETRIC_REPRESENTATION_CONTEXT() REPRESENTATION_CONTEXT('2D SPACE',''
  ) );
#11811 = PCURVE('',#11812,#11817);
#11812 = PLANE('',#11813);
#11813 = AXIS2_PLACEMENT_3D('',#11814,#11815,#11816);
#11814 = CARTESIAN_POINT('',(29.05262,5.13,5.5));
#11815 = DIRECTION('',(0.,-1.,0.));
#11816 = DIRECTION('',(-1.,0.,0.));
#11817 = DEFINITIONAL_REPRESENTATION('',(#11818),#11822);
#11818 = LINE('',#11819,#11820);
#11819 = CARTESIAN_POINT('',(0.,-0.49));
#11820 = VECTOR('',#11821,1.);
#11821 = DIRECTION('',(1.,0.));
#11822 = ( GEOMETRIC_REPRESENTATION_CONTEXT(2) 
PARAMETRIC_REPRESENTATION_CONTEXT() REPRESENTATION_CONTEXT('2D SPACE',''
  ) );
#11823 = ORIENTED_EDGE('',*,*,#11824,.F.);
#11824 = EDGE_CURVE('',#11825,#11797,#11827,.T.);
#11825 = VERTEX_POINT('',#11826);
#11826 = CARTESIAN_POINT('',(28.848792166857,3.958575671592,5.99));
#11827 = SURFACE_CURVE('',#11828,(#11833,#11840),.PCURVE_S1.);
#11828 = CIRCLE('',#11829,1.);
#11829 = AXIS2_PLACEMENT_3D('',#11830,#11831,#11832);
#11830 = CARTESIAN_POINT('',(27.863594877158,4.13,5.99));
#11831 = DIRECTION('',(0.,0.,1.));
#11832 = DIRECTION('',(0.,-1.,0.));
#11833 = PCURVE('',#11176,#11834);
#11834 = DEFINITIONAL_REPRESENTATION('',(#11835),#11839);
#11835 = CIRCLE('',#11836,1.);
#11836 = AXIS2_PLACEMENT_2D('',#11837,#11838);
#11837 = CARTESIAN_POINT('',(27.863594877158,4.13));
#11838 = DIRECTION('',(0.,-1.));
#11839 = ( GEOMETRIC_REPRESENTATION_CONTEXT(2) 
PARAMETRIC_REPRESENTATION_CONTEXT() REPRESENTATION_CONTEXT('2D SPACE',''
  ) );
#11840 = PCURVE('',#11841,#11846);
#11841 = CYLINDRICAL_SURFACE('',#11842,1.);
#11842 = AXIS2_PLACEMENT_3D('',#11843,#11844,#11845);
#11843 = CARTESIAN_POINT('',(27.863594877158,4.13,5.5));
#11844 = DIRECTION('',(0.,0.,1.));
#11845 = DIRECTION('',(0.985197289699,-0.171424328408,0.));
#11846 = DEFINITIONAL_REPRESENTATION('',(#11847),#11851);
#11847 = LINE('',#11848,#11849);
#11848 = CARTESIAN_POINT('',(-1.398521109841,0.49));
#11849 = VECTOR('',#11850,1.);
#11850 = DIRECTION('',(1.,0.));
#11851 = ( GEOMETRIC_REPRESENTATION_CONTEXT(2) 
PARAMETRIC_REPRESENTATION_CONTEXT() REPRESENTATION_CONTEXT('2D SPACE',''
  ) );
#11852 = ORIENTED_EDGE('',*,*,#11853,.F.);
#11853 = EDGE_CURVE('',#11854,#11825,#11856,.T.);
#11854 = VERTEX_POINT('',#11855);
#11855 = CARTESIAN_POINT('',(27.411552166857,-4.301424328408,5.99));
#11856 = SURFACE_CURVE('',#11857,(#11861,#11868),.PCURVE_S1.);
#11857 = LINE('',#11858,#11859);
#11858 = CARTESIAN_POINT('',(27.26738,-5.13,5.99));
#11859 = VECTOR('',#11860,1.);
#11860 = DIRECTION('',(0.171424328408,0.985197289699,0.));
#11861 = PCURVE('',#11176,#11862);
#11862 = DEFINITIONAL_REPRESENTATION('',(#11863),#11867);
#11863 = LINE('',#11864,#11865);
#11864 = CARTESIAN_POINT('',(27.26738,-5.13));
#11865 = VECTOR('',#11866,1.);
#11866 = DIRECTION('',(0.171424328408,0.985197289699));
#11867 = ( GEOMETRIC_REPRESENTATION_CONTEXT(2) 
PARAMETRIC_REPRESENTATION_CONTEXT() REPRESENTATION_CONTEXT('2D SPACE',''
  ) );
#11868 = PCURVE('',#11869,#11874);
#11869 = PLANE('',#11870);
#11870 = AXIS2_PLACEMENT_3D('',#11871,#11872,#11873);
#11871 = CARTESIAN_POINT('',(27.26738,-5.13,5.5));
#11872 = DIRECTION('',(-0.985197289699,0.171424328408,0.));
#11873 = DIRECTION('',(0.171424328408,0.985197289699,0.));
#11874 = DEFINITIONAL_REPRESENTATION('',(#11875),#11879);
#11875 = LINE('',#11876,#11877);
#11876 = CARTESIAN_POINT('',(0.,-0.49));
#11877 = VECTOR('',#11878,1.);
#11878 = DIRECTION('',(1.,0.));
#11879 = ( GEOMETRIC_REPRESENTATION_CONTEXT(2) 
PARAMETRIC_REPRESENTATION_CONTEXT() REPRESENTATION_CONTEXT('2D SPACE',''
  ) );
#11880 = ORIENTED_EDGE('',*,*,#11881,.F.);
#11881 = EDGE_CURVE('',#11679,#11854,#11882,.T.);
#11882 = SURFACE_CURVE('',#11883,(#11888,#11895),.PCURVE_S1.);
#11883 = CIRCLE('',#11884,1.);
#11884 = AXIS2_PLACEMENT_3D('',#11885,#11886,#11887);
#11885 = CARTESIAN_POINT('',(26.426354877158,-4.13,5.99));
#11886 = DIRECTION('',(0.,0.,1.));
#11887 = DIRECTION('',(0.,-1.,0.));
#11888 = PCURVE('',#11176,#11889);
#11889 = DEFINITIONAL_REPRESENTATION('',(#11890),#11894);
#11890 = CIRCLE('',#11891,1.);
#11891 = AXIS2_PLACEMENT_2D('',#11892,#11893);
#11892 = CARTESIAN_POINT('',(26.426354877158,-4.13));
#11893 = DIRECTION('',(0.,-1.));
#11894 = ( GEOMETRIC_REPRESENTATION_CONTEXT(2) 
PARAMETRIC_REPRESENTATION_CONTEXT() REPRESENTATION_CONTEXT('2D SPACE',''
  ) );
#11895 = PCURVE('',#11896,#11901);
#11896 = CYLINDRICAL_SURFACE('',#11897,1.);
#11897 = AXIS2_PLACEMENT_3D('',#11898,#11899,#11900);
#11898 = CARTESIAN_POINT('',(26.426354877158,-4.13,5.5));
#11899 = DIRECTION('',(0.,0.,1.));
#11900 = DIRECTION('',(0.,-1.,0.));
#11901 = DEFINITIONAL_REPRESENTATION('',(#11902),#11906);
#11902 = LINE('',#11903,#11904);
#11903 = CARTESIAN_POINT('',(0.,0.49));
#11904 = VECTOR('',#11905,1.);
#11905 = DIRECTION('',(1.,0.));
#11906 = ( GEOMETRIC_REPRESENTATION_CONTEXT(2) 
PARAMETRIC_REPRESENTATION_CONTEXT() REPRESENTATION_CONTEXT('2D SPACE',''
  ) );
#11907 = FACE_BOUND('',#11908,.F.);
#11908 = EDGE_LOOP('',(#11909));
#11909 = ORIENTED_EDGE('',*,*,#11637,.F.);
#11910 = ADVANCED_FACE('',(#11911),#11694,.F.);
#11911 = FACE_BOUND('',#11912,.F.);
#11912 = EDGE_LOOP('',(#11913,#11943,#11964,#11965));
#11913 = ORIENTED_EDGE('',*,*,#11914,.F.);
#11914 = EDGE_CURVE('',#11915,#11917,#11919,.T.);
#11915 = VERTEX_POINT('',#11916);
#11916 = CARTESIAN_POINT('',(-26.42635487715,-5.13,5.5));
#11917 = VERTEX_POINT('',#11918);
#11918 = CARTESIAN_POINT('',(26.426354877158,-5.13,5.5));
#11919 = SURFACE_CURVE('',#11920,(#11924,#11931),.PCURVE_S1.);
#11920 = LINE('',#11921,#11922);
#11921 = CARTESIAN_POINT('',(-27.26738,-5.13,5.5));
#11922 = VECTOR('',#11923,1.);
#11923 = DIRECTION('',(1.,0.,0.));
#11924 = PCURVE('',#11694,#11925);
#11925 = DEFINITIONAL_REPRESENTATION('',(#11926),#11930);
#11926 = LINE('',#11927,#11928);
#11927 = CARTESIAN_POINT('',(0.,0.));
#11928 = VECTOR('',#11929,1.);
#11929 = DIRECTION('',(1.,0.));
#11930 = ( GEOMETRIC_REPRESENTATION_CONTEXT(2) 
PARAMETRIC_REPRESENTATION_CONTEXT() REPRESENTATION_CONTEXT('2D SPACE',''
  ) );
#11931 = PCURVE('',#11932,#11937);
#11932 = PLANE('',#11933);
#11933 = AXIS2_PLACEMENT_3D('',#11934,#11935,#11936);
#11934 = CARTESIAN_POINT('',(-2.12947240096E-16,0.137235285607,5.5));
#11935 = DIRECTION('',(0.,0.,1.));
#11936 = DIRECTION('',(1.,0.,-0.));
#11937 = DEFINITIONAL_REPRESENTATION('',(#11938),#11942);
#11938 = LINE('',#11939,#11940);
#11939 = CARTESIAN_POINT('',(-27.26738,-5.267235285607));
#11940 = VECTOR('',#11941,1.);
#11941 = DIRECTION('',(1.,0.));
#11942 = ( GEOMETRIC_REPRESENTATION_CONTEXT(2) 
PARAMETRIC_REPRESENTATION_CONTEXT() REPRESENTATION_CONTEXT('2D SPACE',''
  ) );
#11943 = ORIENTED_EDGE('',*,*,#11944,.T.);
#11944 = EDGE_CURVE('',#11915,#11677,#11945,.T.);
#11945 = SURFACE_CURVE('',#11946,(#11950,#11957),.PCURVE_S1.);
#11946 = LINE('',#11947,#11948);
#11947 = CARTESIAN_POINT('',(-26.42635487715,-5.13,5.5));
#11948 = VECTOR('',#11949,1.);
#11949 = DIRECTION('',(0.,0.,1.));
#11950 = PCURVE('',#11694,#11951);
#11951 = DEFINITIONAL_REPRESENTATION('',(#11952),#11956);
#11952 = LINE('',#11953,#11954);
#11953 = CARTESIAN_POINT('',(0.841025122842,0.));
#11954 = VECTOR('',#11955,1.);
#11955 = DIRECTION('',(0.,-1.));
#11956 = ( GEOMETRIC_REPRESENTATION_CONTEXT(2) 
PARAMETRIC_REPRESENTATION_CONTEXT() REPRESENTATION_CONTEXT('2D SPACE',''
  ) );
#11957 = PCURVE('',#11727,#11958);
#11958 = DEFINITIONAL_REPRESENTATION('',(#11959),#11963);
#11959 = LINE('',#11960,#11961);
#11960 = CARTESIAN_POINT('',(-0.,0.));
#11961 = VECTOR('',#11962,1.);
#11962 = DIRECTION('',(-0.,1.));
#11963 = ( GEOMETRIC_REPRESENTATION_CONTEXT(2) 
PARAMETRIC_REPRESENTATION_CONTEXT() REPRESENTATION_CONTEXT('2D SPACE',''
  ) );
#11964 = ORIENTED_EDGE('',*,*,#11676,.T.);
#11965 = ORIENTED_EDGE('',*,*,#11966,.F.);
#11966 = EDGE_CURVE('',#11917,#11679,#11967,.T.);
#11967 = SURFACE_CURVE('',#11968,(#11972,#11979),.PCURVE_S1.);
#11968 = LINE('',#11969,#11970);
#11969 = CARTESIAN_POINT('',(26.426354877158,-5.13,5.5));
#11970 = VECTOR('',#11971,1.);
#11971 = DIRECTION('',(0.,0.,1.));
#11972 = PCURVE('',#11694,#11973);
#11973 = DEFINITIONAL_REPRESENTATION('',(#11974),#11978);
#11974 = LINE('',#11975,#11976);
#11975 = CARTESIAN_POINT('',(53.693734877158,0.));
#11976 = VECTOR('',#11977,1.);
#11977 = DIRECTION('',(0.,-1.));
#11978 = ( GEOMETRIC_REPRESENTATION_CONTEXT(2) 
PARAMETRIC_REPRESENTATION_CONTEXT() REPRESENTATION_CONTEXT('2D SPACE',''
  ) );
#11979 = PCURVE('',#11896,#11980);
#11980 = DEFINITIONAL_REPRESENTATION('',(#11981),#11985);
#11981 = LINE('',#11982,#11983);
#11982 = CARTESIAN_POINT('',(0.,0.));
#11983 = VECTOR('',#11984,1.);
#11984 = DIRECTION('',(0.,1.));
#11985 = ( GEOMETRIC_REPRESENTATION_CONTEXT(2) 
PARAMETRIC_REPRESENTATION_CONTEXT() REPRESENTATION_CONTEXT('2D SPACE',''
  ) );
#11986 = ADVANCED_FACE('',(#11987),#11727,.T.);
#11987 = FACE_BOUND('',#11988,.F.);
#11988 = EDGE_LOOP('',(#11989,#12017,#12038,#12039));
#11989 = ORIENTED_EDGE('',*,*,#11990,.T.);
#11990 = EDGE_CURVE('',#11915,#11991,#11993,.T.);
#11991 = VERTEX_POINT('',#11992);
#11992 = CARTESIAN_POINT('',(-27.41155216685,-4.301424328408,5.5));
#11993 = SURFACE_CURVE('',#11994,(#11999,#12006),.PCURVE_S1.);
#11994 = CIRCLE('',#11995,1.);
#11995 = AXIS2_PLACEMENT_3D('',#11996,#11997,#11998);
#11996 = CARTESIAN_POINT('',(-26.42635487715,-4.13,5.5));
#11997 = DIRECTION('',(-0.,-0.,-1.));
#11998 = DIRECTION('',(0.,-1.,0.));
#11999 = PCURVE('',#11727,#12000);
#12000 = DEFINITIONAL_REPRESENTATION('',(#12001),#12005);
#12001 = LINE('',#12002,#12003);
#12002 = CARTESIAN_POINT('',(-0.,0.));
#12003 = VECTOR('',#12004,1.);
#12004 = DIRECTION('',(-1.,0.));
#12005 = ( GEOMETRIC_REPRESENTATION_CONTEXT(2) 
PARAMETRIC_REPRESENTATION_CONTEXT() REPRESENTATION_CONTEXT('2D SPACE',''
  ) );
#12006 = PCURVE('',#11932,#12007);
#12007 = DEFINITIONAL_REPRESENTATION('',(#12008),#12016);
#12008 = ( BOUNDED_CURVE() B_SPLINE_CURVE(2,(#12009,#12010,#12011,#12012
    ,#12013,#12014,#12015),.UNSPECIFIED.,.T.,.F.) 
B_SPLINE_CURVE_WITH_KNOTS((1,2,2,2,2,1),(-2.094395102393,0.,
    2.094395102393,4.188790204786,6.28318530718,8.377580409573),
.UNSPECIFIED.) CURVE() GEOMETRIC_REPRESENTATION_ITEM() 
RATIONAL_B_SPLINE_CURVE((1.,0.5,1.,0.5,1.,0.5,1.)) REPRESENTATION_ITEM(
  '') );
#12009 = CARTESIAN_POINT('',(-26.42635487715,-5.267235285607));
#12010 = CARTESIAN_POINT('',(-28.15840568472,-5.267235285607));
#12011 = CARTESIAN_POINT('',(-27.29238028094,-3.767235285607));
#12012 = CARTESIAN_POINT('',(-26.42635487715,-2.267235285607));
#12013 = CARTESIAN_POINT('',(-25.56032947337,-3.767235285607));
#12014 = CARTESIAN_POINT('',(-24.69430406958,-5.267235285607));
#12015 = CARTESIAN_POINT('',(-26.42635487715,-5.267235285607));
#12016 = ( GEOMETRIC_REPRESENTATION_CONTEXT(2) 
PARAMETRIC_REPRESENTATION_CONTEXT() REPRESENTATION_CONTEXT('2D SPACE',''
  ) );
#12017 = ORIENTED_EDGE('',*,*,#12018,.T.);
#12018 = EDGE_CURVE('',#11991,#11707,#12019,.T.);
#12019 = SURFACE_CURVE('',#12020,(#12024,#12031),.PCURVE_S1.);
#12020 = LINE('',#12021,#12022);
#12021 = CARTESIAN_POINT('',(-27.41155216685,-4.301424328408,5.5));
#12022 = VECTOR('',#12023,1.);
#12023 = DIRECTION('',(0.,0.,1.));
#12024 = PCURVE('',#11727,#12025);
#12025 = DEFINITIONAL_REPRESENTATION('',(#12026),#12030);
#12026 = LINE('',#12027,#12028);
#12027 = CARTESIAN_POINT('',(-1.398521109841,0.));
#12028 = VECTOR('',#12029,1.);
#12029 = DIRECTION('',(-0.,1.));
#12030 = ( GEOMETRIC_REPRESENTATION_CONTEXT(2) 
PARAMETRIC_REPRESENTATION_CONTEXT() REPRESENTATION_CONTEXT('2D SPACE',''
  ) );
#12031 = PCURVE('',#11755,#12032);
#12032 = DEFINITIONAL_REPRESENTATION('',(#12033),#12037);
#12033 = LINE('',#12034,#12035);
#12034 = CARTESIAN_POINT('',(9.573132637515,0.));
#12035 = VECTOR('',#12036,1.);
#12036 = DIRECTION('',(0.,-1.));
#12037 = ( GEOMETRIC_REPRESENTATION_CONTEXT(2) 
PARAMETRIC_REPRESENTATION_CONTEXT() REPRESENTATION_CONTEXT('2D SPACE',''
  ) );
#12038 = ORIENTED_EDGE('',*,*,#11706,.F.);
#12039 = ORIENTED_EDGE('',*,*,#11944,.F.);
#12040 = ADVANCED_FACE('',(#12041),#11896,.T.);
#12041 = FACE_BOUND('',#12042,.T.);
#12042 = EDGE_LOOP('',(#12043,#12067,#12088,#12089));
#12043 = ORIENTED_EDGE('',*,*,#12044,.T.);
#12044 = EDGE_CURVE('',#11917,#12045,#12047,.T.);
#12045 = VERTEX_POINT('',#12046);
#12046 = CARTESIAN_POINT('',(27.411552166857,-4.301424328408,5.5));
#12047 = SURFACE_CURVE('',#12048,(#12053,#12060),.PCURVE_S1.);
#12048 = CIRCLE('',#12049,1.);
#12049 = AXIS2_PLACEMENT_3D('',#12050,#12051,#12052);
#12050 = CARTESIAN_POINT('',(26.426354877158,-4.13,5.5));
#12051 = DIRECTION('',(0.,0.,1.));
#12052 = DIRECTION('',(0.,-1.,0.));
#12053 = PCURVE('',#11896,#12054);
#12054 = DEFINITIONAL_REPRESENTATION('',(#12055),#12059);
#12055 = LINE('',#12056,#12057);
#12056 = CARTESIAN_POINT('',(0.,0.));
#12057 = VECTOR('',#12058,1.);
#12058 = DIRECTION('',(1.,0.));
#12059 = ( GEOMETRIC_REPRESENTATION_CONTEXT(2) 
PARAMETRIC_REPRESENTATION_CONTEXT() REPRESENTATION_CONTEXT('2D SPACE',''
  ) );
#12060 = PCURVE('',#11932,#12061);
#12061 = DEFINITIONAL_REPRESENTATION('',(#12062),#12066);
#12062 = CIRCLE('',#12063,1.);
#12063 = AXIS2_PLACEMENT_2D('',#12064,#12065);
#12064 = CARTESIAN_POINT('',(26.426354877158,-4.267235285607));
#12065 = DIRECTION('',(0.,-1.));
#12066 = ( GEOMETRIC_REPRESENTATION_CONTEXT(2) 
PARAMETRIC_REPRESENTATION_CONTEXT() REPRESENTATION_CONTEXT('2D SPACE',''
  ) );
#12067 = ORIENTED_EDGE('',*,*,#12068,.T.);
#12068 = EDGE_CURVE('',#12045,#11854,#12069,.T.);
#12069 = SURFACE_CURVE('',#12070,(#12074,#12081),.PCURVE_S1.);
#12070 = LINE('',#12071,#12072);
#12071 = CARTESIAN_POINT('',(27.411552166857,-4.301424328408,5.5));
#12072 = VECTOR('',#12073,1.);
#12073 = DIRECTION('',(0.,0.,1.));
#12074 = PCURVE('',#11896,#12075);
#12075 = DEFINITIONAL_REPRESENTATION('',(#12076),#12080);
#12076 = LINE('',#12077,#12078);
#12077 = CARTESIAN_POINT('',(1.398521109841,0.));
#12078 = VECTOR('',#12079,1.);
#12079 = DIRECTION('',(0.,1.));
#12080 = ( GEOMETRIC_REPRESENTATION_CONTEXT(2) 
PARAMETRIC_REPRESENTATION_CONTEXT() REPRESENTATION_CONTEXT('2D SPACE',''
  ) );
#12081 = PCURVE('',#11869,#12082);
#12082 = DEFINITIONAL_REPRESENTATION('',(#12083),#12087);
#12083 = LINE('',#12084,#12085);
#12084 = CARTESIAN_POINT('',(0.841025122842,0.));
#12085 = VECTOR('',#12086,1.);
#12086 = DIRECTION('',(0.,-1.));
#12087 = ( GEOMETRIC_REPRESENTATION_CONTEXT(2) 
PARAMETRIC_REPRESENTATION_CONTEXT() REPRESENTATION_CONTEXT('2D SPACE',''
  ) );
#12088 = ORIENTED_EDGE('',*,*,#11881,.F.);
#12089 = ORIENTED_EDGE('',*,*,#11966,.F.);
#12090 = ADVANCED_FACE('',(#12091),#11755,.F.);
#12091 = FACE_BOUND('',#12092,.F.);
#12092 = EDGE_LOOP('',(#12093,#12116,#12137,#12138));
#12093 = ORIENTED_EDGE('',*,*,#12094,.F.);
#12094 = EDGE_CURVE('',#12095,#11991,#12097,.T.);
#12095 = VERTEX_POINT('',#12096);
#12096 = CARTESIAN_POINT('',(-28.84879216685,3.958575671592,5.5));
#12097 = SURFACE_CURVE('',#12098,(#12102,#12109),.PCURVE_S1.);
#12098 = LINE('',#12099,#12100);
#12099 = CARTESIAN_POINT('',(-29.05262,5.13,5.5));
#12100 = VECTOR('',#12101,1.);
#12101 = DIRECTION('',(0.171424328408,-0.985197289699,0.));
#12102 = PCURVE('',#11755,#12103);
#12103 = DEFINITIONAL_REPRESENTATION('',(#12104),#12108);
#12104 = LINE('',#12105,#12106);
#12105 = CARTESIAN_POINT('',(0.,0.));
#12106 = VECTOR('',#12107,1.);
#12107 = DIRECTION('',(1.,0.));
#12108 = ( GEOMETRIC_REPRESENTATION_CONTEXT(2) 
PARAMETRIC_REPRESENTATION_CONTEXT() REPRESENTATION_CONTEXT('2D SPACE',''
  ) );
#12109 = PCURVE('',#11932,#12110);
#12110 = DEFINITIONAL_REPRESENTATION('',(#12111),#12115);
#12111 = LINE('',#12112,#12113);
#12112 = CARTESIAN_POINT('',(-29.05262,4.992764714393));
#12113 = VECTOR('',#12114,1.);
#12114 = DIRECTION('',(0.171424328408,-0.985197289699));
#12115 = ( GEOMETRIC_REPRESENTATION_CONTEXT(2) 
PARAMETRIC_REPRESENTATION_CONTEXT() REPRESENTATION_CONTEXT('2D SPACE',''
  ) );
#12116 = ORIENTED_EDGE('',*,*,#12117,.T.);
#12117 = EDGE_CURVE('',#12095,#11740,#12118,.T.);
#12118 = SURFACE_CURVE('',#12119,(#12123,#12130),.PCURVE_S1.);
#12119 = LINE('',#12120,#12121);
#12120 = CARTESIAN_POINT('',(-28.84879216685,3.958575671592,5.5));
#12121 = VECTOR('',#12122,1.);
#12122 = DIRECTION('',(0.,0.,1.));
#12123 = PCURVE('',#11755,#12124);
#12124 = DEFINITIONAL_REPRESENTATION('',(#12125),#12129);
#12125 = LINE('',#12126,#12127);
#12126 = CARTESIAN_POINT('',(1.189025122842,0.));
#12127 = VECTOR('',#12128,1.);
#12128 = DIRECTION('',(0.,-1.));
#12129 = ( GEOMETRIC_REPRESENTATION_CONTEXT(2) 
PARAMETRIC_REPRESENTATION_CONTEXT() REPRESENTATION_CONTEXT('2D SPACE',''
  ) );
#12130 = PCURVE('',#11784,#12131);
#12131 = DEFINITIONAL_REPRESENTATION('',(#12132),#12136);
#12132 = LINE('',#12133,#12134);
#12133 = CARTESIAN_POINT('',(1.743071543748,0.));
#12134 = VECTOR('',#12135,1.);
#12135 = DIRECTION('',(0.,1.));
#12136 = ( GEOMETRIC_REPRESENTATION_CONTEXT(2) 
PARAMETRIC_REPRESENTATION_CONTEXT() REPRESENTATION_CONTEXT('2D SPACE',''
  ) );
#12137 = ORIENTED_EDGE('',*,*,#11739,.T.);
#12138 = ORIENTED_EDGE('',*,*,#12018,.F.);
#12139 = ADVANCED_FACE('',(#12140),#11869,.F.);
#12140 = FACE_BOUND('',#12141,.F.);
#12141 = EDGE_LOOP('',(#12142,#12165,#12166,#12167));
#12142 = ORIENTED_EDGE('',*,*,#12143,.F.);
#12143 = EDGE_CURVE('',#12045,#12144,#12146,.T.);
#12144 = VERTEX_POINT('',#12145);
#12145 = CARTESIAN_POINT('',(28.848792166857,3.958575671592,5.5));
#12146 = SURFACE_CURVE('',#12147,(#12151,#12158),.PCURVE_S1.);
#12147 = LINE('',#12148,#12149);
#12148 = CARTESIAN_POINT('',(27.26738,-5.13,5.5));
#12149 = VECTOR('',#12150,1.);
#12150 = DIRECTION('',(0.171424328408,0.985197289699,0.));
#12151 = PCURVE('',#11869,#12152);
#12152 = DEFINITIONAL_REPRESENTATION('',(#12153),#12157);
#12153 = LINE('',#12154,#12155);
#12154 = CARTESIAN_POINT('',(0.,0.));
#12155 = VECTOR('',#12156,1.);
#12156 = DIRECTION('',(1.,0.));
#12157 = ( GEOMETRIC_REPRESENTATION_CONTEXT(2) 
PARAMETRIC_REPRESENTATION_CONTEXT() REPRESENTATION_CONTEXT('2D SPACE',''
  ) );
#12158 = PCURVE('',#11932,#12159);
#12159 = DEFINITIONAL_REPRESENTATION('',(#12160),#12164);
#12160 = LINE('',#12161,#12162);
#12161 = CARTESIAN_POINT('',(27.26738,-5.267235285607));
#12162 = VECTOR('',#12163,1.);
#12163 = DIRECTION('',(0.171424328408,0.985197289699));
#12164 = ( GEOMETRIC_REPRESENTATION_CONTEXT(2) 
PARAMETRIC_REPRESENTATION_CONTEXT() REPRESENTATION_CONTEXT('2D SPACE',''
  ) );
#12165 = ORIENTED_EDGE('',*,*,#12068,.T.);
#12166 = ORIENTED_EDGE('',*,*,#11853,.T.);
#12167 = ORIENTED_EDGE('',*,*,#12168,.F.);
#12168 = EDGE_CURVE('',#12144,#11825,#12169,.T.);
#12169 = SURFACE_CURVE('',#12170,(#12174,#12181),.PCURVE_S1.);
#12170 = LINE('',#12171,#12172);
#12171 = CARTESIAN_POINT('',(28.848792166857,3.958575671592,5.5));
#12172 = VECTOR('',#12173,1.);
#12173 = DIRECTION('',(0.,0.,1.));
#12174 = PCURVE('',#11869,#12175);
#12175 = DEFINITIONAL_REPRESENTATION('',(#12176),#12180);
#12176 = LINE('',#12177,#12178);
#12177 = CARTESIAN_POINT('',(9.225132637515,0.));
#12178 = VECTOR('',#12179,1.);
#12179 = DIRECTION('',(0.,-1.));
#12180 = ( GEOMETRIC_REPRESENTATION_CONTEXT(2) 
PARAMETRIC_REPRESENTATION_CONTEXT() REPRESENTATION_CONTEXT('2D SPACE',''
  ) );
#12181 = PCURVE('',#11841,#12182);
#12182 = DEFINITIONAL_REPRESENTATION('',(#12183),#12187);
#12183 = LINE('',#12184,#12185);
#12184 = CARTESIAN_POINT('',(0.,0.));
#12185 = VECTOR('',#12186,1.);
#12186 = DIRECTION('',(0.,1.));
#12187 = ( GEOMETRIC_REPRESENTATION_CONTEXT(2) 
PARAMETRIC_REPRESENTATION_CONTEXT() REPRESENTATION_CONTEXT('2D SPACE',''
  ) );
#12188 = ADVANCED_FACE('',(#12189),#11784,.T.);
#12189 = FACE_BOUND('',#12190,.T.);
#12190 = EDGE_LOOP('',(#12191,#12215,#12216,#12217));
#12191 = ORIENTED_EDGE('',*,*,#12192,.T.);
#12192 = EDGE_CURVE('',#12193,#12095,#12195,.T.);
#12193 = VERTEX_POINT('',#12194);
#12194 = CARTESIAN_POINT('',(-27.86359487715,5.13,5.5));
#12195 = SURFACE_CURVE('',#12196,(#12201,#12208),.PCURVE_S1.);
#12196 = CIRCLE('',#12197,1.);
#12197 = AXIS2_PLACEMENT_3D('',#12198,#12199,#12200);
#12198 = CARTESIAN_POINT('',(-27.86359487715,4.13,5.5));
#12199 = DIRECTION('',(0.,0.,1.));
#12200 = DIRECTION('',(0.,-1.,0.));
#12201 = PCURVE('',#11784,#12202);
#12202 = DEFINITIONAL_REPRESENTATION('',(#12203),#12207);
#12203 = LINE('',#12204,#12205);
#12204 = CARTESIAN_POINT('',(-3.14159265359,0.));
#12205 = VECTOR('',#12206,1.);
#12206 = DIRECTION('',(1.,0.));
#12207 = ( GEOMETRIC_REPRESENTATION_CONTEXT(2) 
PARAMETRIC_REPRESENTATION_CONTEXT() REPRESENTATION_CONTEXT('2D SPACE',''
  ) );
#12208 = PCURVE('',#11932,#12209);
#12209 = DEFINITIONAL_REPRESENTATION('',(#12210),#12214);
#12210 = CIRCLE('',#12211,1.);
#12211 = AXIS2_PLACEMENT_2D('',#12212,#12213);
#12212 = CARTESIAN_POINT('',(-27.86359487715,3.992764714393));
#12213 = DIRECTION('',(0.,-1.));
#12214 = ( GEOMETRIC_REPRESENTATION_CONTEXT(2) 
PARAMETRIC_REPRESENTATION_CONTEXT() REPRESENTATION_CONTEXT('2D SPACE',''
  ) );
#12215 = ORIENTED_EDGE('',*,*,#12117,.T.);
#12216 = ORIENTED_EDGE('',*,*,#11767,.F.);
#12217 = ORIENTED_EDGE('',*,*,#12218,.F.);
#12218 = EDGE_CURVE('',#12193,#11768,#12219,.T.);
#12219 = SURFACE_CURVE('',#12220,(#12224,#12231),.PCURVE_S1.);
#12220 = LINE('',#12221,#12222);
#12221 = CARTESIAN_POINT('',(-27.86359487715,5.13,5.5));
#12222 = VECTOR('',#12223,1.);
#12223 = DIRECTION('',(0.,0.,1.));
#12224 = PCURVE('',#11784,#12225);
#12225 = DEFINITIONAL_REPRESENTATION('',(#12226),#12230);
#12226 = LINE('',#12227,#12228);
#12227 = CARTESIAN_POINT('',(0.,0.));
#12228 = VECTOR('',#12229,1.);
#12229 = DIRECTION('',(0.,1.));
#12230 = ( GEOMETRIC_REPRESENTATION_CONTEXT(2) 
PARAMETRIC_REPRESENTATION_CONTEXT() REPRESENTATION_CONTEXT('2D SPACE',''
  ) );
#12231 = PCURVE('',#11812,#12232);
#12232 = DEFINITIONAL_REPRESENTATION('',(#12233),#12237);
#12233 = LINE('',#12234,#12235);
#12234 = CARTESIAN_POINT('',(56.916214877158,0.));
#12235 = VECTOR('',#12236,1.);
#12236 = DIRECTION('',(0.,-1.));
#12237 = ( GEOMETRIC_REPRESENTATION_CONTEXT(2) 
PARAMETRIC_REPRESENTATION_CONTEXT() REPRESENTATION_CONTEXT('2D SPACE',''
  ) );
#12238 = ADVANCED_FACE('',(#12239),#11841,.T.);
#12239 = FACE_BOUND('',#12240,.T.);
#12240 = EDGE_LOOP('',(#12241,#12265,#12286,#12287));
#12241 = ORIENTED_EDGE('',*,*,#12242,.T.);
#12242 = EDGE_CURVE('',#12144,#12243,#12245,.T.);
#12243 = VERTEX_POINT('',#12244);
#12244 = CARTESIAN_POINT('',(27.863594877158,5.13,5.5));
#12245 = SURFACE_CURVE('',#12246,(#12251,#12258),.PCURVE_S1.);
#12246 = CIRCLE('',#12247,1.);
#12247 = AXIS2_PLACEMENT_3D('',#12248,#12249,#12250);
#12248 = CARTESIAN_POINT('',(27.863594877158,4.13,5.5));
#12249 = DIRECTION('',(0.,0.,1.));
#12250 = DIRECTION('',(0.,-1.,0.));
#12251 = PCURVE('',#11841,#12252);
#12252 = DEFINITIONAL_REPRESENTATION('',(#12253),#12257);
#12253 = LINE('',#12254,#12255);
#12254 = CARTESIAN_POINT('',(-1.398521109841,0.));
#12255 = VECTOR('',#12256,1.);
#12256 = DIRECTION('',(1.,0.));
#12257 = ( GEOMETRIC_REPRESENTATION_CONTEXT(2) 
PARAMETRIC_REPRESENTATION_CONTEXT() REPRESENTATION_CONTEXT('2D SPACE',''
  ) );
#12258 = PCURVE('',#11932,#12259);
#12259 = DEFINITIONAL_REPRESENTATION('',(#12260),#12264);
#12260 = CIRCLE('',#12261,1.);
#12261 = AXIS2_PLACEMENT_2D('',#12262,#12263);
#12262 = CARTESIAN_POINT('',(27.863594877158,3.992764714393));
#12263 = DIRECTION('',(0.,-1.));
#12264 = ( GEOMETRIC_REPRESENTATION_CONTEXT(2) 
PARAMETRIC_REPRESENTATION_CONTEXT() REPRESENTATION_CONTEXT('2D SPACE',''
  ) );
#12265 = ORIENTED_EDGE('',*,*,#12266,.T.);
#12266 = EDGE_CURVE('',#12243,#11797,#12267,.T.);
#12267 = SURFACE_CURVE('',#12268,(#12272,#12279),.PCURVE_S1.);
#12268 = LINE('',#12269,#12270);
#12269 = CARTESIAN_POINT('',(27.863594877158,5.13,5.5));
#12270 = VECTOR('',#12271,1.);
#12271 = DIRECTION('',(0.,0.,1.));
#12272 = PCURVE('',#11841,#12273);
#12273 = DEFINITIONAL_REPRESENTATION('',(#12274),#12278);
#12274 = LINE('',#12275,#12276);
#12275 = CARTESIAN_POINT('',(1.743071543748,0.));
#12276 = VECTOR('',#12277,1.);
#12277 = DIRECTION('',(0.,1.));
#12278 = ( GEOMETRIC_REPRESENTATION_CONTEXT(2) 
PARAMETRIC_REPRESENTATION_CONTEXT() REPRESENTATION_CONTEXT('2D SPACE',''
  ) );
#12279 = PCURVE('',#11812,#12280);
#12280 = DEFINITIONAL_REPRESENTATION('',(#12281),#12285);
#12281 = LINE('',#12282,#12283);
#12282 = CARTESIAN_POINT('',(1.189025122842,0.));
#12283 = VECTOR('',#12284,1.);
#12284 = DIRECTION('',(0.,-1.));
#12285 = ( GEOMETRIC_REPRESENTATION_CONTEXT(2) 
PARAMETRIC_REPRESENTATION_CONTEXT() REPRESENTATION_CONTEXT('2D SPACE',''
  ) );
#12286 = ORIENTED_EDGE('',*,*,#11824,.F.);
#12287 = ORIENTED_EDGE('',*,*,#12168,.F.);
#12288 = ADVANCED_FACE('',(#12289),#11812,.F.);
#12289 = FACE_BOUND('',#12290,.F.);
#12290 = EDGE_LOOP('',(#12291,#12312,#12313,#12314));
#12291 = ORIENTED_EDGE('',*,*,#12292,.F.);
#12292 = EDGE_CURVE('',#12243,#12193,#12293,.T.);
#12293 = SURFACE_CURVE('',#12294,(#12298,#12305),.PCURVE_S1.);
#12294 = LINE('',#12295,#12296);
#12295 = CARTESIAN_POINT('',(29.05262,5.13,5.5));
#12296 = VECTOR('',#12297,1.);
#12297 = DIRECTION('',(-1.,0.,0.));
#12298 = PCURVE('',#11812,#12299);
#12299 = DEFINITIONAL_REPRESENTATION('',(#12300),#12304);
#12300 = LINE('',#12301,#12302);
#12301 = CARTESIAN_POINT('',(0.,-0.));
#12302 = VECTOR('',#12303,1.);
#12303 = DIRECTION('',(1.,0.));
#12304 = ( GEOMETRIC_REPRESENTATION_CONTEXT(2) 
PARAMETRIC_REPRESENTATION_CONTEXT() REPRESENTATION_CONTEXT('2D SPACE',''
  ) );
#12305 = PCURVE('',#11932,#12306);
#12306 = DEFINITIONAL_REPRESENTATION('',(#12307),#12311);
#12307 = LINE('',#12308,#12309);
#12308 = CARTESIAN_POINT('',(29.05262,4.992764714393));
#12309 = VECTOR('',#12310,1.);
#12310 = DIRECTION('',(-1.,0.));
#12311 = ( GEOMETRIC_REPRESENTATION_CONTEXT(2) 
PARAMETRIC_REPRESENTATION_CONTEXT() REPRESENTATION_CONTEXT('2D SPACE',''
  ) );
#12312 = ORIENTED_EDGE('',*,*,#12266,.T.);
#12313 = ORIENTED_EDGE('',*,*,#11796,.T.);
#12314 = ORIENTED_EDGE('',*,*,#12218,.F.);
#12315 = ADVANCED_FACE('',(#12316,#12326),#11932,.F.);
#12316 = FACE_BOUND('',#12317,.F.);
#12317 = EDGE_LOOP('',(#12318,#12319,#12320,#12321,#12322,#12323,#12324,
    #12325));
#12318 = ORIENTED_EDGE('',*,*,#11914,.T.);
#12319 = ORIENTED_EDGE('',*,*,#12044,.T.);
#12320 = ORIENTED_EDGE('',*,*,#12143,.T.);
#12321 = ORIENTED_EDGE('',*,*,#12242,.T.);
#12322 = ORIENTED_EDGE('',*,*,#12292,.T.);
#12323 = ORIENTED_EDGE('',*,*,#12192,.T.);
#12324 = ORIENTED_EDGE('',*,*,#12094,.T.);
#12325 = ORIENTED_EDGE('',*,*,#11990,.F.);
#12326 = FACE_BOUND('',#12327,.F.);
#12327 = EDGE_LOOP('',(#12328,#12358,#12391,#12419,#12448,#12476,#12505,
    #12533));
#12328 = ORIENTED_EDGE('',*,*,#12329,.F.);
#12329 = EDGE_CURVE('',#12330,#12332,#12334,.T.);
#12330 = VERTEX_POINT('',#12331);
#12331 = CARTESIAN_POINT('',(-25.85753985259,-4.645,5.5));
#12332 = VERTEX_POINT('',#12333);
#12333 = CARTESIAN_POINT('',(25.85753985259,-4.645,5.5));
#12334 = SURFACE_CURVE('',#12335,(#12339,#12346),.PCURVE_S1.);
#12335 = LINE('',#12336,#12337);
#12336 = CARTESIAN_POINT('',(-26.86677,-4.645,5.5));
#12337 = VECTOR('',#12338,1.);
#12338 = DIRECTION('',(1.,0.,0.));
#12339 = PCURVE('',#11932,#12340);
#12340 = DEFINITIONAL_REPRESENTATION('',(#12341),#12345);
#12341 = LINE('',#12342,#12343);
#12342 = CARTESIAN_POINT('',(-26.86677,-4.782235285607));
#12343 = VECTOR('',#12344,1.);
#12344 = DIRECTION('',(1.,0.));
#12345 = ( GEOMETRIC_REPRESENTATION_CONTEXT(2) 
PARAMETRIC_REPRESENTATION_CONTEXT() REPRESENTATION_CONTEXT('2D SPACE',''
  ) );
#12346 = PCURVE('',#12347,#12352);
#12347 = PLANE('',#12348);
#12348 = AXIS2_PLACEMENT_3D('',#12349,#12350,#12351);
#12349 = CARTESIAN_POINT('',(-26.86677,-4.645,0.));
#12350 = DIRECTION('',(0.,1.,0.));
#12351 = DIRECTION('',(1.,0.,0.));
#12352 = DEFINITIONAL_REPRESENTATION('',(#12353),#12357);
#12353 = LINE('',#12354,#12355);
#12354 = CARTESIAN_POINT('',(0.,-5.5));
#12355 = VECTOR('',#12356,1.);
#12356 = DIRECTION('',(1.,0.));
#12357 = ( GEOMETRIC_REPRESENTATION_CONTEXT(2) 
PARAMETRIC_REPRESENTATION_CONTEXT() REPRESENTATION_CONTEXT('2D SPACE',''
  ) );
#12358 = ORIENTED_EDGE('',*,*,#12359,.T.);
#12359 = EDGE_CURVE('',#12330,#12360,#12362,.T.);
#12360 = VERTEX_POINT('',#12361);
#12361 = CARTESIAN_POINT('',(-27.03977660022,-3.650709194089,5.5));
#12362 = SURFACE_CURVE('',#12363,(#12368,#12379),.PCURVE_S1.);
#12363 = CIRCLE('',#12364,1.2);
#12364 = AXIS2_PLACEMENT_3D('',#12365,#12366,#12367);
#12365 = CARTESIAN_POINT('',(-25.85753985259,-3.445,5.5));
#12366 = DIRECTION('',(-0.,-0.,-1.));
#12367 = DIRECTION('',(0.,-1.,0.));
#12368 = PCURVE('',#11932,#12369);
#12369 = DEFINITIONAL_REPRESENTATION('',(#12370),#12378);
#12370 = ( BOUNDED_CURVE() B_SPLINE_CURVE(2,(#12371,#12372,#12373,#12374
    ,#12375,#12376,#12377),.UNSPECIFIED.,.T.,.F.) 
B_SPLINE_CURVE_WITH_KNOTS((1,2,2,2,2,1),(-2.094395102393,0.,
    2.094395102393,4.188790204786,6.28318530718,8.377580409573),
.UNSPECIFIED.) CURVE() GEOMETRIC_REPRESENTATION_ITEM() 
RATIONAL_B_SPLINE_CURVE((1.,0.5,1.,0.5,1.,0.5,1.)) REPRESENTATION_ITEM(
  '') );
#12371 = CARTESIAN_POINT('',(-25.85753985259,-4.782235285607));
#12372 = CARTESIAN_POINT('',(-27.93600082167,-4.782235285607));
#12373 = CARTESIAN_POINT('',(-26.89677033713,-2.982235285607));
#12374 = CARTESIAN_POINT('',(-25.85753985259,-1.182235285607));
#12375 = CARTESIAN_POINT('',(-24.81830936804,-2.982235285607));
#12376 = CARTESIAN_POINT('',(-23.7790788835,-4.782235285607));
#12377 = CARTESIAN_POINT('',(-25.85753985259,-4.782235285607));
#12378 = ( GEOMETRIC_REPRESENTATION_CONTEXT(2) 
PARAMETRIC_REPRESENTATION_CONTEXT() REPRESENTATION_CONTEXT('2D SPACE',''
  ) );
#12379 = PCURVE('',#12380,#12385);
#12380 = CYLINDRICAL_SURFACE('',#12381,1.2);
#12381 = AXIS2_PLACEMENT_3D('',#12382,#12383,#12384);
#12382 = CARTESIAN_POINT('',(-25.85753985259,-3.445,0.));
#12383 = DIRECTION('',(0.,0.,1.));
#12384 = DIRECTION('',(0.,-1.,0.));
#12385 = DEFINITIONAL_REPRESENTATION('',(#12386),#12390);
#12386 = LINE('',#12387,#12388);
#12387 = CARTESIAN_POINT('',(-0.,5.5));
#12388 = VECTOR('',#12389,1.);
#12389 = DIRECTION('',(-1.,0.));
#12390 = ( GEOMETRIC_REPRESENTATION_CONTEXT(2) 
PARAMETRIC_REPRESENTATION_CONTEXT() REPRESENTATION_CONTEXT('2D SPACE',''
  ) );
#12391 = ORIENTED_EDGE('',*,*,#12392,.F.);
#12392 = EDGE_CURVE('',#12393,#12360,#12395,.T.);
#12393 = VERTEX_POINT('',#12394);
#12394 = CARTESIAN_POINT('',(-28.23863660022,3.239290805911,5.5));
#12395 = SURFACE_CURVE('',#12396,(#12400,#12407),.PCURVE_S1.);
#12396 = LINE('',#12397,#12398);
#12397 = CARTESIAN_POINT('',(-28.48323,4.645,5.5));
#12398 = VECTOR('',#12399,1.);
#12399 = DIRECTION('',(0.171424328408,-0.985197289699,0.));
#12400 = PCURVE('',#11932,#12401);
#12401 = DEFINITIONAL_REPRESENTATION('',(#12402),#12406);
#12402 = LINE('',#12403,#12404);
#12403 = CARTESIAN_POINT('',(-28.48323,4.507764714393));
#12404 = VECTOR('',#12405,1.);
#12405 = DIRECTION('',(0.171424328408,-0.985197289699));
#12406 = ( GEOMETRIC_REPRESENTATION_CONTEXT(2) 
PARAMETRIC_REPRESENTATION_CONTEXT() REPRESENTATION_CONTEXT('2D SPACE',''
  ) );
#12407 = PCURVE('',#12408,#12413);
#12408 = PLANE('',#12409);
#12409 = AXIS2_PLACEMENT_3D('',#12410,#12411,#12412);
#12410 = CARTESIAN_POINT('',(-28.48323,4.645,0.));
#12411 = DIRECTION('',(0.985197289699,0.171424328408,-0.));
#12412 = DIRECTION('',(0.171424328408,-0.985197289699,0.));
#12413 = DEFINITIONAL_REPRESENTATION('',(#12414),#12418);
#12414 = LINE('',#12415,#12416);
#12415 = CARTESIAN_POINT('',(0.,-5.5));
#12416 = VECTOR('',#12417,1.);
#12417 = DIRECTION('',(1.,0.));
#12418 = ( GEOMETRIC_REPRESENTATION_CONTEXT(2) 
PARAMETRIC_REPRESENTATION_CONTEXT() REPRESENTATION_CONTEXT('2D SPACE',''
  ) );
#12419 = ORIENTED_EDGE('',*,*,#12420,.F.);
#12420 = EDGE_CURVE('',#12421,#12393,#12423,.T.);
#12421 = VERTEX_POINT('',#12422);
#12422 = CARTESIAN_POINT('',(-27.05639985259,4.645,5.5));
#12423 = SURFACE_CURVE('',#12424,(#12429,#12436),.PCURVE_S1.);
#12424 = CIRCLE('',#12425,1.2);
#12425 = AXIS2_PLACEMENT_3D('',#12426,#12427,#12428);
#12426 = CARTESIAN_POINT('',(-27.05639985259,3.445,5.5));
#12427 = DIRECTION('',(0.,0.,1.));
#12428 = DIRECTION('',(0.,-1.,0.));
#12429 = PCURVE('',#11932,#12430);
#12430 = DEFINITIONAL_REPRESENTATION('',(#12431),#12435);
#12431 = CIRCLE('',#12432,1.2);
#12432 = AXIS2_PLACEMENT_2D('',#12433,#12434);
#12433 = CARTESIAN_POINT('',(-27.05639985259,3.307764714393));
#12434 = DIRECTION('',(0.,-1.));
#12435 = ( GEOMETRIC_REPRESENTATION_CONTEXT(2) 
PARAMETRIC_REPRESENTATION_CONTEXT() REPRESENTATION_CONTEXT('2D SPACE',''
  ) );
#12436 = PCURVE('',#12437,#12442);
#12437 = CYLINDRICAL_SURFACE('',#12438,1.2);
#12438 = AXIS2_PLACEMENT_3D('',#12439,#12440,#12441);
#12439 = CARTESIAN_POINT('',(-27.05639985259,3.445,0.));
#12440 = DIRECTION('',(0.,0.,1.));
#12441 = DIRECTION('',(-0.,1.,0.));
#12442 = DEFINITIONAL_REPRESENTATION('',(#12443),#12447);
#12443 = LINE('',#12444,#12445);
#12444 = CARTESIAN_POINT('',(-3.14159265359,5.5));
#12445 = VECTOR('',#12446,1.);
#12446 = DIRECTION('',(1.,0.));
#12447 = ( GEOMETRIC_REPRESENTATION_CONTEXT(2) 
PARAMETRIC_REPRESENTATION_CONTEXT() REPRESENTATION_CONTEXT('2D SPACE',''
  ) );
#12448 = ORIENTED_EDGE('',*,*,#12449,.F.);
#12449 = EDGE_CURVE('',#12450,#12421,#12452,.T.);
#12450 = VERTEX_POINT('',#12451);
#12451 = CARTESIAN_POINT('',(27.05639985259,4.645,5.5));
#12452 = SURFACE_CURVE('',#12453,(#12457,#12464),.PCURVE_S1.);
#12453 = LINE('',#12454,#12455);
#12454 = CARTESIAN_POINT('',(28.48323,4.645,5.5));
#12455 = VECTOR('',#12456,1.);
#12456 = DIRECTION('',(-1.,0.,0.));
#12457 = PCURVE('',#11932,#12458);
#12458 = DEFINITIONAL_REPRESENTATION('',(#12459),#12463);
#12459 = LINE('',#12460,#12461);
#12460 = CARTESIAN_POINT('',(28.48323,4.507764714393));
#12461 = VECTOR('',#12462,1.);
#12462 = DIRECTION('',(-1.,0.));
#12463 = ( GEOMETRIC_REPRESENTATION_CONTEXT(2) 
PARAMETRIC_REPRESENTATION_CONTEXT() REPRESENTATION_CONTEXT('2D SPACE',''
  ) );
#12464 = PCURVE('',#12465,#12470);
#12465 = PLANE('',#12466);
#12466 = AXIS2_PLACEMENT_3D('',#12467,#12468,#12469);
#12467 = CARTESIAN_POINT('',(28.48323,4.645,0.));
#12468 = DIRECTION('',(0.,-1.,0.));
#12469 = DIRECTION('',(-1.,0.,0.));
#12470 = DEFINITIONAL_REPRESENTATION('',(#12471),#12475);
#12471 = LINE('',#12472,#12473);
#12472 = CARTESIAN_POINT('',(0.,-5.5));
#12473 = VECTOR('',#12474,1.);
#12474 = DIRECTION('',(1.,0.));
#12475 = ( GEOMETRIC_REPRESENTATION_CONTEXT(2) 
PARAMETRIC_REPRESENTATION_CONTEXT() REPRESENTATION_CONTEXT('2D SPACE',''
  ) );
#12476 = ORIENTED_EDGE('',*,*,#12477,.F.);
#12477 = EDGE_CURVE('',#12478,#12450,#12480,.T.);
#12478 = VERTEX_POINT('',#12479);
#12479 = CARTESIAN_POINT('',(28.238636600228,3.239290805911,5.5));
#12480 = SURFACE_CURVE('',#12481,(#12486,#12493),.PCURVE_S1.);
#12481 = CIRCLE('',#12482,1.2);
#12482 = AXIS2_PLACEMENT_3D('',#12483,#12484,#12485);
#12483 = CARTESIAN_POINT('',(27.05639985259,3.445,5.5));
#12484 = DIRECTION('',(0.,0.,1.));
#12485 = DIRECTION('',(0.,-1.,0.));
#12486 = PCURVE('',#11932,#12487);
#12487 = DEFINITIONAL_REPRESENTATION('',(#12488),#12492);
#12488 = CIRCLE('',#12489,1.2);
#12489 = AXIS2_PLACEMENT_2D('',#12490,#12491);
#12490 = CARTESIAN_POINT('',(27.05639985259,3.307764714393));
#12491 = DIRECTION('',(0.,-1.));
#12492 = ( GEOMETRIC_REPRESENTATION_CONTEXT(2) 
PARAMETRIC_REPRESENTATION_CONTEXT() REPRESENTATION_CONTEXT('2D SPACE',''
  ) );
#12493 = PCURVE('',#12494,#12499);
#12494 = CYLINDRICAL_SURFACE('',#12495,1.2);
#12495 = AXIS2_PLACEMENT_3D('',#12496,#12497,#12498);
#12496 = CARTESIAN_POINT('',(27.05639985259,3.445,0.));
#12497 = DIRECTION('',(0.,0.,1.));
#12498 = DIRECTION('',(0.985197289699,-0.171424328408,0.));
#12499 = DEFINITIONAL_REPRESENTATION('',(#12500),#12504);
#12500 = LINE('',#12501,#12502);
#12501 = CARTESIAN_POINT('',(-1.398521109841,5.5));
#12502 = VECTOR('',#12503,1.);
#12503 = DIRECTION('',(1.,0.));
#12504 = ( GEOMETRIC_REPRESENTATION_CONTEXT(2) 
PARAMETRIC_REPRESENTATION_CONTEXT() REPRESENTATION_CONTEXT('2D SPACE',''
  ) );
#12505 = ORIENTED_EDGE('',*,*,#12506,.F.);
#12506 = EDGE_CURVE('',#12507,#12478,#12509,.T.);
#12507 = VERTEX_POINT('',#12508);
#12508 = CARTESIAN_POINT('',(27.039776600228,-3.650709194089,5.5));
#12509 = SURFACE_CURVE('',#12510,(#12514,#12521),.PCURVE_S1.);
#12510 = LINE('',#12511,#12512);
#12511 = CARTESIAN_POINT('',(26.86677,-4.645,5.5));
#12512 = VECTOR('',#12513,1.);
#12513 = DIRECTION('',(0.171424328408,0.985197289699,0.));
#12514 = PCURVE('',#11932,#12515);
#12515 = DEFINITIONAL_REPRESENTATION('',(#12516),#12520);
#12516 = LINE('',#12517,#12518);
#12517 = CARTESIAN_POINT('',(26.86677,-4.782235285607));
#12518 = VECTOR('',#12519,1.);
#12519 = DIRECTION('',(0.171424328408,0.985197289699));
#12520 = ( GEOMETRIC_REPRESENTATION_CONTEXT(2) 
PARAMETRIC_REPRESENTATION_CONTEXT() REPRESENTATION_CONTEXT('2D SPACE',''
  ) );
#12521 = PCURVE('',#12522,#12527);
#12522 = PLANE('',#12523);
#12523 = AXIS2_PLACEMENT_3D('',#12524,#12525,#12526);
#12524 = CARTESIAN_POINT('',(26.86677,-4.645,0.));
#12525 = DIRECTION('',(-0.985197289699,0.171424328408,0.));
#12526 = DIRECTION('',(0.171424328408,0.985197289699,0.));
#12527 = DEFINITIONAL_REPRESENTATION('',(#12528),#12532);
#12528 = LINE('',#12529,#12530);
#12529 = CARTESIAN_POINT('',(0.,-5.5));
#12530 = VECTOR('',#12531,1.);
#12531 = DIRECTION('',(1.,0.));
#12532 = ( GEOMETRIC_REPRESENTATION_CONTEXT(2) 
PARAMETRIC_REPRESENTATION_CONTEXT() REPRESENTATION_CONTEXT('2D SPACE',''
  ) );
#12533 = ORIENTED_EDGE('',*,*,#12534,.F.);
#12534 = EDGE_CURVE('',#12332,#12507,#12535,.T.);
#12535 = SURFACE_CURVE('',#12536,(#12541,#12548),.PCURVE_S1.);
#12536 = CIRCLE('',#12537,1.2);
#12537 = AXIS2_PLACEMENT_3D('',#12538,#12539,#12540);
#12538 = CARTESIAN_POINT('',(25.85753985259,-3.445,5.5));
#12539 = DIRECTION('',(0.,0.,1.));
#12540 = DIRECTION('',(0.,-1.,0.));
#12541 = PCURVE('',#11932,#12542);
#12542 = DEFINITIONAL_REPRESENTATION('',(#12543),#12547);
#12543 = CIRCLE('',#12544,1.2);
#12544 = AXIS2_PLACEMENT_2D('',#12545,#12546);
#12545 = CARTESIAN_POINT('',(25.85753985259,-3.582235285607));
#12546 = DIRECTION('',(0.,-1.));
#12547 = ( GEOMETRIC_REPRESENTATION_CONTEXT(2) 
PARAMETRIC_REPRESENTATION_CONTEXT() REPRESENTATION_CONTEXT('2D SPACE',''
  ) );
#12548 = PCURVE('',#12549,#12554);
#12549 = CYLINDRICAL_SURFACE('',#12550,1.2);
#12550 = AXIS2_PLACEMENT_3D('',#12551,#12552,#12553);
#12551 = CARTESIAN_POINT('',(25.85753985259,-3.445,0.));
#12552 = DIRECTION('',(0.,0.,1.));
#12553 = DIRECTION('',(0.,-1.,0.));
#12554 = DEFINITIONAL_REPRESENTATION('',(#12555),#12559);
#12555 = LINE('',#12556,#12557);
#12556 = CARTESIAN_POINT('',(0.,5.5));
#12557 = VECTOR('',#12558,1.);
#12558 = DIRECTION('',(1.,0.));
#12559 = ( GEOMETRIC_REPRESENTATION_CONTEXT(2) 
PARAMETRIC_REPRESENTATION_CONTEXT() REPRESENTATION_CONTEXT('2D SPACE',''
  ) );
#12560 = ADVANCED_FACE('',(#12561),#12347,.F.);
#12561 = FACE_BOUND('',#12562,.F.);
#12562 = EDGE_LOOP('',(#12563,#12593,#12614,#12615));
#12563 = ORIENTED_EDGE('',*,*,#12564,.F.);
#12564 = EDGE_CURVE('',#12565,#12567,#12569,.T.);
#12565 = VERTEX_POINT('',#12566);
#12566 = CARTESIAN_POINT('',(-25.85753985259,-4.645,0.));
#12567 = VERTEX_POINT('',#12568);
#12568 = CARTESIAN_POINT('',(25.85753985259,-4.645,0.));
#12569 = SURFACE_CURVE('',#12570,(#12574,#12581),.PCURVE_S1.);
#12570 = LINE('',#12571,#12572);
#12571 = CARTESIAN_POINT('',(-26.86677,-4.645,0.));
#12572 = VECTOR('',#12573,1.);
#12573 = DIRECTION('',(1.,0.,0.));
#12574 = PCURVE('',#12347,#12575);
#12575 = DEFINITIONAL_REPRESENTATION('',(#12576),#12580);
#12576 = LINE('',#12577,#12578);
#12577 = CARTESIAN_POINT('',(0.,0.));
#12578 = VECTOR('',#12579,1.);
#12579 = DIRECTION('',(1.,0.));
#12580 = ( GEOMETRIC_REPRESENTATION_CONTEXT(2) 
PARAMETRIC_REPRESENTATION_CONTEXT() REPRESENTATION_CONTEXT('2D SPACE',''
  ) );
#12581 = PCURVE('',#12582,#12587);
#12582 = PLANE('',#12583);
#12583 = AXIS2_PLACEMENT_3D('',#12584,#12585,#12586);
#12584 = CARTESIAN_POINT('',(-6.581172942739E-16,0.11590776456,0.));
#12585 = DIRECTION('',(0.,0.,1.));
#12586 = DIRECTION('',(1.,0.,-0.));
#12587 = DEFINITIONAL_REPRESENTATION('',(#12588),#12592);
#12588 = LINE('',#12589,#12590);
#12589 = CARTESIAN_POINT('',(-26.86677,-4.76090776456));
#12590 = VECTOR('',#12591,1.);
#12591 = DIRECTION('',(1.,0.));
#12592 = ( GEOMETRIC_REPRESENTATION_CONTEXT(2) 
PARAMETRIC_REPRESENTATION_CONTEXT() REPRESENTATION_CONTEXT('2D SPACE',''
  ) );
#12593 = ORIENTED_EDGE('',*,*,#12594,.T.);
#12594 = EDGE_CURVE('',#12565,#12330,#12595,.T.);
#12595 = SURFACE_CURVE('',#12596,(#12600,#12607),.PCURVE_S1.);
#12596 = LINE('',#12597,#12598);
#12597 = CARTESIAN_POINT('',(-25.85753985259,-4.645,0.));
#12598 = VECTOR('',#12599,1.);
#12599 = DIRECTION('',(0.,0.,1.));
#12600 = PCURVE('',#12347,#12601);
#12601 = DEFINITIONAL_REPRESENTATION('',(#12602),#12606);
#12602 = LINE('',#12603,#12604);
#12603 = CARTESIAN_POINT('',(1.00923014741,0.));
#12604 = VECTOR('',#12605,1.);
#12605 = DIRECTION('',(0.,-1.));
#12606 = ( GEOMETRIC_REPRESENTATION_CONTEXT(2) 
PARAMETRIC_REPRESENTATION_CONTEXT() REPRESENTATION_CONTEXT('2D SPACE',''
  ) );
#12607 = PCURVE('',#12380,#12608);
#12608 = DEFINITIONAL_REPRESENTATION('',(#12609),#12613);
#12609 = LINE('',#12610,#12611);
#12610 = CARTESIAN_POINT('',(-0.,0.));
#12611 = VECTOR('',#12612,1.);
#12612 = DIRECTION('',(-0.,1.));
#12613 = ( GEOMETRIC_REPRESENTATION_CONTEXT(2) 
PARAMETRIC_REPRESENTATION_CONTEXT() REPRESENTATION_CONTEXT('2D SPACE',''
  ) );
#12614 = ORIENTED_EDGE('',*,*,#12329,.T.);
#12615 = ORIENTED_EDGE('',*,*,#12616,.F.);
#12616 = EDGE_CURVE('',#12567,#12332,#12617,.T.);
#12617 = SURFACE_CURVE('',#12618,(#12622,#12629),.PCURVE_S1.);
#12618 = LINE('',#12619,#12620);
#12619 = CARTESIAN_POINT('',(25.85753985259,-4.645,0.));
#12620 = VECTOR('',#12621,1.);
#12621 = DIRECTION('',(0.,0.,1.));
#12622 = PCURVE('',#12347,#12623);
#12623 = DEFINITIONAL_REPRESENTATION('',(#12624),#12628);
#12624 = LINE('',#12625,#12626);
#12625 = CARTESIAN_POINT('',(52.72430985259,0.));
#12626 = VECTOR('',#12627,1.);
#12627 = DIRECTION('',(0.,-1.));
#12628 = ( GEOMETRIC_REPRESENTATION_CONTEXT(2) 
PARAMETRIC_REPRESENTATION_CONTEXT() REPRESENTATION_CONTEXT('2D SPACE',''
  ) );
#12629 = PCURVE('',#12549,#12630);
#12630 = DEFINITIONAL_REPRESENTATION('',(#12631),#12635);
#12631 = LINE('',#12632,#12633);
#12632 = CARTESIAN_POINT('',(0.,0.));
#12633 = VECTOR('',#12634,1.);
#12634 = DIRECTION('',(0.,1.));
#12635 = ( GEOMETRIC_REPRESENTATION_CONTEXT(2) 
PARAMETRIC_REPRESENTATION_CONTEXT() REPRESENTATION_CONTEXT('2D SPACE',''
  ) );
#12636 = ADVANCED_FACE('',(#12637),#12549,.T.);
#12637 = FACE_BOUND('',#12638,.T.);
#12638 = EDGE_LOOP('',(#12639,#12663,#12684,#12685));
#12639 = ORIENTED_EDGE('',*,*,#12640,.T.);
#12640 = EDGE_CURVE('',#12567,#12641,#12643,.T.);
#12641 = VERTEX_POINT('',#12642);
#12642 = CARTESIAN_POINT('',(27.039776600228,-3.650709194089,0.));
#12643 = SURFACE_CURVE('',#12644,(#12649,#12656),.PCURVE_S1.);
#12644 = CIRCLE('',#12645,1.2);
#12645 = AXIS2_PLACEMENT_3D('',#12646,#12647,#12648);
#12646 = CARTESIAN_POINT('',(25.85753985259,-3.445,0.));
#12647 = DIRECTION('',(0.,0.,1.));
#12648 = DIRECTION('',(0.,-1.,0.));
#12649 = PCURVE('',#12549,#12650);
#12650 = DEFINITIONAL_REPRESENTATION('',(#12651),#12655);
#12651 = LINE('',#12652,#12653);
#12652 = CARTESIAN_POINT('',(0.,0.));
#12653 = VECTOR('',#12654,1.);
#12654 = DIRECTION('',(1.,0.));
#12655 = ( GEOMETRIC_REPRESENTATION_CONTEXT(2) 
PARAMETRIC_REPRESENTATION_CONTEXT() REPRESENTATION_CONTEXT('2D SPACE',''
  ) );
#12656 = PCURVE('',#12582,#12657);
#12657 = DEFINITIONAL_REPRESENTATION('',(#12658),#12662);
#12658 = CIRCLE('',#12659,1.2);
#12659 = AXIS2_PLACEMENT_2D('',#12660,#12661);
#12660 = CARTESIAN_POINT('',(25.85753985259,-3.56090776456));
#12661 = DIRECTION('',(0.,-1.));
#12662 = ( GEOMETRIC_REPRESENTATION_CONTEXT(2) 
PARAMETRIC_REPRESENTATION_CONTEXT() REPRESENTATION_CONTEXT('2D SPACE',''
  ) );
#12663 = ORIENTED_EDGE('',*,*,#12664,.T.);
#12664 = EDGE_CURVE('',#12641,#12507,#12665,.T.);
#12665 = SURFACE_CURVE('',#12666,(#12670,#12677),.PCURVE_S1.);
#12666 = LINE('',#12667,#12668);
#12667 = CARTESIAN_POINT('',(27.039776600228,-3.650709194089,0.));
#12668 = VECTOR('',#12669,1.);
#12669 = DIRECTION('',(0.,0.,1.));
#12670 = PCURVE('',#12549,#12671);
#12671 = DEFINITIONAL_REPRESENTATION('',(#12672),#12676);
#12672 = LINE('',#12673,#12674);
#12673 = CARTESIAN_POINT('',(1.398521109841,0.));
#12674 = VECTOR('',#12675,1.);
#12675 = DIRECTION('',(0.,1.));
#12676 = ( GEOMETRIC_REPRESENTATION_CONTEXT(2) 
PARAMETRIC_REPRESENTATION_CONTEXT() REPRESENTATION_CONTEXT('2D SPACE',''
  ) );
#12677 = PCURVE('',#12522,#12678);
#12678 = DEFINITIONAL_REPRESENTATION('',(#12679),#12683);
#12679 = LINE('',#12680,#12681);
#12680 = CARTESIAN_POINT('',(1.00923014741,0.));
#12681 = VECTOR('',#12682,1.);
#12682 = DIRECTION('',(0.,-1.));
#12683 = ( GEOMETRIC_REPRESENTATION_CONTEXT(2) 
PARAMETRIC_REPRESENTATION_CONTEXT() REPRESENTATION_CONTEXT('2D SPACE',''
  ) );
#12684 = ORIENTED_EDGE('',*,*,#12534,.F.);
#12685 = ORIENTED_EDGE('',*,*,#12616,.F.);
#12686 = ADVANCED_FACE('',(#12687),#12522,.F.);
#12687 = FACE_BOUND('',#12688,.F.);
#12688 = EDGE_LOOP('',(#12689,#12712,#12713,#12714));
#12689 = ORIENTED_EDGE('',*,*,#12690,.F.);
#12690 = EDGE_CURVE('',#12641,#12691,#12693,.T.);
#12691 = VERTEX_POINT('',#12692);
#12692 = CARTESIAN_POINT('',(28.238636600228,3.239290805911,0.));
#12693 = SURFACE_CURVE('',#12694,(#12698,#12705),.PCURVE_S1.);
#12694 = LINE('',#12695,#12696);
#12695 = CARTESIAN_POINT('',(26.86677,-4.645,0.));
#12696 = VECTOR('',#12697,1.);
#12697 = DIRECTION('',(0.171424328408,0.985197289699,0.));
#12698 = PCURVE('',#12522,#12699);
#12699 = DEFINITIONAL_REPRESENTATION('',(#12700),#12704);
#12700 = LINE('',#12701,#12702);
#12701 = CARTESIAN_POINT('',(0.,0.));
#12702 = VECTOR('',#12703,1.);
#12703 = DIRECTION('',(1.,0.));
#12704 = ( GEOMETRIC_REPRESENTATION_CONTEXT(2) 
PARAMETRIC_REPRESENTATION_CONTEXT() REPRESENTATION_CONTEXT('2D SPACE',''
  ) );
#12705 = PCURVE('',#12582,#12706);
#12706 = DEFINITIONAL_REPRESENTATION('',(#12707),#12711);
#12707 = LINE('',#12708,#12709);
#12708 = CARTESIAN_POINT('',(26.86677,-4.76090776456));
#12709 = VECTOR('',#12710,1.);
#12710 = DIRECTION('',(0.171424328408,0.985197289699));
#12711 = ( GEOMETRIC_REPRESENTATION_CONTEXT(2) 
PARAMETRIC_REPRESENTATION_CONTEXT() REPRESENTATION_CONTEXT('2D SPACE',''
  ) );
#12712 = ORIENTED_EDGE('',*,*,#12664,.T.);
#12713 = ORIENTED_EDGE('',*,*,#12506,.T.);
#12714 = ORIENTED_EDGE('',*,*,#12715,.F.);
#12715 = EDGE_CURVE('',#12691,#12478,#12716,.T.);
#12716 = SURFACE_CURVE('',#12717,(#12721,#12728),.PCURVE_S1.);
#12717 = LINE('',#12718,#12719);
#12718 = CARTESIAN_POINT('',(28.238636600228,3.239290805911,0.));
#12719 = VECTOR('',#12720,1.);
#12720 = DIRECTION('',(0.,0.,1.));
#12721 = PCURVE('',#12522,#12722);
#12722 = DEFINITIONAL_REPRESENTATION('',(#12723),#12727);
#12723 = LINE('',#12724,#12725);
#12724 = CARTESIAN_POINT('',(8.00275324379,0.));
#12725 = VECTOR('',#12726,1.);
#12726 = DIRECTION('',(0.,-1.));
#12727 = ( GEOMETRIC_REPRESENTATION_CONTEXT(2) 
PARAMETRIC_REPRESENTATION_CONTEXT() REPRESENTATION_CONTEXT('2D SPACE',''
  ) );
#12728 = PCURVE('',#12494,#12729);
#12729 = DEFINITIONAL_REPRESENTATION('',(#12730),#12734);
#12730 = LINE('',#12731,#12732);
#12731 = CARTESIAN_POINT('',(0.,0.));
#12732 = VECTOR('',#12733,1.);
#12733 = DIRECTION('',(0.,1.));
#12734 = ( GEOMETRIC_REPRESENTATION_CONTEXT(2) 
PARAMETRIC_REPRESENTATION_CONTEXT() REPRESENTATION_CONTEXT('2D SPACE',''
  ) );
#12735 = ADVANCED_FACE('',(#12736),#12494,.T.);
#12736 = FACE_BOUND('',#12737,.T.);
#12737 = EDGE_LOOP('',(#12738,#12762,#12783,#12784));
#12738 = ORIENTED_EDGE('',*,*,#12739,.T.);
#12739 = EDGE_CURVE('',#12691,#12740,#12742,.T.);
#12740 = VERTEX_POINT('',#12741);
#12741 = CARTESIAN_POINT('',(27.05639985259,4.645,0.));
#12742 = SURFACE_CURVE('',#12743,(#12748,#12755),.PCURVE_S1.);
#12743 = CIRCLE('',#12744,1.2);
#12744 = AXIS2_PLACEMENT_3D('',#12745,#12746,#12747);
#12745 = CARTESIAN_POINT('',(27.05639985259,3.445,0.));
#12746 = DIRECTION('',(0.,0.,1.));
#12747 = DIRECTION('',(0.,-1.,0.));
#12748 = PCURVE('',#12494,#12749);
#12749 = DEFINITIONAL_REPRESENTATION('',(#12750),#12754);
#12750 = LINE('',#12751,#12752);
#12751 = CARTESIAN_POINT('',(-1.398521109841,0.));
#12752 = VECTOR('',#12753,1.);
#12753 = DIRECTION('',(1.,0.));
#12754 = ( GEOMETRIC_REPRESENTATION_CONTEXT(2) 
PARAMETRIC_REPRESENTATION_CONTEXT() REPRESENTATION_CONTEXT('2D SPACE',''
  ) );
#12755 = PCURVE('',#12582,#12756);
#12756 = DEFINITIONAL_REPRESENTATION('',(#12757),#12761);
#12757 = CIRCLE('',#12758,1.2);
#12758 = AXIS2_PLACEMENT_2D('',#12759,#12760);
#12759 = CARTESIAN_POINT('',(27.05639985259,3.32909223544));
#12760 = DIRECTION('',(0.,-1.));
#12761 = ( GEOMETRIC_REPRESENTATION_CONTEXT(2) 
PARAMETRIC_REPRESENTATION_CONTEXT() REPRESENTATION_CONTEXT('2D SPACE',''
  ) );
#12762 = ORIENTED_EDGE('',*,*,#12763,.T.);
#12763 = EDGE_CURVE('',#12740,#12450,#12764,.T.);
#12764 = SURFACE_CURVE('',#12765,(#12769,#12776),.PCURVE_S1.);
#12765 = LINE('',#12766,#12767);
#12766 = CARTESIAN_POINT('',(27.05639985259,4.645,0.));
#12767 = VECTOR('',#12768,1.);
#12768 = DIRECTION('',(0.,0.,1.));
#12769 = PCURVE('',#12494,#12770);
#12770 = DEFINITIONAL_REPRESENTATION('',(#12771),#12775);
#12771 = LINE('',#12772,#12773);
#12772 = CARTESIAN_POINT('',(1.743071543748,0.));
#12773 = VECTOR('',#12774,1.);
#12774 = DIRECTION('',(0.,1.));
#12775 = ( GEOMETRIC_REPRESENTATION_CONTEXT(2) 
PARAMETRIC_REPRESENTATION_CONTEXT() REPRESENTATION_CONTEXT('2D SPACE',''
  ) );
#12776 = PCURVE('',#12465,#12777);
#12777 = DEFINITIONAL_REPRESENTATION('',(#12778),#12782);
#12778 = LINE('',#12779,#12780);
#12779 = CARTESIAN_POINT('',(1.42683014741,0.));
#12780 = VECTOR('',#12781,1.);
#12781 = DIRECTION('',(0.,-1.));
#12782 = ( GEOMETRIC_REPRESENTATION_CONTEXT(2) 
PARAMETRIC_REPRESENTATION_CONTEXT() REPRESENTATION_CONTEXT('2D SPACE',''
  ) );
#12783 = ORIENTED_EDGE('',*,*,#12477,.F.);
#12784 = ORIENTED_EDGE('',*,*,#12715,.F.);
#12785 = ADVANCED_FACE('',(#12786),#12465,.F.);
#12786 = FACE_BOUND('',#12787,.F.);
#12787 = EDGE_LOOP('',(#12788,#12811,#12812,#12813));
#12788 = ORIENTED_EDGE('',*,*,#12789,.F.);
#12789 = EDGE_CURVE('',#12740,#12790,#12792,.T.);
#12790 = VERTEX_POINT('',#12791);
#12791 = CARTESIAN_POINT('',(-27.05639985259,4.645,0.));
#12792 = SURFACE_CURVE('',#12793,(#12797,#12804),.PCURVE_S1.);
#12793 = LINE('',#12794,#12795);
#12794 = CARTESIAN_POINT('',(28.48323,4.645,0.));
#12795 = VECTOR('',#12796,1.);
#12796 = DIRECTION('',(-1.,0.,0.));
#12797 = PCURVE('',#12465,#12798);
#12798 = DEFINITIONAL_REPRESENTATION('',(#12799),#12803);
#12799 = LINE('',#12800,#12801);
#12800 = CARTESIAN_POINT('',(0.,-0.));
#12801 = VECTOR('',#12802,1.);
#12802 = DIRECTION('',(1.,0.));
#12803 = ( GEOMETRIC_REPRESENTATION_CONTEXT(2) 
PARAMETRIC_REPRESENTATION_CONTEXT() REPRESENTATION_CONTEXT('2D SPACE',''
  ) );
#12804 = PCURVE('',#12582,#12805);
#12805 = DEFINITIONAL_REPRESENTATION('',(#12806),#12810);
#12806 = LINE('',#12807,#12808);
#12807 = CARTESIAN_POINT('',(28.48323,4.52909223544));
#12808 = VECTOR('',#12809,1.);
#12809 = DIRECTION('',(-1.,0.));
#12810 = ( GEOMETRIC_REPRESENTATION_CONTEXT(2) 
PARAMETRIC_REPRESENTATION_CONTEXT() REPRESENTATION_CONTEXT('2D SPACE',''
  ) );
#12811 = ORIENTED_EDGE('',*,*,#12763,.T.);
#12812 = ORIENTED_EDGE('',*,*,#12449,.T.);
#12813 = ORIENTED_EDGE('',*,*,#12814,.F.);
#12814 = EDGE_CURVE('',#12790,#12421,#12815,.T.);
#12815 = SURFACE_CURVE('',#12816,(#12820,#12827),.PCURVE_S1.);
#12816 = LINE('',#12817,#12818);
#12817 = CARTESIAN_POINT('',(-27.05639985259,4.645,0.));
#12818 = VECTOR('',#12819,1.);
#12819 = DIRECTION('',(0.,0.,1.));
#12820 = PCURVE('',#12465,#12821);
#12821 = DEFINITIONAL_REPRESENTATION('',(#12822),#12826);
#12822 = LINE('',#12823,#12824);
#12823 = CARTESIAN_POINT('',(55.53962985259,0.));
#12824 = VECTOR('',#12825,1.);
#12825 = DIRECTION('',(0.,-1.));
#12826 = ( GEOMETRIC_REPRESENTATION_CONTEXT(2) 
PARAMETRIC_REPRESENTATION_CONTEXT() REPRESENTATION_CONTEXT('2D SPACE',''
  ) );
#12827 = PCURVE('',#12437,#12828);
#12828 = DEFINITIONAL_REPRESENTATION('',(#12829),#12833);
#12829 = LINE('',#12830,#12831);
#12830 = CARTESIAN_POINT('',(0.,0.));
#12831 = VECTOR('',#12832,1.);
#12832 = DIRECTION('',(0.,1.));
#12833 = ( GEOMETRIC_REPRESENTATION_CONTEXT(2) 
PARAMETRIC_REPRESENTATION_CONTEXT() REPRESENTATION_CONTEXT('2D SPACE',''
  ) );
#12834 = ADVANCED_FACE('',(#12835),#12437,.T.);
#12835 = FACE_BOUND('',#12836,.T.);
#12836 = EDGE_LOOP('',(#12837,#12861,#12882,#12883));
#12837 = ORIENTED_EDGE('',*,*,#12838,.T.);
#12838 = EDGE_CURVE('',#12790,#12839,#12841,.T.);
#12839 = VERTEX_POINT('',#12840);
#12840 = CARTESIAN_POINT('',(-28.23863660022,3.239290805911,0.));
#12841 = SURFACE_CURVE('',#12842,(#12847,#12854),.PCURVE_S1.);
#12842 = CIRCLE('',#12843,1.2);
#12843 = AXIS2_PLACEMENT_3D('',#12844,#12845,#12846);
#12844 = CARTESIAN_POINT('',(-27.05639985259,3.445,0.));
#12845 = DIRECTION('',(0.,0.,1.));
#12846 = DIRECTION('',(0.,-1.,0.));
#12847 = PCURVE('',#12437,#12848);
#12848 = DEFINITIONAL_REPRESENTATION('',(#12849),#12853);
#12849 = LINE('',#12850,#12851);
#12850 = CARTESIAN_POINT('',(-3.14159265359,0.));
#12851 = VECTOR('',#12852,1.);
#12852 = DIRECTION('',(1.,0.));
#12853 = ( GEOMETRIC_REPRESENTATION_CONTEXT(2) 
PARAMETRIC_REPRESENTATION_CONTEXT() REPRESENTATION_CONTEXT('2D SPACE',''
  ) );
#12854 = PCURVE('',#12582,#12855);
#12855 = DEFINITIONAL_REPRESENTATION('',(#12856),#12860);
#12856 = CIRCLE('',#12857,1.2);
#12857 = AXIS2_PLACEMENT_2D('',#12858,#12859);
#12858 = CARTESIAN_POINT('',(-27.05639985259,3.32909223544));
#12859 = DIRECTION('',(0.,-1.));
#12860 = ( GEOMETRIC_REPRESENTATION_CONTEXT(2) 
PARAMETRIC_REPRESENTATION_CONTEXT() REPRESENTATION_CONTEXT('2D SPACE',''
  ) );
#12861 = ORIENTED_EDGE('',*,*,#12862,.T.);
#12862 = EDGE_CURVE('',#12839,#12393,#12863,.T.);
#12863 = SURFACE_CURVE('',#12864,(#12868,#12875),.PCURVE_S1.);
#12864 = LINE('',#12865,#12866);
#12865 = CARTESIAN_POINT('',(-28.23863660022,3.239290805911,0.));
#12866 = VECTOR('',#12867,1.);
#12867 = DIRECTION('',(0.,0.,1.));
#12868 = PCURVE('',#12437,#12869);
#12869 = DEFINITIONAL_REPRESENTATION('',(#12870),#12874);
#12870 = LINE('',#12871,#12872);
#12871 = CARTESIAN_POINT('',(1.743071543748,0.));
#12872 = VECTOR('',#12873,1.);
#12873 = DIRECTION('',(0.,1.));
#12874 = ( GEOMETRIC_REPRESENTATION_CONTEXT(2) 
PARAMETRIC_REPRESENTATION_CONTEXT() REPRESENTATION_CONTEXT('2D SPACE',''
  ) );
#12875 = PCURVE('',#12408,#12876);
#12876 = DEFINITIONAL_REPRESENTATION('',(#12877),#12881);
#12877 = LINE('',#12878,#12879);
#12878 = CARTESIAN_POINT('',(1.42683014741,0.));
#12879 = VECTOR('',#12880,1.);
#12880 = DIRECTION('',(0.,-1.));
#12881 = ( GEOMETRIC_REPRESENTATION_CONTEXT(2) 
PARAMETRIC_REPRESENTATION_CONTEXT() REPRESENTATION_CONTEXT('2D SPACE',''
  ) );
#12882 = ORIENTED_EDGE('',*,*,#12420,.F.);
#12883 = ORIENTED_EDGE('',*,*,#12814,.F.);
#12884 = ADVANCED_FACE('',(#12885),#12408,.F.);
#12885 = FACE_BOUND('',#12886,.F.);
#12886 = EDGE_LOOP('',(#12887,#12910,#12911,#12912));
#12887 = ORIENTED_EDGE('',*,*,#12888,.F.);
#12888 = EDGE_CURVE('',#12839,#12889,#12891,.T.);
#12889 = VERTEX_POINT('',#12890);
#12890 = CARTESIAN_POINT('',(-27.03977660022,-3.650709194089,0.));
#12891 = SURFACE_CURVE('',#12892,(#12896,#12903),.PCURVE_S1.);
#12892 = LINE('',#12893,#12894);
#12893 = CARTESIAN_POINT('',(-28.48323,4.645,0.));
#12894 = VECTOR('',#12895,1.);
#12895 = DIRECTION('',(0.171424328408,-0.985197289699,0.));
#12896 = PCURVE('',#12408,#12897);
#12897 = DEFINITIONAL_REPRESENTATION('',(#12898),#12902);
#12898 = LINE('',#12899,#12900);
#12899 = CARTESIAN_POINT('',(0.,0.));
#12900 = VECTOR('',#12901,1.);
#12901 = DIRECTION('',(1.,0.));
#12902 = ( GEOMETRIC_REPRESENTATION_CONTEXT(2) 
PARAMETRIC_REPRESENTATION_CONTEXT() REPRESENTATION_CONTEXT('2D SPACE',''
  ) );
#12903 = PCURVE('',#12582,#12904);
#12904 = DEFINITIONAL_REPRESENTATION('',(#12905),#12909);
#12905 = LINE('',#12906,#12907);
#12906 = CARTESIAN_POINT('',(-28.48323,4.52909223544));
#12907 = VECTOR('',#12908,1.);
#12908 = DIRECTION('',(0.171424328408,-0.985197289699));
#12909 = ( GEOMETRIC_REPRESENTATION_CONTEXT(2) 
PARAMETRIC_REPRESENTATION_CONTEXT() REPRESENTATION_CONTEXT('2D SPACE',''
  ) );
#12910 = ORIENTED_EDGE('',*,*,#12862,.T.);
#12911 = ORIENTED_EDGE('',*,*,#12392,.T.);
#12912 = ORIENTED_EDGE('',*,*,#12913,.F.);
#12913 = EDGE_CURVE('',#12889,#12360,#12914,.T.);
#12914 = SURFACE_CURVE('',#12915,(#12919,#12926),.PCURVE_S1.);
#12915 = LINE('',#12916,#12917);
#12916 = CARTESIAN_POINT('',(-27.03977660022,-3.650709194089,0.));
#12917 = VECTOR('',#12918,1.);
#12918 = DIRECTION('',(0.,0.,1.));
#12919 = PCURVE('',#12408,#12920);
#12920 = DEFINITIONAL_REPRESENTATION('',(#12921),#12925);
#12921 = LINE('',#12922,#12923);
#12922 = CARTESIAN_POINT('',(8.42035324379,0.));
#12923 = VECTOR('',#12924,1.);
#12924 = DIRECTION('',(0.,-1.));
#12925 = ( GEOMETRIC_REPRESENTATION_CONTEXT(2) 
PARAMETRIC_REPRESENTATION_CONTEXT() REPRESENTATION_CONTEXT('2D SPACE',''
  ) );
#12926 = PCURVE('',#12380,#12927);
#12927 = DEFINITIONAL_REPRESENTATION('',(#12928),#12932);
#12928 = LINE('',#12929,#12930);
#12929 = CARTESIAN_POINT('',(-1.398521109841,0.));
#12930 = VECTOR('',#12931,1.);
#12931 = DIRECTION('',(-0.,1.));
#12932 = ( GEOMETRIC_REPRESENTATION_CONTEXT(2) 
PARAMETRIC_REPRESENTATION_CONTEXT() REPRESENTATION_CONTEXT('2D SPACE',''
  ) );
#12933 = ADVANCED_FACE('',(#12934),#12380,.T.);
#12934 = FACE_BOUND('',#12935,.F.);
#12935 = EDGE_LOOP('',(#12936,#12962,#12963,#12964));
#12936 = ORIENTED_EDGE('',*,*,#12937,.T.);
#12937 = EDGE_CURVE('',#12565,#12889,#12938,.T.);
#12938 = SURFACE_CURVE('',#12939,(#12944,#12951),.PCURVE_S1.);
#12939 = CIRCLE('',#12940,1.2);
#12940 = AXIS2_PLACEMENT_3D('',#12941,#12942,#12943);
#12941 = CARTESIAN_POINT('',(-25.85753985259,-3.445,0.));
#12942 = DIRECTION('',(-0.,-0.,-1.));
#12943 = DIRECTION('',(0.,-1.,0.));
#12944 = PCURVE('',#12380,#12945);
#12945 = DEFINITIONAL_REPRESENTATION('',(#12946),#12950);
#12946 = LINE('',#12947,#12948);
#12947 = CARTESIAN_POINT('',(-0.,0.));
#12948 = VECTOR('',#12949,1.);
#12949 = DIRECTION('',(-1.,0.));
#12950 = ( GEOMETRIC_REPRESENTATION_CONTEXT(2) 
PARAMETRIC_REPRESENTATION_CONTEXT() REPRESENTATION_CONTEXT('2D SPACE',''
  ) );
#12951 = PCURVE('',#12582,#12952);
#12952 = DEFINITIONAL_REPRESENTATION('',(#12953),#12961);
#12953 = ( BOUNDED_CURVE() B_SPLINE_CURVE(2,(#12954,#12955,#12956,#12957
    ,#12958,#12959,#12960),.UNSPECIFIED.,.T.,.F.) 
B_SPLINE_CURVE_WITH_KNOTS((1,2,2,2,2,1),(-2.094395102393,0.,
    2.094395102393,4.188790204786,6.28318530718,8.377580409573),
.UNSPECIFIED.) CURVE() GEOMETRIC_REPRESENTATION_ITEM() 
RATIONAL_B_SPLINE_CURVE((1.,0.5,1.,0.5,1.,0.5,1.)) REPRESENTATION_ITEM(
  '') );
#12954 = CARTESIAN_POINT('',(-25.85753985259,-4.76090776456));
#12955 = CARTESIAN_POINT('',(-27.93600082167,-4.76090776456));
#12956 = CARTESIAN_POINT('',(-26.89677033713,-2.96090776456));
#12957 = CARTESIAN_POINT('',(-25.85753985259,-1.16090776456));
#12958 = CARTESIAN_POINT('',(-24.81830936804,-2.96090776456));
#12959 = CARTESIAN_POINT('',(-23.7790788835,-4.76090776456));
#12960 = CARTESIAN_POINT('',(-25.85753985259,-4.76090776456));
#12961 = ( GEOMETRIC_REPRESENTATION_CONTEXT(2) 
PARAMETRIC_REPRESENTATION_CONTEXT() REPRESENTATION_CONTEXT('2D SPACE',''
  ) );
#12962 = ORIENTED_EDGE('',*,*,#12913,.T.);
#12963 = ORIENTED_EDGE('',*,*,#12359,.F.);
#12964 = ORIENTED_EDGE('',*,*,#12594,.F.);
#12965 = ADVANCED_FACE('',(#12966,#12976),#12582,.F.);
#12966 = FACE_BOUND('',#12967,.F.);
#12967 = EDGE_LOOP('',(#12968,#12969,#12970,#12971,#12972,#12973,#12974,
    #12975));
#12968 = ORIENTED_EDGE('',*,*,#12564,.T.);
#12969 = ORIENTED_EDGE('',*,*,#12640,.T.);
#12970 = ORIENTED_EDGE('',*,*,#12690,.T.);
#12971 = ORIENTED_EDGE('',*,*,#12739,.T.);
#12972 = ORIENTED_EDGE('',*,*,#12789,.T.);
#12973 = ORIENTED_EDGE('',*,*,#12838,.T.);
#12974 = ORIENTED_EDGE('',*,*,#12888,.T.);
#12975 = ORIENTED_EDGE('',*,*,#12937,.F.);
#12976 = FACE_BOUND('',#12977,.F.);
#12977 = EDGE_LOOP('',(#12978,#13009,#13035,#13064,#13090,#13119,#13145,
    #13174));
#12978 = ORIENTED_EDGE('',*,*,#12979,.F.);
#12979 = EDGE_CURVE('',#12980,#12982,#12984,.T.);
#12980 = VERTEX_POINT('',#12981);
#12981 = CARTESIAN_POINT('',(25.665107389442,-4.155,0.));
#12982 = VERTEX_POINT('',#12983);
#12983 = CARTESIAN_POINT('',(26.551784950171,-3.409281895567,0.));
#12984 = SURFACE_CURVE('',#12985,(#12990,#12997),.PCURVE_S1.);
#12985 = CIRCLE('',#12986,0.9);
#12986 = AXIS2_PLACEMENT_3D('',#12987,#12988,#12989);
#12987 = CARTESIAN_POINT('',(25.665107389442,-3.255,0.));
#12988 = DIRECTION('',(0.,0.,1.));
#12989 = DIRECTION('',(0.,-1.,0.));
#12990 = PCURVE('',#12582,#12991);
#12991 = DEFINITIONAL_REPRESENTATION('',(#12992),#12996);
#12992 = CIRCLE('',#12993,0.9);
#12993 = AXIS2_PLACEMENT_2D('',#12994,#12995);
#12994 = CARTESIAN_POINT('',(25.665107389442,-3.37090776456));
#12995 = DIRECTION('',(0.,-1.));
#12996 = ( GEOMETRIC_REPRESENTATION_CONTEXT(2) 
PARAMETRIC_REPRESENTATION_CONTEXT() REPRESENTATION_CONTEXT('2D SPACE',''
  ) );
#12997 = PCURVE('',#12998,#13003);
#12998 = CYLINDRICAL_SURFACE('',#12999,0.9);
#12999 = AXIS2_PLACEMENT_3D('',#13000,#13001,#13002);
#13000 = CARTESIAN_POINT('',(25.665107389442,-3.255,-0.2));
#13001 = DIRECTION('',(0.,0.,1.));
#13002 = DIRECTION('',(0.,-1.,0.));
#13003 = DEFINITIONAL_REPRESENTATION('',(#13004),#13008);
#13004 = LINE('',#13005,#13006);
#13005 = CARTESIAN_POINT('',(0.,0.2));
#13006 = VECTOR('',#13007,1.);
#13007 = DIRECTION('',(1.,0.));
#13008 = ( GEOMETRIC_REPRESENTATION_CONTEXT(2) 
PARAMETRIC_REPRESENTATION_CONTEXT() REPRESENTATION_CONTEXT('2D SPACE',''
  ) );
#13009 = ORIENTED_EDGE('',*,*,#13010,.T.);
#13010 = EDGE_CURVE('',#12980,#13011,#13013,.T.);
#13011 = VERTEX_POINT('',#13012);
#13012 = CARTESIAN_POINT('',(-25.66510738944,-4.155,0.));
#13013 = SURFACE_CURVE('',#13014,(#13018,#13024),.PCURVE_S1.);
#13014 = LINE('',#13015,#13016);
#13015 = CARTESIAN_POINT('',(-13.211015,-4.155,0.));
#13016 = VECTOR('',#13017,1.);
#13017 = DIRECTION('',(-1.,0.,0.));
#13018 = PCURVE('',#12582,#13019);
#13019 = DEFINITIONAL_REPRESENTATION('',(#13020),#13023);
#13020 = B_SPLINE_CURVE_WITH_KNOTS('',1,(#13021,#13022),.UNSPECIFIED.,
  .F.,.F.,(2,2),(-38.87612238944,12.454092389442),
  .PIECEWISE_BEZIER_KNOTS.);
#13021 = CARTESIAN_POINT('',(25.665107389442,-4.27090776456));
#13022 = CARTESIAN_POINT('',(-25.66510738944,-4.27090776456));
#13023 = ( GEOMETRIC_REPRESENTATION_CONTEXT(2) 
PARAMETRIC_REPRESENTATION_CONTEXT() REPRESENTATION_CONTEXT('2D SPACE',''
  ) );
#13024 = PCURVE('',#13025,#13030);
#13025 = PLANE('',#13026);
#13026 = AXIS2_PLACEMENT_3D('',#13027,#13028,#13029);
#13027 = CARTESIAN_POINT('',(-26.42203,-4.155,-0.2));
#13028 = DIRECTION('',(0.,1.,0.));
#13029 = DIRECTION('',(1.,0.,0.));
#13030 = DEFINITIONAL_REPRESENTATION('',(#13031),#13034);
#13031 = B_SPLINE_CURVE_WITH_KNOTS('',1,(#13032,#13033),.UNSPECIFIED.,
  .F.,.F.,(2,2),(-38.87612238944,12.454092389442),
  .PIECEWISE_BEZIER_KNOTS.);
#13032 = CARTESIAN_POINT('',(52.087137389442,-0.2));
#13033 = CARTESIAN_POINT('',(0.756922610558,-0.2));
#13034 = ( GEOMETRIC_REPRESENTATION_CONTEXT(2) 
PARAMETRIC_REPRESENTATION_CONTEXT() REPRESENTATION_CONTEXT('2D SPACE',''
  ) );
#13035 = ORIENTED_EDGE('',*,*,#13036,.F.);
#13036 = EDGE_CURVE('',#13037,#13011,#13039,.T.);
#13037 = VERTEX_POINT('',#13038);
#13038 = CARTESIAN_POINT('',(-26.55178495017,-3.409281895567,0.));
#13039 = SURFACE_CURVE('',#13040,(#13045,#13052),.PCURVE_S1.);
#13040 = CIRCLE('',#13041,0.9);
#13041 = AXIS2_PLACEMENT_3D('',#13042,#13043,#13044);
#13042 = CARTESIAN_POINT('',(-25.66510738944,-3.255,0.));
#13043 = DIRECTION('',(0.,0.,1.));
#13044 = DIRECTION('',(0.,-1.,0.));
#13045 = PCURVE('',#12582,#13046);
#13046 = DEFINITIONAL_REPRESENTATION('',(#13047),#13051);
#13047 = CIRCLE('',#13048,0.9);
#13048 = AXIS2_PLACEMENT_2D('',#13049,#13050);
#13049 = CARTESIAN_POINT('',(-25.66510738944,-3.37090776456));
#13050 = DIRECTION('',(0.,-1.));
#13051 = ( GEOMETRIC_REPRESENTATION_CONTEXT(2) 
PARAMETRIC_REPRESENTATION_CONTEXT() REPRESENTATION_CONTEXT('2D SPACE',''
  ) );
#13052 = PCURVE('',#13053,#13058);
#13053 = CYLINDRICAL_SURFACE('',#13054,0.9);
#13054 = AXIS2_PLACEMENT_3D('',#13055,#13056,#13057);
#13055 = CARTESIAN_POINT('',(-25.66510738944,-3.255,-0.2));
#13056 = DIRECTION('',(0.,0.,1.));
#13057 = DIRECTION('',(0.,-1.,0.));
#13058 = DEFINITIONAL_REPRESENTATION('',(#13059),#13063);
#13059 = LINE('',#13060,#13061);
#13060 = CARTESIAN_POINT('',(-6.28318530718,0.2));
#13061 = VECTOR('',#13062,1.);
#13062 = DIRECTION('',(1.,-0.));
#13063 = ( GEOMETRIC_REPRESENTATION_CONTEXT(2) 
PARAMETRIC_REPRESENTATION_CONTEXT() REPRESENTATION_CONTEXT('2D SPACE',''
  ) );
#13064 = ORIENTED_EDGE('',*,*,#13065,.T.);
#13065 = EDGE_CURVE('',#13037,#13066,#13068,.T.);
#13066 = VERTEX_POINT('',#13067);
#13067 = CARTESIAN_POINT('',(-27.68452495017,3.100718104433,0.));
#13068 = SURFACE_CURVE('',#13069,(#13073,#13079),.PCURVE_S1.);
#13069 = LINE('',#13070,#13071);
#13070 = CARTESIAN_POINT('',(-27.11742708301,-0.158465040164,
    2.22044604925E-17));
#13071 = VECTOR('',#13072,1.);
#13072 = DIRECTION('',(-0.171424328408,0.985197289699,0.));
#13073 = PCURVE('',#12582,#13074);
#13074 = DEFINITIONAL_REPRESENTATION('',(#13075),#13078);
#13075 = B_SPLINE_CURVE_WITH_KNOTS('',1,(#13076,#13077),.UNSPECIFIED.,
  .F.,.F.,(2,2),(-3.299660777991,3.308152771709),
  .PIECEWISE_BEZIER_KNOTS.);
#13076 = CARTESIAN_POINT('',(-26.55178495017,-3.525189660127));
#13077 = CARTESIAN_POINT('',(-27.68452495017,2.984810339873));
#13078 = ( GEOMETRIC_REPRESENTATION_CONTEXT(2) 
PARAMETRIC_REPRESENTATION_CONTEXT() REPRESENTATION_CONTEXT('2D SPACE',''
  ) );
#13079 = PCURVE('',#13080,#13085);
#13080 = PLANE('',#13081);
#13081 = AXIS2_PLACEMENT_3D('',#13082,#13083,#13084);
#13082 = CARTESIAN_POINT('',(-27.86797,4.155,-0.2));
#13083 = DIRECTION('',(0.985197289699,0.171424328408,-0.));
#13084 = DIRECTION('',(0.171424328408,-0.985197289699,0.));
#13085 = DEFINITIONAL_REPRESENTATION('',(#13086),#13089);
#13086 = B_SPLINE_CURVE_WITH_KNOTS('',1,(#13087,#13088),.UNSPECIFIED.,
  .F.,.F.,(2,2),(-3.299660777991,3.308152771709),
  .PIECEWISE_BEZIER_KNOTS.);
#13087 = CARTESIAN_POINT('',(7.677936160258,-0.2));
#13088 = CARTESIAN_POINT('',(1.070122610558,-0.2));
#13089 = ( GEOMETRIC_REPRESENTATION_CONTEXT(2) 
PARAMETRIC_REPRESENTATION_CONTEXT() REPRESENTATION_CONTEXT('2D SPACE',''
  ) );
#13090 = ORIENTED_EDGE('',*,*,#13091,.F.);
#13091 = EDGE_CURVE('',#13092,#13066,#13094,.T.);
#13092 = VERTEX_POINT('',#13093);
#13093 = CARTESIAN_POINT('',(-26.79784738944,4.155,0.));
#13094 = SURFACE_CURVE('',#13095,(#13100,#13107),.PCURVE_S1.);
#13095 = CIRCLE('',#13096,0.9);
#13096 = AXIS2_PLACEMENT_3D('',#13097,#13098,#13099);
#13097 = CARTESIAN_POINT('',(-26.79784738944,3.255,0.));
#13098 = DIRECTION('',(0.,0.,1.));
#13099 = DIRECTION('',(-0.,1.,0.));
#13100 = PCURVE('',#12582,#13101);
#13101 = DEFINITIONAL_REPRESENTATION('',(#13102),#13106);
#13102 = CIRCLE('',#13103,0.9);
#13103 = AXIS2_PLACEMENT_2D('',#13104,#13105);
#13104 = CARTESIAN_POINT('',(-26.79784738944,3.13909223544));
#13105 = DIRECTION('',(0.,1.));
#13106 = ( GEOMETRIC_REPRESENTATION_CONTEXT(2) 
PARAMETRIC_REPRESENTATION_CONTEXT() REPRESENTATION_CONTEXT('2D SPACE',''
  ) );
#13107 = PCURVE('',#13108,#13113);
#13108 = CYLINDRICAL_SURFACE('',#13109,0.9);
#13109 = AXIS2_PLACEMENT_3D('',#13110,#13111,#13112);
#13110 = CARTESIAN_POINT('',(-26.79784738944,3.255,-0.2));
#13111 = DIRECTION('',(0.,0.,1.));
#13112 = DIRECTION('',(-0.,1.,0.));
#13113 = DEFINITIONAL_REPRESENTATION('',(#13114),#13118);
#13114 = LINE('',#13115,#13116);
#13115 = CARTESIAN_POINT('',(0.,0.2));
#13116 = VECTOR('',#13117,1.);
#13117 = DIRECTION('',(1.,0.));
#13118 = ( GEOMETRIC_REPRESENTATION_CONTEXT(2) 
PARAMETRIC_REPRESENTATION_CONTEXT() REPRESENTATION_CONTEXT('2D SPACE',''
  ) );
#13119 = ORIENTED_EDGE('',*,*,#13120,.T.);
#13120 = EDGE_CURVE('',#13092,#13121,#13123,.T.);
#13121 = VERTEX_POINT('',#13122);
#13122 = CARTESIAN_POINT('',(26.797847389442,4.155,0.));
#13123 = SURFACE_CURVE('',#13124,(#13128,#13134),.PCURVE_S1.);
#13124 = LINE('',#13125,#13126);
#13125 = CARTESIAN_POINT('',(13.933985,4.155,0.));
#13126 = VECTOR('',#13127,1.);
#13127 = DIRECTION('',(1.,0.,-0.));
#13128 = PCURVE('',#12582,#13129);
#13129 = DEFINITIONAL_REPRESENTATION('',(#13130),#13133);
#13130 = B_SPLINE_CURVE_WITH_KNOTS('',1,(#13131,#13132),.UNSPECIFIED.,
  .F.,.F.,(2,2),(-40.73183238944,12.863862389442),
  .PIECEWISE_BEZIER_KNOTS.);
#13131 = CARTESIAN_POINT('',(-26.79784738944,4.03909223544));
#13132 = CARTESIAN_POINT('',(26.797847389442,4.03909223544));
#13133 = ( GEOMETRIC_REPRESENTATION_CONTEXT(2) 
PARAMETRIC_REPRESENTATION_CONTEXT() REPRESENTATION_CONTEXT('2D SPACE',''
  ) );
#13134 = PCURVE('',#13135,#13140);
#13135 = PLANE('',#13136);
#13136 = AXIS2_PLACEMENT_3D('',#13137,#13138,#13139);
#13137 = CARTESIAN_POINT('',(27.86797,4.155,-0.2));
#13138 = DIRECTION('',(0.,-1.,0.));
#13139 = DIRECTION('',(-1.,0.,0.));
#13140 = DEFINITIONAL_REPRESENTATION('',(#13141),#13144);
#13141 = B_SPLINE_CURVE_WITH_KNOTS('',1,(#13142,#13143),.UNSPECIFIED.,
  .F.,.F.,(2,2),(-40.73183238944,12.863862389442),
  .PIECEWISE_BEZIER_KNOTS.);
#13142 = CARTESIAN_POINT('',(54.665817389442,-0.2));
#13143 = CARTESIAN_POINT('',(1.070122610558,-0.2));
#13144 = ( GEOMETRIC_REPRESENTATION_CONTEXT(2) 
PARAMETRIC_REPRESENTATION_CONTEXT() REPRESENTATION_CONTEXT('2D SPACE',''
  ) );
#13145 = ORIENTED_EDGE('',*,*,#13146,.F.);
#13146 = EDGE_CURVE('',#13147,#13121,#13149,.T.);
#13147 = VERTEX_POINT('',#13148);
#13148 = CARTESIAN_POINT('',(27.684524950171,3.100718104433,0.));
#13149 = SURFACE_CURVE('',#13150,(#13155,#13162),.PCURVE_S1.);
#13150 = CIRCLE('',#13151,0.9);
#13151 = AXIS2_PLACEMENT_3D('',#13152,#13153,#13154);
#13152 = CARTESIAN_POINT('',(26.797847389442,3.255,0.));
#13153 = DIRECTION('',(0.,0.,1.));
#13154 = DIRECTION('',(0.985197289699,-0.171424328408,0.));
#13155 = PCURVE('',#12582,#13156);
#13156 = DEFINITIONAL_REPRESENTATION('',(#13157),#13161);
#13157 = CIRCLE('',#13158,0.9);
#13158 = AXIS2_PLACEMENT_2D('',#13159,#13160);
#13159 = CARTESIAN_POINT('',(26.797847389442,3.13909223544));
#13160 = DIRECTION('',(0.985197289699,-0.171424328408));
#13161 = ( GEOMETRIC_REPRESENTATION_CONTEXT(2) 
PARAMETRIC_REPRESENTATION_CONTEXT() REPRESENTATION_CONTEXT('2D SPACE',''
  ) );
#13162 = PCURVE('',#13163,#13168);
#13163 = CYLINDRICAL_SURFACE('',#13164,0.9);
#13164 = AXIS2_PLACEMENT_3D('',#13165,#13166,#13167);
#13165 = CARTESIAN_POINT('',(26.797847389442,3.255,-0.2));
#13166 = DIRECTION('',(0.,0.,1.));
#13167 = DIRECTION('',(0.985197289699,-0.171424328408,0.));
#13168 = DEFINITIONAL_REPRESENTATION('',(#13169),#13173);
#13169 = LINE('',#13170,#13171);
#13170 = CARTESIAN_POINT('',(1.194648573087E-17,0.2));
#13171 = VECTOR('',#13172,1.);
#13172 = DIRECTION('',(1.,0.));
#13173 = ( GEOMETRIC_REPRESENTATION_CONTEXT(2) 
PARAMETRIC_REPRESENTATION_CONTEXT() REPRESENTATION_CONTEXT('2D SPACE',''
  ) );
#13174 = ORIENTED_EDGE('',*,*,#13175,.T.);
#13175 = EDGE_CURVE('',#13147,#12982,#13176,.T.);
#13176 = SURFACE_CURVE('',#13177,(#13181,#13187),.PCURVE_S1.);
#13177 = LINE('',#13178,#13179);
#13178 = CARTESIAN_POINT('',(26.394457083011,-4.313465040164,
    2.22044604925E-17));
#13179 = VECTOR('',#13180,1.);
#13180 = DIRECTION('',(-0.171424328408,-0.985197289699,0.));
#13181 = PCURVE('',#12582,#13182);
#13182 = DEFINITIONAL_REPRESENTATION('',(#13183),#13186);
#13183 = B_SPLINE_CURVE_WITH_KNOTS('',1,(#13184,#13185),.UNSPECIFIED.,
  .F.,.F.,(2,2),(-7.525582157116,-0.917768607416),
  .PIECEWISE_BEZIER_KNOTS.);
#13184 = CARTESIAN_POINT('',(27.684524950171,2.984810339873));
#13185 = CARTESIAN_POINT('',(26.551784950171,-3.525189660127));
#13186 = ( GEOMETRIC_REPRESENTATION_CONTEXT(2) 
PARAMETRIC_REPRESENTATION_CONTEXT() REPRESENTATION_CONTEXT('2D SPACE',''
  ) );
#13187 = PCURVE('',#13188,#13193);
#13188 = PLANE('',#13189);
#13189 = AXIS2_PLACEMENT_3D('',#13190,#13191,#13192);
#13190 = CARTESIAN_POINT('',(26.42203,-4.155,-0.2));
#13191 = DIRECTION('',(-0.985197289699,0.171424328408,0.));
#13192 = DIRECTION('',(0.171424328408,0.985197289699,0.));
#13193 = DEFINITIONAL_REPRESENTATION('',(#13194),#13197);
#13194 = B_SPLINE_CURVE_WITH_KNOTS('',1,(#13195,#13196),.UNSPECIFIED.,
  .F.,.F.,(2,2),(-7.525582157116,-0.917768607416),
  .PIECEWISE_BEZIER_KNOTS.);
#13195 = CARTESIAN_POINT('',(7.364736160258,-0.2));
#13196 = CARTESIAN_POINT('',(0.756922610558,-0.2));
#13197 = ( GEOMETRIC_REPRESENTATION_CONTEXT(2) 
PARAMETRIC_REPRESENTATION_CONTEXT() REPRESENTATION_CONTEXT('2D SPACE',''
  ) );
#13198 = ADVANCED_FACE('',(#13199),#12998,.F.);
#13199 = FACE_BOUND('',#13200,.F.);
#13200 = EDGE_LOOP('',(#13201,#13224,#13225,#13248));
#13201 = ORIENTED_EDGE('',*,*,#13202,.F.);
#13202 = EDGE_CURVE('',#12980,#13203,#13205,.T.);
#13203 = VERTEX_POINT('',#13204);
#13204 = CARTESIAN_POINT('',(25.665107389442,-4.155,5.5));
#13205 = SURFACE_CURVE('',#13206,(#13210,#13217),.PCURVE_S1.);
#13206 = LINE('',#13207,#13208);
#13207 = CARTESIAN_POINT('',(25.665107389442,-4.155,-0.2));
#13208 = VECTOR('',#13209,1.);
#13209 = DIRECTION('',(0.,0.,1.));
#13210 = PCURVE('',#12998,#13211);
#13211 = DEFINITIONAL_REPRESENTATION('',(#13212),#13216);
#13212 = LINE('',#13213,#13214);
#13213 = CARTESIAN_POINT('',(0.,0.));
#13214 = VECTOR('',#13215,1.);
#13215 = DIRECTION('',(0.,1.));
#13216 = ( GEOMETRIC_REPRESENTATION_CONTEXT(2) 
PARAMETRIC_REPRESENTATION_CONTEXT() REPRESENTATION_CONTEXT('2D SPACE',''
  ) );
#13217 = PCURVE('',#13025,#13218);
#13218 = DEFINITIONAL_REPRESENTATION('',(#13219),#13223);
#13219 = LINE('',#13220,#13221);
#13220 = CARTESIAN_POINT('',(52.087137389442,0.));
#13221 = VECTOR('',#13222,1.);
#13222 = DIRECTION('',(0.,-1.));
#13223 = ( GEOMETRIC_REPRESENTATION_CONTEXT(2) 
PARAMETRIC_REPRESENTATION_CONTEXT() REPRESENTATION_CONTEXT('2D SPACE',''
  ) );
#13224 = ORIENTED_EDGE('',*,*,#12979,.T.);
#13225 = ORIENTED_EDGE('',*,*,#13226,.T.);
#13226 = EDGE_CURVE('',#12982,#13227,#13229,.T.);
#13227 = VERTEX_POINT('',#13228);
#13228 = CARTESIAN_POINT('',(26.551784950171,-3.409281895567,5.5));
#13229 = SURFACE_CURVE('',#13230,(#13234,#13241),.PCURVE_S1.);
#13230 = LINE('',#13231,#13232);
#13231 = CARTESIAN_POINT('',(26.551784950171,-3.409281895567,-0.2));
#13232 = VECTOR('',#13233,1.);
#13233 = DIRECTION('',(0.,0.,1.));
#13234 = PCURVE('',#12998,#13235);
#13235 = DEFINITIONAL_REPRESENTATION('',(#13236),#13240);
#13236 = LINE('',#13237,#13238);
#13237 = CARTESIAN_POINT('',(1.398521109841,0.));
#13238 = VECTOR('',#13239,1.);
#13239 = DIRECTION('',(0.,1.));
#13240 = ( GEOMETRIC_REPRESENTATION_CONTEXT(2) 
PARAMETRIC_REPRESENTATION_CONTEXT() REPRESENTATION_CONTEXT('2D SPACE',''
  ) );
#13241 = PCURVE('',#13188,#13242);
#13242 = DEFINITIONAL_REPRESENTATION('',(#13243),#13247);
#13243 = LINE('',#13244,#13245);
#13244 = CARTESIAN_POINT('',(0.756922610558,0.));
#13245 = VECTOR('',#13246,1.);
#13246 = DIRECTION('',(0.,-1.));
#13247 = ( GEOMETRIC_REPRESENTATION_CONTEXT(2) 
PARAMETRIC_REPRESENTATION_CONTEXT() REPRESENTATION_CONTEXT('2D SPACE',''
  ) );
#13248 = ORIENTED_EDGE('',*,*,#13249,.F.);
#13249 = EDGE_CURVE('',#13203,#13227,#13250,.T.);
#13250 = SURFACE_CURVE('',#13251,(#13256,#13263),.PCURVE_S1.);
#13251 = CIRCLE('',#13252,0.9);
#13252 = AXIS2_PLACEMENT_3D('',#13253,#13254,#13255);
#13253 = CARTESIAN_POINT('',(25.665107389442,-3.255,5.5));
#13254 = DIRECTION('',(0.,0.,1.));
#13255 = DIRECTION('',(0.,-1.,0.));
#13256 = PCURVE('',#12998,#13257);
#13257 = DEFINITIONAL_REPRESENTATION('',(#13258),#13262);
#13258 = LINE('',#13259,#13260);
#13259 = CARTESIAN_POINT('',(0.,5.7));
#13260 = VECTOR('',#13261,1.);
#13261 = DIRECTION('',(1.,0.));
#13262 = ( GEOMETRIC_REPRESENTATION_CONTEXT(2) 
PARAMETRIC_REPRESENTATION_CONTEXT() REPRESENTATION_CONTEXT('2D SPACE',''
  ) );
#13263 = PCURVE('',#13264,#13269);
#13264 = PLANE('',#13265);
#13265 = AXIS2_PLACEMENT_3D('',#13266,#13267,#13268);
#13266 = CARTESIAN_POINT('',(-2.265585765147E-16,9.578149425496E-02,5.5)
  );
#13267 = DIRECTION('',(0.,0.,1.));
#13268 = DIRECTION('',(1.,0.,-0.));
#13269 = DEFINITIONAL_REPRESENTATION('',(#13270),#13274);
#13270 = CIRCLE('',#13271,0.9);
#13271 = AXIS2_PLACEMENT_2D('',#13272,#13273);
#13272 = CARTESIAN_POINT('',(25.665107389442,-3.350781494255));
#13273 = DIRECTION('',(0.,-1.));
#13274 = ( GEOMETRIC_REPRESENTATION_CONTEXT(2) 
PARAMETRIC_REPRESENTATION_CONTEXT() REPRESENTATION_CONTEXT('2D SPACE',''
  ) );
#13275 = ADVANCED_FACE('',(#13276),#13188,.T.);
#13276 = FACE_BOUND('',#13277,.T.);
#13277 = EDGE_LOOP('',(#13278,#13279,#13280,#13303));
#13278 = ORIENTED_EDGE('',*,*,#13175,.T.);
#13279 = ORIENTED_EDGE('',*,*,#13226,.T.);
#13280 = ORIENTED_EDGE('',*,*,#13281,.T.);
#13281 = EDGE_CURVE('',#13227,#13282,#13284,.T.);
#13282 = VERTEX_POINT('',#13283);
#13283 = CARTESIAN_POINT('',(27.684524950171,3.100718104433,5.5));
#13284 = SURFACE_CURVE('',#13285,(#13289,#13296),.PCURVE_S1.);
#13285 = LINE('',#13286,#13287);
#13286 = CARTESIAN_POINT('',(26.42203,-4.155,5.5));
#13287 = VECTOR('',#13288,1.);
#13288 = DIRECTION('',(0.171424328408,0.985197289699,0.));
#13289 = PCURVE('',#13188,#13290);
#13290 = DEFINITIONAL_REPRESENTATION('',(#13291),#13295);
#13291 = LINE('',#13292,#13293);
#13292 = CARTESIAN_POINT('',(0.,-5.7));
#13293 = VECTOR('',#13294,1.);
#13294 = DIRECTION('',(1.,0.));
#13295 = ( GEOMETRIC_REPRESENTATION_CONTEXT(2) 
PARAMETRIC_REPRESENTATION_CONTEXT() REPRESENTATION_CONTEXT('2D SPACE',''
  ) );
#13296 = PCURVE('',#13264,#13297);
#13297 = DEFINITIONAL_REPRESENTATION('',(#13298),#13302);
#13298 = LINE('',#13299,#13300);
#13299 = CARTESIAN_POINT('',(26.42203,-4.250781494255));
#13300 = VECTOR('',#13301,1.);
#13301 = DIRECTION('',(0.171424328408,0.985197289699));
#13302 = ( GEOMETRIC_REPRESENTATION_CONTEXT(2) 
PARAMETRIC_REPRESENTATION_CONTEXT() REPRESENTATION_CONTEXT('2D SPACE',''
  ) );
#13303 = ORIENTED_EDGE('',*,*,#13304,.F.);
#13304 = EDGE_CURVE('',#13147,#13282,#13305,.T.);
#13305 = SURFACE_CURVE('',#13306,(#13310,#13317),.PCURVE_S1.);
#13306 = LINE('',#13307,#13308);
#13307 = CARTESIAN_POINT('',(27.684524950171,3.100718104433,-0.2));
#13308 = VECTOR('',#13309,1.);
#13309 = DIRECTION('',(0.,0.,1.));
#13310 = PCURVE('',#13188,#13311);
#13311 = DEFINITIONAL_REPRESENTATION('',(#13312),#13316);
#13312 = LINE('',#13313,#13314);
#13313 = CARTESIAN_POINT('',(7.364736160258,0.));
#13314 = VECTOR('',#13315,1.);
#13315 = DIRECTION('',(0.,-1.));
#13316 = ( GEOMETRIC_REPRESENTATION_CONTEXT(2) 
PARAMETRIC_REPRESENTATION_CONTEXT() REPRESENTATION_CONTEXT('2D SPACE',''
  ) );
#13317 = PCURVE('',#13163,#13318);
#13318 = DEFINITIONAL_REPRESENTATION('',(#13319),#13323);
#13319 = LINE('',#13320,#13321);
#13320 = CARTESIAN_POINT('',(0.,0.));
#13321 = VECTOR('',#13322,1.);
#13322 = DIRECTION('',(0.,1.));
#13323 = ( GEOMETRIC_REPRESENTATION_CONTEXT(2) 
PARAMETRIC_REPRESENTATION_CONTEXT() REPRESENTATION_CONTEXT('2D SPACE',''
  ) );
#13324 = ADVANCED_FACE('',(#13325),#13163,.F.);
#13325 = FACE_BOUND('',#13326,.F.);
#13326 = EDGE_LOOP('',(#13327,#13328,#13329,#13352));
#13327 = ORIENTED_EDGE('',*,*,#13304,.F.);
#13328 = ORIENTED_EDGE('',*,*,#13146,.T.);
#13329 = ORIENTED_EDGE('',*,*,#13330,.T.);
#13330 = EDGE_CURVE('',#13121,#13331,#13333,.T.);
#13331 = VERTEX_POINT('',#13332);
#13332 = CARTESIAN_POINT('',(26.797847389442,4.155,5.5));
#13333 = SURFACE_CURVE('',#13334,(#13338,#13345),.PCURVE_S1.);
#13334 = LINE('',#13335,#13336);
#13335 = CARTESIAN_POINT('',(26.797847389442,4.155,-0.2));
#13336 = VECTOR('',#13337,1.);
#13337 = DIRECTION('',(0.,0.,1.));
#13338 = PCURVE('',#13163,#13339);
#13339 = DEFINITIONAL_REPRESENTATION('',(#13340),#13344);
#13340 = LINE('',#13341,#13342);
#13341 = CARTESIAN_POINT('',(1.743071543748,0.));
#13342 = VECTOR('',#13343,1.);
#13343 = DIRECTION('',(0.,1.));
#13344 = ( GEOMETRIC_REPRESENTATION_CONTEXT(2) 
PARAMETRIC_REPRESENTATION_CONTEXT() REPRESENTATION_CONTEXT('2D SPACE',''
  ) );
#13345 = PCURVE('',#13135,#13346);
#13346 = DEFINITIONAL_REPRESENTATION('',(#13347),#13351);
#13347 = LINE('',#13348,#13349);
#13348 = CARTESIAN_POINT('',(1.070122610558,0.));
#13349 = VECTOR('',#13350,1.);
#13350 = DIRECTION('',(0.,-1.));
#13351 = ( GEOMETRIC_REPRESENTATION_CONTEXT(2) 
PARAMETRIC_REPRESENTATION_CONTEXT() REPRESENTATION_CONTEXT('2D SPACE',''
  ) );
#13352 = ORIENTED_EDGE('',*,*,#13353,.F.);
#13353 = EDGE_CURVE('',#13282,#13331,#13354,.T.);
#13354 = SURFACE_CURVE('',#13355,(#13360,#13367),.PCURVE_S1.);
#13355 = CIRCLE('',#13356,0.9);
#13356 = AXIS2_PLACEMENT_3D('',#13357,#13358,#13359);
#13357 = CARTESIAN_POINT('',(26.797847389442,3.255,5.5));
#13358 = DIRECTION('',(0.,0.,1.));
#13359 = DIRECTION('',(0.,-1.,0.));
#13360 = PCURVE('',#13163,#13361);
#13361 = DEFINITIONAL_REPRESENTATION('',(#13362),#13366);
#13362 = LINE('',#13363,#13364);
#13363 = CARTESIAN_POINT('',(-1.398521109841,5.7));
#13364 = VECTOR('',#13365,1.);
#13365 = DIRECTION('',(1.,0.));
#13366 = ( GEOMETRIC_REPRESENTATION_CONTEXT(2) 
PARAMETRIC_REPRESENTATION_CONTEXT() REPRESENTATION_CONTEXT('2D SPACE',''
  ) );
#13367 = PCURVE('',#13264,#13368);
#13368 = DEFINITIONAL_REPRESENTATION('',(#13369),#13373);
#13369 = CIRCLE('',#13370,0.9);
#13370 = AXIS2_PLACEMENT_2D('',#13371,#13372);
#13371 = CARTESIAN_POINT('',(26.797847389442,3.159218505745));
#13372 = DIRECTION('',(0.,-1.));
#13373 = ( GEOMETRIC_REPRESENTATION_CONTEXT(2) 
PARAMETRIC_REPRESENTATION_CONTEXT() REPRESENTATION_CONTEXT('2D SPACE',''
  ) );
#13374 = ADVANCED_FACE('',(#13375),#13135,.T.);
#13375 = FACE_BOUND('',#13376,.T.);
#13376 = EDGE_LOOP('',(#13377,#13378,#13379,#13402));
#13377 = ORIENTED_EDGE('',*,*,#13120,.T.);
#13378 = ORIENTED_EDGE('',*,*,#13330,.T.);
#13379 = ORIENTED_EDGE('',*,*,#13380,.T.);
#13380 = EDGE_CURVE('',#13331,#13381,#13383,.T.);
#13381 = VERTEX_POINT('',#13382);
#13382 = CARTESIAN_POINT('',(-26.79784738944,4.155,5.5));
#13383 = SURFACE_CURVE('',#13384,(#13388,#13395),.PCURVE_S1.);
#13384 = LINE('',#13385,#13386);
#13385 = CARTESIAN_POINT('',(27.86797,4.155,5.5));
#13386 = VECTOR('',#13387,1.);
#13387 = DIRECTION('',(-1.,0.,0.));
#13388 = PCURVE('',#13135,#13389);
#13389 = DEFINITIONAL_REPRESENTATION('',(#13390),#13394);
#13390 = LINE('',#13391,#13392);
#13391 = CARTESIAN_POINT('',(0.,-5.7));
#13392 = VECTOR('',#13393,1.);
#13393 = DIRECTION('',(1.,0.));
#13394 = ( GEOMETRIC_REPRESENTATION_CONTEXT(2) 
PARAMETRIC_REPRESENTATION_CONTEXT() REPRESENTATION_CONTEXT('2D SPACE',''
  ) );
#13395 = PCURVE('',#13264,#13396);
#13396 = DEFINITIONAL_REPRESENTATION('',(#13397),#13401);
#13397 = LINE('',#13398,#13399);
#13398 = CARTESIAN_POINT('',(27.86797,4.059218505745));
#13399 = VECTOR('',#13400,1.);
#13400 = DIRECTION('',(-1.,0.));
#13401 = ( GEOMETRIC_REPRESENTATION_CONTEXT(2) 
PARAMETRIC_REPRESENTATION_CONTEXT() REPRESENTATION_CONTEXT('2D SPACE',''
  ) );
#13402 = ORIENTED_EDGE('',*,*,#13403,.F.);
#13403 = EDGE_CURVE('',#13092,#13381,#13404,.T.);
#13404 = SURFACE_CURVE('',#13405,(#13409,#13416),.PCURVE_S1.);
#13405 = LINE('',#13406,#13407);
#13406 = CARTESIAN_POINT('',(-26.79784738944,4.155,-0.2));
#13407 = VECTOR('',#13408,1.);
#13408 = DIRECTION('',(0.,0.,1.));
#13409 = PCURVE('',#13135,#13410);
#13410 = DEFINITIONAL_REPRESENTATION('',(#13411),#13415);
#13411 = LINE('',#13412,#13413);
#13412 = CARTESIAN_POINT('',(54.665817389442,0.));
#13413 = VECTOR('',#13414,1.);
#13414 = DIRECTION('',(0.,-1.));
#13415 = ( GEOMETRIC_REPRESENTATION_CONTEXT(2) 
PARAMETRIC_REPRESENTATION_CONTEXT() REPRESENTATION_CONTEXT('2D SPACE',''
  ) );
#13416 = PCURVE('',#13108,#13417);
#13417 = DEFINITIONAL_REPRESENTATION('',(#13418),#13422);
#13418 = LINE('',#13419,#13420);
#13419 = CARTESIAN_POINT('',(0.,0.));
#13420 = VECTOR('',#13421,1.);
#13421 = DIRECTION('',(0.,1.));
#13422 = ( GEOMETRIC_REPRESENTATION_CONTEXT(2) 
PARAMETRIC_REPRESENTATION_CONTEXT() REPRESENTATION_CONTEXT('2D SPACE',''
  ) );
#13423 = ADVANCED_FACE('',(#13424),#13108,.F.);
#13424 = FACE_BOUND('',#13425,.F.);
#13425 = EDGE_LOOP('',(#13426,#13427,#13428,#13451));
#13426 = ORIENTED_EDGE('',*,*,#13403,.F.);
#13427 = ORIENTED_EDGE('',*,*,#13091,.T.);
#13428 = ORIENTED_EDGE('',*,*,#13429,.T.);
#13429 = EDGE_CURVE('',#13066,#13430,#13432,.T.);
#13430 = VERTEX_POINT('',#13431);
#13431 = CARTESIAN_POINT('',(-27.68452495017,3.100718104433,5.5));
#13432 = SURFACE_CURVE('',#13433,(#13437,#13444),.PCURVE_S1.);
#13433 = LINE('',#13434,#13435);
#13434 = CARTESIAN_POINT('',(-27.68452495017,3.100718104433,-0.2));
#13435 = VECTOR('',#13436,1.);
#13436 = DIRECTION('',(0.,0.,1.));
#13437 = PCURVE('',#13108,#13438);
#13438 = DEFINITIONAL_REPRESENTATION('',(#13439),#13443);
#13439 = LINE('',#13440,#13441);
#13440 = CARTESIAN_POINT('',(1.743071543748,0.));
#13441 = VECTOR('',#13442,1.);
#13442 = DIRECTION('',(0.,1.));
#13443 = ( GEOMETRIC_REPRESENTATION_CONTEXT(2) 
PARAMETRIC_REPRESENTATION_CONTEXT() REPRESENTATION_CONTEXT('2D SPACE',''
  ) );
#13444 = PCURVE('',#13080,#13445);
#13445 = DEFINITIONAL_REPRESENTATION('',(#13446),#13450);
#13446 = LINE('',#13447,#13448);
#13447 = CARTESIAN_POINT('',(1.070122610558,0.));
#13448 = VECTOR('',#13449,1.);
#13449 = DIRECTION('',(0.,-1.));
#13450 = ( GEOMETRIC_REPRESENTATION_CONTEXT(2) 
PARAMETRIC_REPRESENTATION_CONTEXT() REPRESENTATION_CONTEXT('2D SPACE',''
  ) );
#13451 = ORIENTED_EDGE('',*,*,#13452,.F.);
#13452 = EDGE_CURVE('',#13381,#13430,#13453,.T.);
#13453 = SURFACE_CURVE('',#13454,(#13459,#13466),.PCURVE_S1.);
#13454 = CIRCLE('',#13455,0.9);
#13455 = AXIS2_PLACEMENT_3D('',#13456,#13457,#13458);
#13456 = CARTESIAN_POINT('',(-26.79784738944,3.255,5.5));
#13457 = DIRECTION('',(0.,0.,1.));
#13458 = DIRECTION('',(0.,-1.,0.));
#13459 = PCURVE('',#13108,#13460);
#13460 = DEFINITIONAL_REPRESENTATION('',(#13461),#13465);
#13461 = LINE('',#13462,#13463);
#13462 = CARTESIAN_POINT('',(-3.14159265359,5.7));
#13463 = VECTOR('',#13464,1.);
#13464 = DIRECTION('',(1.,0.));
#13465 = ( GEOMETRIC_REPRESENTATION_CONTEXT(2) 
PARAMETRIC_REPRESENTATION_CONTEXT() REPRESENTATION_CONTEXT('2D SPACE',''
  ) );
#13466 = PCURVE('',#13264,#13467);
#13467 = DEFINITIONAL_REPRESENTATION('',(#13468),#13472);
#13468 = CIRCLE('',#13469,0.9);
#13469 = AXIS2_PLACEMENT_2D('',#13470,#13471);
#13470 = CARTESIAN_POINT('',(-26.79784738944,3.159218505745));
#13471 = DIRECTION('',(0.,-1.));
#13472 = ( GEOMETRIC_REPRESENTATION_CONTEXT(2) 
PARAMETRIC_REPRESENTATION_CONTEXT() REPRESENTATION_CONTEXT('2D SPACE',''
  ) );
#13473 = ADVANCED_FACE('',(#13474),#13080,.T.);
#13474 = FACE_BOUND('',#13475,.T.);
#13475 = EDGE_LOOP('',(#13476,#13477,#13478,#13501));
#13476 = ORIENTED_EDGE('',*,*,#13065,.T.);
#13477 = ORIENTED_EDGE('',*,*,#13429,.T.);
#13478 = ORIENTED_EDGE('',*,*,#13479,.T.);
#13479 = EDGE_CURVE('',#13430,#13480,#13482,.T.);
#13480 = VERTEX_POINT('',#13481);
#13481 = CARTESIAN_POINT('',(-26.55178495017,-3.409281895567,5.5));
#13482 = SURFACE_CURVE('',#13483,(#13487,#13494),.PCURVE_S1.);
#13483 = LINE('',#13484,#13485);
#13484 = CARTESIAN_POINT('',(-27.86797,4.155,5.5));
#13485 = VECTOR('',#13486,1.);
#13486 = DIRECTION('',(0.171424328408,-0.985197289699,0.));
#13487 = PCURVE('',#13080,#13488);
#13488 = DEFINITIONAL_REPRESENTATION('',(#13489),#13493);
#13489 = LINE('',#13490,#13491);
#13490 = CARTESIAN_POINT('',(0.,-5.7));
#13491 = VECTOR('',#13492,1.);
#13492 = DIRECTION('',(1.,0.));
#13493 = ( GEOMETRIC_REPRESENTATION_CONTEXT(2) 
PARAMETRIC_REPRESENTATION_CONTEXT() REPRESENTATION_CONTEXT('2D SPACE',''
  ) );
#13494 = PCURVE('',#13264,#13495);
#13495 = DEFINITIONAL_REPRESENTATION('',(#13496),#13500);
#13496 = LINE('',#13497,#13498);
#13497 = CARTESIAN_POINT('',(-27.86797,4.059218505745));
#13498 = VECTOR('',#13499,1.);
#13499 = DIRECTION('',(0.171424328408,-0.985197289699));
#13500 = ( GEOMETRIC_REPRESENTATION_CONTEXT(2) 
PARAMETRIC_REPRESENTATION_CONTEXT() REPRESENTATION_CONTEXT('2D SPACE',''
  ) );
#13501 = ORIENTED_EDGE('',*,*,#13502,.F.);
#13502 = EDGE_CURVE('',#13037,#13480,#13503,.T.);
#13503 = SURFACE_CURVE('',#13504,(#13508,#13515),.PCURVE_S1.);
#13504 = LINE('',#13505,#13506);
#13505 = CARTESIAN_POINT('',(-26.55178495017,-3.409281895567,-0.2));
#13506 = VECTOR('',#13507,1.);
#13507 = DIRECTION('',(0.,0.,1.));
#13508 = PCURVE('',#13080,#13509);
#13509 = DEFINITIONAL_REPRESENTATION('',(#13510),#13514);
#13510 = LINE('',#13511,#13512);
#13511 = CARTESIAN_POINT('',(7.677936160258,0.));
#13512 = VECTOR('',#13513,1.);
#13513 = DIRECTION('',(0.,-1.));
#13514 = ( GEOMETRIC_REPRESENTATION_CONTEXT(2) 
PARAMETRIC_REPRESENTATION_CONTEXT() REPRESENTATION_CONTEXT('2D SPACE',''
  ) );
#13515 = PCURVE('',#13053,#13516);
#13516 = DEFINITIONAL_REPRESENTATION('',(#13517),#13521);
#13517 = LINE('',#13518,#13519);
#13518 = CARTESIAN_POINT('',(-1.398521109841,0.));
#13519 = VECTOR('',#13520,1.);
#13520 = DIRECTION('',(-0.,1.));
#13521 = ( GEOMETRIC_REPRESENTATION_CONTEXT(2) 
PARAMETRIC_REPRESENTATION_CONTEXT() REPRESENTATION_CONTEXT('2D SPACE',''
  ) );
#13522 = ADVANCED_FACE('',(#13523),#13053,.F.);
#13523 = FACE_BOUND('',#13524,.T.);
#13524 = EDGE_LOOP('',(#13525,#13548,#13549,#13550));
#13525 = ORIENTED_EDGE('',*,*,#13526,.F.);
#13526 = EDGE_CURVE('',#13011,#13527,#13529,.T.);
#13527 = VERTEX_POINT('',#13528);
#13528 = CARTESIAN_POINT('',(-25.66510738944,-4.155,5.5));
#13529 = SURFACE_CURVE('',#13530,(#13534,#13541),.PCURVE_S1.);
#13530 = LINE('',#13531,#13532);
#13531 = CARTESIAN_POINT('',(-25.66510738944,-4.155,-0.2));
#13532 = VECTOR('',#13533,1.);
#13533 = DIRECTION('',(0.,0.,1.));
#13534 = PCURVE('',#13053,#13535);
#13535 = DEFINITIONAL_REPRESENTATION('',(#13536),#13540);
#13536 = LINE('',#13537,#13538);
#13537 = CARTESIAN_POINT('',(-0.,0.));
#13538 = VECTOR('',#13539,1.);
#13539 = DIRECTION('',(-0.,1.));
#13540 = ( GEOMETRIC_REPRESENTATION_CONTEXT(2) 
PARAMETRIC_REPRESENTATION_CONTEXT() REPRESENTATION_CONTEXT('2D SPACE',''
  ) );
#13541 = PCURVE('',#13025,#13542);
#13542 = DEFINITIONAL_REPRESENTATION('',(#13543),#13547);
#13543 = LINE('',#13544,#13545);
#13544 = CARTESIAN_POINT('',(0.756922610558,0.));
#13545 = VECTOR('',#13546,1.);
#13546 = DIRECTION('',(0.,-1.));
#13547 = ( GEOMETRIC_REPRESENTATION_CONTEXT(2) 
PARAMETRIC_REPRESENTATION_CONTEXT() REPRESENTATION_CONTEXT('2D SPACE',''
  ) );
#13548 = ORIENTED_EDGE('',*,*,#13036,.F.);
#13549 = ORIENTED_EDGE('',*,*,#13502,.T.);
#13550 = ORIENTED_EDGE('',*,*,#13551,.F.);
#13551 = EDGE_CURVE('',#13527,#13480,#13552,.T.);
#13552 = SURFACE_CURVE('',#13553,(#13558,#13565),.PCURVE_S1.);
#13553 = CIRCLE('',#13554,0.9);
#13554 = AXIS2_PLACEMENT_3D('',#13555,#13556,#13557);
#13555 = CARTESIAN_POINT('',(-25.66510738944,-3.255,5.5));
#13556 = DIRECTION('',(-0.,-0.,-1.));
#13557 = DIRECTION('',(0.,-1.,0.));
#13558 = PCURVE('',#13053,#13559);
#13559 = DEFINITIONAL_REPRESENTATION('',(#13560),#13564);
#13560 = LINE('',#13561,#13562);
#13561 = CARTESIAN_POINT('',(-0.,5.7));
#13562 = VECTOR('',#13563,1.);
#13563 = DIRECTION('',(-1.,0.));
#13564 = ( GEOMETRIC_REPRESENTATION_CONTEXT(2) 
PARAMETRIC_REPRESENTATION_CONTEXT() REPRESENTATION_CONTEXT('2D SPACE',''
  ) );
#13565 = PCURVE('',#13264,#13566);
#13566 = DEFINITIONAL_REPRESENTATION('',(#13567),#13575);
#13567 = ( BOUNDED_CURVE() B_SPLINE_CURVE(2,(#13568,#13569,#13570,#13571
    ,#13572,#13573,#13574),.UNSPECIFIED.,.T.,.F.) 
B_SPLINE_CURVE_WITH_KNOTS((1,2,2,2,2,1),(-2.094395102393,0.,
    2.094395102393,4.188790204786,6.28318530718,8.377580409573),
.UNSPECIFIED.) CURVE() GEOMETRIC_REPRESENTATION_ITEM() 
RATIONAL_B_SPLINE_CURVE((1.,0.5,1.,0.5,1.,0.5,1.)) REPRESENTATION_ITEM(
  '') );
#13568 = CARTESIAN_POINT('',(-25.66510738944,-4.250781494255));
#13569 = CARTESIAN_POINT('',(-27.22395311625,-4.250781494255));
#13570 = CARTESIAN_POINT('',(-26.44453025284,-2.900781494255));
#13571 = CARTESIAN_POINT('',(-25.66510738944,-1.550781494255));
#13572 = CARTESIAN_POINT('',(-24.88568452603,-2.900781494255));
#13573 = CARTESIAN_POINT('',(-24.10626166263,-4.250781494255));
#13574 = CARTESIAN_POINT('',(-25.66510738944,-4.250781494255));
#13575 = ( GEOMETRIC_REPRESENTATION_CONTEXT(2) 
PARAMETRIC_REPRESENTATION_CONTEXT() REPRESENTATION_CONTEXT('2D SPACE',''
  ) );
#13576 = ADVANCED_FACE('',(#13577),#13025,.T.);
#13577 = FACE_BOUND('',#13578,.T.);
#13578 = EDGE_LOOP('',(#13579,#13580,#13581,#13602));
#13579 = ORIENTED_EDGE('',*,*,#13010,.T.);
#13580 = ORIENTED_EDGE('',*,*,#13526,.T.);
#13581 = ORIENTED_EDGE('',*,*,#13582,.T.);
#13582 = EDGE_CURVE('',#13527,#13203,#13583,.T.);
#13583 = SURFACE_CURVE('',#13584,(#13588,#13595),.PCURVE_S1.);
#13584 = LINE('',#13585,#13586);
#13585 = CARTESIAN_POINT('',(-26.42203,-4.155,5.5));
#13586 = VECTOR('',#13587,1.);
#13587 = DIRECTION('',(1.,0.,0.));
#13588 = PCURVE('',#13025,#13589);
#13589 = DEFINITIONAL_REPRESENTATION('',(#13590),#13594);
#13590 = LINE('',#13591,#13592);
#13591 = CARTESIAN_POINT('',(0.,-5.7));
#13592 = VECTOR('',#13593,1.);
#13593 = DIRECTION('',(1.,0.));
#13594 = ( GEOMETRIC_REPRESENTATION_CONTEXT(2) 
PARAMETRIC_REPRESENTATION_CONTEXT() REPRESENTATION_CONTEXT('2D SPACE',''
  ) );
#13595 = PCURVE('',#13264,#13596);
#13596 = DEFINITIONAL_REPRESENTATION('',(#13597),#13601);
#13597 = LINE('',#13598,#13599);
#13598 = CARTESIAN_POINT('',(-26.42203,-4.250781494255));
#13599 = VECTOR('',#13600,1.);
#13600 = DIRECTION('',(1.,0.));
#13601 = ( GEOMETRIC_REPRESENTATION_CONTEXT(2) 
PARAMETRIC_REPRESENTATION_CONTEXT() REPRESENTATION_CONTEXT('2D SPACE',''
  ) );
#13602 = ORIENTED_EDGE('',*,*,#13202,.F.);
#13603 = ADVANCED_FACE('',(#13604,#13614,#13645,#13676,#13707,#13738,
    #13769,#13800,#13831,#13862,#13893,#13924,#13955,#13986,#14017,
    #14048,#14079,#14110,#14141,#14172,#14203,#14234,#14265,#14296,
    #14327,#14358,#14389,#14420,#14451,#14482,#14513,#14544,#14575,
    #14606,#14637,#14668,#14699,#14730),#13264,.F.);
#13604 = FACE_BOUND('',#13605,.F.);
#13605 = EDGE_LOOP('',(#13606,#13607,#13608,#13609,#13610,#13611,#13612,
    #13613));
#13606 = ORIENTED_EDGE('',*,*,#13582,.T.);
#13607 = ORIENTED_EDGE('',*,*,#13249,.T.);
#13608 = ORIENTED_EDGE('',*,*,#13281,.T.);
#13609 = ORIENTED_EDGE('',*,*,#13353,.T.);
#13610 = ORIENTED_EDGE('',*,*,#13380,.T.);
#13611 = ORIENTED_EDGE('',*,*,#13452,.T.);
#13612 = ORIENTED_EDGE('',*,*,#13479,.T.);
#13613 = ORIENTED_EDGE('',*,*,#13551,.F.);
#13614 = FACE_BOUND('',#13615,.F.);
#13615 = EDGE_LOOP('',(#13616));
#13616 = ORIENTED_EDGE('',*,*,#13617,.F.);
#13617 = EDGE_CURVE('',#13618,#13618,#13620,.T.);
#13618 = VERTEX_POINT('',#13619);
#13619 = CARTESIAN_POINT('',(-23.07,-1.42,5.5));
#13620 = SURFACE_CURVE('',#13621,(#13626,#13633),.PCURVE_S1.);
#13621 = CIRCLE('',#13622,0.475);
#13622 = AXIS2_PLACEMENT_3D('',#13623,#13624,#13625);
#13623 = CARTESIAN_POINT('',(-23.545,-1.42,5.5));
#13624 = DIRECTION('',(0.,0.,1.));
#13625 = DIRECTION('',(1.,0.,-0.));
#13626 = PCURVE('',#13264,#13627);
#13627 = DEFINITIONAL_REPRESENTATION('',(#13628),#13632);
#13628 = CIRCLE('',#13629,0.475);
#13629 = AXIS2_PLACEMENT_2D('',#13630,#13631);
#13630 = CARTESIAN_POINT('',(-23.545,-1.515781494255));
#13631 = DIRECTION('',(1.,0.));
#13632 = ( GEOMETRIC_REPRESENTATION_CONTEXT(2) 
PARAMETRIC_REPRESENTATION_CONTEXT() REPRESENTATION_CONTEXT('2D SPACE',''
  ) );
#13633 = PCURVE('',#13634,#13639);
#13634 = CYLINDRICAL_SURFACE('',#13635,0.475);
#13635 = AXIS2_PLACEMENT_3D('',#13636,#13637,#13638);
#13636 = CARTESIAN_POINT('',(-23.545,-1.42,1.075));
#13637 = DIRECTION('',(0.,0.,1.));
#13638 = DIRECTION('',(1.,0.,-0.));
#13639 = DEFINITIONAL_REPRESENTATION('',(#13640),#13644);
#13640 = LINE('',#13641,#13642);
#13641 = CARTESIAN_POINT('',(0.,4.425));
#13642 = VECTOR('',#13643,1.);
#13643 = DIRECTION('',(1.,0.));
#13644 = ( GEOMETRIC_REPRESENTATION_CONTEXT(2) 
PARAMETRIC_REPRESENTATION_CONTEXT() REPRESENTATION_CONTEXT('2D SPACE',''
  ) );
#13645 = FACE_BOUND('',#13646,.F.);
#13646 = EDGE_LOOP('',(#13647));
#13647 = ORIENTED_EDGE('',*,*,#13648,.F.);
#13648 = EDGE_CURVE('',#13649,#13649,#13651,.T.);
#13649 = VERTEX_POINT('',#13650);
#13650 = CARTESIAN_POINT('',(-20.3,-1.42,5.5));
#13651 = SURFACE_CURVE('',#13652,(#13657,#13664),.PCURVE_S1.);
#13652 = CIRCLE('',#13653,0.475);
#13653 = AXIS2_PLACEMENT_3D('',#13654,#13655,#13656);
#13654 = CARTESIAN_POINT('',(-20.775,-1.42,5.5));
#13655 = DIRECTION('',(0.,0.,1.));
#13656 = DIRECTION('',(1.,0.,-0.));
#13657 = PCURVE('',#13264,#13658);
#13658 = DEFINITIONAL_REPRESENTATION('',(#13659),#13663);
#13659 = CIRCLE('',#13660,0.475);
#13660 = AXIS2_PLACEMENT_2D('',#13661,#13662);
#13661 = CARTESIAN_POINT('',(-20.775,-1.515781494255));
#13662 = DIRECTION('',(1.,0.));
#13663 = ( GEOMETRIC_REPRESENTATION_CONTEXT(2) 
PARAMETRIC_REPRESENTATION_CONTEXT() REPRESENTATION_CONTEXT('2D SPACE',''
  ) );
#13664 = PCURVE('',#13665,#13670);
#13665 = CYLINDRICAL_SURFACE('',#13666,0.475);
#13666 = AXIS2_PLACEMENT_3D('',#13667,#13668,#13669);
#13667 = CARTESIAN_POINT('',(-20.775,-1.42,1.075));
#13668 = DIRECTION('',(0.,0.,1.));
#13669 = DIRECTION('',(1.,0.,-0.));
#13670 = DEFINITIONAL_REPRESENTATION('',(#13671),#13675);
#13671 = LINE('',#13672,#13673);
#13672 = CARTESIAN_POINT('',(0.,4.425));
#13673 = VECTOR('',#13674,1.);
#13674 = DIRECTION('',(1.,0.));
#13675 = ( GEOMETRIC_REPRESENTATION_CONTEXT(2) 
PARAMETRIC_REPRESENTATION_CONTEXT() REPRESENTATION_CONTEXT('2D SPACE',''
  ) );
#13676 = FACE_BOUND('',#13677,.F.);
#13677 = EDGE_LOOP('',(#13678));
#13678 = ORIENTED_EDGE('',*,*,#13679,.F.);
#13679 = EDGE_CURVE('',#13680,#13680,#13682,.T.);
#13680 = VERTEX_POINT('',#13681);
#13681 = CARTESIAN_POINT('',(-17.53,-1.42,5.5));
#13682 = SURFACE_CURVE('',#13683,(#13688,#13695),.PCURVE_S1.);
#13683 = CIRCLE('',#13684,0.475);
#13684 = AXIS2_PLACEMENT_3D('',#13685,#13686,#13687);
#13685 = CARTESIAN_POINT('',(-18.005,-1.42,5.5));
#13686 = DIRECTION('',(0.,0.,1.));
#13687 = DIRECTION('',(1.,0.,-0.));
#13688 = PCURVE('',#13264,#13689);
#13689 = DEFINITIONAL_REPRESENTATION('',(#13690),#13694);
#13690 = CIRCLE('',#13691,0.475);
#13691 = AXIS2_PLACEMENT_2D('',#13692,#13693);
#13692 = CARTESIAN_POINT('',(-18.005,-1.515781494255));
#13693 = DIRECTION('',(1.,0.));
#13694 = ( GEOMETRIC_REPRESENTATION_CONTEXT(2) 
PARAMETRIC_REPRESENTATION_CONTEXT() REPRESENTATION_CONTEXT('2D SPACE',''
  ) );
#13695 = PCURVE('',#13696,#13701);
#13696 = CYLINDRICAL_SURFACE('',#13697,0.475);
#13697 = AXIS2_PLACEMENT_3D('',#13698,#13699,#13700);
#13698 = CARTESIAN_POINT('',(-18.005,-1.42,1.075));
#13699 = DIRECTION('',(0.,0.,1.));
#13700 = DIRECTION('',(1.,0.,-0.));
#13701 = DEFINITIONAL_REPRESENTATION('',(#13702),#13706);
#13702 = LINE('',#13703,#13704);
#13703 = CARTESIAN_POINT('',(0.,4.425));
#13704 = VECTOR('',#13705,1.);
#13705 = DIRECTION('',(1.,0.));
#13706 = ( GEOMETRIC_REPRESENTATION_CONTEXT(2) 
PARAMETRIC_REPRESENTATION_CONTEXT() REPRESENTATION_CONTEXT('2D SPACE',''
  ) );
#13707 = FACE_BOUND('',#13708,.F.);
#13708 = EDGE_LOOP('',(#13709));
#13709 = ORIENTED_EDGE('',*,*,#13710,.F.);
#13710 = EDGE_CURVE('',#13711,#13711,#13713,.T.);
#13711 = VERTEX_POINT('',#13712);
#13712 = CARTESIAN_POINT('',(-14.76,-1.42,5.5));
#13713 = SURFACE_CURVE('',#13714,(#13719,#13726),.PCURVE_S1.);
#13714 = CIRCLE('',#13715,0.475);
#13715 = AXIS2_PLACEMENT_3D('',#13716,#13717,#13718);
#13716 = CARTESIAN_POINT('',(-15.235,-1.42,5.5));
#13717 = DIRECTION('',(0.,0.,1.));
#13718 = DIRECTION('',(1.,0.,-0.));
#13719 = PCURVE('',#13264,#13720);
#13720 = DEFINITIONAL_REPRESENTATION('',(#13721),#13725);
#13721 = CIRCLE('',#13722,0.475);
#13722 = AXIS2_PLACEMENT_2D('',#13723,#13724);
#13723 = CARTESIAN_POINT('',(-15.235,-1.515781494255));
#13724 = DIRECTION('',(1.,0.));
#13725 = ( GEOMETRIC_REPRESENTATION_CONTEXT(2) 
PARAMETRIC_REPRESENTATION_CONTEXT() REPRESENTATION_CONTEXT('2D SPACE',''
  ) );
#13726 = PCURVE('',#13727,#13732);
#13727 = CYLINDRICAL_SURFACE('',#13728,0.475);
#13728 = AXIS2_PLACEMENT_3D('',#13729,#13730,#13731);
#13729 = CARTESIAN_POINT('',(-15.235,-1.42,1.075));
#13730 = DIRECTION('',(0.,0.,1.));
#13731 = DIRECTION('',(1.,0.,-0.));
#13732 = DEFINITIONAL_REPRESENTATION('',(#13733),#13737);
#13733 = LINE('',#13734,#13735);
#13734 = CARTESIAN_POINT('',(0.,4.425));
#13735 = VECTOR('',#13736,1.);
#13736 = DIRECTION('',(1.,0.));
#13737 = ( GEOMETRIC_REPRESENTATION_CONTEXT(2) 
PARAMETRIC_REPRESENTATION_CONTEXT() REPRESENTATION_CONTEXT('2D SPACE',''
  ) );
#13738 = FACE_BOUND('',#13739,.F.);
#13739 = EDGE_LOOP('',(#13740));
#13740 = ORIENTED_EDGE('',*,*,#13741,.F.);
#13741 = EDGE_CURVE('',#13742,#13742,#13744,.T.);
#13742 = VERTEX_POINT('',#13743);
#13743 = CARTESIAN_POINT('',(-11.99,-1.42,5.5));
#13744 = SURFACE_CURVE('',#13745,(#13750,#13757),.PCURVE_S1.);
#13745 = CIRCLE('',#13746,0.475);
#13746 = AXIS2_PLACEMENT_3D('',#13747,#13748,#13749);
#13747 = CARTESIAN_POINT('',(-12.465,-1.42,5.5));
#13748 = DIRECTION('',(0.,0.,1.));
#13749 = DIRECTION('',(1.,0.,-0.));
#13750 = PCURVE('',#13264,#13751);
#13751 = DEFINITIONAL_REPRESENTATION('',(#13752),#13756);
#13752 = CIRCLE('',#13753,0.475);
#13753 = AXIS2_PLACEMENT_2D('',#13754,#13755);
#13754 = CARTESIAN_POINT('',(-12.465,-1.515781494255));
#13755 = DIRECTION('',(1.,0.));
#13756 = ( GEOMETRIC_REPRESENTATION_CONTEXT(2) 
PARAMETRIC_REPRESENTATION_CONTEXT() REPRESENTATION_CONTEXT('2D SPACE',''
  ) );
#13757 = PCURVE('',#13758,#13763);
#13758 = CYLINDRICAL_SURFACE('',#13759,0.475);
#13759 = AXIS2_PLACEMENT_3D('',#13760,#13761,#13762);
#13760 = CARTESIAN_POINT('',(-12.465,-1.42,1.075));
#13761 = DIRECTION('',(0.,0.,1.));
#13762 = DIRECTION('',(1.,0.,-0.));
#13763 = DEFINITIONAL_REPRESENTATION('',(#13764),#13768);
#13764 = LINE('',#13765,#13766);
#13765 = CARTESIAN_POINT('',(0.,4.425));
#13766 = VECTOR('',#13767,1.);
#13767 = DIRECTION('',(1.,0.));
#13768 = ( GEOMETRIC_REPRESENTATION_CONTEXT(2) 
PARAMETRIC_REPRESENTATION_CONTEXT() REPRESENTATION_CONTEXT('2D SPACE',''
  ) );
#13769 = FACE_BOUND('',#13770,.F.);
#13770 = EDGE_LOOP('',(#13771));
#13771 = ORIENTED_EDGE('',*,*,#13772,.F.);
#13772 = EDGE_CURVE('',#13773,#13773,#13775,.T.);
#13773 = VERTEX_POINT('',#13774);
#13774 = CARTESIAN_POINT('',(-9.22,-1.42,5.5));
#13775 = SURFACE_CURVE('',#13776,(#13781,#13788),.PCURVE_S1.);
#13776 = CIRCLE('',#13777,0.475);
#13777 = AXIS2_PLACEMENT_3D('',#13778,#13779,#13780);
#13778 = CARTESIAN_POINT('',(-9.695,-1.42,5.5));
#13779 = DIRECTION('',(0.,0.,1.));
#13780 = DIRECTION('',(1.,0.,-0.));
#13781 = PCURVE('',#13264,#13782);
#13782 = DEFINITIONAL_REPRESENTATION('',(#13783),#13787);
#13783 = CIRCLE('',#13784,0.475);
#13784 = AXIS2_PLACEMENT_2D('',#13785,#13786);
#13785 = CARTESIAN_POINT('',(-9.695,-1.515781494255));
#13786 = DIRECTION('',(1.,0.));
#13787 = ( GEOMETRIC_REPRESENTATION_CONTEXT(2) 
PARAMETRIC_REPRESENTATION_CONTEXT() REPRESENTATION_CONTEXT('2D SPACE',''
  ) );
#13788 = PCURVE('',#13789,#13794);
#13789 = CYLINDRICAL_SURFACE('',#13790,0.475);
#13790 = AXIS2_PLACEMENT_3D('',#13791,#13792,#13793);
#13791 = CARTESIAN_POINT('',(-9.695,-1.42,1.075));
#13792 = DIRECTION('',(0.,0.,1.));
#13793 = DIRECTION('',(1.,0.,-0.));
#13794 = DEFINITIONAL_REPRESENTATION('',(#13795),#13799);
#13795 = LINE('',#13796,#13797);
#13796 = CARTESIAN_POINT('',(0.,4.425));
#13797 = VECTOR('',#13798,1.);
#13798 = DIRECTION('',(1.,0.));
#13799 = ( GEOMETRIC_REPRESENTATION_CONTEXT(2) 
PARAMETRIC_REPRESENTATION_CONTEXT() REPRESENTATION_CONTEXT('2D SPACE',''
  ) );
#13800 = FACE_BOUND('',#13801,.F.);
#13801 = EDGE_LOOP('',(#13802));
#13802 = ORIENTED_EDGE('',*,*,#13803,.F.);
#13803 = EDGE_CURVE('',#13804,#13804,#13806,.T.);
#13804 = VERTEX_POINT('',#13805);
#13805 = CARTESIAN_POINT('',(-6.45,-1.42,5.5));
#13806 = SURFACE_CURVE('',#13807,(#13812,#13819),.PCURVE_S1.);
#13807 = CIRCLE('',#13808,0.475);
#13808 = AXIS2_PLACEMENT_3D('',#13809,#13810,#13811);
#13809 = CARTESIAN_POINT('',(-6.925,-1.42,5.5));
#13810 = DIRECTION('',(0.,0.,1.));
#13811 = DIRECTION('',(1.,0.,-0.));
#13812 = PCURVE('',#13264,#13813);
#13813 = DEFINITIONAL_REPRESENTATION('',(#13814),#13818);
#13814 = CIRCLE('',#13815,0.475);
#13815 = AXIS2_PLACEMENT_2D('',#13816,#13817);
#13816 = CARTESIAN_POINT('',(-6.925,-1.515781494255));
#13817 = DIRECTION('',(1.,0.));
#13818 = ( GEOMETRIC_REPRESENTATION_CONTEXT(2) 
PARAMETRIC_REPRESENTATION_CONTEXT() REPRESENTATION_CONTEXT('2D SPACE',''
  ) );
#13819 = PCURVE('',#13820,#13825);
#13820 = CYLINDRICAL_SURFACE('',#13821,0.475);
#13821 = AXIS2_PLACEMENT_3D('',#13822,#13823,#13824);
#13822 = CARTESIAN_POINT('',(-6.925,-1.42,1.075));
#13823 = DIRECTION('',(0.,0.,1.));
#13824 = DIRECTION('',(1.,0.,-0.));
#13825 = DEFINITIONAL_REPRESENTATION('',(#13826),#13830);
#13826 = LINE('',#13827,#13828);
#13827 = CARTESIAN_POINT('',(0.,4.425));
#13828 = VECTOR('',#13829,1.);
#13829 = DIRECTION('',(1.,0.));
#13830 = ( GEOMETRIC_REPRESENTATION_CONTEXT(2) 
PARAMETRIC_REPRESENTATION_CONTEXT() REPRESENTATION_CONTEXT('2D SPACE',''
  ) );
#13831 = FACE_BOUND('',#13832,.F.);
#13832 = EDGE_LOOP('',(#13833));
#13833 = ORIENTED_EDGE('',*,*,#13834,.F.);
#13834 = EDGE_CURVE('',#13835,#13835,#13837,.T.);
#13835 = VERTEX_POINT('',#13836);
#13836 = CARTESIAN_POINT('',(-3.68,-1.42,5.5));
#13837 = SURFACE_CURVE('',#13838,(#13843,#13850),.PCURVE_S1.);
#13838 = CIRCLE('',#13839,0.475);
#13839 = AXIS2_PLACEMENT_3D('',#13840,#13841,#13842);
#13840 = CARTESIAN_POINT('',(-4.155,-1.42,5.5));
#13841 = DIRECTION('',(0.,0.,1.));
#13842 = DIRECTION('',(1.,0.,-0.));
#13843 = PCURVE('',#13264,#13844);
#13844 = DEFINITIONAL_REPRESENTATION('',(#13845),#13849);
#13845 = CIRCLE('',#13846,0.475);
#13846 = AXIS2_PLACEMENT_2D('',#13847,#13848);
#13847 = CARTESIAN_POINT('',(-4.155,-1.515781494255));
#13848 = DIRECTION('',(1.,0.));
#13849 = ( GEOMETRIC_REPRESENTATION_CONTEXT(2) 
PARAMETRIC_REPRESENTATION_CONTEXT() REPRESENTATION_CONTEXT('2D SPACE',''
  ) );
#13850 = PCURVE('',#13851,#13856);
#13851 = CYLINDRICAL_SURFACE('',#13852,0.475);
#13852 = AXIS2_PLACEMENT_3D('',#13853,#13854,#13855);
#13853 = CARTESIAN_POINT('',(-4.155,-1.42,1.075));
#13854 = DIRECTION('',(0.,0.,1.));
#13855 = DIRECTION('',(1.,0.,-0.));
#13856 = DEFINITIONAL_REPRESENTATION('',(#13857),#13861);
#13857 = LINE('',#13858,#13859);
#13858 = CARTESIAN_POINT('',(0.,4.425));
#13859 = VECTOR('',#13860,1.);
#13860 = DIRECTION('',(1.,0.));
#13861 = ( GEOMETRIC_REPRESENTATION_CONTEXT(2) 
PARAMETRIC_REPRESENTATION_CONTEXT() REPRESENTATION_CONTEXT('2D SPACE',''
  ) );
#13862 = FACE_BOUND('',#13863,.F.);
#13863 = EDGE_LOOP('',(#13864));
#13864 = ORIENTED_EDGE('',*,*,#13865,.F.);
#13865 = EDGE_CURVE('',#13866,#13866,#13868,.T.);
#13866 = VERTEX_POINT('',#13867);
#13867 = CARTESIAN_POINT('',(-0.91,-1.42,5.5));
#13868 = SURFACE_CURVE('',#13869,(#13874,#13881),.PCURVE_S1.);
#13869 = CIRCLE('',#13870,0.475);
#13870 = AXIS2_PLACEMENT_3D('',#13871,#13872,#13873);
#13871 = CARTESIAN_POINT('',(-1.385,-1.42,5.5));
#13872 = DIRECTION('',(0.,0.,1.));
#13873 = DIRECTION('',(1.,0.,-0.));
#13874 = PCURVE('',#13264,#13875);
#13875 = DEFINITIONAL_REPRESENTATION('',(#13876),#13880);
#13876 = CIRCLE('',#13877,0.475);
#13877 = AXIS2_PLACEMENT_2D('',#13878,#13879);
#13878 = CARTESIAN_POINT('',(-1.385,-1.515781494255));
#13879 = DIRECTION('',(1.,0.));
#13880 = ( GEOMETRIC_REPRESENTATION_CONTEXT(2) 
PARAMETRIC_REPRESENTATION_CONTEXT() REPRESENTATION_CONTEXT('2D SPACE',''
  ) );
#13881 = PCURVE('',#13882,#13887);
#13882 = CYLINDRICAL_SURFACE('',#13883,0.475);
#13883 = AXIS2_PLACEMENT_3D('',#13884,#13885,#13886);
#13884 = CARTESIAN_POINT('',(-1.385,-1.42,1.075));
#13885 = DIRECTION('',(0.,0.,1.));
#13886 = DIRECTION('',(1.,0.,-0.));
#13887 = DEFINITIONAL_REPRESENTATION('',(#13888),#13892);
#13888 = LINE('',#13889,#13890);
#13889 = CARTESIAN_POINT('',(0.,4.425));
#13890 = VECTOR('',#13891,1.);
#13891 = DIRECTION('',(1.,0.));
#13892 = ( GEOMETRIC_REPRESENTATION_CONTEXT(2) 
PARAMETRIC_REPRESENTATION_CONTEXT() REPRESENTATION_CONTEXT('2D SPACE',''
  ) );
#13893 = FACE_BOUND('',#13894,.F.);
#13894 = EDGE_LOOP('',(#13895));
#13895 = ORIENTED_EDGE('',*,*,#13896,.F.);
#13896 = EDGE_CURVE('',#13897,#13897,#13899,.T.);
#13897 = VERTEX_POINT('',#13898);
#13898 = CARTESIAN_POINT('',(1.86,-1.42,5.5));
#13899 = SURFACE_CURVE('',#13900,(#13905,#13912),.PCURVE_S1.);
#13900 = CIRCLE('',#13901,0.475);
#13901 = AXIS2_PLACEMENT_3D('',#13902,#13903,#13904);
#13902 = CARTESIAN_POINT('',(1.385,-1.42,5.5));
#13903 = DIRECTION('',(0.,0.,1.));
#13904 = DIRECTION('',(1.,0.,-0.));
#13905 = PCURVE('',#13264,#13906);
#13906 = DEFINITIONAL_REPRESENTATION('',(#13907),#13911);
#13907 = CIRCLE('',#13908,0.475);
#13908 = AXIS2_PLACEMENT_2D('',#13909,#13910);
#13909 = CARTESIAN_POINT('',(1.385,-1.515781494255));
#13910 = DIRECTION('',(1.,0.));
#13911 = ( GEOMETRIC_REPRESENTATION_CONTEXT(2) 
PARAMETRIC_REPRESENTATION_CONTEXT() REPRESENTATION_CONTEXT('2D SPACE',''
  ) );
#13912 = PCURVE('',#13913,#13918);
#13913 = CYLINDRICAL_SURFACE('',#13914,0.475);
#13914 = AXIS2_PLACEMENT_3D('',#13915,#13916,#13917);
#13915 = CARTESIAN_POINT('',(1.385,-1.42,1.075));
#13916 = DIRECTION('',(0.,0.,1.));
#13917 = DIRECTION('',(1.,0.,-0.));
#13918 = DEFINITIONAL_REPRESENTATION('',(#13919),#13923);
#13919 = LINE('',#13920,#13921);
#13920 = CARTESIAN_POINT('',(0.,4.425));
#13921 = VECTOR('',#13922,1.);
#13922 = DIRECTION('',(1.,0.));
#13923 = ( GEOMETRIC_REPRESENTATION_CONTEXT(2) 
PARAMETRIC_REPRESENTATION_CONTEXT() REPRESENTATION_CONTEXT('2D SPACE',''
  ) );
#13924 = FACE_BOUND('',#13925,.F.);
#13925 = EDGE_LOOP('',(#13926));
#13926 = ORIENTED_EDGE('',*,*,#13927,.F.);
#13927 = EDGE_CURVE('',#13928,#13928,#13930,.T.);
#13928 = VERTEX_POINT('',#13929);
#13929 = CARTESIAN_POINT('',(4.63,-1.42,5.5));
#13930 = SURFACE_CURVE('',#13931,(#13936,#13943),.PCURVE_S1.);
#13931 = CIRCLE('',#13932,0.475);
#13932 = AXIS2_PLACEMENT_3D('',#13933,#13934,#13935);
#13933 = CARTESIAN_POINT('',(4.155,-1.42,5.5));
#13934 = DIRECTION('',(0.,0.,1.));
#13935 = DIRECTION('',(1.,0.,-0.));
#13936 = PCURVE('',#13264,#13937);
#13937 = DEFINITIONAL_REPRESENTATION('',(#13938),#13942);
#13938 = CIRCLE('',#13939,0.475);
#13939 = AXIS2_PLACEMENT_2D('',#13940,#13941);
#13940 = CARTESIAN_POINT('',(4.155,-1.515781494255));
#13941 = DIRECTION('',(1.,0.));
#13942 = ( GEOMETRIC_REPRESENTATION_CONTEXT(2) 
PARAMETRIC_REPRESENTATION_CONTEXT() REPRESENTATION_CONTEXT('2D SPACE',''
  ) );
#13943 = PCURVE('',#13944,#13949);
#13944 = CYLINDRICAL_SURFACE('',#13945,0.475);
#13945 = AXIS2_PLACEMENT_3D('',#13946,#13947,#13948);
#13946 = CARTESIAN_POINT('',(4.155,-1.42,1.075));
#13947 = DIRECTION('',(0.,0.,1.));
#13948 = DIRECTION('',(1.,0.,-0.));
#13949 = DEFINITIONAL_REPRESENTATION('',(#13950),#13954);
#13950 = LINE('',#13951,#13952);
#13951 = CARTESIAN_POINT('',(0.,4.425));
#13952 = VECTOR('',#13953,1.);
#13953 = DIRECTION('',(1.,0.));
#13954 = ( GEOMETRIC_REPRESENTATION_CONTEXT(2) 
PARAMETRIC_REPRESENTATION_CONTEXT() REPRESENTATION_CONTEXT('2D SPACE',''
  ) );
#13955 = FACE_BOUND('',#13956,.F.);
#13956 = EDGE_LOOP('',(#13957));
#13957 = ORIENTED_EDGE('',*,*,#13958,.F.);
#13958 = EDGE_CURVE('',#13959,#13959,#13961,.T.);
#13959 = VERTEX_POINT('',#13960);
#13960 = CARTESIAN_POINT('',(7.4,-1.42,5.5));
#13961 = SURFACE_CURVE('',#13962,(#13967,#13974),.PCURVE_S1.);
#13962 = CIRCLE('',#13963,0.475);
#13963 = AXIS2_PLACEMENT_3D('',#13964,#13965,#13966);
#13964 = CARTESIAN_POINT('',(6.925,-1.42,5.5));
#13965 = DIRECTION('',(0.,0.,1.));
#13966 = DIRECTION('',(1.,0.,-0.));
#13967 = PCURVE('',#13264,#13968);
#13968 = DEFINITIONAL_REPRESENTATION('',(#13969),#13973);
#13969 = CIRCLE('',#13970,0.475);
#13970 = AXIS2_PLACEMENT_2D('',#13971,#13972);
#13971 = CARTESIAN_POINT('',(6.925,-1.515781494255));
#13972 = DIRECTION('',(1.,0.));
#13973 = ( GEOMETRIC_REPRESENTATION_CONTEXT(2) 
PARAMETRIC_REPRESENTATION_CONTEXT() REPRESENTATION_CONTEXT('2D SPACE',''
  ) );
#13974 = PCURVE('',#13975,#13980);
#13975 = CYLINDRICAL_SURFACE('',#13976,0.475);
#13976 = AXIS2_PLACEMENT_3D('',#13977,#13978,#13979);
#13977 = CARTESIAN_POINT('',(6.925,-1.42,1.075));
#13978 = DIRECTION('',(0.,0.,1.));
#13979 = DIRECTION('',(1.,0.,-0.));
#13980 = DEFINITIONAL_REPRESENTATION('',(#13981),#13985);
#13981 = LINE('',#13982,#13983);
#13982 = CARTESIAN_POINT('',(0.,4.425));
#13983 = VECTOR('',#13984,1.);
#13984 = DIRECTION('',(1.,0.));
#13985 = ( GEOMETRIC_REPRESENTATION_CONTEXT(2) 
PARAMETRIC_REPRESENTATION_CONTEXT() REPRESENTATION_CONTEXT('2D SPACE',''
  ) );
#13986 = FACE_BOUND('',#13987,.F.);
#13987 = EDGE_LOOP('',(#13988));
#13988 = ORIENTED_EDGE('',*,*,#13989,.F.);
#13989 = EDGE_CURVE('',#13990,#13990,#13992,.T.);
#13990 = VERTEX_POINT('',#13991);
#13991 = CARTESIAN_POINT('',(10.17,-1.42,5.5));
#13992 = SURFACE_CURVE('',#13993,(#13998,#14005),.PCURVE_S1.);
#13993 = CIRCLE('',#13994,0.475);
#13994 = AXIS2_PLACEMENT_3D('',#13995,#13996,#13997);
#13995 = CARTESIAN_POINT('',(9.695,-1.42,5.5));
#13996 = DIRECTION('',(0.,0.,1.));
#13997 = DIRECTION('',(1.,0.,-0.));
#13998 = PCURVE('',#13264,#13999);
#13999 = DEFINITIONAL_REPRESENTATION('',(#14000),#14004);
#14000 = CIRCLE('',#14001,0.475);
#14001 = AXIS2_PLACEMENT_2D('',#14002,#14003);
#14002 = CARTESIAN_POINT('',(9.695,-1.515781494255));
#14003 = DIRECTION('',(1.,0.));
#14004 = ( GEOMETRIC_REPRESENTATION_CONTEXT(2) 
PARAMETRIC_REPRESENTATION_CONTEXT() REPRESENTATION_CONTEXT('2D SPACE',''
  ) );
#14005 = PCURVE('',#14006,#14011);
#14006 = CYLINDRICAL_SURFACE('',#14007,0.475);
#14007 = AXIS2_PLACEMENT_3D('',#14008,#14009,#14010);
#14008 = CARTESIAN_POINT('',(9.695,-1.42,1.075));
#14009 = DIRECTION('',(0.,0.,1.));
#14010 = DIRECTION('',(1.,0.,-0.));
#14011 = DEFINITIONAL_REPRESENTATION('',(#14012),#14016);
#14012 = LINE('',#14013,#14014);
#14013 = CARTESIAN_POINT('',(0.,4.425));
#14014 = VECTOR('',#14015,1.);
#14015 = DIRECTION('',(1.,0.));
#14016 = ( GEOMETRIC_REPRESENTATION_CONTEXT(2) 
PARAMETRIC_REPRESENTATION_CONTEXT() REPRESENTATION_CONTEXT('2D SPACE',''
  ) );
#14017 = FACE_BOUND('',#14018,.F.);
#14018 = EDGE_LOOP('',(#14019));
#14019 = ORIENTED_EDGE('',*,*,#14020,.F.);
#14020 = EDGE_CURVE('',#14021,#14021,#14023,.T.);
#14021 = VERTEX_POINT('',#14022);
#14022 = CARTESIAN_POINT('',(12.94,-1.42,5.5));
#14023 = SURFACE_CURVE('',#14024,(#14029,#14036),.PCURVE_S1.);
#14024 = CIRCLE('',#14025,0.475);
#14025 = AXIS2_PLACEMENT_3D('',#14026,#14027,#14028);
#14026 = CARTESIAN_POINT('',(12.465,-1.42,5.5));
#14027 = DIRECTION('',(0.,0.,1.));
#14028 = DIRECTION('',(1.,0.,-0.));
#14029 = PCURVE('',#13264,#14030);
#14030 = DEFINITIONAL_REPRESENTATION('',(#14031),#14035);
#14031 = CIRCLE('',#14032,0.475);
#14032 = AXIS2_PLACEMENT_2D('',#14033,#14034);
#14033 = CARTESIAN_POINT('',(12.465,-1.515781494255));
#14034 = DIRECTION('',(1.,0.));
#14035 = ( GEOMETRIC_REPRESENTATION_CONTEXT(2) 
PARAMETRIC_REPRESENTATION_CONTEXT() REPRESENTATION_CONTEXT('2D SPACE',''
  ) );
#14036 = PCURVE('',#14037,#14042);
#14037 = CYLINDRICAL_SURFACE('',#14038,0.475);
#14038 = AXIS2_PLACEMENT_3D('',#14039,#14040,#14041);
#14039 = CARTESIAN_POINT('',(12.465,-1.42,1.075));
#14040 = DIRECTION('',(0.,0.,1.));
#14041 = DIRECTION('',(1.,0.,-0.));
#14042 = DEFINITIONAL_REPRESENTATION('',(#14043),#14047);
#14043 = LINE('',#14044,#14045);
#14044 = CARTESIAN_POINT('',(0.,4.425));
#14045 = VECTOR('',#14046,1.);
#14046 = DIRECTION('',(1.,0.));
#14047 = ( GEOMETRIC_REPRESENTATION_CONTEXT(2) 
PARAMETRIC_REPRESENTATION_CONTEXT() REPRESENTATION_CONTEXT('2D SPACE',''
  ) );
#14048 = FACE_BOUND('',#14049,.F.);
#14049 = EDGE_LOOP('',(#14050));
#14050 = ORIENTED_EDGE('',*,*,#14051,.F.);
#14051 = EDGE_CURVE('',#14052,#14052,#14054,.T.);
#14052 = VERTEX_POINT('',#14053);
#14053 = CARTESIAN_POINT('',(15.71,-1.42,5.5));
#14054 = SURFACE_CURVE('',#14055,(#14060,#14067),.PCURVE_S1.);
#14055 = CIRCLE('',#14056,0.475);
#14056 = AXIS2_PLACEMENT_3D('',#14057,#14058,#14059);
#14057 = CARTESIAN_POINT('',(15.235,-1.42,5.5));
#14058 = DIRECTION('',(0.,0.,1.));
#14059 = DIRECTION('',(1.,0.,-0.));
#14060 = PCURVE('',#13264,#14061);
#14061 = DEFINITIONAL_REPRESENTATION('',(#14062),#14066);
#14062 = CIRCLE('',#14063,0.475);
#14063 = AXIS2_PLACEMENT_2D('',#14064,#14065);
#14064 = CARTESIAN_POINT('',(15.235,-1.515781494255));
#14065 = DIRECTION('',(1.,0.));
#14066 = ( GEOMETRIC_REPRESENTATION_CONTEXT(2) 
PARAMETRIC_REPRESENTATION_CONTEXT() REPRESENTATION_CONTEXT('2D SPACE',''
  ) );
#14067 = PCURVE('',#14068,#14073);
#14068 = CYLINDRICAL_SURFACE('',#14069,0.475);
#14069 = AXIS2_PLACEMENT_3D('',#14070,#14071,#14072);
#14070 = CARTESIAN_POINT('',(15.235,-1.42,1.075));
#14071 = DIRECTION('',(0.,0.,1.));
#14072 = DIRECTION('',(1.,0.,-0.));
#14073 = DEFINITIONAL_REPRESENTATION('',(#14074),#14078);
#14074 = LINE('',#14075,#14076);
#14075 = CARTESIAN_POINT('',(0.,4.425));
#14076 = VECTOR('',#14077,1.);
#14077 = DIRECTION('',(1.,0.));
#14078 = ( GEOMETRIC_REPRESENTATION_CONTEXT(2) 
PARAMETRIC_REPRESENTATION_CONTEXT() REPRESENTATION_CONTEXT('2D SPACE',''
  ) );
#14079 = FACE_BOUND('',#14080,.F.);
#14080 = EDGE_LOOP('',(#14081));
#14081 = ORIENTED_EDGE('',*,*,#14082,.F.);
#14082 = EDGE_CURVE('',#14083,#14083,#14085,.T.);
#14083 = VERTEX_POINT('',#14084);
#14084 = CARTESIAN_POINT('',(18.48,-1.42,5.5));
#14085 = SURFACE_CURVE('',#14086,(#14091,#14098),.PCURVE_S1.);
#14086 = CIRCLE('',#14087,0.475);
#14087 = AXIS2_PLACEMENT_3D('',#14088,#14089,#14090);
#14088 = CARTESIAN_POINT('',(18.005,-1.42,5.5));
#14089 = DIRECTION('',(0.,0.,1.));
#14090 = DIRECTION('',(1.,0.,-0.));
#14091 = PCURVE('',#13264,#14092);
#14092 = DEFINITIONAL_REPRESENTATION('',(#14093),#14097);
#14093 = CIRCLE('',#14094,0.475);
#14094 = AXIS2_PLACEMENT_2D('',#14095,#14096);
#14095 = CARTESIAN_POINT('',(18.005,-1.515781494255));
#14096 = DIRECTION('',(1.,0.));
#14097 = ( GEOMETRIC_REPRESENTATION_CONTEXT(2) 
PARAMETRIC_REPRESENTATION_CONTEXT() REPRESENTATION_CONTEXT('2D SPACE',''
  ) );
#14098 = PCURVE('',#14099,#14104);
#14099 = CYLINDRICAL_SURFACE('',#14100,0.475);
#14100 = AXIS2_PLACEMENT_3D('',#14101,#14102,#14103);
#14101 = CARTESIAN_POINT('',(18.005,-1.42,1.075));
#14102 = DIRECTION('',(0.,0.,1.));
#14103 = DIRECTION('',(1.,0.,-0.));
#14104 = DEFINITIONAL_REPRESENTATION('',(#14105),#14109);
#14105 = LINE('',#14106,#14107);
#14106 = CARTESIAN_POINT('',(0.,4.425));
#14107 = VECTOR('',#14108,1.);
#14108 = DIRECTION('',(1.,0.));
#14109 = ( GEOMETRIC_REPRESENTATION_CONTEXT(2) 
PARAMETRIC_REPRESENTATION_CONTEXT() REPRESENTATION_CONTEXT('2D SPACE',''
  ) );
#14110 = FACE_BOUND('',#14111,.F.);
#14111 = EDGE_LOOP('',(#14112));
#14112 = ORIENTED_EDGE('',*,*,#14113,.F.);
#14113 = EDGE_CURVE('',#14114,#14114,#14116,.T.);
#14114 = VERTEX_POINT('',#14115);
#14115 = CARTESIAN_POINT('',(21.25,-1.42,5.5));
#14116 = SURFACE_CURVE('',#14117,(#14122,#14129),.PCURVE_S1.);
#14117 = CIRCLE('',#14118,0.475);
#14118 = AXIS2_PLACEMENT_3D('',#14119,#14120,#14121);
#14119 = CARTESIAN_POINT('',(20.775,-1.42,5.5));
#14120 = DIRECTION('',(0.,0.,1.));
#14121 = DIRECTION('',(1.,0.,-0.));
#14122 = PCURVE('',#13264,#14123);
#14123 = DEFINITIONAL_REPRESENTATION('',(#14124),#14128);
#14124 = CIRCLE('',#14125,0.475);
#14125 = AXIS2_PLACEMENT_2D('',#14126,#14127);
#14126 = CARTESIAN_POINT('',(20.775,-1.515781494255));
#14127 = DIRECTION('',(1.,0.));
#14128 = ( GEOMETRIC_REPRESENTATION_CONTEXT(2) 
PARAMETRIC_REPRESENTATION_CONTEXT() REPRESENTATION_CONTEXT('2D SPACE',''
  ) );
#14129 = PCURVE('',#14130,#14135);
#14130 = CYLINDRICAL_SURFACE('',#14131,0.475);
#14131 = AXIS2_PLACEMENT_3D('',#14132,#14133,#14134);
#14132 = CARTESIAN_POINT('',(20.775,-1.42,1.075));
#14133 = DIRECTION('',(0.,0.,1.));
#14134 = DIRECTION('',(1.,0.,-0.));
#14135 = DEFINITIONAL_REPRESENTATION('',(#14136),#14140);
#14136 = LINE('',#14137,#14138);
#14137 = CARTESIAN_POINT('',(0.,4.425));
#14138 = VECTOR('',#14139,1.);
#14139 = DIRECTION('',(1.,0.));
#14140 = ( GEOMETRIC_REPRESENTATION_CONTEXT(2) 
PARAMETRIC_REPRESENTATION_CONTEXT() REPRESENTATION_CONTEXT('2D SPACE',''
  ) );
#14141 = FACE_BOUND('',#14142,.F.);
#14142 = EDGE_LOOP('',(#14143));
#14143 = ORIENTED_EDGE('',*,*,#14144,.F.);
#14144 = EDGE_CURVE('',#14145,#14145,#14147,.T.);
#14145 = VERTEX_POINT('',#14146);
#14146 = CARTESIAN_POINT('',(24.02,-1.42,5.5));
#14147 = SURFACE_CURVE('',#14148,(#14153,#14160),.PCURVE_S1.);
#14148 = CIRCLE('',#14149,0.475);
#14149 = AXIS2_PLACEMENT_3D('',#14150,#14151,#14152);
#14150 = CARTESIAN_POINT('',(23.545,-1.42,5.5));
#14151 = DIRECTION('',(0.,0.,1.));
#14152 = DIRECTION('',(1.,0.,-0.));
#14153 = PCURVE('',#13264,#14154);
#14154 = DEFINITIONAL_REPRESENTATION('',(#14155),#14159);
#14155 = CIRCLE('',#14156,0.475);
#14156 = AXIS2_PLACEMENT_2D('',#14157,#14158);
#14157 = CARTESIAN_POINT('',(23.545,-1.515781494255));
#14158 = DIRECTION('',(1.,0.));
#14159 = ( GEOMETRIC_REPRESENTATION_CONTEXT(2) 
PARAMETRIC_REPRESENTATION_CONTEXT() REPRESENTATION_CONTEXT('2D SPACE',''
  ) );
#14160 = PCURVE('',#14161,#14166);
#14161 = CYLINDRICAL_SURFACE('',#14162,0.475);
#14162 = AXIS2_PLACEMENT_3D('',#14163,#14164,#14165);
#14163 = CARTESIAN_POINT('',(23.545,-1.42,1.075));
#14164 = DIRECTION('',(0.,0.,1.));
#14165 = DIRECTION('',(1.,0.,-0.));
#14166 = DEFINITIONAL_REPRESENTATION('',(#14167),#14171);
#14167 = LINE('',#14168,#14169);
#14168 = CARTESIAN_POINT('',(0.,4.425));
#14169 = VECTOR('',#14170,1.);
#14170 = DIRECTION('',(1.,0.));
#14171 = ( GEOMETRIC_REPRESENTATION_CONTEXT(2) 
PARAMETRIC_REPRESENTATION_CONTEXT() REPRESENTATION_CONTEXT('2D SPACE',''
  ) );
#14172 = FACE_BOUND('',#14173,.F.);
#14173 = EDGE_LOOP('',(#14174));
#14174 = ORIENTED_EDGE('',*,*,#14175,.F.);
#14175 = EDGE_CURVE('',#14176,#14176,#14178,.T.);
#14176 = VERTEX_POINT('',#14177);
#14177 = CARTESIAN_POINT('',(-24.455,1.42,5.5));
#14178 = SURFACE_CURVE('',#14179,(#14184,#14191),.PCURVE_S1.);
#14179 = CIRCLE('',#14180,0.475);
#14180 = AXIS2_PLACEMENT_3D('',#14181,#14182,#14183);
#14181 = CARTESIAN_POINT('',(-24.93,1.42,5.5));
#14182 = DIRECTION('',(0.,0.,1.));
#14183 = DIRECTION('',(1.,0.,-0.));
#14184 = PCURVE('',#13264,#14185);
#14185 = DEFINITIONAL_REPRESENTATION('',(#14186),#14190);
#14186 = CIRCLE('',#14187,0.475);
#14187 = AXIS2_PLACEMENT_2D('',#14188,#14189);
#14188 = CARTESIAN_POINT('',(-24.93,1.324218505745));
#14189 = DIRECTION('',(1.,0.));
#14190 = ( GEOMETRIC_REPRESENTATION_CONTEXT(2) 
PARAMETRIC_REPRESENTATION_CONTEXT() REPRESENTATION_CONTEXT('2D SPACE',''
  ) );
#14191 = PCURVE('',#14192,#14197);
#14192 = CYLINDRICAL_SURFACE('',#14193,0.475);
#14193 = AXIS2_PLACEMENT_3D('',#14194,#14195,#14196);
#14194 = CARTESIAN_POINT('',(-24.93,1.42,1.075));
#14195 = DIRECTION('',(0.,0.,1.));
#14196 = DIRECTION('',(1.,0.,-0.));
#14197 = DEFINITIONAL_REPRESENTATION('',(#14198),#14202);
#14198 = LINE('',#14199,#14200);
#14199 = CARTESIAN_POINT('',(0.,4.425));
#14200 = VECTOR('',#14201,1.);
#14201 = DIRECTION('',(1.,0.));
#14202 = ( GEOMETRIC_REPRESENTATION_CONTEXT(2) 
PARAMETRIC_REPRESENTATION_CONTEXT() REPRESENTATION_CONTEXT('2D SPACE',''
  ) );
#14203 = FACE_BOUND('',#14204,.F.);
#14204 = EDGE_LOOP('',(#14205));
#14205 = ORIENTED_EDGE('',*,*,#14206,.F.);
#14206 = EDGE_CURVE('',#14207,#14207,#14209,.T.);
#14207 = VERTEX_POINT('',#14208);
#14208 = CARTESIAN_POINT('',(-21.685,1.42,5.5));
#14209 = SURFACE_CURVE('',#14210,(#14215,#14222),.PCURVE_S1.);
#14210 = CIRCLE('',#14211,0.475);
#14211 = AXIS2_PLACEMENT_3D('',#14212,#14213,#14214);
#14212 = CARTESIAN_POINT('',(-22.16,1.42,5.5));
#14213 = DIRECTION('',(0.,0.,1.));
#14214 = DIRECTION('',(1.,0.,-0.));
#14215 = PCURVE('',#13264,#14216);
#14216 = DEFINITIONAL_REPRESENTATION('',(#14217),#14221);
#14217 = CIRCLE('',#14218,0.475);
#14218 = AXIS2_PLACEMENT_2D('',#14219,#14220);
#14219 = CARTESIAN_POINT('',(-22.16,1.324218505745));
#14220 = DIRECTION('',(1.,0.));
#14221 = ( GEOMETRIC_REPRESENTATION_CONTEXT(2) 
PARAMETRIC_REPRESENTATION_CONTEXT() REPRESENTATION_CONTEXT('2D SPACE',''
  ) );
#14222 = PCURVE('',#14223,#14228);
#14223 = CYLINDRICAL_SURFACE('',#14224,0.475);
#14224 = AXIS2_PLACEMENT_3D('',#14225,#14226,#14227);
#14225 = CARTESIAN_POINT('',(-22.16,1.42,1.075));
#14226 = DIRECTION('',(0.,0.,1.));
#14227 = DIRECTION('',(1.,0.,-0.));
#14228 = DEFINITIONAL_REPRESENTATION('',(#14229),#14233);
#14229 = LINE('',#14230,#14231);
#14230 = CARTESIAN_POINT('',(0.,4.425));
#14231 = VECTOR('',#14232,1.);
#14232 = DIRECTION('',(1.,0.));
#14233 = ( GEOMETRIC_REPRESENTATION_CONTEXT(2) 
PARAMETRIC_REPRESENTATION_CONTEXT() REPRESENTATION_CONTEXT('2D SPACE',''
  ) );
#14234 = FACE_BOUND('',#14235,.F.);
#14235 = EDGE_LOOP('',(#14236));
#14236 = ORIENTED_EDGE('',*,*,#14237,.F.);
#14237 = EDGE_CURVE('',#14238,#14238,#14240,.T.);
#14238 = VERTEX_POINT('',#14239);
#14239 = CARTESIAN_POINT('',(-18.915,1.42,5.5));
#14240 = SURFACE_CURVE('',#14241,(#14246,#14253),.PCURVE_S1.);
#14241 = CIRCLE('',#14242,0.475);
#14242 = AXIS2_PLACEMENT_3D('',#14243,#14244,#14245);
#14243 = CARTESIAN_POINT('',(-19.39,1.42,5.5));
#14244 = DIRECTION('',(0.,0.,1.));
#14245 = DIRECTION('',(1.,0.,-0.));
#14246 = PCURVE('',#13264,#14247);
#14247 = DEFINITIONAL_REPRESENTATION('',(#14248),#14252);
#14248 = CIRCLE('',#14249,0.475);
#14249 = AXIS2_PLACEMENT_2D('',#14250,#14251);
#14250 = CARTESIAN_POINT('',(-19.39,1.324218505745));
#14251 = DIRECTION('',(1.,0.));
#14252 = ( GEOMETRIC_REPRESENTATION_CONTEXT(2) 
PARAMETRIC_REPRESENTATION_CONTEXT() REPRESENTATION_CONTEXT('2D SPACE',''
  ) );
#14253 = PCURVE('',#14254,#14259);
#14254 = CYLINDRICAL_SURFACE('',#14255,0.475);
#14255 = AXIS2_PLACEMENT_3D('',#14256,#14257,#14258);
#14256 = CARTESIAN_POINT('',(-19.39,1.42,1.075));
#14257 = DIRECTION('',(0.,0.,1.));
#14258 = DIRECTION('',(1.,0.,-0.));
#14259 = DEFINITIONAL_REPRESENTATION('',(#14260),#14264);
#14260 = LINE('',#14261,#14262);
#14261 = CARTESIAN_POINT('',(0.,4.425));
#14262 = VECTOR('',#14263,1.);
#14263 = DIRECTION('',(1.,0.));
#14264 = ( GEOMETRIC_REPRESENTATION_CONTEXT(2) 
PARAMETRIC_REPRESENTATION_CONTEXT() REPRESENTATION_CONTEXT('2D SPACE',''
  ) );
#14265 = FACE_BOUND('',#14266,.F.);
#14266 = EDGE_LOOP('',(#14267));
#14267 = ORIENTED_EDGE('',*,*,#14268,.F.);
#14268 = EDGE_CURVE('',#14269,#14269,#14271,.T.);
#14269 = VERTEX_POINT('',#14270);
#14270 = CARTESIAN_POINT('',(-16.145,1.42,5.5));
#14271 = SURFACE_CURVE('',#14272,(#14277,#14284),.PCURVE_S1.);
#14272 = CIRCLE('',#14273,0.475);
#14273 = AXIS2_PLACEMENT_3D('',#14274,#14275,#14276);
#14274 = CARTESIAN_POINT('',(-16.62,1.42,5.5));
#14275 = DIRECTION('',(0.,0.,1.));
#14276 = DIRECTION('',(1.,0.,-0.));
#14277 = PCURVE('',#13264,#14278);
#14278 = DEFINITIONAL_REPRESENTATION('',(#14279),#14283);
#14279 = CIRCLE('',#14280,0.475);
#14280 = AXIS2_PLACEMENT_2D('',#14281,#14282);
#14281 = CARTESIAN_POINT('',(-16.62,1.324218505745));
#14282 = DIRECTION('',(1.,0.));
#14283 = ( GEOMETRIC_REPRESENTATION_CONTEXT(2) 
PARAMETRIC_REPRESENTATION_CONTEXT() REPRESENTATION_CONTEXT('2D SPACE',''
  ) );
#14284 = PCURVE('',#14285,#14290);
#14285 = CYLINDRICAL_SURFACE('',#14286,0.475);
#14286 = AXIS2_PLACEMENT_3D('',#14287,#14288,#14289);
#14287 = CARTESIAN_POINT('',(-16.62,1.42,1.075));
#14288 = DIRECTION('',(0.,0.,1.));
#14289 = DIRECTION('',(1.,0.,-0.));
#14290 = DEFINITIONAL_REPRESENTATION('',(#14291),#14295);
#14291 = LINE('',#14292,#14293);
#14292 = CARTESIAN_POINT('',(0.,4.425));
#14293 = VECTOR('',#14294,1.);
#14294 = DIRECTION('',(1.,0.));
#14295 = ( GEOMETRIC_REPRESENTATION_CONTEXT(2) 
PARAMETRIC_REPRESENTATION_CONTEXT() REPRESENTATION_CONTEXT('2D SPACE',''
  ) );
#14296 = FACE_BOUND('',#14297,.F.);
#14297 = EDGE_LOOP('',(#14298));
#14298 = ORIENTED_EDGE('',*,*,#14299,.F.);
#14299 = EDGE_CURVE('',#14300,#14300,#14302,.T.);
#14300 = VERTEX_POINT('',#14301);
#14301 = CARTESIAN_POINT('',(-13.375,1.42,5.5));
#14302 = SURFACE_CURVE('',#14303,(#14308,#14315),.PCURVE_S1.);
#14303 = CIRCLE('',#14304,0.475);
#14304 = AXIS2_PLACEMENT_3D('',#14305,#14306,#14307);
#14305 = CARTESIAN_POINT('',(-13.85,1.42,5.5));
#14306 = DIRECTION('',(0.,0.,1.));
#14307 = DIRECTION('',(1.,0.,-0.));
#14308 = PCURVE('',#13264,#14309);
#14309 = DEFINITIONAL_REPRESENTATION('',(#14310),#14314);
#14310 = CIRCLE('',#14311,0.475);
#14311 = AXIS2_PLACEMENT_2D('',#14312,#14313);
#14312 = CARTESIAN_POINT('',(-13.85,1.324218505745));
#14313 = DIRECTION('',(1.,0.));
#14314 = ( GEOMETRIC_REPRESENTATION_CONTEXT(2) 
PARAMETRIC_REPRESENTATION_CONTEXT() REPRESENTATION_CONTEXT('2D SPACE',''
  ) );
#14315 = PCURVE('',#14316,#14321);
#14316 = CYLINDRICAL_SURFACE('',#14317,0.475);
#14317 = AXIS2_PLACEMENT_3D('',#14318,#14319,#14320);
#14318 = CARTESIAN_POINT('',(-13.85,1.42,1.075));
#14319 = DIRECTION('',(0.,0.,1.));
#14320 = DIRECTION('',(1.,0.,-0.));
#14321 = DEFINITIONAL_REPRESENTATION('',(#14322),#14326);
#14322 = LINE('',#14323,#14324);
#14323 = CARTESIAN_POINT('',(0.,4.425));
#14324 = VECTOR('',#14325,1.);
#14325 = DIRECTION('',(1.,0.));
#14326 = ( GEOMETRIC_REPRESENTATION_CONTEXT(2) 
PARAMETRIC_REPRESENTATION_CONTEXT() REPRESENTATION_CONTEXT('2D SPACE',''
  ) );
#14327 = FACE_BOUND('',#14328,.F.);
#14328 = EDGE_LOOP('',(#14329));
#14329 = ORIENTED_EDGE('',*,*,#14330,.F.);
#14330 = EDGE_CURVE('',#14331,#14331,#14333,.T.);
#14331 = VERTEX_POINT('',#14332);
#14332 = CARTESIAN_POINT('',(-10.605,1.42,5.5));
#14333 = SURFACE_CURVE('',#14334,(#14339,#14346),.PCURVE_S1.);
#14334 = CIRCLE('',#14335,0.475);
#14335 = AXIS2_PLACEMENT_3D('',#14336,#14337,#14338);
#14336 = CARTESIAN_POINT('',(-11.08,1.42,5.5));
#14337 = DIRECTION('',(0.,0.,1.));
#14338 = DIRECTION('',(1.,0.,-0.));
#14339 = PCURVE('',#13264,#14340);
#14340 = DEFINITIONAL_REPRESENTATION('',(#14341),#14345);
#14341 = CIRCLE('',#14342,0.475);
#14342 = AXIS2_PLACEMENT_2D('',#14343,#14344);
#14343 = CARTESIAN_POINT('',(-11.08,1.324218505745));
#14344 = DIRECTION('',(1.,0.));
#14345 = ( GEOMETRIC_REPRESENTATION_CONTEXT(2) 
PARAMETRIC_REPRESENTATION_CONTEXT() REPRESENTATION_CONTEXT('2D SPACE',''
  ) );
#14346 = PCURVE('',#14347,#14352);
#14347 = CYLINDRICAL_SURFACE('',#14348,0.475);
#14348 = AXIS2_PLACEMENT_3D('',#14349,#14350,#14351);
#14349 = CARTESIAN_POINT('',(-11.08,1.42,1.075));
#14350 = DIRECTION('',(0.,0.,1.));
#14351 = DIRECTION('',(1.,0.,-0.));
#14352 = DEFINITIONAL_REPRESENTATION('',(#14353),#14357);
#14353 = LINE('',#14354,#14355);
#14354 = CARTESIAN_POINT('',(0.,4.425));
#14355 = VECTOR('',#14356,1.);
#14356 = DIRECTION('',(1.,0.));
#14357 = ( GEOMETRIC_REPRESENTATION_CONTEXT(2) 
PARAMETRIC_REPRESENTATION_CONTEXT() REPRESENTATION_CONTEXT('2D SPACE',''
  ) );
#14358 = FACE_BOUND('',#14359,.F.);
#14359 = EDGE_LOOP('',(#14360));
#14360 = ORIENTED_EDGE('',*,*,#14361,.F.);
#14361 = EDGE_CURVE('',#14362,#14362,#14364,.T.);
#14362 = VERTEX_POINT('',#14363);
#14363 = CARTESIAN_POINT('',(-7.835,1.42,5.5));
#14364 = SURFACE_CURVE('',#14365,(#14370,#14377),.PCURVE_S1.);
#14365 = CIRCLE('',#14366,0.475);
#14366 = AXIS2_PLACEMENT_3D('',#14367,#14368,#14369);
#14367 = CARTESIAN_POINT('',(-8.31,1.42,5.5));
#14368 = DIRECTION('',(0.,0.,1.));
#14369 = DIRECTION('',(1.,0.,-0.));
#14370 = PCURVE('',#13264,#14371);
#14371 = DEFINITIONAL_REPRESENTATION('',(#14372),#14376);
#14372 = CIRCLE('',#14373,0.475);
#14373 = AXIS2_PLACEMENT_2D('',#14374,#14375);
#14374 = CARTESIAN_POINT('',(-8.31,1.324218505745));
#14375 = DIRECTION('',(1.,0.));
#14376 = ( GEOMETRIC_REPRESENTATION_CONTEXT(2) 
PARAMETRIC_REPRESENTATION_CONTEXT() REPRESENTATION_CONTEXT('2D SPACE',''
  ) );
#14377 = PCURVE('',#14378,#14383);
#14378 = CYLINDRICAL_SURFACE('',#14379,0.475);
#14379 = AXIS2_PLACEMENT_3D('',#14380,#14381,#14382);
#14380 = CARTESIAN_POINT('',(-8.31,1.42,1.075));
#14381 = DIRECTION('',(0.,0.,1.));
#14382 = DIRECTION('',(1.,0.,-0.));
#14383 = DEFINITIONAL_REPRESENTATION('',(#14384),#14388);
#14384 = LINE('',#14385,#14386);
#14385 = CARTESIAN_POINT('',(0.,4.425));
#14386 = VECTOR('',#14387,1.);
#14387 = DIRECTION('',(1.,0.));
#14388 = ( GEOMETRIC_REPRESENTATION_CONTEXT(2) 
PARAMETRIC_REPRESENTATION_CONTEXT() REPRESENTATION_CONTEXT('2D SPACE',''
  ) );
#14389 = FACE_BOUND('',#14390,.F.);
#14390 = EDGE_LOOP('',(#14391));
#14391 = ORIENTED_EDGE('',*,*,#14392,.F.);
#14392 = EDGE_CURVE('',#14393,#14393,#14395,.T.);
#14393 = VERTEX_POINT('',#14394);
#14394 = CARTESIAN_POINT('',(-5.065,1.42,5.5));
#14395 = SURFACE_CURVE('',#14396,(#14401,#14408),.PCURVE_S1.);
#14396 = CIRCLE('',#14397,0.475);
#14397 = AXIS2_PLACEMENT_3D('',#14398,#14399,#14400);
#14398 = CARTESIAN_POINT('',(-5.54,1.42,5.5));
#14399 = DIRECTION('',(0.,0.,1.));
#14400 = DIRECTION('',(1.,0.,-0.));
#14401 = PCURVE('',#13264,#14402);
#14402 = DEFINITIONAL_REPRESENTATION('',(#14403),#14407);
#14403 = CIRCLE('',#14404,0.475);
#14404 = AXIS2_PLACEMENT_2D('',#14405,#14406);
#14405 = CARTESIAN_POINT('',(-5.54,1.324218505745));
#14406 = DIRECTION('',(1.,0.));
#14407 = ( GEOMETRIC_REPRESENTATION_CONTEXT(2) 
PARAMETRIC_REPRESENTATION_CONTEXT() REPRESENTATION_CONTEXT('2D SPACE',''
  ) );
#14408 = PCURVE('',#14409,#14414);
#14409 = CYLINDRICAL_SURFACE('',#14410,0.475);
#14410 = AXIS2_PLACEMENT_3D('',#14411,#14412,#14413);
#14411 = CARTESIAN_POINT('',(-5.54,1.42,1.075));
#14412 = DIRECTION('',(0.,0.,1.));
#14413 = DIRECTION('',(1.,0.,-0.));
#14414 = DEFINITIONAL_REPRESENTATION('',(#14415),#14419);
#14415 = LINE('',#14416,#14417);
#14416 = CARTESIAN_POINT('',(0.,4.425));
#14417 = VECTOR('',#14418,1.);
#14418 = DIRECTION('',(1.,0.));
#14419 = ( GEOMETRIC_REPRESENTATION_CONTEXT(2) 
PARAMETRIC_REPRESENTATION_CONTEXT() REPRESENTATION_CONTEXT('2D SPACE',''
  ) );
#14420 = FACE_BOUND('',#14421,.F.);
#14421 = EDGE_LOOP('',(#14422));
#14422 = ORIENTED_EDGE('',*,*,#14423,.F.);
#14423 = EDGE_CURVE('',#14424,#14424,#14426,.T.);
#14424 = VERTEX_POINT('',#14425);
#14425 = CARTESIAN_POINT('',(-2.295,1.42,5.5));
#14426 = SURFACE_CURVE('',#14427,(#14432,#14439),.PCURVE_S1.);
#14427 = CIRCLE('',#14428,0.475);
#14428 = AXIS2_PLACEMENT_3D('',#14429,#14430,#14431);
#14429 = CARTESIAN_POINT('',(-2.77,1.42,5.5));
#14430 = DIRECTION('',(0.,0.,1.));
#14431 = DIRECTION('',(1.,0.,-0.));
#14432 = PCURVE('',#13264,#14433);
#14433 = DEFINITIONAL_REPRESENTATION('',(#14434),#14438);
#14434 = CIRCLE('',#14435,0.475);
#14435 = AXIS2_PLACEMENT_2D('',#14436,#14437);
#14436 = CARTESIAN_POINT('',(-2.77,1.324218505745));
#14437 = DIRECTION('',(1.,0.));
#14438 = ( GEOMETRIC_REPRESENTATION_CONTEXT(2) 
PARAMETRIC_REPRESENTATION_CONTEXT() REPRESENTATION_CONTEXT('2D SPACE',''
  ) );
#14439 = PCURVE('',#14440,#14445);
#14440 = CYLINDRICAL_SURFACE('',#14441,0.475);
#14441 = AXIS2_PLACEMENT_3D('',#14442,#14443,#14444);
#14442 = CARTESIAN_POINT('',(-2.77,1.42,1.075));
#14443 = DIRECTION('',(0.,0.,1.));
#14444 = DIRECTION('',(1.,0.,-0.));
#14445 = DEFINITIONAL_REPRESENTATION('',(#14446),#14450);
#14446 = LINE('',#14447,#14448);
#14447 = CARTESIAN_POINT('',(0.,4.425));
#14448 = VECTOR('',#14449,1.);
#14449 = DIRECTION('',(1.,0.));
#14450 = ( GEOMETRIC_REPRESENTATION_CONTEXT(2) 
PARAMETRIC_REPRESENTATION_CONTEXT() REPRESENTATION_CONTEXT('2D SPACE',''
  ) );
#14451 = FACE_BOUND('',#14452,.F.);
#14452 = EDGE_LOOP('',(#14453));
#14453 = ORIENTED_EDGE('',*,*,#14454,.F.);
#14454 = EDGE_CURVE('',#14455,#14455,#14457,.T.);
#14455 = VERTEX_POINT('',#14456);
#14456 = CARTESIAN_POINT('',(0.475,1.42,5.5));
#14457 = SURFACE_CURVE('',#14458,(#14463,#14470),.PCURVE_S1.);
#14458 = CIRCLE('',#14459,0.475);
#14459 = AXIS2_PLACEMENT_3D('',#14460,#14461,#14462);
#14460 = CARTESIAN_POINT('',(0.,1.42,5.5));
#14461 = DIRECTION('',(0.,0.,1.));
#14462 = DIRECTION('',(1.,0.,-0.));
#14463 = PCURVE('',#13264,#14464);
#14464 = DEFINITIONAL_REPRESENTATION('',(#14465),#14469);
#14465 = CIRCLE('',#14466,0.475);
#14466 = AXIS2_PLACEMENT_2D('',#14467,#14468);
#14467 = CARTESIAN_POINT('',(2.265585765147E-16,1.324218505745));
#14468 = DIRECTION('',(1.,0.));
#14469 = ( GEOMETRIC_REPRESENTATION_CONTEXT(2) 
PARAMETRIC_REPRESENTATION_CONTEXT() REPRESENTATION_CONTEXT('2D SPACE',''
  ) );
#14470 = PCURVE('',#14471,#14476);
#14471 = CYLINDRICAL_SURFACE('',#14472,0.475);
#14472 = AXIS2_PLACEMENT_3D('',#14473,#14474,#14475);
#14473 = CARTESIAN_POINT('',(0.,1.42,1.075));
#14474 = DIRECTION('',(0.,0.,1.));
#14475 = DIRECTION('',(1.,0.,-0.));
#14476 = DEFINITIONAL_REPRESENTATION('',(#14477),#14481);
#14477 = LINE('',#14478,#14479);
#14478 = CARTESIAN_POINT('',(0.,4.425));
#14479 = VECTOR('',#14480,1.);
#14480 = DIRECTION('',(1.,0.));
#14481 = ( GEOMETRIC_REPRESENTATION_CONTEXT(2) 
PARAMETRIC_REPRESENTATION_CONTEXT() REPRESENTATION_CONTEXT('2D SPACE',''
  ) );
#14482 = FACE_BOUND('',#14483,.F.);
#14483 = EDGE_LOOP('',(#14484));
#14484 = ORIENTED_EDGE('',*,*,#14485,.F.);
#14485 = EDGE_CURVE('',#14486,#14486,#14488,.T.);
#14486 = VERTEX_POINT('',#14487);
#14487 = CARTESIAN_POINT('',(3.245,1.42,5.5));
#14488 = SURFACE_CURVE('',#14489,(#14494,#14501),.PCURVE_S1.);
#14489 = CIRCLE('',#14490,0.475);
#14490 = AXIS2_PLACEMENT_3D('',#14491,#14492,#14493);
#14491 = CARTESIAN_POINT('',(2.77,1.42,5.5));
#14492 = DIRECTION('',(0.,0.,1.));
#14493 = DIRECTION('',(1.,0.,-0.));
#14494 = PCURVE('',#13264,#14495);
#14495 = DEFINITIONAL_REPRESENTATION('',(#14496),#14500);
#14496 = CIRCLE('',#14497,0.475);
#14497 = AXIS2_PLACEMENT_2D('',#14498,#14499);
#14498 = CARTESIAN_POINT('',(2.77,1.324218505745));
#14499 = DIRECTION('',(1.,0.));
#14500 = ( GEOMETRIC_REPRESENTATION_CONTEXT(2) 
PARAMETRIC_REPRESENTATION_CONTEXT() REPRESENTATION_CONTEXT('2D SPACE',''
  ) );
#14501 = PCURVE('',#14502,#14507);
#14502 = CYLINDRICAL_SURFACE('',#14503,0.475);
#14503 = AXIS2_PLACEMENT_3D('',#14504,#14505,#14506);
#14504 = CARTESIAN_POINT('',(2.77,1.42,1.075));
#14505 = DIRECTION('',(0.,0.,1.));
#14506 = DIRECTION('',(1.,0.,-0.));
#14507 = DEFINITIONAL_REPRESENTATION('',(#14508),#14512);
#14508 = LINE('',#14509,#14510);
#14509 = CARTESIAN_POINT('',(0.,4.425));
#14510 = VECTOR('',#14511,1.);
#14511 = DIRECTION('',(1.,0.));
#14512 = ( GEOMETRIC_REPRESENTATION_CONTEXT(2) 
PARAMETRIC_REPRESENTATION_CONTEXT() REPRESENTATION_CONTEXT('2D SPACE',''
  ) );
#14513 = FACE_BOUND('',#14514,.F.);
#14514 = EDGE_LOOP('',(#14515));
#14515 = ORIENTED_EDGE('',*,*,#14516,.F.);
#14516 = EDGE_CURVE('',#14517,#14517,#14519,.T.);
#14517 = VERTEX_POINT('',#14518);
#14518 = CARTESIAN_POINT('',(6.015,1.42,5.5));
#14519 = SURFACE_CURVE('',#14520,(#14525,#14532),.PCURVE_S1.);
#14520 = CIRCLE('',#14521,0.475);
#14521 = AXIS2_PLACEMENT_3D('',#14522,#14523,#14524);
#14522 = CARTESIAN_POINT('',(5.54,1.42,5.5));
#14523 = DIRECTION('',(0.,0.,1.));
#14524 = DIRECTION('',(1.,0.,-0.));
#14525 = PCURVE('',#13264,#14526);
#14526 = DEFINITIONAL_REPRESENTATION('',(#14527),#14531);
#14527 = CIRCLE('',#14528,0.475);
#14528 = AXIS2_PLACEMENT_2D('',#14529,#14530);
#14529 = CARTESIAN_POINT('',(5.54,1.324218505745));
#14530 = DIRECTION('',(1.,0.));
#14531 = ( GEOMETRIC_REPRESENTATION_CONTEXT(2) 
PARAMETRIC_REPRESENTATION_CONTEXT() REPRESENTATION_CONTEXT('2D SPACE',''
  ) );
#14532 = PCURVE('',#14533,#14538);
#14533 = CYLINDRICAL_SURFACE('',#14534,0.475);
#14534 = AXIS2_PLACEMENT_3D('',#14535,#14536,#14537);
#14535 = CARTESIAN_POINT('',(5.54,1.42,1.075));
#14536 = DIRECTION('',(0.,0.,1.));
#14537 = DIRECTION('',(1.,0.,-0.));
#14538 = DEFINITIONAL_REPRESENTATION('',(#14539),#14543);
#14539 = LINE('',#14540,#14541);
#14540 = CARTESIAN_POINT('',(0.,4.425));
#14541 = VECTOR('',#14542,1.);
#14542 = DIRECTION('',(1.,0.));
#14543 = ( GEOMETRIC_REPRESENTATION_CONTEXT(2) 
PARAMETRIC_REPRESENTATION_CONTEXT() REPRESENTATION_CONTEXT('2D SPACE',''
  ) );
#14544 = FACE_BOUND('',#14545,.F.);
#14545 = EDGE_LOOP('',(#14546));
#14546 = ORIENTED_EDGE('',*,*,#14547,.F.);
#14547 = EDGE_CURVE('',#14548,#14548,#14550,.T.);
#14548 = VERTEX_POINT('',#14549);
#14549 = CARTESIAN_POINT('',(8.785,1.42,5.5));
#14550 = SURFACE_CURVE('',#14551,(#14556,#14563),.PCURVE_S1.);
#14551 = CIRCLE('',#14552,0.475);
#14552 = AXIS2_PLACEMENT_3D('',#14553,#14554,#14555);
#14553 = CARTESIAN_POINT('',(8.31,1.42,5.5));
#14554 = DIRECTION('',(0.,0.,1.));
#14555 = DIRECTION('',(1.,0.,-0.));
#14556 = PCURVE('',#13264,#14557);
#14557 = DEFINITIONAL_REPRESENTATION('',(#14558),#14562);
#14558 = CIRCLE('',#14559,0.475);
#14559 = AXIS2_PLACEMENT_2D('',#14560,#14561);
#14560 = CARTESIAN_POINT('',(8.31,1.324218505745));
#14561 = DIRECTION('',(1.,0.));
#14562 = ( GEOMETRIC_REPRESENTATION_CONTEXT(2) 
PARAMETRIC_REPRESENTATION_CONTEXT() REPRESENTATION_CONTEXT('2D SPACE',''
  ) );
#14563 = PCURVE('',#14564,#14569);
#14564 = CYLINDRICAL_SURFACE('',#14565,0.475);
#14565 = AXIS2_PLACEMENT_3D('',#14566,#14567,#14568);
#14566 = CARTESIAN_POINT('',(8.31,1.42,1.075));
#14567 = DIRECTION('',(0.,0.,1.));
#14568 = DIRECTION('',(1.,0.,-0.));
#14569 = DEFINITIONAL_REPRESENTATION('',(#14570),#14574);
#14570 = LINE('',#14571,#14572);
#14571 = CARTESIAN_POINT('',(0.,4.425));
#14572 = VECTOR('',#14573,1.);
#14573 = DIRECTION('',(1.,0.));
#14574 = ( GEOMETRIC_REPRESENTATION_CONTEXT(2) 
PARAMETRIC_REPRESENTATION_CONTEXT() REPRESENTATION_CONTEXT('2D SPACE',''
  ) );
#14575 = FACE_BOUND('',#14576,.F.);
#14576 = EDGE_LOOP('',(#14577));
#14577 = ORIENTED_EDGE('',*,*,#14578,.F.);
#14578 = EDGE_CURVE('',#14579,#14579,#14581,.T.);
#14579 = VERTEX_POINT('',#14580);
#14580 = CARTESIAN_POINT('',(11.555,1.42,5.5));
#14581 = SURFACE_CURVE('',#14582,(#14587,#14594),.PCURVE_S1.);
#14582 = CIRCLE('',#14583,0.475);
#14583 = AXIS2_PLACEMENT_3D('',#14584,#14585,#14586);
#14584 = CARTESIAN_POINT('',(11.08,1.42,5.5));
#14585 = DIRECTION('',(0.,0.,1.));
#14586 = DIRECTION('',(1.,0.,-0.));
#14587 = PCURVE('',#13264,#14588);
#14588 = DEFINITIONAL_REPRESENTATION('',(#14589),#14593);
#14589 = CIRCLE('',#14590,0.475);
#14590 = AXIS2_PLACEMENT_2D('',#14591,#14592);
#14591 = CARTESIAN_POINT('',(11.08,1.324218505745));
#14592 = DIRECTION('',(1.,0.));
#14593 = ( GEOMETRIC_REPRESENTATION_CONTEXT(2) 
PARAMETRIC_REPRESENTATION_CONTEXT() REPRESENTATION_CONTEXT('2D SPACE',''
  ) );
#14594 = PCURVE('',#14595,#14600);
#14595 = CYLINDRICAL_SURFACE('',#14596,0.475);
#14596 = AXIS2_PLACEMENT_3D('',#14597,#14598,#14599);
#14597 = CARTESIAN_POINT('',(11.08,1.42,1.075));
#14598 = DIRECTION('',(0.,0.,1.));
#14599 = DIRECTION('',(1.,0.,-0.));
#14600 = DEFINITIONAL_REPRESENTATION('',(#14601),#14605);
#14601 = LINE('',#14602,#14603);
#14602 = CARTESIAN_POINT('',(0.,4.425));
#14603 = VECTOR('',#14604,1.);
#14604 = DIRECTION('',(1.,0.));
#14605 = ( GEOMETRIC_REPRESENTATION_CONTEXT(2) 
PARAMETRIC_REPRESENTATION_CONTEXT() REPRESENTATION_CONTEXT('2D SPACE',''
  ) );
#14606 = FACE_BOUND('',#14607,.F.);
#14607 = EDGE_LOOP('',(#14608));
#14608 = ORIENTED_EDGE('',*,*,#14609,.F.);
#14609 = EDGE_CURVE('',#14610,#14610,#14612,.T.);
#14610 = VERTEX_POINT('',#14611);
#14611 = CARTESIAN_POINT('',(14.325,1.42,5.5));
#14612 = SURFACE_CURVE('',#14613,(#14618,#14625),.PCURVE_S1.);
#14613 = CIRCLE('',#14614,0.475);
#14614 = AXIS2_PLACEMENT_3D('',#14615,#14616,#14617);
#14615 = CARTESIAN_POINT('',(13.85,1.42,5.5));
#14616 = DIRECTION('',(0.,0.,1.));
#14617 = DIRECTION('',(1.,0.,-0.));
#14618 = PCURVE('',#13264,#14619);
#14619 = DEFINITIONAL_REPRESENTATION('',(#14620),#14624);
#14620 = CIRCLE('',#14621,0.475);
#14621 = AXIS2_PLACEMENT_2D('',#14622,#14623);
#14622 = CARTESIAN_POINT('',(13.85,1.324218505745));
#14623 = DIRECTION('',(1.,0.));
#14624 = ( GEOMETRIC_REPRESENTATION_CONTEXT(2) 
PARAMETRIC_REPRESENTATION_CONTEXT() REPRESENTATION_CONTEXT('2D SPACE',''
  ) );
#14625 = PCURVE('',#14626,#14631);
#14626 = CYLINDRICAL_SURFACE('',#14627,0.475);
#14627 = AXIS2_PLACEMENT_3D('',#14628,#14629,#14630);
#14628 = CARTESIAN_POINT('',(13.85,1.42,1.075));
#14629 = DIRECTION('',(0.,0.,1.));
#14630 = DIRECTION('',(1.,0.,-0.));
#14631 = DEFINITIONAL_REPRESENTATION('',(#14632),#14636);
#14632 = LINE('',#14633,#14634);
#14633 = CARTESIAN_POINT('',(0.,4.425));
#14634 = VECTOR('',#14635,1.);
#14635 = DIRECTION('',(1.,0.));
#14636 = ( GEOMETRIC_REPRESENTATION_CONTEXT(2) 
PARAMETRIC_REPRESENTATION_CONTEXT() REPRESENTATION_CONTEXT('2D SPACE',''
  ) );
#14637 = FACE_BOUND('',#14638,.F.);
#14638 = EDGE_LOOP('',(#14639));
#14639 = ORIENTED_EDGE('',*,*,#14640,.F.);
#14640 = EDGE_CURVE('',#14641,#14641,#14643,.T.);
#14641 = VERTEX_POINT('',#14642);
#14642 = CARTESIAN_POINT('',(17.095,1.42,5.5));
#14643 = SURFACE_CURVE('',#14644,(#14649,#14656),.PCURVE_S1.);
#14644 = CIRCLE('',#14645,0.475);
#14645 = AXIS2_PLACEMENT_3D('',#14646,#14647,#14648);
#14646 = CARTESIAN_POINT('',(16.62,1.42,5.5));
#14647 = DIRECTION('',(0.,0.,1.));
#14648 = DIRECTION('',(1.,0.,-0.));
#14649 = PCURVE('',#13264,#14650);
#14650 = DEFINITIONAL_REPRESENTATION('',(#14651),#14655);
#14651 = CIRCLE('',#14652,0.475);
#14652 = AXIS2_PLACEMENT_2D('',#14653,#14654);
#14653 = CARTESIAN_POINT('',(16.62,1.324218505745));
#14654 = DIRECTION('',(1.,0.));
#14655 = ( GEOMETRIC_REPRESENTATION_CONTEXT(2) 
PARAMETRIC_REPRESENTATION_CONTEXT() REPRESENTATION_CONTEXT('2D SPACE',''
  ) );
#14656 = PCURVE('',#14657,#14662);
#14657 = CYLINDRICAL_SURFACE('',#14658,0.475);
#14658 = AXIS2_PLACEMENT_3D('',#14659,#14660,#14661);
#14659 = CARTESIAN_POINT('',(16.62,1.42,1.075));
#14660 = DIRECTION('',(0.,0.,1.));
#14661 = DIRECTION('',(1.,0.,-0.));
#14662 = DEFINITIONAL_REPRESENTATION('',(#14663),#14667);
#14663 = LINE('',#14664,#14665);
#14664 = CARTESIAN_POINT('',(0.,4.425));
#14665 = VECTOR('',#14666,1.);
#14666 = DIRECTION('',(1.,0.));
#14667 = ( GEOMETRIC_REPRESENTATION_CONTEXT(2) 
PARAMETRIC_REPRESENTATION_CONTEXT() REPRESENTATION_CONTEXT('2D SPACE',''
  ) );
#14668 = FACE_BOUND('',#14669,.F.);
#14669 = EDGE_LOOP('',(#14670));
#14670 = ORIENTED_EDGE('',*,*,#14671,.F.);
#14671 = EDGE_CURVE('',#14672,#14672,#14674,.T.);
#14672 = VERTEX_POINT('',#14673);
#14673 = CARTESIAN_POINT('',(19.865,1.42,5.5));
#14674 = SURFACE_CURVE('',#14675,(#14680,#14687),.PCURVE_S1.);
#14675 = CIRCLE('',#14676,0.475);
#14676 = AXIS2_PLACEMENT_3D('',#14677,#14678,#14679);
#14677 = CARTESIAN_POINT('',(19.39,1.42,5.5));
#14678 = DIRECTION('',(0.,0.,1.));
#14679 = DIRECTION('',(1.,0.,-0.));
#14680 = PCURVE('',#13264,#14681);
#14681 = DEFINITIONAL_REPRESENTATION('',(#14682),#14686);
#14682 = CIRCLE('',#14683,0.475);
#14683 = AXIS2_PLACEMENT_2D('',#14684,#14685);
#14684 = CARTESIAN_POINT('',(19.39,1.324218505745));
#14685 = DIRECTION('',(1.,0.));
#14686 = ( GEOMETRIC_REPRESENTATION_CONTEXT(2) 
PARAMETRIC_REPRESENTATION_CONTEXT() REPRESENTATION_CONTEXT('2D SPACE',''
  ) );
#14687 = PCURVE('',#14688,#14693);
#14688 = CYLINDRICAL_SURFACE('',#14689,0.475);
#14689 = AXIS2_PLACEMENT_3D('',#14690,#14691,#14692);
#14690 = CARTESIAN_POINT('',(19.39,1.42,1.075));
#14691 = DIRECTION('',(0.,0.,1.));
#14692 = DIRECTION('',(1.,0.,-0.));
#14693 = DEFINITIONAL_REPRESENTATION('',(#14694),#14698);
#14694 = LINE('',#14695,#14696);
#14695 = CARTESIAN_POINT('',(0.,4.425));
#14696 = VECTOR('',#14697,1.);
#14697 = DIRECTION('',(1.,0.));
#14698 = ( GEOMETRIC_REPRESENTATION_CONTEXT(2) 
PARAMETRIC_REPRESENTATION_CONTEXT() REPRESENTATION_CONTEXT('2D SPACE',''
  ) );
#14699 = FACE_BOUND('',#14700,.F.);
#14700 = EDGE_LOOP('',(#14701));
#14701 = ORIENTED_EDGE('',*,*,#14702,.F.);
#14702 = EDGE_CURVE('',#14703,#14703,#14705,.T.);
#14703 = VERTEX_POINT('',#14704);
#14704 = CARTESIAN_POINT('',(22.635,1.42,5.5));
#14705 = SURFACE_CURVE('',#14706,(#14711,#14718),.PCURVE_S1.);
#14706 = CIRCLE('',#14707,0.475);
#14707 = AXIS2_PLACEMENT_3D('',#14708,#14709,#14710);
#14708 = CARTESIAN_POINT('',(22.16,1.42,5.5));
#14709 = DIRECTION('',(0.,0.,1.));
#14710 = DIRECTION('',(1.,0.,-0.));
#14711 = PCURVE('',#13264,#14712);
#14712 = DEFINITIONAL_REPRESENTATION('',(#14713),#14717);
#14713 = CIRCLE('',#14714,0.475);
#14714 = AXIS2_PLACEMENT_2D('',#14715,#14716);
#14715 = CARTESIAN_POINT('',(22.16,1.324218505745));
#14716 = DIRECTION('',(1.,0.));
#14717 = ( GEOMETRIC_REPRESENTATION_CONTEXT(2) 
PARAMETRIC_REPRESENTATION_CONTEXT() REPRESENTATION_CONTEXT('2D SPACE',''
  ) );
#14718 = PCURVE('',#14719,#14724);
#14719 = CYLINDRICAL_SURFACE('',#14720,0.475);
#14720 = AXIS2_PLACEMENT_3D('',#14721,#14722,#14723);
#14721 = CARTESIAN_POINT('',(22.16,1.42,1.075));
#14722 = DIRECTION('',(0.,0.,1.));
#14723 = DIRECTION('',(1.,0.,-0.));
#14724 = DEFINITIONAL_REPRESENTATION('',(#14725),#14729);
#14725 = LINE('',#14726,#14727);
#14726 = CARTESIAN_POINT('',(0.,4.425));
#14727 = VECTOR('',#14728,1.);
#14728 = DIRECTION('',(1.,0.));
#14729 = ( GEOMETRIC_REPRESENTATION_CONTEXT(2) 
PARAMETRIC_REPRESENTATION_CONTEXT() REPRESENTATION_CONTEXT('2D SPACE',''
  ) );
#14730 = FACE_BOUND('',#14731,.F.);
#14731 = EDGE_LOOP('',(#14732));
#14732 = ORIENTED_EDGE('',*,*,#14733,.F.);
#14733 = EDGE_CURVE('',#14734,#14734,#14736,.T.);
#14734 = VERTEX_POINT('',#14735);
#14735 = CARTESIAN_POINT('',(25.405,1.42,5.5));
#14736 = SURFACE_CURVE('',#14737,(#14742,#14749),.PCURVE_S1.);
#14737 = CIRCLE('',#14738,0.475);
#14738 = AXIS2_PLACEMENT_3D('',#14739,#14740,#14741);
#14739 = CARTESIAN_POINT('',(24.93,1.42,5.5));
#14740 = DIRECTION('',(0.,0.,1.));
#14741 = DIRECTION('',(1.,0.,-0.));
#14742 = PCURVE('',#13264,#14743);
#14743 = DEFINITIONAL_REPRESENTATION('',(#14744),#14748);
#14744 = CIRCLE('',#14745,0.475);
#14745 = AXIS2_PLACEMENT_2D('',#14746,#14747);
#14746 = CARTESIAN_POINT('',(24.93,1.324218505745));
#14747 = DIRECTION('',(1.,0.));
#14748 = ( GEOMETRIC_REPRESENTATION_CONTEXT(2) 
PARAMETRIC_REPRESENTATION_CONTEXT() REPRESENTATION_CONTEXT('2D SPACE',''
  ) );
#14749 = PCURVE('',#14750,#14755);
#14750 = CYLINDRICAL_SURFACE('',#14751,0.475);
#14751 = AXIS2_PLACEMENT_3D('',#14752,#14753,#14754);
#14752 = CARTESIAN_POINT('',(24.93,1.42,1.075));
#14753 = DIRECTION('',(0.,0.,1.));
#14754 = DIRECTION('',(1.,0.,-0.));
#14755 = DEFINITIONAL_REPRESENTATION('',(#14756),#14760);
#14756 = LINE('',#14757,#14758);
#14757 = CARTESIAN_POINT('',(0.,4.425));
#14758 = VECTOR('',#14759,1.);
#14759 = DIRECTION('',(1.,0.));
#14760 = ( GEOMETRIC_REPRESENTATION_CONTEXT(2) 
PARAMETRIC_REPRESENTATION_CONTEXT() REPRESENTATION_CONTEXT('2D SPACE',''
  ) );
#14761 = ADVANCED_FACE('',(#14762),#13634,.T.);
#14762 = FACE_BOUND('',#14763,.T.);
#14763 = EDGE_LOOP('',(#14764,#14765,#14788,#14815));
#14764 = ORIENTED_EDGE('',*,*,#13617,.F.);
#14765 = ORIENTED_EDGE('',*,*,#14766,.F.);
#14766 = EDGE_CURVE('',#14767,#13618,#14769,.T.);
#14767 = VERTEX_POINT('',#14768);
#14768 = CARTESIAN_POINT('',(-23.07,-1.42,1.075));
#14769 = SEAM_CURVE('',#14770,(#14774,#14781),.PCURVE_S1.);
#14770 = LINE('',#14771,#14772);
#14771 = CARTESIAN_POINT('',(-23.07,-1.42,1.075));
#14772 = VECTOR('',#14773,1.);
#14773 = DIRECTION('',(0.,0.,1.));
#14774 = PCURVE('',#13634,#14775);
#14775 = DEFINITIONAL_REPRESENTATION('',(#14776),#14780);
#14776 = LINE('',#14777,#14778);
#14777 = CARTESIAN_POINT('',(6.28318530718,-0.));
#14778 = VECTOR('',#14779,1.);
#14779 = DIRECTION('',(0.,1.));
#14780 = ( GEOMETRIC_REPRESENTATION_CONTEXT(2) 
PARAMETRIC_REPRESENTATION_CONTEXT() REPRESENTATION_CONTEXT('2D SPACE',''
  ) );
#14781 = PCURVE('',#13634,#14782);
#14782 = DEFINITIONAL_REPRESENTATION('',(#14783),#14787);
#14783 = LINE('',#14784,#14785);
#14784 = CARTESIAN_POINT('',(0.,-0.));
#14785 = VECTOR('',#14786,1.);
#14786 = DIRECTION('',(0.,1.));
#14787 = ( GEOMETRIC_REPRESENTATION_CONTEXT(2) 
PARAMETRIC_REPRESENTATION_CONTEXT() REPRESENTATION_CONTEXT('2D SPACE',''
  ) );
#14788 = ORIENTED_EDGE('',*,*,#14789,.T.);
#14789 = EDGE_CURVE('',#14767,#14767,#14790,.T.);
#14790 = SURFACE_CURVE('',#14791,(#14796,#14803),.PCURVE_S1.);
#14791 = CIRCLE('',#14792,0.475);
#14792 = AXIS2_PLACEMENT_3D('',#14793,#14794,#14795);
#14793 = CARTESIAN_POINT('',(-23.545,-1.42,1.075));
#14794 = DIRECTION('',(0.,0.,1.));
#14795 = DIRECTION('',(1.,0.,-0.));
#14796 = PCURVE('',#13634,#14797);
#14797 = DEFINITIONAL_REPRESENTATION('',(#14798),#14802);
#14798 = LINE('',#14799,#14800);
#14799 = CARTESIAN_POINT('',(0.,0.));
#14800 = VECTOR('',#14801,1.);
#14801 = DIRECTION('',(1.,0.));
#14802 = ( GEOMETRIC_REPRESENTATION_CONTEXT(2) 
PARAMETRIC_REPRESENTATION_CONTEXT() REPRESENTATION_CONTEXT('2D SPACE',''
  ) );
#14803 = PCURVE('',#14804,#14809);
#14804 = SPHERICAL_SURFACE('',#14805,0.475);
#14805 = AXIS2_PLACEMENT_3D('',#14806,#14807,#14808);
#14806 = CARTESIAN_POINT('',(-23.545,-1.42,1.075));
#14807 = DIRECTION('',(0.,0.,1.));
#14808 = DIRECTION('',(1.,0.,-0.));
#14809 = DEFINITIONAL_REPRESENTATION('',(#14810),#14814);
#14810 = LINE('',#14811,#14812);
#14811 = CARTESIAN_POINT('',(0.,0.));
#14812 = VECTOR('',#14813,1.);
#14813 = DIRECTION('',(1.,0.));
#14814 = ( GEOMETRIC_REPRESENTATION_CONTEXT(2) 
PARAMETRIC_REPRESENTATION_CONTEXT() REPRESENTATION_CONTEXT('2D SPACE',''
  ) );
#14815 = ORIENTED_EDGE('',*,*,#14766,.T.);
#14816 = ADVANCED_FACE('',(#14817),#13665,.T.);
#14817 = FACE_BOUND('',#14818,.T.);
#14818 = EDGE_LOOP('',(#14819,#14820,#14843,#14870));
#14819 = ORIENTED_EDGE('',*,*,#13648,.F.);
#14820 = ORIENTED_EDGE('',*,*,#14821,.F.);
#14821 = EDGE_CURVE('',#14822,#13649,#14824,.T.);
#14822 = VERTEX_POINT('',#14823);
#14823 = CARTESIAN_POINT('',(-20.3,-1.42,1.075));
#14824 = SEAM_CURVE('',#14825,(#14829,#14836),.PCURVE_S1.);
#14825 = LINE('',#14826,#14827);
#14826 = CARTESIAN_POINT('',(-20.3,-1.42,1.075));
#14827 = VECTOR('',#14828,1.);
#14828 = DIRECTION('',(0.,0.,1.));
#14829 = PCURVE('',#13665,#14830);
#14830 = DEFINITIONAL_REPRESENTATION('',(#14831),#14835);
#14831 = LINE('',#14832,#14833);
#14832 = CARTESIAN_POINT('',(6.28318530718,-0.));
#14833 = VECTOR('',#14834,1.);
#14834 = DIRECTION('',(0.,1.));
#14835 = ( GEOMETRIC_REPRESENTATION_CONTEXT(2) 
PARAMETRIC_REPRESENTATION_CONTEXT() REPRESENTATION_CONTEXT('2D SPACE',''
  ) );
#14836 = PCURVE('',#13665,#14837);
#14837 = DEFINITIONAL_REPRESENTATION('',(#14838),#14842);
#14838 = LINE('',#14839,#14840);
#14839 = CARTESIAN_POINT('',(0.,-0.));
#14840 = VECTOR('',#14841,1.);
#14841 = DIRECTION('',(0.,1.));
#14842 = ( GEOMETRIC_REPRESENTATION_CONTEXT(2) 
PARAMETRIC_REPRESENTATION_CONTEXT() REPRESENTATION_CONTEXT('2D SPACE',''
  ) );
#14843 = ORIENTED_EDGE('',*,*,#14844,.T.);
#14844 = EDGE_CURVE('',#14822,#14822,#14845,.T.);
#14845 = SURFACE_CURVE('',#14846,(#14851,#14858),.PCURVE_S1.);
#14846 = CIRCLE('',#14847,0.475);
#14847 = AXIS2_PLACEMENT_3D('',#14848,#14849,#14850);
#14848 = CARTESIAN_POINT('',(-20.775,-1.42,1.075));
#14849 = DIRECTION('',(0.,0.,1.));
#14850 = DIRECTION('',(1.,0.,-0.));
#14851 = PCURVE('',#13665,#14852);
#14852 = DEFINITIONAL_REPRESENTATION('',(#14853),#14857);
#14853 = LINE('',#14854,#14855);
#14854 = CARTESIAN_POINT('',(0.,0.));
#14855 = VECTOR('',#14856,1.);
#14856 = DIRECTION('',(1.,0.));
#14857 = ( GEOMETRIC_REPRESENTATION_CONTEXT(2) 
PARAMETRIC_REPRESENTATION_CONTEXT() REPRESENTATION_CONTEXT('2D SPACE',''
  ) );
#14858 = PCURVE('',#14859,#14864);
#14859 = SPHERICAL_SURFACE('',#14860,0.475);
#14860 = AXIS2_PLACEMENT_3D('',#14861,#14862,#14863);
#14861 = CARTESIAN_POINT('',(-20.775,-1.42,1.075));
#14862 = DIRECTION('',(0.,0.,1.));
#14863 = DIRECTION('',(1.,0.,-0.));
#14864 = DEFINITIONAL_REPRESENTATION('',(#14865),#14869);
#14865 = LINE('',#14866,#14867);
#14866 = CARTESIAN_POINT('',(0.,0.));
#14867 = VECTOR('',#14868,1.);
#14868 = DIRECTION('',(1.,0.));
#14869 = ( GEOMETRIC_REPRESENTATION_CONTEXT(2) 
PARAMETRIC_REPRESENTATION_CONTEXT() REPRESENTATION_CONTEXT('2D SPACE',''
  ) );
#14870 = ORIENTED_EDGE('',*,*,#14821,.T.);
#14871 = ADVANCED_FACE('',(#14872),#13696,.T.);
#14872 = FACE_BOUND('',#14873,.T.);
#14873 = EDGE_LOOP('',(#14874,#14875,#14898,#14925));
#14874 = ORIENTED_EDGE('',*,*,#13679,.F.);
#14875 = ORIENTED_EDGE('',*,*,#14876,.F.);
#14876 = EDGE_CURVE('',#14877,#13680,#14879,.T.);
#14877 = VERTEX_POINT('',#14878);
#14878 = CARTESIAN_POINT('',(-17.53,-1.42,1.075));
#14879 = SEAM_CURVE('',#14880,(#14884,#14891),.PCURVE_S1.);
#14880 = LINE('',#14881,#14882);
#14881 = CARTESIAN_POINT('',(-17.53,-1.42,1.075));
#14882 = VECTOR('',#14883,1.);
#14883 = DIRECTION('',(0.,0.,1.));
#14884 = PCURVE('',#13696,#14885);
#14885 = DEFINITIONAL_REPRESENTATION('',(#14886),#14890);
#14886 = LINE('',#14887,#14888);
#14887 = CARTESIAN_POINT('',(6.28318530718,-0.));
#14888 = VECTOR('',#14889,1.);
#14889 = DIRECTION('',(0.,1.));
#14890 = ( GEOMETRIC_REPRESENTATION_CONTEXT(2) 
PARAMETRIC_REPRESENTATION_CONTEXT() REPRESENTATION_CONTEXT('2D SPACE',''
  ) );
#14891 = PCURVE('',#13696,#14892);
#14892 = DEFINITIONAL_REPRESENTATION('',(#14893),#14897);
#14893 = LINE('',#14894,#14895);
#14894 = CARTESIAN_POINT('',(0.,-0.));
#14895 = VECTOR('',#14896,1.);
#14896 = DIRECTION('',(0.,1.));
#14897 = ( GEOMETRIC_REPRESENTATION_CONTEXT(2) 
PARAMETRIC_REPRESENTATION_CONTEXT() REPRESENTATION_CONTEXT('2D SPACE',''
  ) );
#14898 = ORIENTED_EDGE('',*,*,#14899,.T.);
#14899 = EDGE_CURVE('',#14877,#14877,#14900,.T.);
#14900 = SURFACE_CURVE('',#14901,(#14906,#14913),.PCURVE_S1.);
#14901 = CIRCLE('',#14902,0.475);
#14902 = AXIS2_PLACEMENT_3D('',#14903,#14904,#14905);
#14903 = CARTESIAN_POINT('',(-18.005,-1.42,1.075));
#14904 = DIRECTION('',(0.,0.,1.));
#14905 = DIRECTION('',(1.,0.,-0.));
#14906 = PCURVE('',#13696,#14907);
#14907 = DEFINITIONAL_REPRESENTATION('',(#14908),#14912);
#14908 = LINE('',#14909,#14910);
#14909 = CARTESIAN_POINT('',(0.,0.));
#14910 = VECTOR('',#14911,1.);
#14911 = DIRECTION('',(1.,0.));
#14912 = ( GEOMETRIC_REPRESENTATION_CONTEXT(2) 
PARAMETRIC_REPRESENTATION_CONTEXT() REPRESENTATION_CONTEXT('2D SPACE',''
  ) );
#14913 = PCURVE('',#14914,#14919);
#14914 = SPHERICAL_SURFACE('',#14915,0.475);
#14915 = AXIS2_PLACEMENT_3D('',#14916,#14917,#14918);
#14916 = CARTESIAN_POINT('',(-18.005,-1.42,1.075));
#14917 = DIRECTION('',(0.,0.,1.));
#14918 = DIRECTION('',(1.,0.,-0.));
#14919 = DEFINITIONAL_REPRESENTATION('',(#14920),#14924);
#14920 = LINE('',#14921,#14922);
#14921 = CARTESIAN_POINT('',(0.,0.));
#14922 = VECTOR('',#14923,1.);
#14923 = DIRECTION('',(1.,0.));
#14924 = ( GEOMETRIC_REPRESENTATION_CONTEXT(2) 
PARAMETRIC_REPRESENTATION_CONTEXT() REPRESENTATION_CONTEXT('2D SPACE',''
  ) );
#14925 = ORIENTED_EDGE('',*,*,#14876,.T.);
#14926 = ADVANCED_FACE('',(#14927),#13727,.T.);
#14927 = FACE_BOUND('',#14928,.T.);
#14928 = EDGE_LOOP('',(#14929,#14930,#14953,#14980));
#14929 = ORIENTED_EDGE('',*,*,#13710,.F.);
#14930 = ORIENTED_EDGE('',*,*,#14931,.F.);
#14931 = EDGE_CURVE('',#14932,#13711,#14934,.T.);
#14932 = VERTEX_POINT('',#14933);
#14933 = CARTESIAN_POINT('',(-14.76,-1.42,1.075));
#14934 = SEAM_CURVE('',#14935,(#14939,#14946),.PCURVE_S1.);
#14935 = LINE('',#14936,#14937);
#14936 = CARTESIAN_POINT('',(-14.76,-1.42,1.075));
#14937 = VECTOR('',#14938,1.);
#14938 = DIRECTION('',(0.,0.,1.));
#14939 = PCURVE('',#13727,#14940);
#14940 = DEFINITIONAL_REPRESENTATION('',(#14941),#14945);
#14941 = LINE('',#14942,#14943);
#14942 = CARTESIAN_POINT('',(6.28318530718,-0.));
#14943 = VECTOR('',#14944,1.);
#14944 = DIRECTION('',(0.,1.));
#14945 = ( GEOMETRIC_REPRESENTATION_CONTEXT(2) 
PARAMETRIC_REPRESENTATION_CONTEXT() REPRESENTATION_CONTEXT('2D SPACE',''
  ) );
#14946 = PCURVE('',#13727,#14947);
#14947 = DEFINITIONAL_REPRESENTATION('',(#14948),#14952);
#14948 = LINE('',#14949,#14950);
#14949 = CARTESIAN_POINT('',(0.,-0.));
#14950 = VECTOR('',#14951,1.);
#14951 = DIRECTION('',(0.,1.));
#14952 = ( GEOMETRIC_REPRESENTATION_CONTEXT(2) 
PARAMETRIC_REPRESENTATION_CONTEXT() REPRESENTATION_CONTEXT('2D SPACE',''
  ) );
#14953 = ORIENTED_EDGE('',*,*,#14954,.T.);
#14954 = EDGE_CURVE('',#14932,#14932,#14955,.T.);
#14955 = SURFACE_CURVE('',#14956,(#14961,#14968),.PCURVE_S1.);
#14956 = CIRCLE('',#14957,0.475);
#14957 = AXIS2_PLACEMENT_3D('',#14958,#14959,#14960);
#14958 = CARTESIAN_POINT('',(-15.235,-1.42,1.075));
#14959 = DIRECTION('',(0.,0.,1.));
#14960 = DIRECTION('',(1.,0.,-0.));
#14961 = PCURVE('',#13727,#14962);
#14962 = DEFINITIONAL_REPRESENTATION('',(#14963),#14967);
#14963 = LINE('',#14964,#14965);
#14964 = CARTESIAN_POINT('',(0.,0.));
#14965 = VECTOR('',#14966,1.);
#14966 = DIRECTION('',(1.,0.));
#14967 = ( GEOMETRIC_REPRESENTATION_CONTEXT(2) 
PARAMETRIC_REPRESENTATION_CONTEXT() REPRESENTATION_CONTEXT('2D SPACE',''
  ) );
#14968 = PCURVE('',#14969,#14974);
#14969 = SPHERICAL_SURFACE('',#14970,0.475);
#14970 = AXIS2_PLACEMENT_3D('',#14971,#14972,#14973);
#14971 = CARTESIAN_POINT('',(-15.235,-1.42,1.075));
#14972 = DIRECTION('',(0.,0.,1.));
#14973 = DIRECTION('',(1.,0.,-0.));
#14974 = DEFINITIONAL_REPRESENTATION('',(#14975),#14979);
#14975 = LINE('',#14976,#14977);
#14976 = CARTESIAN_POINT('',(0.,0.));
#14977 = VECTOR('',#14978,1.);
#14978 = DIRECTION('',(1.,0.));
#14979 = ( GEOMETRIC_REPRESENTATION_CONTEXT(2) 
PARAMETRIC_REPRESENTATION_CONTEXT() REPRESENTATION_CONTEXT('2D SPACE',''
  ) );
#14980 = ORIENTED_EDGE('',*,*,#14931,.T.);
#14981 = ADVANCED_FACE('',(#14982),#13758,.T.);
#14982 = FACE_BOUND('',#14983,.T.);
#14983 = EDGE_LOOP('',(#14984,#14985,#15008,#15035));
#14984 = ORIENTED_EDGE('',*,*,#13741,.F.);
#14985 = ORIENTED_EDGE('',*,*,#14986,.F.);
#14986 = EDGE_CURVE('',#14987,#13742,#14989,.T.);
#14987 = VERTEX_POINT('',#14988);
#14988 = CARTESIAN_POINT('',(-11.99,-1.42,1.075));
#14989 = SEAM_CURVE('',#14990,(#14994,#15001),.PCURVE_S1.);
#14990 = LINE('',#14991,#14992);
#14991 = CARTESIAN_POINT('',(-11.99,-1.42,1.075));
#14992 = VECTOR('',#14993,1.);
#14993 = DIRECTION('',(0.,0.,1.));
#14994 = PCURVE('',#13758,#14995);
#14995 = DEFINITIONAL_REPRESENTATION('',(#14996),#15000);
#14996 = LINE('',#14997,#14998);
#14997 = CARTESIAN_POINT('',(6.28318530718,-0.));
#14998 = VECTOR('',#14999,1.);
#14999 = DIRECTION('',(0.,1.));
#15000 = ( GEOMETRIC_REPRESENTATION_CONTEXT(2) 
PARAMETRIC_REPRESENTATION_CONTEXT() REPRESENTATION_CONTEXT('2D SPACE',''
  ) );
#15001 = PCURVE('',#13758,#15002);
#15002 = DEFINITIONAL_REPRESENTATION('',(#15003),#15007);
#15003 = LINE('',#15004,#15005);
#15004 = CARTESIAN_POINT('',(0.,-0.));
#15005 = VECTOR('',#15006,1.);
#15006 = DIRECTION('',(0.,1.));
#15007 = ( GEOMETRIC_REPRESENTATION_CONTEXT(2) 
PARAMETRIC_REPRESENTATION_CONTEXT() REPRESENTATION_CONTEXT('2D SPACE',''
  ) );
#15008 = ORIENTED_EDGE('',*,*,#15009,.T.);
#15009 = EDGE_CURVE('',#14987,#14987,#15010,.T.);
#15010 = SURFACE_CURVE('',#15011,(#15016,#15023),.PCURVE_S1.);
#15011 = CIRCLE('',#15012,0.475);
#15012 = AXIS2_PLACEMENT_3D('',#15013,#15014,#15015);
#15013 = CARTESIAN_POINT('',(-12.465,-1.42,1.075));
#15014 = DIRECTION('',(0.,0.,1.));
#15015 = DIRECTION('',(1.,0.,-0.));
#15016 = PCURVE('',#13758,#15017);
#15017 = DEFINITIONAL_REPRESENTATION('',(#15018),#15022);
#15018 = LINE('',#15019,#15020);
#15019 = CARTESIAN_POINT('',(0.,0.));
#15020 = VECTOR('',#15021,1.);
#15021 = DIRECTION('',(1.,0.));
#15022 = ( GEOMETRIC_REPRESENTATION_CONTEXT(2) 
PARAMETRIC_REPRESENTATION_CONTEXT() REPRESENTATION_CONTEXT('2D SPACE',''
  ) );
#15023 = PCURVE('',#15024,#15029);
#15024 = SPHERICAL_SURFACE('',#15025,0.475);
#15025 = AXIS2_PLACEMENT_3D('',#15026,#15027,#15028);
#15026 = CARTESIAN_POINT('',(-12.465,-1.42,1.075));
#15027 = DIRECTION('',(0.,0.,1.));
#15028 = DIRECTION('',(1.,0.,-0.));
#15029 = DEFINITIONAL_REPRESENTATION('',(#15030),#15034);
#15030 = LINE('',#15031,#15032);
#15031 = CARTESIAN_POINT('',(0.,0.));
#15032 = VECTOR('',#15033,1.);
#15033 = DIRECTION('',(1.,0.));
#15034 = ( GEOMETRIC_REPRESENTATION_CONTEXT(2) 
PARAMETRIC_REPRESENTATION_CONTEXT() REPRESENTATION_CONTEXT('2D SPACE',''
  ) );
#15035 = ORIENTED_EDGE('',*,*,#14986,.T.);
#15036 = ADVANCED_FACE('',(#15037),#13789,.T.);
#15037 = FACE_BOUND('',#15038,.T.);
#15038 = EDGE_LOOP('',(#15039,#15040,#15063,#15090));
#15039 = ORIENTED_EDGE('',*,*,#13772,.F.);
#15040 = ORIENTED_EDGE('',*,*,#15041,.F.);
#15041 = EDGE_CURVE('',#15042,#13773,#15044,.T.);
#15042 = VERTEX_POINT('',#15043);
#15043 = CARTESIAN_POINT('',(-9.22,-1.42,1.075));
#15044 = SEAM_CURVE('',#15045,(#15049,#15056),.PCURVE_S1.);
#15045 = LINE('',#15046,#15047);
#15046 = CARTESIAN_POINT('',(-9.22,-1.42,1.075));
#15047 = VECTOR('',#15048,1.);
#15048 = DIRECTION('',(0.,0.,1.));
#15049 = PCURVE('',#13789,#15050);
#15050 = DEFINITIONAL_REPRESENTATION('',(#15051),#15055);
#15051 = LINE('',#15052,#15053);
#15052 = CARTESIAN_POINT('',(6.28318530718,-0.));
#15053 = VECTOR('',#15054,1.);
#15054 = DIRECTION('',(0.,1.));
#15055 = ( GEOMETRIC_REPRESENTATION_CONTEXT(2) 
PARAMETRIC_REPRESENTATION_CONTEXT() REPRESENTATION_CONTEXT('2D SPACE',''
  ) );
#15056 = PCURVE('',#13789,#15057);
#15057 = DEFINITIONAL_REPRESENTATION('',(#15058),#15062);
#15058 = LINE('',#15059,#15060);
#15059 = CARTESIAN_POINT('',(0.,-0.));
#15060 = VECTOR('',#15061,1.);
#15061 = DIRECTION('',(0.,1.));
#15062 = ( GEOMETRIC_REPRESENTATION_CONTEXT(2) 
PARAMETRIC_REPRESENTATION_CONTEXT() REPRESENTATION_CONTEXT('2D SPACE',''
  ) );
#15063 = ORIENTED_EDGE('',*,*,#15064,.T.);
#15064 = EDGE_CURVE('',#15042,#15042,#15065,.T.);
#15065 = SURFACE_CURVE('',#15066,(#15071,#15078),.PCURVE_S1.);
#15066 = CIRCLE('',#15067,0.475);
#15067 = AXIS2_PLACEMENT_3D('',#15068,#15069,#15070);
#15068 = CARTESIAN_POINT('',(-9.695,-1.42,1.075));
#15069 = DIRECTION('',(0.,0.,1.));
#15070 = DIRECTION('',(1.,0.,-0.));
#15071 = PCURVE('',#13789,#15072);
#15072 = DEFINITIONAL_REPRESENTATION('',(#15073),#15077);
#15073 = LINE('',#15074,#15075);
#15074 = CARTESIAN_POINT('',(0.,0.));
#15075 = VECTOR('',#15076,1.);
#15076 = DIRECTION('',(1.,0.));
#15077 = ( GEOMETRIC_REPRESENTATION_CONTEXT(2) 
PARAMETRIC_REPRESENTATION_CONTEXT() REPRESENTATION_CONTEXT('2D SPACE',''
  ) );
#15078 = PCURVE('',#15079,#15084);
#15079 = SPHERICAL_SURFACE('',#15080,0.475);
#15080 = AXIS2_PLACEMENT_3D('',#15081,#15082,#15083);
#15081 = CARTESIAN_POINT('',(-9.695,-1.42,1.075));
#15082 = DIRECTION('',(0.,0.,1.));
#15083 = DIRECTION('',(1.,0.,-0.));
#15084 = DEFINITIONAL_REPRESENTATION('',(#15085),#15089);
#15085 = LINE('',#15086,#15087);
#15086 = CARTESIAN_POINT('',(0.,0.));
#15087 = VECTOR('',#15088,1.);
#15088 = DIRECTION('',(1.,0.));
#15089 = ( GEOMETRIC_REPRESENTATION_CONTEXT(2) 
PARAMETRIC_REPRESENTATION_CONTEXT() REPRESENTATION_CONTEXT('2D SPACE',''
  ) );
#15090 = ORIENTED_EDGE('',*,*,#15041,.T.);
#15091 = ADVANCED_FACE('',(#15092),#13820,.T.);
#15092 = FACE_BOUND('',#15093,.T.);
#15093 = EDGE_LOOP('',(#15094,#15095,#15118,#15145));
#15094 = ORIENTED_EDGE('',*,*,#13803,.F.);
#15095 = ORIENTED_EDGE('',*,*,#15096,.F.);
#15096 = EDGE_CURVE('',#15097,#13804,#15099,.T.);
#15097 = VERTEX_POINT('',#15098);
#15098 = CARTESIAN_POINT('',(-6.45,-1.42,1.075));
#15099 = SEAM_CURVE('',#15100,(#15104,#15111),.PCURVE_S1.);
#15100 = LINE('',#15101,#15102);
#15101 = CARTESIAN_POINT('',(-6.45,-1.42,1.075));
#15102 = VECTOR('',#15103,1.);
#15103 = DIRECTION('',(0.,0.,1.));
#15104 = PCURVE('',#13820,#15105);
#15105 = DEFINITIONAL_REPRESENTATION('',(#15106),#15110);
#15106 = LINE('',#15107,#15108);
#15107 = CARTESIAN_POINT('',(6.28318530718,-0.));
#15108 = VECTOR('',#15109,1.);
#15109 = DIRECTION('',(0.,1.));
#15110 = ( GEOMETRIC_REPRESENTATION_CONTEXT(2) 
PARAMETRIC_REPRESENTATION_CONTEXT() REPRESENTATION_CONTEXT('2D SPACE',''
  ) );
#15111 = PCURVE('',#13820,#15112);
#15112 = DEFINITIONAL_REPRESENTATION('',(#15113),#15117);
#15113 = LINE('',#15114,#15115);
#15114 = CARTESIAN_POINT('',(0.,-0.));
#15115 = VECTOR('',#15116,1.);
#15116 = DIRECTION('',(0.,1.));
#15117 = ( GEOMETRIC_REPRESENTATION_CONTEXT(2) 
PARAMETRIC_REPRESENTATION_CONTEXT() REPRESENTATION_CONTEXT('2D SPACE',''
  ) );
#15118 = ORIENTED_EDGE('',*,*,#15119,.T.);
#15119 = EDGE_CURVE('',#15097,#15097,#15120,.T.);
#15120 = SURFACE_CURVE('',#15121,(#15126,#15133),.PCURVE_S1.);
#15121 = CIRCLE('',#15122,0.475);
#15122 = AXIS2_PLACEMENT_3D('',#15123,#15124,#15125);
#15123 = CARTESIAN_POINT('',(-6.925,-1.42,1.075));
#15124 = DIRECTION('',(0.,0.,1.));
#15125 = DIRECTION('',(1.,0.,-0.));
#15126 = PCURVE('',#13820,#15127);
#15127 = DEFINITIONAL_REPRESENTATION('',(#15128),#15132);
#15128 = LINE('',#15129,#15130);
#15129 = CARTESIAN_POINT('',(0.,0.));
#15130 = VECTOR('',#15131,1.);
#15131 = DIRECTION('',(1.,0.));
#15132 = ( GEOMETRIC_REPRESENTATION_CONTEXT(2) 
PARAMETRIC_REPRESENTATION_CONTEXT() REPRESENTATION_CONTEXT('2D SPACE',''
  ) );
#15133 = PCURVE('',#15134,#15139);
#15134 = SPHERICAL_SURFACE('',#15135,0.475);
#15135 = AXIS2_PLACEMENT_3D('',#15136,#15137,#15138);
#15136 = CARTESIAN_POINT('',(-6.925,-1.42,1.075));
#15137 = DIRECTION('',(0.,0.,1.));
#15138 = DIRECTION('',(1.,0.,-0.));
#15139 = DEFINITIONAL_REPRESENTATION('',(#15140),#15144);
#15140 = LINE('',#15141,#15142);
#15141 = CARTESIAN_POINT('',(0.,0.));
#15142 = VECTOR('',#15143,1.);
#15143 = DIRECTION('',(1.,0.));
#15144 = ( GEOMETRIC_REPRESENTATION_CONTEXT(2) 
PARAMETRIC_REPRESENTATION_CONTEXT() REPRESENTATION_CONTEXT('2D SPACE',''
  ) );
#15145 = ORIENTED_EDGE('',*,*,#15096,.T.);
#15146 = ADVANCED_FACE('',(#15147),#13851,.T.);
#15147 = FACE_BOUND('',#15148,.T.);
#15148 = EDGE_LOOP('',(#15149,#15150,#15173,#15200));
#15149 = ORIENTED_EDGE('',*,*,#13834,.F.);
#15150 = ORIENTED_EDGE('',*,*,#15151,.F.);
#15151 = EDGE_CURVE('',#15152,#13835,#15154,.T.);
#15152 = VERTEX_POINT('',#15153);
#15153 = CARTESIAN_POINT('',(-3.68,-1.42,1.075));
#15154 = SEAM_CURVE('',#15155,(#15159,#15166),.PCURVE_S1.);
#15155 = LINE('',#15156,#15157);
#15156 = CARTESIAN_POINT('',(-3.68,-1.42,1.075));
#15157 = VECTOR('',#15158,1.);
#15158 = DIRECTION('',(0.,0.,1.));
#15159 = PCURVE('',#13851,#15160);
#15160 = DEFINITIONAL_REPRESENTATION('',(#15161),#15165);
#15161 = LINE('',#15162,#15163);
#15162 = CARTESIAN_POINT('',(6.28318530718,-0.));
#15163 = VECTOR('',#15164,1.);
#15164 = DIRECTION('',(0.,1.));
#15165 = ( GEOMETRIC_REPRESENTATION_CONTEXT(2) 
PARAMETRIC_REPRESENTATION_CONTEXT() REPRESENTATION_CONTEXT('2D SPACE',''
  ) );
#15166 = PCURVE('',#13851,#15167);
#15167 = DEFINITIONAL_REPRESENTATION('',(#15168),#15172);
#15168 = LINE('',#15169,#15170);
#15169 = CARTESIAN_POINT('',(0.,-0.));
#15170 = VECTOR('',#15171,1.);
#15171 = DIRECTION('',(0.,1.));
#15172 = ( GEOMETRIC_REPRESENTATION_CONTEXT(2) 
PARAMETRIC_REPRESENTATION_CONTEXT() REPRESENTATION_CONTEXT('2D SPACE',''
  ) );
#15173 = ORIENTED_EDGE('',*,*,#15174,.T.);
#15174 = EDGE_CURVE('',#15152,#15152,#15175,.T.);
#15175 = SURFACE_CURVE('',#15176,(#15181,#15188),.PCURVE_S1.);
#15176 = CIRCLE('',#15177,0.475);
#15177 = AXIS2_PLACEMENT_3D('',#15178,#15179,#15180);
#15178 = CARTESIAN_POINT('',(-4.155,-1.42,1.075));
#15179 = DIRECTION('',(0.,0.,1.));
#15180 = DIRECTION('',(1.,0.,-0.));
#15181 = PCURVE('',#13851,#15182);
#15182 = DEFINITIONAL_REPRESENTATION('',(#15183),#15187);
#15183 = LINE('',#15184,#15185);
#15184 = CARTESIAN_POINT('',(0.,0.));
#15185 = VECTOR('',#15186,1.);
#15186 = DIRECTION('',(1.,0.));
#15187 = ( GEOMETRIC_REPRESENTATION_CONTEXT(2) 
PARAMETRIC_REPRESENTATION_CONTEXT() REPRESENTATION_CONTEXT('2D SPACE',''
  ) );
#15188 = PCURVE('',#15189,#15194);
#15189 = SPHERICAL_SURFACE('',#15190,0.475);
#15190 = AXIS2_PLACEMENT_3D('',#15191,#15192,#15193);
#15191 = CARTESIAN_POINT('',(-4.155,-1.42,1.075));
#15192 = DIRECTION('',(0.,0.,1.));
#15193 = DIRECTION('',(1.,0.,-0.));
#15194 = DEFINITIONAL_REPRESENTATION('',(#15195),#15199);
#15195 = LINE('',#15196,#15197);
#15196 = CARTESIAN_POINT('',(0.,0.));
#15197 = VECTOR('',#15198,1.);
#15198 = DIRECTION('',(1.,0.));
#15199 = ( GEOMETRIC_REPRESENTATION_CONTEXT(2) 
PARAMETRIC_REPRESENTATION_CONTEXT() REPRESENTATION_CONTEXT('2D SPACE',''
  ) );
#15200 = ORIENTED_EDGE('',*,*,#15151,.T.);
#15201 = ADVANCED_FACE('',(#15202),#13882,.T.);
#15202 = FACE_BOUND('',#15203,.T.);
#15203 = EDGE_LOOP('',(#15204,#15205,#15228,#15255));
#15204 = ORIENTED_EDGE('',*,*,#13865,.F.);
#15205 = ORIENTED_EDGE('',*,*,#15206,.F.);
#15206 = EDGE_CURVE('',#15207,#13866,#15209,.T.);
#15207 = VERTEX_POINT('',#15208);
#15208 = CARTESIAN_POINT('',(-0.91,-1.42,1.075));
#15209 = SEAM_CURVE('',#15210,(#15214,#15221),.PCURVE_S1.);
#15210 = LINE('',#15211,#15212);
#15211 = CARTESIAN_POINT('',(-0.91,-1.42,1.075));
#15212 = VECTOR('',#15213,1.);
#15213 = DIRECTION('',(0.,0.,1.));
#15214 = PCURVE('',#13882,#15215);
#15215 = DEFINITIONAL_REPRESENTATION('',(#15216),#15220);
#15216 = LINE('',#15217,#15218);
#15217 = CARTESIAN_POINT('',(6.28318530718,-0.));
#15218 = VECTOR('',#15219,1.);
#15219 = DIRECTION('',(0.,1.));
#15220 = ( GEOMETRIC_REPRESENTATION_CONTEXT(2) 
PARAMETRIC_REPRESENTATION_CONTEXT() REPRESENTATION_CONTEXT('2D SPACE',''
  ) );
#15221 = PCURVE('',#13882,#15222);
#15222 = DEFINITIONAL_REPRESENTATION('',(#15223),#15227);
#15223 = LINE('',#15224,#15225);
#15224 = CARTESIAN_POINT('',(0.,-0.));
#15225 = VECTOR('',#15226,1.);
#15226 = DIRECTION('',(0.,1.));
#15227 = ( GEOMETRIC_REPRESENTATION_CONTEXT(2) 
PARAMETRIC_REPRESENTATION_CONTEXT() REPRESENTATION_CONTEXT('2D SPACE',''
  ) );
#15228 = ORIENTED_EDGE('',*,*,#15229,.T.);
#15229 = EDGE_CURVE('',#15207,#15207,#15230,.T.);
#15230 = SURFACE_CURVE('',#15231,(#15236,#15243),.PCURVE_S1.);
#15231 = CIRCLE('',#15232,0.475);
#15232 = AXIS2_PLACEMENT_3D('',#15233,#15234,#15235);
#15233 = CARTESIAN_POINT('',(-1.385,-1.42,1.075));
#15234 = DIRECTION('',(0.,0.,1.));
#15235 = DIRECTION('',(1.,0.,-0.));
#15236 = PCURVE('',#13882,#15237);
#15237 = DEFINITIONAL_REPRESENTATION('',(#15238),#15242);
#15238 = LINE('',#15239,#15240);
#15239 = CARTESIAN_POINT('',(0.,0.));
#15240 = VECTOR('',#15241,1.);
#15241 = DIRECTION('',(1.,0.));
#15242 = ( GEOMETRIC_REPRESENTATION_CONTEXT(2) 
PARAMETRIC_REPRESENTATION_CONTEXT() REPRESENTATION_CONTEXT('2D SPACE',''
  ) );
#15243 = PCURVE('',#15244,#15249);
#15244 = SPHERICAL_SURFACE('',#15245,0.475);
#15245 = AXIS2_PLACEMENT_3D('',#15246,#15247,#15248);
#15246 = CARTESIAN_POINT('',(-1.385,-1.42,1.075));
#15247 = DIRECTION('',(0.,0.,1.));
#15248 = DIRECTION('',(1.,0.,-0.));
#15249 = DEFINITIONAL_REPRESENTATION('',(#15250),#15254);
#15250 = LINE('',#15251,#15252);
#15251 = CARTESIAN_POINT('',(0.,0.));
#15252 = VECTOR('',#15253,1.);
#15253 = DIRECTION('',(1.,0.));
#15254 = ( GEOMETRIC_REPRESENTATION_CONTEXT(2) 
PARAMETRIC_REPRESENTATION_CONTEXT() REPRESENTATION_CONTEXT('2D SPACE',''
  ) );
#15255 = ORIENTED_EDGE('',*,*,#15206,.T.);
#15256 = ADVANCED_FACE('',(#15257),#13913,.T.);
#15257 = FACE_BOUND('',#15258,.T.);
#15258 = EDGE_LOOP('',(#15259,#15260,#15283,#15310));
#15259 = ORIENTED_EDGE('',*,*,#13896,.F.);
#15260 = ORIENTED_EDGE('',*,*,#15261,.F.);
#15261 = EDGE_CURVE('',#15262,#13897,#15264,.T.);
#15262 = VERTEX_POINT('',#15263);
#15263 = CARTESIAN_POINT('',(1.86,-1.42,1.075));
#15264 = SEAM_CURVE('',#15265,(#15269,#15276),.PCURVE_S1.);
#15265 = LINE('',#15266,#15267);
#15266 = CARTESIAN_POINT('',(1.86,-1.42,1.075));
#15267 = VECTOR('',#15268,1.);
#15268 = DIRECTION('',(0.,0.,1.));
#15269 = PCURVE('',#13913,#15270);
#15270 = DEFINITIONAL_REPRESENTATION('',(#15271),#15275);
#15271 = LINE('',#15272,#15273);
#15272 = CARTESIAN_POINT('',(6.28318530718,-0.));
#15273 = VECTOR('',#15274,1.);
#15274 = DIRECTION('',(0.,1.));
#15275 = ( GEOMETRIC_REPRESENTATION_CONTEXT(2) 
PARAMETRIC_REPRESENTATION_CONTEXT() REPRESENTATION_CONTEXT('2D SPACE',''
  ) );
#15276 = PCURVE('',#13913,#15277);
#15277 = DEFINITIONAL_REPRESENTATION('',(#15278),#15282);
#15278 = LINE('',#15279,#15280);
#15279 = CARTESIAN_POINT('',(0.,-0.));
#15280 = VECTOR('',#15281,1.);
#15281 = DIRECTION('',(0.,1.));
#15282 = ( GEOMETRIC_REPRESENTATION_CONTEXT(2) 
PARAMETRIC_REPRESENTATION_CONTEXT() REPRESENTATION_CONTEXT('2D SPACE',''
  ) );
#15283 = ORIENTED_EDGE('',*,*,#15284,.T.);
#15284 = EDGE_CURVE('',#15262,#15262,#15285,.T.);
#15285 = SURFACE_CURVE('',#15286,(#15291,#15298),.PCURVE_S1.);
#15286 = CIRCLE('',#15287,0.475);
#15287 = AXIS2_PLACEMENT_3D('',#15288,#15289,#15290);
#15288 = CARTESIAN_POINT('',(1.385,-1.42,1.075));
#15289 = DIRECTION('',(0.,0.,1.));
#15290 = DIRECTION('',(1.,0.,-0.));
#15291 = PCURVE('',#13913,#15292);
#15292 = DEFINITIONAL_REPRESENTATION('',(#15293),#15297);
#15293 = LINE('',#15294,#15295);
#15294 = CARTESIAN_POINT('',(0.,0.));
#15295 = VECTOR('',#15296,1.);
#15296 = DIRECTION('',(1.,0.));
#15297 = ( GEOMETRIC_REPRESENTATION_CONTEXT(2) 
PARAMETRIC_REPRESENTATION_CONTEXT() REPRESENTATION_CONTEXT('2D SPACE',''
  ) );
#15298 = PCURVE('',#15299,#15304);
#15299 = SPHERICAL_SURFACE('',#15300,0.475);
#15300 = AXIS2_PLACEMENT_3D('',#15301,#15302,#15303);
#15301 = CARTESIAN_POINT('',(1.385,-1.42,1.075));
#15302 = DIRECTION('',(0.,0.,1.));
#15303 = DIRECTION('',(1.,0.,-0.));
#15304 = DEFINITIONAL_REPRESENTATION('',(#15305),#15309);
#15305 = LINE('',#15306,#15307);
#15306 = CARTESIAN_POINT('',(0.,0.));
#15307 = VECTOR('',#15308,1.);
#15308 = DIRECTION('',(1.,0.));
#15309 = ( GEOMETRIC_REPRESENTATION_CONTEXT(2) 
PARAMETRIC_REPRESENTATION_CONTEXT() REPRESENTATION_CONTEXT('2D SPACE',''
  ) );
#15310 = ORIENTED_EDGE('',*,*,#15261,.T.);
#15311 = ADVANCED_FACE('',(#15312),#13944,.T.);
#15312 = FACE_BOUND('',#15313,.T.);
#15313 = EDGE_LOOP('',(#15314,#15315,#15338,#15365));
#15314 = ORIENTED_EDGE('',*,*,#13927,.F.);
#15315 = ORIENTED_EDGE('',*,*,#15316,.F.);
#15316 = EDGE_CURVE('',#15317,#13928,#15319,.T.);
#15317 = VERTEX_POINT('',#15318);
#15318 = CARTESIAN_POINT('',(4.63,-1.42,1.075));
#15319 = SEAM_CURVE('',#15320,(#15324,#15331),.PCURVE_S1.);
#15320 = LINE('',#15321,#15322);
#15321 = CARTESIAN_POINT('',(4.63,-1.42,1.075));
#15322 = VECTOR('',#15323,1.);
#15323 = DIRECTION('',(0.,0.,1.));
#15324 = PCURVE('',#13944,#15325);
#15325 = DEFINITIONAL_REPRESENTATION('',(#15326),#15330);
#15326 = LINE('',#15327,#15328);
#15327 = CARTESIAN_POINT('',(6.28318530718,-0.));
#15328 = VECTOR('',#15329,1.);
#15329 = DIRECTION('',(0.,1.));
#15330 = ( GEOMETRIC_REPRESENTATION_CONTEXT(2) 
PARAMETRIC_REPRESENTATION_CONTEXT() REPRESENTATION_CONTEXT('2D SPACE',''
  ) );
#15331 = PCURVE('',#13944,#15332);
#15332 = DEFINITIONAL_REPRESENTATION('',(#15333),#15337);
#15333 = LINE('',#15334,#15335);
#15334 = CARTESIAN_POINT('',(0.,-0.));
#15335 = VECTOR('',#15336,1.);
#15336 = DIRECTION('',(0.,1.));
#15337 = ( GEOMETRIC_REPRESENTATION_CONTEXT(2) 
PARAMETRIC_REPRESENTATION_CONTEXT() REPRESENTATION_CONTEXT('2D SPACE',''
  ) );
#15338 = ORIENTED_EDGE('',*,*,#15339,.T.);
#15339 = EDGE_CURVE('',#15317,#15317,#15340,.T.);
#15340 = SURFACE_CURVE('',#15341,(#15346,#15353),.PCURVE_S1.);
#15341 = CIRCLE('',#15342,0.475);
#15342 = AXIS2_PLACEMENT_3D('',#15343,#15344,#15345);
#15343 = CARTESIAN_POINT('',(4.155,-1.42,1.075));
#15344 = DIRECTION('',(0.,0.,1.));
#15345 = DIRECTION('',(1.,0.,-0.));
#15346 = PCURVE('',#13944,#15347);
#15347 = DEFINITIONAL_REPRESENTATION('',(#15348),#15352);
#15348 = LINE('',#15349,#15350);
#15349 = CARTESIAN_POINT('',(0.,0.));
#15350 = VECTOR('',#15351,1.);
#15351 = DIRECTION('',(1.,0.));
#15352 = ( GEOMETRIC_REPRESENTATION_CONTEXT(2) 
PARAMETRIC_REPRESENTATION_CONTEXT() REPRESENTATION_CONTEXT('2D SPACE',''
  ) );
#15353 = PCURVE('',#15354,#15359);
#15354 = SPHERICAL_SURFACE('',#15355,0.475);
#15355 = AXIS2_PLACEMENT_3D('',#15356,#15357,#15358);
#15356 = CARTESIAN_POINT('',(4.155,-1.42,1.075));
#15357 = DIRECTION('',(0.,0.,1.));
#15358 = DIRECTION('',(1.,0.,-0.));
#15359 = DEFINITIONAL_REPRESENTATION('',(#15360),#15364);
#15360 = LINE('',#15361,#15362);
#15361 = CARTESIAN_POINT('',(0.,0.));
#15362 = VECTOR('',#15363,1.);
#15363 = DIRECTION('',(1.,0.));
#15364 = ( GEOMETRIC_REPRESENTATION_CONTEXT(2) 
PARAMETRIC_REPRESENTATION_CONTEXT() REPRESENTATION_CONTEXT('2D SPACE',''
  ) );
#15365 = ORIENTED_EDGE('',*,*,#15316,.T.);
#15366 = ADVANCED_FACE('',(#15367),#13975,.T.);
#15367 = FACE_BOUND('',#15368,.T.);
#15368 = EDGE_LOOP('',(#15369,#15370,#15393,#15420));
#15369 = ORIENTED_EDGE('',*,*,#13958,.F.);
#15370 = ORIENTED_EDGE('',*,*,#15371,.F.);
#15371 = EDGE_CURVE('',#15372,#13959,#15374,.T.);
#15372 = VERTEX_POINT('',#15373);
#15373 = CARTESIAN_POINT('',(7.4,-1.42,1.075));
#15374 = SEAM_CURVE('',#15375,(#15379,#15386),.PCURVE_S1.);
#15375 = LINE('',#15376,#15377);
#15376 = CARTESIAN_POINT('',(7.4,-1.42,1.075));
#15377 = VECTOR('',#15378,1.);
#15378 = DIRECTION('',(0.,0.,1.));
#15379 = PCURVE('',#13975,#15380);
#15380 = DEFINITIONAL_REPRESENTATION('',(#15381),#15385);
#15381 = LINE('',#15382,#15383);
#15382 = CARTESIAN_POINT('',(6.28318530718,-0.));
#15383 = VECTOR('',#15384,1.);
#15384 = DIRECTION('',(0.,1.));
#15385 = ( GEOMETRIC_REPRESENTATION_CONTEXT(2) 
PARAMETRIC_REPRESENTATION_CONTEXT() REPRESENTATION_CONTEXT('2D SPACE',''
  ) );
#15386 = PCURVE('',#13975,#15387);
#15387 = DEFINITIONAL_REPRESENTATION('',(#15388),#15392);
#15388 = LINE('',#15389,#15390);
#15389 = CARTESIAN_POINT('',(0.,-0.));
#15390 = VECTOR('',#15391,1.);
#15391 = DIRECTION('',(0.,1.));
#15392 = ( GEOMETRIC_REPRESENTATION_CONTEXT(2) 
PARAMETRIC_REPRESENTATION_CONTEXT() REPRESENTATION_CONTEXT('2D SPACE',''
  ) );
#15393 = ORIENTED_EDGE('',*,*,#15394,.T.);
#15394 = EDGE_CURVE('',#15372,#15372,#15395,.T.);
#15395 = SURFACE_CURVE('',#15396,(#15401,#15408),.PCURVE_S1.);
#15396 = CIRCLE('',#15397,0.475);
#15397 = AXIS2_PLACEMENT_3D('',#15398,#15399,#15400);
#15398 = CARTESIAN_POINT('',(6.925,-1.42,1.075));
#15399 = DIRECTION('',(0.,0.,1.));
#15400 = DIRECTION('',(1.,0.,-0.));
#15401 = PCURVE('',#13975,#15402);
#15402 = DEFINITIONAL_REPRESENTATION('',(#15403),#15407);
#15403 = LINE('',#15404,#15405);
#15404 = CARTESIAN_POINT('',(0.,0.));
#15405 = VECTOR('',#15406,1.);
#15406 = DIRECTION('',(1.,0.));
#15407 = ( GEOMETRIC_REPRESENTATION_CONTEXT(2) 
PARAMETRIC_REPRESENTATION_CONTEXT() REPRESENTATION_CONTEXT('2D SPACE',''
  ) );
#15408 = PCURVE('',#15409,#15414);
#15409 = SPHERICAL_SURFACE('',#15410,0.475);
#15410 = AXIS2_PLACEMENT_3D('',#15411,#15412,#15413);
#15411 = CARTESIAN_POINT('',(6.925,-1.42,1.075));
#15412 = DIRECTION('',(0.,0.,1.));
#15413 = DIRECTION('',(1.,0.,-0.));
#15414 = DEFINITIONAL_REPRESENTATION('',(#15415),#15419);
#15415 = LINE('',#15416,#15417);
#15416 = CARTESIAN_POINT('',(0.,0.));
#15417 = VECTOR('',#15418,1.);
#15418 = DIRECTION('',(1.,0.));
#15419 = ( GEOMETRIC_REPRESENTATION_CONTEXT(2) 
PARAMETRIC_REPRESENTATION_CONTEXT() REPRESENTATION_CONTEXT('2D SPACE',''
  ) );
#15420 = ORIENTED_EDGE('',*,*,#15371,.T.);
#15421 = ADVANCED_FACE('',(#15422),#14006,.T.);
#15422 = FACE_BOUND('',#15423,.T.);
#15423 = EDGE_LOOP('',(#15424,#15425,#15448,#15475));
#15424 = ORIENTED_EDGE('',*,*,#13989,.F.);
#15425 = ORIENTED_EDGE('',*,*,#15426,.F.);
#15426 = EDGE_CURVE('',#15427,#13990,#15429,.T.);
#15427 = VERTEX_POINT('',#15428);
#15428 = CARTESIAN_POINT('',(10.17,-1.42,1.075));
#15429 = SEAM_CURVE('',#15430,(#15434,#15441),.PCURVE_S1.);
#15430 = LINE('',#15431,#15432);
#15431 = CARTESIAN_POINT('',(10.17,-1.42,1.075));
#15432 = VECTOR('',#15433,1.);
#15433 = DIRECTION('',(0.,0.,1.));
#15434 = PCURVE('',#14006,#15435);
#15435 = DEFINITIONAL_REPRESENTATION('',(#15436),#15440);
#15436 = LINE('',#15437,#15438);
#15437 = CARTESIAN_POINT('',(6.28318530718,-0.));
#15438 = VECTOR('',#15439,1.);
#15439 = DIRECTION('',(0.,1.));
#15440 = ( GEOMETRIC_REPRESENTATION_CONTEXT(2) 
PARAMETRIC_REPRESENTATION_CONTEXT() REPRESENTATION_CONTEXT('2D SPACE',''
  ) );
#15441 = PCURVE('',#14006,#15442);
#15442 = DEFINITIONAL_REPRESENTATION('',(#15443),#15447);
#15443 = LINE('',#15444,#15445);
#15444 = CARTESIAN_POINT('',(0.,-0.));
#15445 = VECTOR('',#15446,1.);
#15446 = DIRECTION('',(0.,1.));
#15447 = ( GEOMETRIC_REPRESENTATION_CONTEXT(2) 
PARAMETRIC_REPRESENTATION_CONTEXT() REPRESENTATION_CONTEXT('2D SPACE',''
  ) );
#15448 = ORIENTED_EDGE('',*,*,#15449,.T.);
#15449 = EDGE_CURVE('',#15427,#15427,#15450,.T.);
#15450 = SURFACE_CURVE('',#15451,(#15456,#15463),.PCURVE_S1.);
#15451 = CIRCLE('',#15452,0.475);
#15452 = AXIS2_PLACEMENT_3D('',#15453,#15454,#15455);
#15453 = CARTESIAN_POINT('',(9.695,-1.42,1.075));
#15454 = DIRECTION('',(0.,0.,1.));
#15455 = DIRECTION('',(1.,0.,-0.));
#15456 = PCURVE('',#14006,#15457);
#15457 = DEFINITIONAL_REPRESENTATION('',(#15458),#15462);
#15458 = LINE('',#15459,#15460);
#15459 = CARTESIAN_POINT('',(0.,0.));
#15460 = VECTOR('',#15461,1.);
#15461 = DIRECTION('',(1.,0.));
#15462 = ( GEOMETRIC_REPRESENTATION_CONTEXT(2) 
PARAMETRIC_REPRESENTATION_CONTEXT() REPRESENTATION_CONTEXT('2D SPACE',''
  ) );
#15463 = PCURVE('',#15464,#15469);
#15464 = SPHERICAL_SURFACE('',#15465,0.475);
#15465 = AXIS2_PLACEMENT_3D('',#15466,#15467,#15468);
#15466 = CARTESIAN_POINT('',(9.695,-1.42,1.075));
#15467 = DIRECTION('',(0.,0.,1.));
#15468 = DIRECTION('',(1.,0.,-0.));
#15469 = DEFINITIONAL_REPRESENTATION('',(#15470),#15474);
#15470 = LINE('',#15471,#15472);
#15471 = CARTESIAN_POINT('',(0.,0.));
#15472 = VECTOR('',#15473,1.);
#15473 = DIRECTION('',(1.,0.));
#15474 = ( GEOMETRIC_REPRESENTATION_CONTEXT(2) 
PARAMETRIC_REPRESENTATION_CONTEXT() REPRESENTATION_CONTEXT('2D SPACE',''
  ) );
#15475 = ORIENTED_EDGE('',*,*,#15426,.T.);
#15476 = ADVANCED_FACE('',(#15477),#14037,.T.);
#15477 = FACE_BOUND('',#15478,.T.);
#15478 = EDGE_LOOP('',(#15479,#15480,#15503,#15530));
#15479 = ORIENTED_EDGE('',*,*,#14020,.F.);
#15480 = ORIENTED_EDGE('',*,*,#15481,.F.);
#15481 = EDGE_CURVE('',#15482,#14021,#15484,.T.);
#15482 = VERTEX_POINT('',#15483);
#15483 = CARTESIAN_POINT('',(12.94,-1.42,1.075));
#15484 = SEAM_CURVE('',#15485,(#15489,#15496),.PCURVE_S1.);
#15485 = LINE('',#15486,#15487);
#15486 = CARTESIAN_POINT('',(12.94,-1.42,1.075));
#15487 = VECTOR('',#15488,1.);
#15488 = DIRECTION('',(0.,0.,1.));
#15489 = PCURVE('',#14037,#15490);
#15490 = DEFINITIONAL_REPRESENTATION('',(#15491),#15495);
#15491 = LINE('',#15492,#15493);
#15492 = CARTESIAN_POINT('',(6.28318530718,-0.));
#15493 = VECTOR('',#15494,1.);
#15494 = DIRECTION('',(0.,1.));
#15495 = ( GEOMETRIC_REPRESENTATION_CONTEXT(2) 
PARAMETRIC_REPRESENTATION_CONTEXT() REPRESENTATION_CONTEXT('2D SPACE',''
  ) );
#15496 = PCURVE('',#14037,#15497);
#15497 = DEFINITIONAL_REPRESENTATION('',(#15498),#15502);
#15498 = LINE('',#15499,#15500);
#15499 = CARTESIAN_POINT('',(0.,-0.));
#15500 = VECTOR('',#15501,1.);
#15501 = DIRECTION('',(0.,1.));
#15502 = ( GEOMETRIC_REPRESENTATION_CONTEXT(2) 
PARAMETRIC_REPRESENTATION_CONTEXT() REPRESENTATION_CONTEXT('2D SPACE',''
  ) );
#15503 = ORIENTED_EDGE('',*,*,#15504,.T.);
#15504 = EDGE_CURVE('',#15482,#15482,#15505,.T.);
#15505 = SURFACE_CURVE('',#15506,(#15511,#15518),.PCURVE_S1.);
#15506 = CIRCLE('',#15507,0.475);
#15507 = AXIS2_PLACEMENT_3D('',#15508,#15509,#15510);
#15508 = CARTESIAN_POINT('',(12.465,-1.42,1.075));
#15509 = DIRECTION('',(0.,0.,1.));
#15510 = DIRECTION('',(1.,0.,-0.));
#15511 = PCURVE('',#14037,#15512);
#15512 = DEFINITIONAL_REPRESENTATION('',(#15513),#15517);
#15513 = LINE('',#15514,#15515);
#15514 = CARTESIAN_POINT('',(0.,0.));
#15515 = VECTOR('',#15516,1.);
#15516 = DIRECTION('',(1.,0.));
#15517 = ( GEOMETRIC_REPRESENTATION_CONTEXT(2) 
PARAMETRIC_REPRESENTATION_CONTEXT() REPRESENTATION_CONTEXT('2D SPACE',''
  ) );
#15518 = PCURVE('',#15519,#15524);
#15519 = SPHERICAL_SURFACE('',#15520,0.475);
#15520 = AXIS2_PLACEMENT_3D('',#15521,#15522,#15523);
#15521 = CARTESIAN_POINT('',(12.465,-1.42,1.075));
#15522 = DIRECTION('',(0.,0.,1.));
#15523 = DIRECTION('',(1.,0.,-0.));
#15524 = DEFINITIONAL_REPRESENTATION('',(#15525),#15529);
#15525 = LINE('',#15526,#15527);
#15526 = CARTESIAN_POINT('',(0.,0.));
#15527 = VECTOR('',#15528,1.);
#15528 = DIRECTION('',(1.,0.));
#15529 = ( GEOMETRIC_REPRESENTATION_CONTEXT(2) 
PARAMETRIC_REPRESENTATION_CONTEXT() REPRESENTATION_CONTEXT('2D SPACE',''
  ) );
#15530 = ORIENTED_EDGE('',*,*,#15481,.T.);
#15531 = ADVANCED_FACE('',(#15532),#14068,.T.);
#15532 = FACE_BOUND('',#15533,.T.);
#15533 = EDGE_LOOP('',(#15534,#15535,#15558,#15585));
#15534 = ORIENTED_EDGE('',*,*,#14051,.F.);
#15535 = ORIENTED_EDGE('',*,*,#15536,.F.);
#15536 = EDGE_CURVE('',#15537,#14052,#15539,.T.);
#15537 = VERTEX_POINT('',#15538);
#15538 = CARTESIAN_POINT('',(15.71,-1.42,1.075));
#15539 = SEAM_CURVE('',#15540,(#15544,#15551),.PCURVE_S1.);
#15540 = LINE('',#15541,#15542);
#15541 = CARTESIAN_POINT('',(15.71,-1.42,1.075));
#15542 = VECTOR('',#15543,1.);
#15543 = DIRECTION('',(0.,0.,1.));
#15544 = PCURVE('',#14068,#15545);
#15545 = DEFINITIONAL_REPRESENTATION('',(#15546),#15550);
#15546 = LINE('',#15547,#15548);
#15547 = CARTESIAN_POINT('',(6.28318530718,-0.));
#15548 = VECTOR('',#15549,1.);
#15549 = DIRECTION('',(0.,1.));
#15550 = ( GEOMETRIC_REPRESENTATION_CONTEXT(2) 
PARAMETRIC_REPRESENTATION_CONTEXT() REPRESENTATION_CONTEXT('2D SPACE',''
  ) );
#15551 = PCURVE('',#14068,#15552);
#15552 = DEFINITIONAL_REPRESENTATION('',(#15553),#15557);
#15553 = LINE('',#15554,#15555);
#15554 = CARTESIAN_POINT('',(0.,-0.));
#15555 = VECTOR('',#15556,1.);
#15556 = DIRECTION('',(0.,1.));
#15557 = ( GEOMETRIC_REPRESENTATION_CONTEXT(2) 
PARAMETRIC_REPRESENTATION_CONTEXT() REPRESENTATION_CONTEXT('2D SPACE',''
  ) );
#15558 = ORIENTED_EDGE('',*,*,#15559,.T.);
#15559 = EDGE_CURVE('',#15537,#15537,#15560,.T.);
#15560 = SURFACE_CURVE('',#15561,(#15566,#15573),.PCURVE_S1.);
#15561 = CIRCLE('',#15562,0.475);
#15562 = AXIS2_PLACEMENT_3D('',#15563,#15564,#15565);
#15563 = CARTESIAN_POINT('',(15.235,-1.42,1.075));
#15564 = DIRECTION('',(0.,0.,1.));
#15565 = DIRECTION('',(1.,0.,-0.));
#15566 = PCURVE('',#14068,#15567);
#15567 = DEFINITIONAL_REPRESENTATION('',(#15568),#15572);
#15568 = LINE('',#15569,#15570);
#15569 = CARTESIAN_POINT('',(0.,0.));
#15570 = VECTOR('',#15571,1.);
#15571 = DIRECTION('',(1.,0.));
#15572 = ( GEOMETRIC_REPRESENTATION_CONTEXT(2) 
PARAMETRIC_REPRESENTATION_CONTEXT() REPRESENTATION_CONTEXT('2D SPACE',''
  ) );
#15573 = PCURVE('',#15574,#15579);
#15574 = SPHERICAL_SURFACE('',#15575,0.475);
#15575 = AXIS2_PLACEMENT_3D('',#15576,#15577,#15578);
#15576 = CARTESIAN_POINT('',(15.235,-1.42,1.075));
#15577 = DIRECTION('',(0.,0.,1.));
#15578 = DIRECTION('',(1.,0.,-0.));
#15579 = DEFINITIONAL_REPRESENTATION('',(#15580),#15584);
#15580 = LINE('',#15581,#15582);
#15581 = CARTESIAN_POINT('',(0.,0.));
#15582 = VECTOR('',#15583,1.);
#15583 = DIRECTION('',(1.,0.));
#15584 = ( GEOMETRIC_REPRESENTATION_CONTEXT(2) 
PARAMETRIC_REPRESENTATION_CONTEXT() REPRESENTATION_CONTEXT('2D SPACE',''
  ) );
#15585 = ORIENTED_EDGE('',*,*,#15536,.T.);
#15586 = ADVANCED_FACE('',(#15587),#14099,.T.);
#15587 = FACE_BOUND('',#15588,.T.);
#15588 = EDGE_LOOP('',(#15589,#15590,#15613,#15640));
#15589 = ORIENTED_EDGE('',*,*,#14082,.F.);
#15590 = ORIENTED_EDGE('',*,*,#15591,.F.);
#15591 = EDGE_CURVE('',#15592,#14083,#15594,.T.);
#15592 = VERTEX_POINT('',#15593);
#15593 = CARTESIAN_POINT('',(18.48,-1.42,1.075));
#15594 = SEAM_CURVE('',#15595,(#15599,#15606),.PCURVE_S1.);
#15595 = LINE('',#15596,#15597);
#15596 = CARTESIAN_POINT('',(18.48,-1.42,1.075));
#15597 = VECTOR('',#15598,1.);
#15598 = DIRECTION('',(0.,0.,1.));
#15599 = PCURVE('',#14099,#15600);
#15600 = DEFINITIONAL_REPRESENTATION('',(#15601),#15605);
#15601 = LINE('',#15602,#15603);
#15602 = CARTESIAN_POINT('',(6.28318530718,-0.));
#15603 = VECTOR('',#15604,1.);
#15604 = DIRECTION('',(0.,1.));
#15605 = ( GEOMETRIC_REPRESENTATION_CONTEXT(2) 
PARAMETRIC_REPRESENTATION_CONTEXT() REPRESENTATION_CONTEXT('2D SPACE',''
  ) );
#15606 = PCURVE('',#14099,#15607);
#15607 = DEFINITIONAL_REPRESENTATION('',(#15608),#15612);
#15608 = LINE('',#15609,#15610);
#15609 = CARTESIAN_POINT('',(0.,-0.));
#15610 = VECTOR('',#15611,1.);
#15611 = DIRECTION('',(0.,1.));
#15612 = ( GEOMETRIC_REPRESENTATION_CONTEXT(2) 
PARAMETRIC_REPRESENTATION_CONTEXT() REPRESENTATION_CONTEXT('2D SPACE',''
  ) );
#15613 = ORIENTED_EDGE('',*,*,#15614,.T.);
#15614 = EDGE_CURVE('',#15592,#15592,#15615,.T.);
#15615 = SURFACE_CURVE('',#15616,(#15621,#15628),.PCURVE_S1.);
#15616 = CIRCLE('',#15617,0.475);
#15617 = AXIS2_PLACEMENT_3D('',#15618,#15619,#15620);
#15618 = CARTESIAN_POINT('',(18.005,-1.42,1.075));
#15619 = DIRECTION('',(0.,0.,1.));
#15620 = DIRECTION('',(1.,0.,-0.));
#15621 = PCURVE('',#14099,#15622);
#15622 = DEFINITIONAL_REPRESENTATION('',(#15623),#15627);
#15623 = LINE('',#15624,#15625);
#15624 = CARTESIAN_POINT('',(0.,0.));
#15625 = VECTOR('',#15626,1.);
#15626 = DIRECTION('',(1.,0.));
#15627 = ( GEOMETRIC_REPRESENTATION_CONTEXT(2) 
PARAMETRIC_REPRESENTATION_CONTEXT() REPRESENTATION_CONTEXT('2D SPACE',''
  ) );
#15628 = PCURVE('',#15629,#15634);
#15629 = SPHERICAL_SURFACE('',#15630,0.475);
#15630 = AXIS2_PLACEMENT_3D('',#15631,#15632,#15633);
#15631 = CARTESIAN_POINT('',(18.005,-1.42,1.075));
#15632 = DIRECTION('',(0.,0.,1.));
#15633 = DIRECTION('',(1.,0.,-0.));
#15634 = DEFINITIONAL_REPRESENTATION('',(#15635),#15639);
#15635 = LINE('',#15636,#15637);
#15636 = CARTESIAN_POINT('',(0.,0.));
#15637 = VECTOR('',#15638,1.);
#15638 = DIRECTION('',(1.,0.));
#15639 = ( GEOMETRIC_REPRESENTATION_CONTEXT(2) 
PARAMETRIC_REPRESENTATION_CONTEXT() REPRESENTATION_CONTEXT('2D SPACE',''
  ) );
#15640 = ORIENTED_EDGE('',*,*,#15591,.T.);
#15641 = ADVANCED_FACE('',(#15642),#14130,.T.);
#15642 = FACE_BOUND('',#15643,.T.);
#15643 = EDGE_LOOP('',(#15644,#15645,#15668,#15695));
#15644 = ORIENTED_EDGE('',*,*,#14113,.F.);
#15645 = ORIENTED_EDGE('',*,*,#15646,.F.);
#15646 = EDGE_CURVE('',#15647,#14114,#15649,.T.);
#15647 = VERTEX_POINT('',#15648);
#15648 = CARTESIAN_POINT('',(21.25,-1.42,1.075));
#15649 = SEAM_CURVE('',#15650,(#15654,#15661),.PCURVE_S1.);
#15650 = LINE('',#15651,#15652);
#15651 = CARTESIAN_POINT('',(21.25,-1.42,1.075));
#15652 = VECTOR('',#15653,1.);
#15653 = DIRECTION('',(0.,0.,1.));
#15654 = PCURVE('',#14130,#15655);
#15655 = DEFINITIONAL_REPRESENTATION('',(#15656),#15660);
#15656 = LINE('',#15657,#15658);
#15657 = CARTESIAN_POINT('',(6.28318530718,-0.));
#15658 = VECTOR('',#15659,1.);
#15659 = DIRECTION('',(0.,1.));
#15660 = ( GEOMETRIC_REPRESENTATION_CONTEXT(2) 
PARAMETRIC_REPRESENTATION_CONTEXT() REPRESENTATION_CONTEXT('2D SPACE',''
  ) );
#15661 = PCURVE('',#14130,#15662);
#15662 = DEFINITIONAL_REPRESENTATION('',(#15663),#15667);
#15663 = LINE('',#15664,#15665);
#15664 = CARTESIAN_POINT('',(0.,-0.));
#15665 = VECTOR('',#15666,1.);
#15666 = DIRECTION('',(0.,1.));
#15667 = ( GEOMETRIC_REPRESENTATION_CONTEXT(2) 
PARAMETRIC_REPRESENTATION_CONTEXT() REPRESENTATION_CONTEXT('2D SPACE',''
  ) );
#15668 = ORIENTED_EDGE('',*,*,#15669,.T.);
#15669 = EDGE_CURVE('',#15647,#15647,#15670,.T.);
#15670 = SURFACE_CURVE('',#15671,(#15676,#15683),.PCURVE_S1.);
#15671 = CIRCLE('',#15672,0.475);
#15672 = AXIS2_PLACEMENT_3D('',#15673,#15674,#15675);
#15673 = CARTESIAN_POINT('',(20.775,-1.42,1.075));
#15674 = DIRECTION('',(0.,0.,1.));
#15675 = DIRECTION('',(1.,0.,-0.));
#15676 = PCURVE('',#14130,#15677);
#15677 = DEFINITIONAL_REPRESENTATION('',(#15678),#15682);
#15678 = LINE('',#15679,#15680);
#15679 = CARTESIAN_POINT('',(0.,0.));
#15680 = VECTOR('',#15681,1.);
#15681 = DIRECTION('',(1.,0.));
#15682 = ( GEOMETRIC_REPRESENTATION_CONTEXT(2) 
PARAMETRIC_REPRESENTATION_CONTEXT() REPRESENTATION_CONTEXT('2D SPACE',''
  ) );
#15683 = PCURVE('',#15684,#15689);
#15684 = SPHERICAL_SURFACE('',#15685,0.475);
#15685 = AXIS2_PLACEMENT_3D('',#15686,#15687,#15688);
#15686 = CARTESIAN_POINT('',(20.775,-1.42,1.075));
#15687 = DIRECTION('',(0.,0.,1.));
#15688 = DIRECTION('',(1.,0.,-0.));
#15689 = DEFINITIONAL_REPRESENTATION('',(#15690),#15694);
#15690 = LINE('',#15691,#15692);
#15691 = CARTESIAN_POINT('',(0.,0.));
#15692 = VECTOR('',#15693,1.);
#15693 = DIRECTION('',(1.,0.));
#15694 = ( GEOMETRIC_REPRESENTATION_CONTEXT(2) 
PARAMETRIC_REPRESENTATION_CONTEXT() REPRESENTATION_CONTEXT('2D SPACE',''
  ) );
#15695 = ORIENTED_EDGE('',*,*,#15646,.T.);
#15696 = ADVANCED_FACE('',(#15697),#14161,.T.);
#15697 = FACE_BOUND('',#15698,.T.);
#15698 = EDGE_LOOP('',(#15699,#15700,#15723,#15750));
#15699 = ORIENTED_EDGE('',*,*,#14144,.F.);
#15700 = ORIENTED_EDGE('',*,*,#15701,.F.);
#15701 = EDGE_CURVE('',#15702,#14145,#15704,.T.);
#15702 = VERTEX_POINT('',#15703);
#15703 = CARTESIAN_POINT('',(24.02,-1.42,1.075));
#15704 = SEAM_CURVE('',#15705,(#15709,#15716),.PCURVE_S1.);
#15705 = LINE('',#15706,#15707);
#15706 = CARTESIAN_POINT('',(24.02,-1.42,1.075));
#15707 = VECTOR('',#15708,1.);
#15708 = DIRECTION('',(0.,0.,1.));
#15709 = PCURVE('',#14161,#15710);
#15710 = DEFINITIONAL_REPRESENTATION('',(#15711),#15715);
#15711 = LINE('',#15712,#15713);
#15712 = CARTESIAN_POINT('',(6.28318530718,-0.));
#15713 = VECTOR('',#15714,1.);
#15714 = DIRECTION('',(0.,1.));
#15715 = ( GEOMETRIC_REPRESENTATION_CONTEXT(2) 
PARAMETRIC_REPRESENTATION_CONTEXT() REPRESENTATION_CONTEXT('2D SPACE',''
  ) );
#15716 = PCURVE('',#14161,#15717);
#15717 = DEFINITIONAL_REPRESENTATION('',(#15718),#15722);
#15718 = LINE('',#15719,#15720);
#15719 = CARTESIAN_POINT('',(0.,-0.));
#15720 = VECTOR('',#15721,1.);
#15721 = DIRECTION('',(0.,1.));
#15722 = ( GEOMETRIC_REPRESENTATION_CONTEXT(2) 
PARAMETRIC_REPRESENTATION_CONTEXT() REPRESENTATION_CONTEXT('2D SPACE',''
  ) );
#15723 = ORIENTED_EDGE('',*,*,#15724,.T.);
#15724 = EDGE_CURVE('',#15702,#15702,#15725,.T.);
#15725 = SURFACE_CURVE('',#15726,(#15731,#15738),.PCURVE_S1.);
#15726 = CIRCLE('',#15727,0.475);
#15727 = AXIS2_PLACEMENT_3D('',#15728,#15729,#15730);
#15728 = CARTESIAN_POINT('',(23.545,-1.42,1.075));
#15729 = DIRECTION('',(0.,0.,1.));
#15730 = DIRECTION('',(1.,0.,-0.));
#15731 = PCURVE('',#14161,#15732);
#15732 = DEFINITIONAL_REPRESENTATION('',(#15733),#15737);
#15733 = LINE('',#15734,#15735);
#15734 = CARTESIAN_POINT('',(0.,0.));
#15735 = VECTOR('',#15736,1.);
#15736 = DIRECTION('',(1.,0.));
#15737 = ( GEOMETRIC_REPRESENTATION_CONTEXT(2) 
PARAMETRIC_REPRESENTATION_CONTEXT() REPRESENTATION_CONTEXT('2D SPACE',''
  ) );
#15738 = PCURVE('',#15739,#15744);
#15739 = SPHERICAL_SURFACE('',#15740,0.475);
#15740 = AXIS2_PLACEMENT_3D('',#15741,#15742,#15743);
#15741 = CARTESIAN_POINT('',(23.545,-1.42,1.075));
#15742 = DIRECTION('',(0.,0.,1.));
#15743 = DIRECTION('',(1.,0.,-0.));
#15744 = DEFINITIONAL_REPRESENTATION('',(#15745),#15749);
#15745 = LINE('',#15746,#15747);
#15746 = CARTESIAN_POINT('',(0.,0.));
#15747 = VECTOR('',#15748,1.);
#15748 = DIRECTION('',(1.,0.));
#15749 = ( GEOMETRIC_REPRESENTATION_CONTEXT(2) 
PARAMETRIC_REPRESENTATION_CONTEXT() REPRESENTATION_CONTEXT('2D SPACE',''
  ) );
#15750 = ORIENTED_EDGE('',*,*,#15701,.T.);
#15751 = ADVANCED_FACE('',(#15752),#14192,.T.);
#15752 = FACE_BOUND('',#15753,.T.);
#15753 = EDGE_LOOP('',(#15754,#15755,#15778,#15805));
#15754 = ORIENTED_EDGE('',*,*,#14175,.F.);
#15755 = ORIENTED_EDGE('',*,*,#15756,.F.);
#15756 = EDGE_CURVE('',#15757,#14176,#15759,.T.);
#15757 = VERTEX_POINT('',#15758);
#15758 = CARTESIAN_POINT('',(-24.455,1.42,1.075));
#15759 = SEAM_CURVE('',#15760,(#15764,#15771),.PCURVE_S1.);
#15760 = LINE('',#15761,#15762);
#15761 = CARTESIAN_POINT('',(-24.455,1.42,1.075));
#15762 = VECTOR('',#15763,1.);
#15763 = DIRECTION('',(0.,0.,1.));
#15764 = PCURVE('',#14192,#15765);
#15765 = DEFINITIONAL_REPRESENTATION('',(#15766),#15770);
#15766 = LINE('',#15767,#15768);
#15767 = CARTESIAN_POINT('',(6.28318530718,-0.));
#15768 = VECTOR('',#15769,1.);
#15769 = DIRECTION('',(0.,1.));
#15770 = ( GEOMETRIC_REPRESENTATION_CONTEXT(2) 
PARAMETRIC_REPRESENTATION_CONTEXT() REPRESENTATION_CONTEXT('2D SPACE',''
  ) );
#15771 = PCURVE('',#14192,#15772);
#15772 = DEFINITIONAL_REPRESENTATION('',(#15773),#15777);
#15773 = LINE('',#15774,#15775);
#15774 = CARTESIAN_POINT('',(0.,-0.));
#15775 = VECTOR('',#15776,1.);
#15776 = DIRECTION('',(0.,1.));
#15777 = ( GEOMETRIC_REPRESENTATION_CONTEXT(2) 
PARAMETRIC_REPRESENTATION_CONTEXT() REPRESENTATION_CONTEXT('2D SPACE',''
  ) );
#15778 = ORIENTED_EDGE('',*,*,#15779,.T.);
#15779 = EDGE_CURVE('',#15757,#15757,#15780,.T.);
#15780 = SURFACE_CURVE('',#15781,(#15786,#15793),.PCURVE_S1.);
#15781 = CIRCLE('',#15782,0.475);
#15782 = AXIS2_PLACEMENT_3D('',#15783,#15784,#15785);
#15783 = CARTESIAN_POINT('',(-24.93,1.42,1.075));
#15784 = DIRECTION('',(0.,0.,1.));
#15785 = DIRECTION('',(1.,0.,-0.));
#15786 = PCURVE('',#14192,#15787);
#15787 = DEFINITIONAL_REPRESENTATION('',(#15788),#15792);
#15788 = LINE('',#15789,#15790);
#15789 = CARTESIAN_POINT('',(0.,0.));
#15790 = VECTOR('',#15791,1.);
#15791 = DIRECTION('',(1.,0.));
#15792 = ( GEOMETRIC_REPRESENTATION_CONTEXT(2) 
PARAMETRIC_REPRESENTATION_CONTEXT() REPRESENTATION_CONTEXT('2D SPACE',''
  ) );
#15793 = PCURVE('',#15794,#15799);
#15794 = SPHERICAL_SURFACE('',#15795,0.475);
#15795 = AXIS2_PLACEMENT_3D('',#15796,#15797,#15798);
#15796 = CARTESIAN_POINT('',(-24.93,1.42,1.075));
#15797 = DIRECTION('',(0.,0.,1.));
#15798 = DIRECTION('',(1.,0.,-0.));
#15799 = DEFINITIONAL_REPRESENTATION('',(#15800),#15804);
#15800 = LINE('',#15801,#15802);
#15801 = CARTESIAN_POINT('',(0.,0.));
#15802 = VECTOR('',#15803,1.);
#15803 = DIRECTION('',(1.,0.));
#15804 = ( GEOMETRIC_REPRESENTATION_CONTEXT(2) 
PARAMETRIC_REPRESENTATION_CONTEXT() REPRESENTATION_CONTEXT('2D SPACE',''
  ) );
#15805 = ORIENTED_EDGE('',*,*,#15756,.T.);
#15806 = ADVANCED_FACE('',(#15807),#14223,.T.);
#15807 = FACE_BOUND('',#15808,.T.);
#15808 = EDGE_LOOP('',(#15809,#15810,#15833,#15860));
#15809 = ORIENTED_EDGE('',*,*,#14206,.F.);
#15810 = ORIENTED_EDGE('',*,*,#15811,.F.);
#15811 = EDGE_CURVE('',#15812,#14207,#15814,.T.);
#15812 = VERTEX_POINT('',#15813);
#15813 = CARTESIAN_POINT('',(-21.685,1.42,1.075));
#15814 = SEAM_CURVE('',#15815,(#15819,#15826),.PCURVE_S1.);
#15815 = LINE('',#15816,#15817);
#15816 = CARTESIAN_POINT('',(-21.685,1.42,1.075));
#15817 = VECTOR('',#15818,1.);
#15818 = DIRECTION('',(0.,0.,1.));
#15819 = PCURVE('',#14223,#15820);
#15820 = DEFINITIONAL_REPRESENTATION('',(#15821),#15825);
#15821 = LINE('',#15822,#15823);
#15822 = CARTESIAN_POINT('',(6.28318530718,-0.));
#15823 = VECTOR('',#15824,1.);
#15824 = DIRECTION('',(0.,1.));
#15825 = ( GEOMETRIC_REPRESENTATION_CONTEXT(2) 
PARAMETRIC_REPRESENTATION_CONTEXT() REPRESENTATION_CONTEXT('2D SPACE',''
  ) );
#15826 = PCURVE('',#14223,#15827);
#15827 = DEFINITIONAL_REPRESENTATION('',(#15828),#15832);
#15828 = LINE('',#15829,#15830);
#15829 = CARTESIAN_POINT('',(0.,-0.));
#15830 = VECTOR('',#15831,1.);
#15831 = DIRECTION('',(0.,1.));
#15832 = ( GEOMETRIC_REPRESENTATION_CONTEXT(2) 
PARAMETRIC_REPRESENTATION_CONTEXT() REPRESENTATION_CONTEXT('2D SPACE',''
  ) );
#15833 = ORIENTED_EDGE('',*,*,#15834,.T.);
#15834 = EDGE_CURVE('',#15812,#15812,#15835,.T.);
#15835 = SURFACE_CURVE('',#15836,(#15841,#15848),.PCURVE_S1.);
#15836 = CIRCLE('',#15837,0.475);
#15837 = AXIS2_PLACEMENT_3D('',#15838,#15839,#15840);
#15838 = CARTESIAN_POINT('',(-22.16,1.42,1.075));
#15839 = DIRECTION('',(0.,0.,1.));
#15840 = DIRECTION('',(1.,0.,-0.));
#15841 = PCURVE('',#14223,#15842);
#15842 = DEFINITIONAL_REPRESENTATION('',(#15843),#15847);
#15843 = LINE('',#15844,#15845);
#15844 = CARTESIAN_POINT('',(0.,0.));
#15845 = VECTOR('',#15846,1.);
#15846 = DIRECTION('',(1.,0.));
#15847 = ( GEOMETRIC_REPRESENTATION_CONTEXT(2) 
PARAMETRIC_REPRESENTATION_CONTEXT() REPRESENTATION_CONTEXT('2D SPACE',''
  ) );
#15848 = PCURVE('',#15849,#15854);
#15849 = SPHERICAL_SURFACE('',#15850,0.475);
#15850 = AXIS2_PLACEMENT_3D('',#15851,#15852,#15853);
#15851 = CARTESIAN_POINT('',(-22.16,1.42,1.075));
#15852 = DIRECTION('',(0.,0.,1.));
#15853 = DIRECTION('',(1.,0.,-0.));
#15854 = DEFINITIONAL_REPRESENTATION('',(#15855),#15859);
#15855 = LINE('',#15856,#15857);
#15856 = CARTESIAN_POINT('',(0.,0.));
#15857 = VECTOR('',#15858,1.);
#15858 = DIRECTION('',(1.,0.));
#15859 = ( GEOMETRIC_REPRESENTATION_CONTEXT(2) 
PARAMETRIC_REPRESENTATION_CONTEXT() REPRESENTATION_CONTEXT('2D SPACE',''
  ) );
#15860 = ORIENTED_EDGE('',*,*,#15811,.T.);
#15861 = ADVANCED_FACE('',(#15862),#14254,.T.);
#15862 = FACE_BOUND('',#15863,.T.);
#15863 = EDGE_LOOP('',(#15864,#15865,#15888,#15915));
#15864 = ORIENTED_EDGE('',*,*,#14237,.F.);
#15865 = ORIENTED_EDGE('',*,*,#15866,.F.);
#15866 = EDGE_CURVE('',#15867,#14238,#15869,.T.);
#15867 = VERTEX_POINT('',#15868);
#15868 = CARTESIAN_POINT('',(-18.915,1.42,1.075));
#15869 = SEAM_CURVE('',#15870,(#15874,#15881),.PCURVE_S1.);
#15870 = LINE('',#15871,#15872);
#15871 = CARTESIAN_POINT('',(-18.915,1.42,1.075));
#15872 = VECTOR('',#15873,1.);
#15873 = DIRECTION('',(0.,0.,1.));
#15874 = PCURVE('',#14254,#15875);
#15875 = DEFINITIONAL_REPRESENTATION('',(#15876),#15880);
#15876 = LINE('',#15877,#15878);
#15877 = CARTESIAN_POINT('',(6.28318530718,-0.));
#15878 = VECTOR('',#15879,1.);
#15879 = DIRECTION('',(0.,1.));
#15880 = ( GEOMETRIC_REPRESENTATION_CONTEXT(2) 
PARAMETRIC_REPRESENTATION_CONTEXT() REPRESENTATION_CONTEXT('2D SPACE',''
  ) );
#15881 = PCURVE('',#14254,#15882);
#15882 = DEFINITIONAL_REPRESENTATION('',(#15883),#15887);
#15883 = LINE('',#15884,#15885);
#15884 = CARTESIAN_POINT('',(0.,-0.));
#15885 = VECTOR('',#15886,1.);
#15886 = DIRECTION('',(0.,1.));
#15887 = ( GEOMETRIC_REPRESENTATION_CONTEXT(2) 
PARAMETRIC_REPRESENTATION_CONTEXT() REPRESENTATION_CONTEXT('2D SPACE',''
  ) );
#15888 = ORIENTED_EDGE('',*,*,#15889,.T.);
#15889 = EDGE_CURVE('',#15867,#15867,#15890,.T.);
#15890 = SURFACE_CURVE('',#15891,(#15896,#15903),.PCURVE_S1.);
#15891 = CIRCLE('',#15892,0.475);
#15892 = AXIS2_PLACEMENT_3D('',#15893,#15894,#15895);
#15893 = CARTESIAN_POINT('',(-19.39,1.42,1.075));
#15894 = DIRECTION('',(0.,0.,1.));
#15895 = DIRECTION('',(1.,0.,-0.));
#15896 = PCURVE('',#14254,#15897);
#15897 = DEFINITIONAL_REPRESENTATION('',(#15898),#15902);
#15898 = LINE('',#15899,#15900);
#15899 = CARTESIAN_POINT('',(0.,0.));
#15900 = VECTOR('',#15901,1.);
#15901 = DIRECTION('',(1.,0.));
#15902 = ( GEOMETRIC_REPRESENTATION_CONTEXT(2) 
PARAMETRIC_REPRESENTATION_CONTEXT() REPRESENTATION_CONTEXT('2D SPACE',''
  ) );
#15903 = PCURVE('',#15904,#15909);
#15904 = SPHERICAL_SURFACE('',#15905,0.475);
#15905 = AXIS2_PLACEMENT_3D('',#15906,#15907,#15908);
#15906 = CARTESIAN_POINT('',(-19.39,1.42,1.075));
#15907 = DIRECTION('',(0.,0.,1.));
#15908 = DIRECTION('',(1.,0.,-0.));
#15909 = DEFINITIONAL_REPRESENTATION('',(#15910),#15914);
#15910 = LINE('',#15911,#15912);
#15911 = CARTESIAN_POINT('',(0.,0.));
#15912 = VECTOR('',#15913,1.);
#15913 = DIRECTION('',(1.,0.));
#15914 = ( GEOMETRIC_REPRESENTATION_CONTEXT(2) 
PARAMETRIC_REPRESENTATION_CONTEXT() REPRESENTATION_CONTEXT('2D SPACE',''
  ) );
#15915 = ORIENTED_EDGE('',*,*,#15866,.T.);
#15916 = ADVANCED_FACE('',(#15917),#14285,.T.);
#15917 = FACE_BOUND('',#15918,.T.);
#15918 = EDGE_LOOP('',(#15919,#15920,#15943,#15970));
#15919 = ORIENTED_EDGE('',*,*,#14268,.F.);
#15920 = ORIENTED_EDGE('',*,*,#15921,.F.);
#15921 = EDGE_CURVE('',#15922,#14269,#15924,.T.);
#15922 = VERTEX_POINT('',#15923);
#15923 = CARTESIAN_POINT('',(-16.145,1.42,1.075));
#15924 = SEAM_CURVE('',#15925,(#15929,#15936),.PCURVE_S1.);
#15925 = LINE('',#15926,#15927);
#15926 = CARTESIAN_POINT('',(-16.145,1.42,1.075));
#15927 = VECTOR('',#15928,1.);
#15928 = DIRECTION('',(0.,0.,1.));
#15929 = PCURVE('',#14285,#15930);
#15930 = DEFINITIONAL_REPRESENTATION('',(#15931),#15935);
#15931 = LINE('',#15932,#15933);
#15932 = CARTESIAN_POINT('',(6.28318530718,-0.));
#15933 = VECTOR('',#15934,1.);
#15934 = DIRECTION('',(0.,1.));
#15935 = ( GEOMETRIC_REPRESENTATION_CONTEXT(2) 
PARAMETRIC_REPRESENTATION_CONTEXT() REPRESENTATION_CONTEXT('2D SPACE',''
  ) );
#15936 = PCURVE('',#14285,#15937);
#15937 = DEFINITIONAL_REPRESENTATION('',(#15938),#15942);
#15938 = LINE('',#15939,#15940);
#15939 = CARTESIAN_POINT('',(0.,-0.));
#15940 = VECTOR('',#15941,1.);
#15941 = DIRECTION('',(0.,1.));
#15942 = ( GEOMETRIC_REPRESENTATION_CONTEXT(2) 
PARAMETRIC_REPRESENTATION_CONTEXT() REPRESENTATION_CONTEXT('2D SPACE',''
  ) );
#15943 = ORIENTED_EDGE('',*,*,#15944,.T.);
#15944 = EDGE_CURVE('',#15922,#15922,#15945,.T.);
#15945 = SURFACE_CURVE('',#15946,(#15951,#15958),.PCURVE_S1.);
#15946 = CIRCLE('',#15947,0.475);
#15947 = AXIS2_PLACEMENT_3D('',#15948,#15949,#15950);
#15948 = CARTESIAN_POINT('',(-16.62,1.42,1.075));
#15949 = DIRECTION('',(0.,0.,1.));
#15950 = DIRECTION('',(1.,0.,-0.));
#15951 = PCURVE('',#14285,#15952);
#15952 = DEFINITIONAL_REPRESENTATION('',(#15953),#15957);
#15953 = LINE('',#15954,#15955);
#15954 = CARTESIAN_POINT('',(0.,0.));
#15955 = VECTOR('',#15956,1.);
#15956 = DIRECTION('',(1.,0.));
#15957 = ( GEOMETRIC_REPRESENTATION_CONTEXT(2) 
PARAMETRIC_REPRESENTATION_CONTEXT() REPRESENTATION_CONTEXT('2D SPACE',''
  ) );
#15958 = PCURVE('',#15959,#15964);
#15959 = SPHERICAL_SURFACE('',#15960,0.475);
#15960 = AXIS2_PLACEMENT_3D('',#15961,#15962,#15963);
#15961 = CARTESIAN_POINT('',(-16.62,1.42,1.075));
#15962 = DIRECTION('',(0.,0.,1.));
#15963 = DIRECTION('',(1.,0.,-0.));
#15964 = DEFINITIONAL_REPRESENTATION('',(#15965),#15969);
#15965 = LINE('',#15966,#15967);
#15966 = CARTESIAN_POINT('',(0.,0.));
#15967 = VECTOR('',#15968,1.);
#15968 = DIRECTION('',(1.,0.));
#15969 = ( GEOMETRIC_REPRESENTATION_CONTEXT(2) 
PARAMETRIC_REPRESENTATION_CONTEXT() REPRESENTATION_CONTEXT('2D SPACE',''
  ) );
#15970 = ORIENTED_EDGE('',*,*,#15921,.T.);
#15971 = ADVANCED_FACE('',(#15972),#14316,.T.);
#15972 = FACE_BOUND('',#15973,.T.);
#15973 = EDGE_LOOP('',(#15974,#15975,#15998,#16025));
#15974 = ORIENTED_EDGE('',*,*,#14299,.F.);
#15975 = ORIENTED_EDGE('',*,*,#15976,.F.);
#15976 = EDGE_CURVE('',#15977,#14300,#15979,.T.);
#15977 = VERTEX_POINT('',#15978);
#15978 = CARTESIAN_POINT('',(-13.375,1.42,1.075));
#15979 = SEAM_CURVE('',#15980,(#15984,#15991),.PCURVE_S1.);
#15980 = LINE('',#15981,#15982);
#15981 = CARTESIAN_POINT('',(-13.375,1.42,1.075));
#15982 = VECTOR('',#15983,1.);
#15983 = DIRECTION('',(0.,0.,1.));
#15984 = PCURVE('',#14316,#15985);
#15985 = DEFINITIONAL_REPRESENTATION('',(#15986),#15990);
#15986 = LINE('',#15987,#15988);
#15987 = CARTESIAN_POINT('',(6.28318530718,-0.));
#15988 = VECTOR('',#15989,1.);
#15989 = DIRECTION('',(0.,1.));
#15990 = ( GEOMETRIC_REPRESENTATION_CONTEXT(2) 
PARAMETRIC_REPRESENTATION_CONTEXT() REPRESENTATION_CONTEXT('2D SPACE',''
  ) );
#15991 = PCURVE('',#14316,#15992);
#15992 = DEFINITIONAL_REPRESENTATION('',(#15993),#15997);
#15993 = LINE('',#15994,#15995);
#15994 = CARTESIAN_POINT('',(0.,-0.));
#15995 = VECTOR('',#15996,1.);
#15996 = DIRECTION('',(0.,1.));
#15997 = ( GEOMETRIC_REPRESENTATION_CONTEXT(2) 
PARAMETRIC_REPRESENTATION_CONTEXT() REPRESENTATION_CONTEXT('2D SPACE',''
  ) );
#15998 = ORIENTED_EDGE('',*,*,#15999,.T.);
#15999 = EDGE_CURVE('',#15977,#15977,#16000,.T.);
#16000 = SURFACE_CURVE('',#16001,(#16006,#16013),.PCURVE_S1.);
#16001 = CIRCLE('',#16002,0.475);
#16002 = AXIS2_PLACEMENT_3D('',#16003,#16004,#16005);
#16003 = CARTESIAN_POINT('',(-13.85,1.42,1.075));
#16004 = DIRECTION('',(0.,0.,1.));
#16005 = DIRECTION('',(1.,0.,-0.));
#16006 = PCURVE('',#14316,#16007);
#16007 = DEFINITIONAL_REPRESENTATION('',(#16008),#16012);
#16008 = LINE('',#16009,#16010);
#16009 = CARTESIAN_POINT('',(0.,0.));
#16010 = VECTOR('',#16011,1.);
#16011 = DIRECTION('',(1.,0.));
#16012 = ( GEOMETRIC_REPRESENTATION_CONTEXT(2) 
PARAMETRIC_REPRESENTATION_CONTEXT() REPRESENTATION_CONTEXT('2D SPACE',''
  ) );
#16013 = PCURVE('',#16014,#16019);
#16014 = SPHERICAL_SURFACE('',#16015,0.475);
#16015 = AXIS2_PLACEMENT_3D('',#16016,#16017,#16018);
#16016 = CARTESIAN_POINT('',(-13.85,1.42,1.075));
#16017 = DIRECTION('',(0.,0.,1.));
#16018 = DIRECTION('',(1.,0.,-0.));
#16019 = DEFINITIONAL_REPRESENTATION('',(#16020),#16024);
#16020 = LINE('',#16021,#16022);
#16021 = CARTESIAN_POINT('',(0.,0.));
#16022 = VECTOR('',#16023,1.);
#16023 = DIRECTION('',(1.,0.));
#16024 = ( GEOMETRIC_REPRESENTATION_CONTEXT(2) 
PARAMETRIC_REPRESENTATION_CONTEXT() REPRESENTATION_CONTEXT('2D SPACE',''
  ) );
#16025 = ORIENTED_EDGE('',*,*,#15976,.T.);
#16026 = ADVANCED_FACE('',(#16027),#14347,.T.);
#16027 = FACE_BOUND('',#16028,.T.);
#16028 = EDGE_LOOP('',(#16029,#16030,#16053,#16080));
#16029 = ORIENTED_EDGE('',*,*,#14330,.F.);
#16030 = ORIENTED_EDGE('',*,*,#16031,.F.);
#16031 = EDGE_CURVE('',#16032,#14331,#16034,.T.);
#16032 = VERTEX_POINT('',#16033);
#16033 = CARTESIAN_POINT('',(-10.605,1.42,1.075));
#16034 = SEAM_CURVE('',#16035,(#16039,#16046),.PCURVE_S1.);
#16035 = LINE('',#16036,#16037);
#16036 = CARTESIAN_POINT('',(-10.605,1.42,1.075));
#16037 = VECTOR('',#16038,1.);
#16038 = DIRECTION('',(0.,0.,1.));
#16039 = PCURVE('',#14347,#16040);
#16040 = DEFINITIONAL_REPRESENTATION('',(#16041),#16045);
#16041 = LINE('',#16042,#16043);
#16042 = CARTESIAN_POINT('',(6.28318530718,-0.));
#16043 = VECTOR('',#16044,1.);
#16044 = DIRECTION('',(0.,1.));
#16045 = ( GEOMETRIC_REPRESENTATION_CONTEXT(2) 
PARAMETRIC_REPRESENTATION_CONTEXT() REPRESENTATION_CONTEXT('2D SPACE',''
  ) );
#16046 = PCURVE('',#14347,#16047);
#16047 = DEFINITIONAL_REPRESENTATION('',(#16048),#16052);
#16048 = LINE('',#16049,#16050);
#16049 = CARTESIAN_POINT('',(0.,-0.));
#16050 = VECTOR('',#16051,1.);
#16051 = DIRECTION('',(0.,1.));
#16052 = ( GEOMETRIC_REPRESENTATION_CONTEXT(2) 
PARAMETRIC_REPRESENTATION_CONTEXT() REPRESENTATION_CONTEXT('2D SPACE',''
  ) );
#16053 = ORIENTED_EDGE('',*,*,#16054,.T.);
#16054 = EDGE_CURVE('',#16032,#16032,#16055,.T.);
#16055 = SURFACE_CURVE('',#16056,(#16061,#16068),.PCURVE_S1.);
#16056 = CIRCLE('',#16057,0.475);
#16057 = AXIS2_PLACEMENT_3D('',#16058,#16059,#16060);
#16058 = CARTESIAN_POINT('',(-11.08,1.42,1.075));
#16059 = DIRECTION('',(0.,0.,1.));
#16060 = DIRECTION('',(1.,0.,-0.));
#16061 = PCURVE('',#14347,#16062);
#16062 = DEFINITIONAL_REPRESENTATION('',(#16063),#16067);
#16063 = LINE('',#16064,#16065);
#16064 = CARTESIAN_POINT('',(0.,0.));
#16065 = VECTOR('',#16066,1.);
#16066 = DIRECTION('',(1.,0.));
#16067 = ( GEOMETRIC_REPRESENTATION_CONTEXT(2) 
PARAMETRIC_REPRESENTATION_CONTEXT() REPRESENTATION_CONTEXT('2D SPACE',''
  ) );
#16068 = PCURVE('',#16069,#16074);
#16069 = SPHERICAL_SURFACE('',#16070,0.475);
#16070 = AXIS2_PLACEMENT_3D('',#16071,#16072,#16073);
#16071 = CARTESIAN_POINT('',(-11.08,1.42,1.075));
#16072 = DIRECTION('',(0.,0.,1.));
#16073 = DIRECTION('',(1.,0.,-0.));
#16074 = DEFINITIONAL_REPRESENTATION('',(#16075),#16079);
#16075 = LINE('',#16076,#16077);
#16076 = CARTESIAN_POINT('',(0.,0.));
#16077 = VECTOR('',#16078,1.);
#16078 = DIRECTION('',(1.,0.));
#16079 = ( GEOMETRIC_REPRESENTATION_CONTEXT(2) 
PARAMETRIC_REPRESENTATION_CONTEXT() REPRESENTATION_CONTEXT('2D SPACE',''
  ) );
#16080 = ORIENTED_EDGE('',*,*,#16031,.T.);
#16081 = ADVANCED_FACE('',(#16082),#14378,.T.);
#16082 = FACE_BOUND('',#16083,.T.);
#16083 = EDGE_LOOP('',(#16084,#16085,#16108,#16135));
#16084 = ORIENTED_EDGE('',*,*,#14361,.F.);
#16085 = ORIENTED_EDGE('',*,*,#16086,.F.);
#16086 = EDGE_CURVE('',#16087,#14362,#16089,.T.);
#16087 = VERTEX_POINT('',#16088);
#16088 = CARTESIAN_POINT('',(-7.835,1.42,1.075));
#16089 = SEAM_CURVE('',#16090,(#16094,#16101),.PCURVE_S1.);
#16090 = LINE('',#16091,#16092);
#16091 = CARTESIAN_POINT('',(-7.835,1.42,1.075));
#16092 = VECTOR('',#16093,1.);
#16093 = DIRECTION('',(0.,0.,1.));
#16094 = PCURVE('',#14378,#16095);
#16095 = DEFINITIONAL_REPRESENTATION('',(#16096),#16100);
#16096 = LINE('',#16097,#16098);
#16097 = CARTESIAN_POINT('',(6.28318530718,-0.));
#16098 = VECTOR('',#16099,1.);
#16099 = DIRECTION('',(0.,1.));
#16100 = ( GEOMETRIC_REPRESENTATION_CONTEXT(2) 
PARAMETRIC_REPRESENTATION_CONTEXT() REPRESENTATION_CONTEXT('2D SPACE',''
  ) );
#16101 = PCURVE('',#14378,#16102);
#16102 = DEFINITIONAL_REPRESENTATION('',(#16103),#16107);
#16103 = LINE('',#16104,#16105);
#16104 = CARTESIAN_POINT('',(0.,-0.));
#16105 = VECTOR('',#16106,1.);
#16106 = DIRECTION('',(0.,1.));
#16107 = ( GEOMETRIC_REPRESENTATION_CONTEXT(2) 
PARAMETRIC_REPRESENTATION_CONTEXT() REPRESENTATION_CONTEXT('2D SPACE',''
  ) );
#16108 = ORIENTED_EDGE('',*,*,#16109,.T.);
#16109 = EDGE_CURVE('',#16087,#16087,#16110,.T.);
#16110 = SURFACE_CURVE('',#16111,(#16116,#16123),.PCURVE_S1.);
#16111 = CIRCLE('',#16112,0.475);
#16112 = AXIS2_PLACEMENT_3D('',#16113,#16114,#16115);
#16113 = CARTESIAN_POINT('',(-8.31,1.42,1.075));
#16114 = DIRECTION('',(0.,0.,1.));
#16115 = DIRECTION('',(1.,0.,-0.));
#16116 = PCURVE('',#14378,#16117);
#16117 = DEFINITIONAL_REPRESENTATION('',(#16118),#16122);
#16118 = LINE('',#16119,#16120);
#16119 = CARTESIAN_POINT('',(0.,0.));
#16120 = VECTOR('',#16121,1.);
#16121 = DIRECTION('',(1.,0.));
#16122 = ( GEOMETRIC_REPRESENTATION_CONTEXT(2) 
PARAMETRIC_REPRESENTATION_CONTEXT() REPRESENTATION_CONTEXT('2D SPACE',''
  ) );
#16123 = PCURVE('',#16124,#16129);
#16124 = SPHERICAL_SURFACE('',#16125,0.475);
#16125 = AXIS2_PLACEMENT_3D('',#16126,#16127,#16128);
#16126 = CARTESIAN_POINT('',(-8.31,1.42,1.075));
#16127 = DIRECTION('',(0.,0.,1.));
#16128 = DIRECTION('',(1.,0.,-0.));
#16129 = DEFINITIONAL_REPRESENTATION('',(#16130),#16134);
#16130 = LINE('',#16131,#16132);
#16131 = CARTESIAN_POINT('',(0.,0.));
#16132 = VECTOR('',#16133,1.);
#16133 = DIRECTION('',(1.,0.));
#16134 = ( GEOMETRIC_REPRESENTATION_CONTEXT(2) 
PARAMETRIC_REPRESENTATION_CONTEXT() REPRESENTATION_CONTEXT('2D SPACE',''
  ) );
#16135 = ORIENTED_EDGE('',*,*,#16086,.T.);
#16136 = ADVANCED_FACE('',(#16137),#14409,.T.);
#16137 = FACE_BOUND('',#16138,.T.);
#16138 = EDGE_LOOP('',(#16139,#16140,#16163,#16190));
#16139 = ORIENTED_EDGE('',*,*,#14392,.F.);
#16140 = ORIENTED_EDGE('',*,*,#16141,.F.);
#16141 = EDGE_CURVE('',#16142,#14393,#16144,.T.);
#16142 = VERTEX_POINT('',#16143);
#16143 = CARTESIAN_POINT('',(-5.065,1.42,1.075));
#16144 = SEAM_CURVE('',#16145,(#16149,#16156),.PCURVE_S1.);
#16145 = LINE('',#16146,#16147);
#16146 = CARTESIAN_POINT('',(-5.065,1.42,1.075));
#16147 = VECTOR('',#16148,1.);
#16148 = DIRECTION('',(0.,0.,1.));
#16149 = PCURVE('',#14409,#16150);
#16150 = DEFINITIONAL_REPRESENTATION('',(#16151),#16155);
#16151 = LINE('',#16152,#16153);
#16152 = CARTESIAN_POINT('',(6.28318530718,-0.));
#16153 = VECTOR('',#16154,1.);
#16154 = DIRECTION('',(0.,1.));
#16155 = ( GEOMETRIC_REPRESENTATION_CONTEXT(2) 
PARAMETRIC_REPRESENTATION_CONTEXT() REPRESENTATION_CONTEXT('2D SPACE',''
  ) );
#16156 = PCURVE('',#14409,#16157);
#16157 = DEFINITIONAL_REPRESENTATION('',(#16158),#16162);
#16158 = LINE('',#16159,#16160);
#16159 = CARTESIAN_POINT('',(0.,-0.));
#16160 = VECTOR('',#16161,1.);
#16161 = DIRECTION('',(0.,1.));
#16162 = ( GEOMETRIC_REPRESENTATION_CONTEXT(2) 
PARAMETRIC_REPRESENTATION_CONTEXT() REPRESENTATION_CONTEXT('2D SPACE',''
  ) );
#16163 = ORIENTED_EDGE('',*,*,#16164,.T.);
#16164 = EDGE_CURVE('',#16142,#16142,#16165,.T.);
#16165 = SURFACE_CURVE('',#16166,(#16171,#16178),.PCURVE_S1.);
#16166 = CIRCLE('',#16167,0.475);
#16167 = AXIS2_PLACEMENT_3D('',#16168,#16169,#16170);
#16168 = CARTESIAN_POINT('',(-5.54,1.42,1.075));
#16169 = DIRECTION('',(0.,0.,1.));
#16170 = DIRECTION('',(1.,0.,-0.));
#16171 = PCURVE('',#14409,#16172);
#16172 = DEFINITIONAL_REPRESENTATION('',(#16173),#16177);
#16173 = LINE('',#16174,#16175);
#16174 = CARTESIAN_POINT('',(0.,0.));
#16175 = VECTOR('',#16176,1.);
#16176 = DIRECTION('',(1.,0.));
#16177 = ( GEOMETRIC_REPRESENTATION_CONTEXT(2) 
PARAMETRIC_REPRESENTATION_CONTEXT() REPRESENTATION_CONTEXT('2D SPACE',''
  ) );
#16178 = PCURVE('',#16179,#16184);
#16179 = SPHERICAL_SURFACE('',#16180,0.475);
#16180 = AXIS2_PLACEMENT_3D('',#16181,#16182,#16183);
#16181 = CARTESIAN_POINT('',(-5.54,1.42,1.075));
#16182 = DIRECTION('',(0.,0.,1.));
#16183 = DIRECTION('',(1.,0.,-0.));
#16184 = DEFINITIONAL_REPRESENTATION('',(#16185),#16189);
#16185 = LINE('',#16186,#16187);
#16186 = CARTESIAN_POINT('',(0.,0.));
#16187 = VECTOR('',#16188,1.);
#16188 = DIRECTION('',(1.,0.));
#16189 = ( GEOMETRIC_REPRESENTATION_CONTEXT(2) 
PARAMETRIC_REPRESENTATION_CONTEXT() REPRESENTATION_CONTEXT('2D SPACE',''
  ) );
#16190 = ORIENTED_EDGE('',*,*,#16141,.T.);
#16191 = ADVANCED_FACE('',(#16192),#14440,.T.);
#16192 = FACE_BOUND('',#16193,.T.);
#16193 = EDGE_LOOP('',(#16194,#16195,#16218,#16245));
#16194 = ORIENTED_EDGE('',*,*,#14423,.F.);
#16195 = ORIENTED_EDGE('',*,*,#16196,.F.);
#16196 = EDGE_CURVE('',#16197,#14424,#16199,.T.);
#16197 = VERTEX_POINT('',#16198);
#16198 = CARTESIAN_POINT('',(-2.295,1.42,1.075));
#16199 = SEAM_CURVE('',#16200,(#16204,#16211),.PCURVE_S1.);
#16200 = LINE('',#16201,#16202);
#16201 = CARTESIAN_POINT('',(-2.295,1.42,1.075));
#16202 = VECTOR('',#16203,1.);
#16203 = DIRECTION('',(0.,0.,1.));
#16204 = PCURVE('',#14440,#16205);
#16205 = DEFINITIONAL_REPRESENTATION('',(#16206),#16210);
#16206 = LINE('',#16207,#16208);
#16207 = CARTESIAN_POINT('',(6.28318530718,-0.));
#16208 = VECTOR('',#16209,1.);
#16209 = DIRECTION('',(0.,1.));
#16210 = ( GEOMETRIC_REPRESENTATION_CONTEXT(2) 
PARAMETRIC_REPRESENTATION_CONTEXT() REPRESENTATION_CONTEXT('2D SPACE',''
  ) );
#16211 = PCURVE('',#14440,#16212);
#16212 = DEFINITIONAL_REPRESENTATION('',(#16213),#16217);
#16213 = LINE('',#16214,#16215);
#16214 = CARTESIAN_POINT('',(0.,-0.));
#16215 = VECTOR('',#16216,1.);
#16216 = DIRECTION('',(0.,1.));
#16217 = ( GEOMETRIC_REPRESENTATION_CONTEXT(2) 
PARAMETRIC_REPRESENTATION_CONTEXT() REPRESENTATION_CONTEXT('2D SPACE',''
  ) );
#16218 = ORIENTED_EDGE('',*,*,#16219,.T.);
#16219 = EDGE_CURVE('',#16197,#16197,#16220,.T.);
#16220 = SURFACE_CURVE('',#16221,(#16226,#16233),.PCURVE_S1.);
#16221 = CIRCLE('',#16222,0.475);
#16222 = AXIS2_PLACEMENT_3D('',#16223,#16224,#16225);
#16223 = CARTESIAN_POINT('',(-2.77,1.42,1.075));
#16224 = DIRECTION('',(0.,0.,1.));
#16225 = DIRECTION('',(1.,0.,-0.));
#16226 = PCURVE('',#14440,#16227);
#16227 = DEFINITIONAL_REPRESENTATION('',(#16228),#16232);
#16228 = LINE('',#16229,#16230);
#16229 = CARTESIAN_POINT('',(0.,0.));
#16230 = VECTOR('',#16231,1.);
#16231 = DIRECTION('',(1.,0.));
#16232 = ( GEOMETRIC_REPRESENTATION_CONTEXT(2) 
PARAMETRIC_REPRESENTATION_CONTEXT() REPRESENTATION_CONTEXT('2D SPACE',''
  ) );
#16233 = PCURVE('',#16234,#16239);
#16234 = SPHERICAL_SURFACE('',#16235,0.475);
#16235 = AXIS2_PLACEMENT_3D('',#16236,#16237,#16238);
#16236 = CARTESIAN_POINT('',(-2.77,1.42,1.075));
#16237 = DIRECTION('',(0.,0.,1.));
#16238 = DIRECTION('',(1.,0.,-0.));
#16239 = DEFINITIONAL_REPRESENTATION('',(#16240),#16244);
#16240 = LINE('',#16241,#16242);
#16241 = CARTESIAN_POINT('',(0.,0.));
#16242 = VECTOR('',#16243,1.);
#16243 = DIRECTION('',(1.,0.));
#16244 = ( GEOMETRIC_REPRESENTATION_CONTEXT(2) 
PARAMETRIC_REPRESENTATION_CONTEXT() REPRESENTATION_CONTEXT('2D SPACE',''
  ) );
#16245 = ORIENTED_EDGE('',*,*,#16196,.T.);
#16246 = ADVANCED_FACE('',(#16247),#14471,.T.);
#16247 = FACE_BOUND('',#16248,.T.);
#16248 = EDGE_LOOP('',(#16249,#16250,#16273,#16300));
#16249 = ORIENTED_EDGE('',*,*,#14454,.F.);
#16250 = ORIENTED_EDGE('',*,*,#16251,.F.);
#16251 = EDGE_CURVE('',#16252,#14455,#16254,.T.);
#16252 = VERTEX_POINT('',#16253);
#16253 = CARTESIAN_POINT('',(0.475,1.42,1.075));
#16254 = SEAM_CURVE('',#16255,(#16259,#16266),.PCURVE_S1.);
#16255 = LINE('',#16256,#16257);
#16256 = CARTESIAN_POINT('',(0.475,1.42,1.075));
#16257 = VECTOR('',#16258,1.);
#16258 = DIRECTION('',(0.,0.,1.));
#16259 = PCURVE('',#14471,#16260);
#16260 = DEFINITIONAL_REPRESENTATION('',(#16261),#16265);
#16261 = LINE('',#16262,#16263);
#16262 = CARTESIAN_POINT('',(6.28318530718,-0.));
#16263 = VECTOR('',#16264,1.);
#16264 = DIRECTION('',(0.,1.));
#16265 = ( GEOMETRIC_REPRESENTATION_CONTEXT(2) 
PARAMETRIC_REPRESENTATION_CONTEXT() REPRESENTATION_CONTEXT('2D SPACE',''
  ) );
#16266 = PCURVE('',#14471,#16267);
#16267 = DEFINITIONAL_REPRESENTATION('',(#16268),#16272);
#16268 = LINE('',#16269,#16270);
#16269 = CARTESIAN_POINT('',(0.,-0.));
#16270 = VECTOR('',#16271,1.);
#16271 = DIRECTION('',(0.,1.));
#16272 = ( GEOMETRIC_REPRESENTATION_CONTEXT(2) 
PARAMETRIC_REPRESENTATION_CONTEXT() REPRESENTATION_CONTEXT('2D SPACE',''
  ) );
#16273 = ORIENTED_EDGE('',*,*,#16274,.T.);
#16274 = EDGE_CURVE('',#16252,#16252,#16275,.T.);
#16275 = SURFACE_CURVE('',#16276,(#16281,#16288),.PCURVE_S1.);
#16276 = CIRCLE('',#16277,0.475);
#16277 = AXIS2_PLACEMENT_3D('',#16278,#16279,#16280);
#16278 = CARTESIAN_POINT('',(0.,1.42,1.075));
#16279 = DIRECTION('',(0.,0.,1.));
#16280 = DIRECTION('',(1.,0.,-0.));
#16281 = PCURVE('',#14471,#16282);
#16282 = DEFINITIONAL_REPRESENTATION('',(#16283),#16287);
#16283 = LINE('',#16284,#16285);
#16284 = CARTESIAN_POINT('',(0.,0.));
#16285 = VECTOR('',#16286,1.);
#16286 = DIRECTION('',(1.,0.));
#16287 = ( GEOMETRIC_REPRESENTATION_CONTEXT(2) 
PARAMETRIC_REPRESENTATION_CONTEXT() REPRESENTATION_CONTEXT('2D SPACE',''
  ) );
#16288 = PCURVE('',#16289,#16294);
#16289 = SPHERICAL_SURFACE('',#16290,0.475);
#16290 = AXIS2_PLACEMENT_3D('',#16291,#16292,#16293);
#16291 = CARTESIAN_POINT('',(0.,1.42,1.075));
#16292 = DIRECTION('',(0.,0.,1.));
#16293 = DIRECTION('',(1.,0.,-0.));
#16294 = DEFINITIONAL_REPRESENTATION('',(#16295),#16299);
#16295 = LINE('',#16296,#16297);
#16296 = CARTESIAN_POINT('',(0.,0.));
#16297 = VECTOR('',#16298,1.);
#16298 = DIRECTION('',(1.,0.));
#16299 = ( GEOMETRIC_REPRESENTATION_CONTEXT(2) 
PARAMETRIC_REPRESENTATION_CONTEXT() REPRESENTATION_CONTEXT('2D SPACE',''
  ) );
#16300 = ORIENTED_EDGE('',*,*,#16251,.T.);
#16301 = ADVANCED_FACE('',(#16302),#14502,.T.);
#16302 = FACE_BOUND('',#16303,.T.);
#16303 = EDGE_LOOP('',(#16304,#16305,#16328,#16355));
#16304 = ORIENTED_EDGE('',*,*,#14485,.F.);
#16305 = ORIENTED_EDGE('',*,*,#16306,.F.);
#16306 = EDGE_CURVE('',#16307,#14486,#16309,.T.);
#16307 = VERTEX_POINT('',#16308);
#16308 = CARTESIAN_POINT('',(3.245,1.42,1.075));
#16309 = SEAM_CURVE('',#16310,(#16314,#16321),.PCURVE_S1.);
#16310 = LINE('',#16311,#16312);
#16311 = CARTESIAN_POINT('',(3.245,1.42,1.075));
#16312 = VECTOR('',#16313,1.);
#16313 = DIRECTION('',(0.,0.,1.));
#16314 = PCURVE('',#14502,#16315);
#16315 = DEFINITIONAL_REPRESENTATION('',(#16316),#16320);
#16316 = LINE('',#16317,#16318);
#16317 = CARTESIAN_POINT('',(6.28318530718,-0.));
#16318 = VECTOR('',#16319,1.);
#16319 = DIRECTION('',(0.,1.));
#16320 = ( GEOMETRIC_REPRESENTATION_CONTEXT(2) 
PARAMETRIC_REPRESENTATION_CONTEXT() REPRESENTATION_CONTEXT('2D SPACE',''
  ) );
#16321 = PCURVE('',#14502,#16322);
#16322 = DEFINITIONAL_REPRESENTATION('',(#16323),#16327);
#16323 = LINE('',#16324,#16325);
#16324 = CARTESIAN_POINT('',(0.,-0.));
#16325 = VECTOR('',#16326,1.);
#16326 = DIRECTION('',(0.,1.));
#16327 = ( GEOMETRIC_REPRESENTATION_CONTEXT(2) 
PARAMETRIC_REPRESENTATION_CONTEXT() REPRESENTATION_CONTEXT('2D SPACE',''
  ) );
#16328 = ORIENTED_EDGE('',*,*,#16329,.T.);
#16329 = EDGE_CURVE('',#16307,#16307,#16330,.T.);
#16330 = SURFACE_CURVE('',#16331,(#16336,#16343),.PCURVE_S1.);
#16331 = CIRCLE('',#16332,0.475);
#16332 = AXIS2_PLACEMENT_3D('',#16333,#16334,#16335);
#16333 = CARTESIAN_POINT('',(2.77,1.42,1.075));
#16334 = DIRECTION('',(0.,0.,1.));
#16335 = DIRECTION('',(1.,0.,-0.));
#16336 = PCURVE('',#14502,#16337);
#16337 = DEFINITIONAL_REPRESENTATION('',(#16338),#16342);
#16338 = LINE('',#16339,#16340);
#16339 = CARTESIAN_POINT('',(0.,0.));
#16340 = VECTOR('',#16341,1.);
#16341 = DIRECTION('',(1.,0.));
#16342 = ( GEOMETRIC_REPRESENTATION_CONTEXT(2) 
PARAMETRIC_REPRESENTATION_CONTEXT() REPRESENTATION_CONTEXT('2D SPACE',''
  ) );
#16343 = PCURVE('',#16344,#16349);
#16344 = SPHERICAL_SURFACE('',#16345,0.475);
#16345 = AXIS2_PLACEMENT_3D('',#16346,#16347,#16348);
#16346 = CARTESIAN_POINT('',(2.77,1.42,1.075));
#16347 = DIRECTION('',(0.,0.,1.));
#16348 = DIRECTION('',(1.,0.,-0.));
#16349 = DEFINITIONAL_REPRESENTATION('',(#16350),#16354);
#16350 = LINE('',#16351,#16352);
#16351 = CARTESIAN_POINT('',(0.,0.));
#16352 = VECTOR('',#16353,1.);
#16353 = DIRECTION('',(1.,0.));
#16354 = ( GEOMETRIC_REPRESENTATION_CONTEXT(2) 
PARAMETRIC_REPRESENTATION_CONTEXT() REPRESENTATION_CONTEXT('2D SPACE',''
  ) );
#16355 = ORIENTED_EDGE('',*,*,#16306,.T.);
#16356 = ADVANCED_FACE('',(#16357),#14533,.T.);
#16357 = FACE_BOUND('',#16358,.T.);
#16358 = EDGE_LOOP('',(#16359,#16360,#16383,#16410));
#16359 = ORIENTED_EDGE('',*,*,#14516,.F.);
#16360 = ORIENTED_EDGE('',*,*,#16361,.F.);
#16361 = EDGE_CURVE('',#16362,#14517,#16364,.T.);
#16362 = VERTEX_POINT('',#16363);
#16363 = CARTESIAN_POINT('',(6.015,1.42,1.075));
#16364 = SEAM_CURVE('',#16365,(#16369,#16376),.PCURVE_S1.);
#16365 = LINE('',#16366,#16367);
#16366 = CARTESIAN_POINT('',(6.015,1.42,1.075));
#16367 = VECTOR('',#16368,1.);
#16368 = DIRECTION('',(0.,0.,1.));
#16369 = PCURVE('',#14533,#16370);
#16370 = DEFINITIONAL_REPRESENTATION('',(#16371),#16375);
#16371 = LINE('',#16372,#16373);
#16372 = CARTESIAN_POINT('',(6.28318530718,-0.));
#16373 = VECTOR('',#16374,1.);
#16374 = DIRECTION('',(0.,1.));
#16375 = ( GEOMETRIC_REPRESENTATION_CONTEXT(2) 
PARAMETRIC_REPRESENTATION_CONTEXT() REPRESENTATION_CONTEXT('2D SPACE',''
  ) );
#16376 = PCURVE('',#14533,#16377);
#16377 = DEFINITIONAL_REPRESENTATION('',(#16378),#16382);
#16378 = LINE('',#16379,#16380);
#16379 = CARTESIAN_POINT('',(0.,-0.));
#16380 = VECTOR('',#16381,1.);
#16381 = DIRECTION('',(0.,1.));
#16382 = ( GEOMETRIC_REPRESENTATION_CONTEXT(2) 
PARAMETRIC_REPRESENTATION_CONTEXT() REPRESENTATION_CONTEXT('2D SPACE',''
  ) );
#16383 = ORIENTED_EDGE('',*,*,#16384,.T.);
#16384 = EDGE_CURVE('',#16362,#16362,#16385,.T.);
#16385 = SURFACE_CURVE('',#16386,(#16391,#16398),.PCURVE_S1.);
#16386 = CIRCLE('',#16387,0.475);
#16387 = AXIS2_PLACEMENT_3D('',#16388,#16389,#16390);
#16388 = CARTESIAN_POINT('',(5.54,1.42,1.075));
#16389 = DIRECTION('',(0.,0.,1.));
#16390 = DIRECTION('',(1.,0.,-0.));
#16391 = PCURVE('',#14533,#16392);
#16392 = DEFINITIONAL_REPRESENTATION('',(#16393),#16397);
#16393 = LINE('',#16394,#16395);
#16394 = CARTESIAN_POINT('',(0.,0.));
#16395 = VECTOR('',#16396,1.);
#16396 = DIRECTION('',(1.,0.));
#16397 = ( GEOMETRIC_REPRESENTATION_CONTEXT(2) 
PARAMETRIC_REPRESENTATION_CONTEXT() REPRESENTATION_CONTEXT('2D SPACE',''
  ) );
#16398 = PCURVE('',#16399,#16404);
#16399 = SPHERICAL_SURFACE('',#16400,0.475);
#16400 = AXIS2_PLACEMENT_3D('',#16401,#16402,#16403);
#16401 = CARTESIAN_POINT('',(5.54,1.42,1.075));
#16402 = DIRECTION('',(0.,0.,1.));
#16403 = DIRECTION('',(1.,0.,-0.));
#16404 = DEFINITIONAL_REPRESENTATION('',(#16405),#16409);
#16405 = LINE('',#16406,#16407);
#16406 = CARTESIAN_POINT('',(0.,0.));
#16407 = VECTOR('',#16408,1.);
#16408 = DIRECTION('',(1.,0.));
#16409 = ( GEOMETRIC_REPRESENTATION_CONTEXT(2) 
PARAMETRIC_REPRESENTATION_CONTEXT() REPRESENTATION_CONTEXT('2D SPACE',''
  ) );
#16410 = ORIENTED_EDGE('',*,*,#16361,.T.);
#16411 = ADVANCED_FACE('',(#16412),#14564,.T.);
#16412 = FACE_BOUND('',#16413,.T.);
#16413 = EDGE_LOOP('',(#16414,#16415,#16438,#16465));
#16414 = ORIENTED_EDGE('',*,*,#14547,.F.);
#16415 = ORIENTED_EDGE('',*,*,#16416,.F.);
#16416 = EDGE_CURVE('',#16417,#14548,#16419,.T.);
#16417 = VERTEX_POINT('',#16418);
#16418 = CARTESIAN_POINT('',(8.785,1.42,1.075));
#16419 = SEAM_CURVE('',#16420,(#16424,#16431),.PCURVE_S1.);
#16420 = LINE('',#16421,#16422);
#16421 = CARTESIAN_POINT('',(8.785,1.42,1.075));
#16422 = VECTOR('',#16423,1.);
#16423 = DIRECTION('',(0.,0.,1.));
#16424 = PCURVE('',#14564,#16425);
#16425 = DEFINITIONAL_REPRESENTATION('',(#16426),#16430);
#16426 = LINE('',#16427,#16428);
#16427 = CARTESIAN_POINT('',(6.28318530718,-0.));
#16428 = VECTOR('',#16429,1.);
#16429 = DIRECTION('',(0.,1.));
#16430 = ( GEOMETRIC_REPRESENTATION_CONTEXT(2) 
PARAMETRIC_REPRESENTATION_CONTEXT() REPRESENTATION_CONTEXT('2D SPACE',''
  ) );
#16431 = PCURVE('',#14564,#16432);
#16432 = DEFINITIONAL_REPRESENTATION('',(#16433),#16437);
#16433 = LINE('',#16434,#16435);
#16434 = CARTESIAN_POINT('',(0.,-0.));
#16435 = VECTOR('',#16436,1.);
#16436 = DIRECTION('',(0.,1.));
#16437 = ( GEOMETRIC_REPRESENTATION_CONTEXT(2) 
PARAMETRIC_REPRESENTATION_CONTEXT() REPRESENTATION_CONTEXT('2D SPACE',''
  ) );
#16438 = ORIENTED_EDGE('',*,*,#16439,.T.);
#16439 = EDGE_CURVE('',#16417,#16417,#16440,.T.);
#16440 = SURFACE_CURVE('',#16441,(#16446,#16453),.PCURVE_S1.);
#16441 = CIRCLE('',#16442,0.475);
#16442 = AXIS2_PLACEMENT_3D('',#16443,#16444,#16445);
#16443 = CARTESIAN_POINT('',(8.31,1.42,1.075));
#16444 = DIRECTION('',(0.,0.,1.));
#16445 = DIRECTION('',(1.,0.,-0.));
#16446 = PCURVE('',#14564,#16447);
#16447 = DEFINITIONAL_REPRESENTATION('',(#16448),#16452);
#16448 = LINE('',#16449,#16450);
#16449 = CARTESIAN_POINT('',(0.,0.));
#16450 = VECTOR('',#16451,1.);
#16451 = DIRECTION('',(1.,0.));
#16452 = ( GEOMETRIC_REPRESENTATION_CONTEXT(2) 
PARAMETRIC_REPRESENTATION_CONTEXT() REPRESENTATION_CONTEXT('2D SPACE',''
  ) );
#16453 = PCURVE('',#16454,#16459);
#16454 = SPHERICAL_SURFACE('',#16455,0.475);
#16455 = AXIS2_PLACEMENT_3D('',#16456,#16457,#16458);
#16456 = CARTESIAN_POINT('',(8.31,1.42,1.075));
#16457 = DIRECTION('',(0.,0.,1.));
#16458 = DIRECTION('',(1.,0.,-0.));
#16459 = DEFINITIONAL_REPRESENTATION('',(#16460),#16464);
#16460 = LINE('',#16461,#16462);
#16461 = CARTESIAN_POINT('',(0.,0.));
#16462 = VECTOR('',#16463,1.);
#16463 = DIRECTION('',(1.,0.));
#16464 = ( GEOMETRIC_REPRESENTATION_CONTEXT(2) 
PARAMETRIC_REPRESENTATION_CONTEXT() REPRESENTATION_CONTEXT('2D SPACE',''
  ) );
#16465 = ORIENTED_EDGE('',*,*,#16416,.T.);
#16466 = ADVANCED_FACE('',(#16467),#14595,.T.);
#16467 = FACE_BOUND('',#16468,.T.);
#16468 = EDGE_LOOP('',(#16469,#16470,#16493,#16520));
#16469 = ORIENTED_EDGE('',*,*,#14578,.F.);
#16470 = ORIENTED_EDGE('',*,*,#16471,.F.);
#16471 = EDGE_CURVE('',#16472,#14579,#16474,.T.);
#16472 = VERTEX_POINT('',#16473);
#16473 = CARTESIAN_POINT('',(11.555,1.42,1.075));
#16474 = SEAM_CURVE('',#16475,(#16479,#16486),.PCURVE_S1.);
#16475 = LINE('',#16476,#16477);
#16476 = CARTESIAN_POINT('',(11.555,1.42,1.075));
#16477 = VECTOR('',#16478,1.);
#16478 = DIRECTION('',(0.,0.,1.));
#16479 = PCURVE('',#14595,#16480);
#16480 = DEFINITIONAL_REPRESENTATION('',(#16481),#16485);
#16481 = LINE('',#16482,#16483);
#16482 = CARTESIAN_POINT('',(6.28318530718,-0.));
#16483 = VECTOR('',#16484,1.);
#16484 = DIRECTION('',(0.,1.));
#16485 = ( GEOMETRIC_REPRESENTATION_CONTEXT(2) 
PARAMETRIC_REPRESENTATION_CONTEXT() REPRESENTATION_CONTEXT('2D SPACE',''
  ) );
#16486 = PCURVE('',#14595,#16487);
#16487 = DEFINITIONAL_REPRESENTATION('',(#16488),#16492);
#16488 = LINE('',#16489,#16490);
#16489 = CARTESIAN_POINT('',(0.,-0.));
#16490 = VECTOR('',#16491,1.);
#16491 = DIRECTION('',(0.,1.));
#16492 = ( GEOMETRIC_REPRESENTATION_CONTEXT(2) 
PARAMETRIC_REPRESENTATION_CONTEXT() REPRESENTATION_CONTEXT('2D SPACE',''
  ) );
#16493 = ORIENTED_EDGE('',*,*,#16494,.T.);
#16494 = EDGE_CURVE('',#16472,#16472,#16495,.T.);
#16495 = SURFACE_CURVE('',#16496,(#16501,#16508),.PCURVE_S1.);
#16496 = CIRCLE('',#16497,0.475);
#16497 = AXIS2_PLACEMENT_3D('',#16498,#16499,#16500);
#16498 = CARTESIAN_POINT('',(11.08,1.42,1.075));
#16499 = DIRECTION('',(0.,0.,1.));
#16500 = DIRECTION('',(1.,0.,-0.));
#16501 = PCURVE('',#14595,#16502);
#16502 = DEFINITIONAL_REPRESENTATION('',(#16503),#16507);
#16503 = LINE('',#16504,#16505);
#16504 = CARTESIAN_POINT('',(0.,0.));
#16505 = VECTOR('',#16506,1.);
#16506 = DIRECTION('',(1.,0.));
#16507 = ( GEOMETRIC_REPRESENTATION_CONTEXT(2) 
PARAMETRIC_REPRESENTATION_CONTEXT() REPRESENTATION_CONTEXT('2D SPACE',''
  ) );
#16508 = PCURVE('',#16509,#16514);
#16509 = SPHERICAL_SURFACE('',#16510,0.475);
#16510 = AXIS2_PLACEMENT_3D('',#16511,#16512,#16513);
#16511 = CARTESIAN_POINT('',(11.08,1.42,1.075));
#16512 = DIRECTION('',(0.,0.,1.));
#16513 = DIRECTION('',(1.,0.,-0.));
#16514 = DEFINITIONAL_REPRESENTATION('',(#16515),#16519);
#16515 = LINE('',#16516,#16517);
#16516 = CARTESIAN_POINT('',(0.,0.));
#16517 = VECTOR('',#16518,1.);
#16518 = DIRECTION('',(1.,0.));
#16519 = ( GEOMETRIC_REPRESENTATION_CONTEXT(2) 
PARAMETRIC_REPRESENTATION_CONTEXT() REPRESENTATION_CONTEXT('2D SPACE',''
  ) );
#16520 = ORIENTED_EDGE('',*,*,#16471,.T.);
#16521 = ADVANCED_FACE('',(#16522),#14626,.T.);
#16522 = FACE_BOUND('',#16523,.T.);
#16523 = EDGE_LOOP('',(#16524,#16525,#16548,#16575));
#16524 = ORIENTED_EDGE('',*,*,#14609,.F.);
#16525 = ORIENTED_EDGE('',*,*,#16526,.F.);
#16526 = EDGE_CURVE('',#16527,#14610,#16529,.T.);
#16527 = VERTEX_POINT('',#16528);
#16528 = CARTESIAN_POINT('',(14.325,1.42,1.075));
#16529 = SEAM_CURVE('',#16530,(#16534,#16541),.PCURVE_S1.);
#16530 = LINE('',#16531,#16532);
#16531 = CARTESIAN_POINT('',(14.325,1.42,1.075));
#16532 = VECTOR('',#16533,1.);
#16533 = DIRECTION('',(0.,0.,1.));
#16534 = PCURVE('',#14626,#16535);
#16535 = DEFINITIONAL_REPRESENTATION('',(#16536),#16540);
#16536 = LINE('',#16537,#16538);
#16537 = CARTESIAN_POINT('',(6.28318530718,-0.));
#16538 = VECTOR('',#16539,1.);
#16539 = DIRECTION('',(0.,1.));
#16540 = ( GEOMETRIC_REPRESENTATION_CONTEXT(2) 
PARAMETRIC_REPRESENTATION_CONTEXT() REPRESENTATION_CONTEXT('2D SPACE',''
  ) );
#16541 = PCURVE('',#14626,#16542);
#16542 = DEFINITIONAL_REPRESENTATION('',(#16543),#16547);
#16543 = LINE('',#16544,#16545);
#16544 = CARTESIAN_POINT('',(0.,-0.));
#16545 = VECTOR('',#16546,1.);
#16546 = DIRECTION('',(0.,1.));
#16547 = ( GEOMETRIC_REPRESENTATION_CONTEXT(2) 
PARAMETRIC_REPRESENTATION_CONTEXT() REPRESENTATION_CONTEXT('2D SPACE',''
  ) );
#16548 = ORIENTED_EDGE('',*,*,#16549,.T.);
#16549 = EDGE_CURVE('',#16527,#16527,#16550,.T.);
#16550 = SURFACE_CURVE('',#16551,(#16556,#16563),.PCURVE_S1.);
#16551 = CIRCLE('',#16552,0.475);
#16552 = AXIS2_PLACEMENT_3D('',#16553,#16554,#16555);
#16553 = CARTESIAN_POINT('',(13.85,1.42,1.075));
#16554 = DIRECTION('',(0.,0.,1.));
#16555 = DIRECTION('',(1.,0.,-0.));
#16556 = PCURVE('',#14626,#16557);
#16557 = DEFINITIONAL_REPRESENTATION('',(#16558),#16562);
#16558 = LINE('',#16559,#16560);
#16559 = CARTESIAN_POINT('',(0.,0.));
#16560 = VECTOR('',#16561,1.);
#16561 = DIRECTION('',(1.,0.));
#16562 = ( GEOMETRIC_REPRESENTATION_CONTEXT(2) 
PARAMETRIC_REPRESENTATION_CONTEXT() REPRESENTATION_CONTEXT('2D SPACE',''
  ) );
#16563 = PCURVE('',#16564,#16569);
#16564 = SPHERICAL_SURFACE('',#16565,0.475);
#16565 = AXIS2_PLACEMENT_3D('',#16566,#16567,#16568);
#16566 = CARTESIAN_POINT('',(13.85,1.42,1.075));
#16567 = DIRECTION('',(0.,0.,1.));
#16568 = DIRECTION('',(1.,0.,-0.));
#16569 = DEFINITIONAL_REPRESENTATION('',(#16570),#16574);
#16570 = LINE('',#16571,#16572);
#16571 = CARTESIAN_POINT('',(0.,0.));
#16572 = VECTOR('',#16573,1.);
#16573 = DIRECTION('',(1.,0.));
#16574 = ( GEOMETRIC_REPRESENTATION_CONTEXT(2) 
PARAMETRIC_REPRESENTATION_CONTEXT() REPRESENTATION_CONTEXT('2D SPACE',''
  ) );
#16575 = ORIENTED_EDGE('',*,*,#16526,.T.);
#16576 = ADVANCED_FACE('',(#16577),#14657,.T.);
#16577 = FACE_BOUND('',#16578,.T.);
#16578 = EDGE_LOOP('',(#16579,#16580,#16603,#16630));
#16579 = ORIENTED_EDGE('',*,*,#14640,.F.);
#16580 = ORIENTED_EDGE('',*,*,#16581,.F.);
#16581 = EDGE_CURVE('',#16582,#14641,#16584,.T.);
#16582 = VERTEX_POINT('',#16583);
#16583 = CARTESIAN_POINT('',(17.095,1.42,1.075));
#16584 = SEAM_CURVE('',#16585,(#16589,#16596),.PCURVE_S1.);
#16585 = LINE('',#16586,#16587);
#16586 = CARTESIAN_POINT('',(17.095,1.42,1.075));
#16587 = VECTOR('',#16588,1.);
#16588 = DIRECTION('',(0.,0.,1.));
#16589 = PCURVE('',#14657,#16590);
#16590 = DEFINITIONAL_REPRESENTATION('',(#16591),#16595);
#16591 = LINE('',#16592,#16593);
#16592 = CARTESIAN_POINT('',(6.28318530718,-0.));
#16593 = VECTOR('',#16594,1.);
#16594 = DIRECTION('',(0.,1.));
#16595 = ( GEOMETRIC_REPRESENTATION_CONTEXT(2) 
PARAMETRIC_REPRESENTATION_CONTEXT() REPRESENTATION_CONTEXT('2D SPACE',''
  ) );
#16596 = PCURVE('',#14657,#16597);
#16597 = DEFINITIONAL_REPRESENTATION('',(#16598),#16602);
#16598 = LINE('',#16599,#16600);
#16599 = CARTESIAN_POINT('',(0.,-0.));
#16600 = VECTOR('',#16601,1.);
#16601 = DIRECTION('',(0.,1.));
#16602 = ( GEOMETRIC_REPRESENTATION_CONTEXT(2) 
PARAMETRIC_REPRESENTATION_CONTEXT() REPRESENTATION_CONTEXT('2D SPACE',''
  ) );
#16603 = ORIENTED_EDGE('',*,*,#16604,.T.);
#16604 = EDGE_CURVE('',#16582,#16582,#16605,.T.);
#16605 = SURFACE_CURVE('',#16606,(#16611,#16618),.PCURVE_S1.);
#16606 = CIRCLE('',#16607,0.475);
#16607 = AXIS2_PLACEMENT_3D('',#16608,#16609,#16610);
#16608 = CARTESIAN_POINT('',(16.62,1.42,1.075));
#16609 = DIRECTION('',(0.,0.,1.));
#16610 = DIRECTION('',(1.,0.,-0.));
#16611 = PCURVE('',#14657,#16612);
#16612 = DEFINITIONAL_REPRESENTATION('',(#16613),#16617);
#16613 = LINE('',#16614,#16615);
#16614 = CARTESIAN_POINT('',(0.,0.));
#16615 = VECTOR('',#16616,1.);
#16616 = DIRECTION('',(1.,0.));
#16617 = ( GEOMETRIC_REPRESENTATION_CONTEXT(2) 
PARAMETRIC_REPRESENTATION_CONTEXT() REPRESENTATION_CONTEXT('2D SPACE',''
  ) );
#16618 = PCURVE('',#16619,#16624);
#16619 = SPHERICAL_SURFACE('',#16620,0.475);
#16620 = AXIS2_PLACEMENT_3D('',#16621,#16622,#16623);
#16621 = CARTESIAN_POINT('',(16.62,1.42,1.075));
#16622 = DIRECTION('',(0.,0.,1.));
#16623 = DIRECTION('',(1.,0.,-0.));
#16624 = DEFINITIONAL_REPRESENTATION('',(#16625),#16629);
#16625 = LINE('',#16626,#16627);
#16626 = CARTESIAN_POINT('',(0.,0.));
#16627 = VECTOR('',#16628,1.);
#16628 = DIRECTION('',(1.,0.));
#16629 = ( GEOMETRIC_REPRESENTATION_CONTEXT(2) 
PARAMETRIC_REPRESENTATION_CONTEXT() REPRESENTATION_CONTEXT('2D SPACE',''
  ) );
#16630 = ORIENTED_EDGE('',*,*,#16581,.T.);
#16631 = ADVANCED_FACE('',(#16632),#14688,.T.);
#16632 = FACE_BOUND('',#16633,.T.);
#16633 = EDGE_LOOP('',(#16634,#16635,#16658,#16685));
#16634 = ORIENTED_EDGE('',*,*,#14671,.F.);
#16635 = ORIENTED_EDGE('',*,*,#16636,.F.);
#16636 = EDGE_CURVE('',#16637,#14672,#16639,.T.);
#16637 = VERTEX_POINT('',#16638);
#16638 = CARTESIAN_POINT('',(19.865,1.42,1.075));
#16639 = SEAM_CURVE('',#16640,(#16644,#16651),.PCURVE_S1.);
#16640 = LINE('',#16641,#16642);
#16641 = CARTESIAN_POINT('',(19.865,1.42,1.075));
#16642 = VECTOR('',#16643,1.);
#16643 = DIRECTION('',(0.,0.,1.));
#16644 = PCURVE('',#14688,#16645);
#16645 = DEFINITIONAL_REPRESENTATION('',(#16646),#16650);
#16646 = LINE('',#16647,#16648);
#16647 = CARTESIAN_POINT('',(6.28318530718,-0.));
#16648 = VECTOR('',#16649,1.);
#16649 = DIRECTION('',(0.,1.));
#16650 = ( GEOMETRIC_REPRESENTATION_CONTEXT(2) 
PARAMETRIC_REPRESENTATION_CONTEXT() REPRESENTATION_CONTEXT('2D SPACE',''
  ) );
#16651 = PCURVE('',#14688,#16652);
#16652 = DEFINITIONAL_REPRESENTATION('',(#16653),#16657);
#16653 = LINE('',#16654,#16655);
#16654 = CARTESIAN_POINT('',(0.,-0.));
#16655 = VECTOR('',#16656,1.);
#16656 = DIRECTION('',(0.,1.));
#16657 = ( GEOMETRIC_REPRESENTATION_CONTEXT(2) 
PARAMETRIC_REPRESENTATION_CONTEXT() REPRESENTATION_CONTEXT('2D SPACE',''
  ) );
#16658 = ORIENTED_EDGE('',*,*,#16659,.T.);
#16659 = EDGE_CURVE('',#16637,#16637,#16660,.T.);
#16660 = SURFACE_CURVE('',#16661,(#16666,#16673),.PCURVE_S1.);
#16661 = CIRCLE('',#16662,0.475);
#16662 = AXIS2_PLACEMENT_3D('',#16663,#16664,#16665);
#16663 = CARTESIAN_POINT('',(19.39,1.42,1.075));
#16664 = DIRECTION('',(0.,0.,1.));
#16665 = DIRECTION('',(1.,0.,-0.));
#16666 = PCURVE('',#14688,#16667);
#16667 = DEFINITIONAL_REPRESENTATION('',(#16668),#16672);
#16668 = LINE('',#16669,#16670);
#16669 = CARTESIAN_POINT('',(0.,0.));
#16670 = VECTOR('',#16671,1.);
#16671 = DIRECTION('',(1.,0.));
#16672 = ( GEOMETRIC_REPRESENTATION_CONTEXT(2) 
PARAMETRIC_REPRESENTATION_CONTEXT() REPRESENTATION_CONTEXT('2D SPACE',''
  ) );
#16673 = PCURVE('',#16674,#16679);
#16674 = SPHERICAL_SURFACE('',#16675,0.475);
#16675 = AXIS2_PLACEMENT_3D('',#16676,#16677,#16678);
#16676 = CARTESIAN_POINT('',(19.39,1.42,1.075));
#16677 = DIRECTION('',(0.,0.,1.));
#16678 = DIRECTION('',(1.,0.,-0.));
#16679 = DEFINITIONAL_REPRESENTATION('',(#16680),#16684);
#16680 = LINE('',#16681,#16682);
#16681 = CARTESIAN_POINT('',(0.,0.));
#16682 = VECTOR('',#16683,1.);
#16683 = DIRECTION('',(1.,0.));
#16684 = ( GEOMETRIC_REPRESENTATION_CONTEXT(2) 
PARAMETRIC_REPRESENTATION_CONTEXT() REPRESENTATION_CONTEXT('2D SPACE',''
  ) );
#16685 = ORIENTED_EDGE('',*,*,#16636,.T.);
#16686 = ADVANCED_FACE('',(#16687),#14719,.T.);
#16687 = FACE_BOUND('',#16688,.T.);
#16688 = EDGE_LOOP('',(#16689,#16690,#16713,#16740));
#16689 = ORIENTED_EDGE('',*,*,#14702,.F.);
#16690 = ORIENTED_EDGE('',*,*,#16691,.F.);
#16691 = EDGE_CURVE('',#16692,#14703,#16694,.T.);
#16692 = VERTEX_POINT('',#16693);
#16693 = CARTESIAN_POINT('',(22.635,1.42,1.075));
#16694 = SEAM_CURVE('',#16695,(#16699,#16706),.PCURVE_S1.);
#16695 = LINE('',#16696,#16697);
#16696 = CARTESIAN_POINT('',(22.635,1.42,1.075));
#16697 = VECTOR('',#16698,1.);
#16698 = DIRECTION('',(0.,0.,1.));
#16699 = PCURVE('',#14719,#16700);
#16700 = DEFINITIONAL_REPRESENTATION('',(#16701),#16705);
#16701 = LINE('',#16702,#16703);
#16702 = CARTESIAN_POINT('',(6.28318530718,-0.));
#16703 = VECTOR('',#16704,1.);
#16704 = DIRECTION('',(0.,1.));
#16705 = ( GEOMETRIC_REPRESENTATION_CONTEXT(2) 
PARAMETRIC_REPRESENTATION_CONTEXT() REPRESENTATION_CONTEXT('2D SPACE',''
  ) );
#16706 = PCURVE('',#14719,#16707);
#16707 = DEFINITIONAL_REPRESENTATION('',(#16708),#16712);
#16708 = LINE('',#16709,#16710);
#16709 = CARTESIAN_POINT('',(0.,-0.));
#16710 = VECTOR('',#16711,1.);
#16711 = DIRECTION('',(0.,1.));
#16712 = ( GEOMETRIC_REPRESENTATION_CONTEXT(2) 
PARAMETRIC_REPRESENTATION_CONTEXT() REPRESENTATION_CONTEXT('2D SPACE',''
  ) );
#16713 = ORIENTED_EDGE('',*,*,#16714,.T.);
#16714 = EDGE_CURVE('',#16692,#16692,#16715,.T.);
#16715 = SURFACE_CURVE('',#16716,(#16721,#16728),.PCURVE_S1.);
#16716 = CIRCLE('',#16717,0.475);
#16717 = AXIS2_PLACEMENT_3D('',#16718,#16719,#16720);
#16718 = CARTESIAN_POINT('',(22.16,1.42,1.075));
#16719 = DIRECTION('',(0.,0.,1.));
#16720 = DIRECTION('',(1.,0.,-0.));
#16721 = PCURVE('',#14719,#16722);
#16722 = DEFINITIONAL_REPRESENTATION('',(#16723),#16727);
#16723 = LINE('',#16724,#16725);
#16724 = CARTESIAN_POINT('',(0.,0.));
#16725 = VECTOR('',#16726,1.);
#16726 = DIRECTION('',(1.,0.));
#16727 = ( GEOMETRIC_REPRESENTATION_CONTEXT(2) 
PARAMETRIC_REPRESENTATION_CONTEXT() REPRESENTATION_CONTEXT('2D SPACE',''
  ) );
#16728 = PCURVE('',#16729,#16734);
#16729 = SPHERICAL_SURFACE('',#16730,0.475);
#16730 = AXIS2_PLACEMENT_3D('',#16731,#16732,#16733);
#16731 = CARTESIAN_POINT('',(22.16,1.42,1.075));
#16732 = DIRECTION('',(0.,0.,1.));
#16733 = DIRECTION('',(1.,0.,-0.));
#16734 = DEFINITIONAL_REPRESENTATION('',(#16735),#16739);
#16735 = LINE('',#16736,#16737);
#16736 = CARTESIAN_POINT('',(0.,0.));
#16737 = VECTOR('',#16738,1.);
#16738 = DIRECTION('',(1.,0.));
#16739 = ( GEOMETRIC_REPRESENTATION_CONTEXT(2) 
PARAMETRIC_REPRESENTATION_CONTEXT() REPRESENTATION_CONTEXT('2D SPACE',''
  ) );
#16740 = ORIENTED_EDGE('',*,*,#16691,.T.);
#16741 = ADVANCED_FACE('',(#16742),#14750,.T.);
#16742 = FACE_BOUND('',#16743,.T.);
#16743 = EDGE_LOOP('',(#16744,#16745,#16768,#16795));
#16744 = ORIENTED_EDGE('',*,*,#14733,.F.);
#16745 = ORIENTED_EDGE('',*,*,#16746,.F.);
#16746 = EDGE_CURVE('',#16747,#14734,#16749,.T.);
#16747 = VERTEX_POINT('',#16748);
#16748 = CARTESIAN_POINT('',(25.405,1.42,1.075));
#16749 = SEAM_CURVE('',#16750,(#16754,#16761),.PCURVE_S1.);
#16750 = LINE('',#16751,#16752);
#16751 = CARTESIAN_POINT('',(25.405,1.42,1.075));
#16752 = VECTOR('',#16753,1.);
#16753 = DIRECTION('',(0.,0.,1.));
#16754 = PCURVE('',#14750,#16755);
#16755 = DEFINITIONAL_REPRESENTATION('',(#16756),#16760);
#16756 = LINE('',#16757,#16758);
#16757 = CARTESIAN_POINT('',(6.28318530718,-0.));
#16758 = VECTOR('',#16759,1.);
#16759 = DIRECTION('',(0.,1.));
#16760 = ( GEOMETRIC_REPRESENTATION_CONTEXT(2) 
PARAMETRIC_REPRESENTATION_CONTEXT() REPRESENTATION_CONTEXT('2D SPACE',''
  ) );
#16761 = PCURVE('',#14750,#16762);
#16762 = DEFINITIONAL_REPRESENTATION('',(#16763),#16767);
#16763 = LINE('',#16764,#16765);
#16764 = CARTESIAN_POINT('',(0.,-0.));
#16765 = VECTOR('',#16766,1.);
#16766 = DIRECTION('',(0.,1.));
#16767 = ( GEOMETRIC_REPRESENTATION_CONTEXT(2) 
PARAMETRIC_REPRESENTATION_CONTEXT() REPRESENTATION_CONTEXT('2D SPACE',''
  ) );
#16768 = ORIENTED_EDGE('',*,*,#16769,.T.);
#16769 = EDGE_CURVE('',#16747,#16747,#16770,.T.);
#16770 = SURFACE_CURVE('',#16771,(#16776,#16783),.PCURVE_S1.);
#16771 = CIRCLE('',#16772,0.475);
#16772 = AXIS2_PLACEMENT_3D('',#16773,#16774,#16775);
#16773 = CARTESIAN_POINT('',(24.93,1.42,1.075));
#16774 = DIRECTION('',(0.,0.,1.));
#16775 = DIRECTION('',(1.,0.,-0.));
#16776 = PCURVE('',#14750,#16777);
#16777 = DEFINITIONAL_REPRESENTATION('',(#16778),#16782);
#16778 = LINE('',#16779,#16780);
#16779 = CARTESIAN_POINT('',(0.,0.));
#16780 = VECTOR('',#16781,1.);
#16781 = DIRECTION('',(1.,0.));
#16782 = ( GEOMETRIC_REPRESENTATION_CONTEXT(2) 
PARAMETRIC_REPRESENTATION_CONTEXT() REPRESENTATION_CONTEXT('2D SPACE',''
  ) );
#16783 = PCURVE('',#16784,#16789);
#16784 = SPHERICAL_SURFACE('',#16785,0.475);
#16785 = AXIS2_PLACEMENT_3D('',#16786,#16787,#16788);
#16786 = CARTESIAN_POINT('',(24.93,1.42,1.075));
#16787 = DIRECTION('',(0.,0.,1.));
#16788 = DIRECTION('',(1.,0.,-0.));
#16789 = DEFINITIONAL_REPRESENTATION('',(#16790),#16794);
#16790 = LINE('',#16791,#16792);
#16791 = CARTESIAN_POINT('',(0.,0.));
#16792 = VECTOR('',#16793,1.);
#16793 = DIRECTION('',(1.,0.));
#16794 = ( GEOMETRIC_REPRESENTATION_CONTEXT(2) 
PARAMETRIC_REPRESENTATION_CONTEXT() REPRESENTATION_CONTEXT('2D SPACE',''
  ) );
#16795 = ORIENTED_EDGE('',*,*,#16746,.T.);
#16796 = ADVANCED_FACE('',(#16797),#14804,.T.);
#16797 = FACE_BOUND('',#16798,.T.);
#16798 = EDGE_LOOP('',(#16799,#16800,#16824));
#16799 = ORIENTED_EDGE('',*,*,#14789,.F.);
#16800 = ORIENTED_EDGE('',*,*,#16801,.F.);
#16801 = EDGE_CURVE('',#16802,#14767,#16804,.T.);
#16802 = VERTEX_POINT('',#16803);
#16803 = CARTESIAN_POINT('',(-23.545,-1.42,0.6));
#16804 = SEAM_CURVE('',#16805,(#16810,#16817),.PCURVE_S1.);
#16805 = CIRCLE('',#16806,0.475);
#16806 = AXIS2_PLACEMENT_3D('',#16807,#16808,#16809);
#16807 = CARTESIAN_POINT('',(-23.545,-1.42,1.075));
#16808 = DIRECTION('',(-2.449293598295E-16,-1.,0.));
#16809 = DIRECTION('',(1.,-2.449293598295E-16,0.));
#16810 = PCURVE('',#14804,#16811);
#16811 = DEFINITIONAL_REPRESENTATION('',(#16812),#16816);
#16812 = LINE('',#16813,#16814);
#16813 = CARTESIAN_POINT('',(6.28318530718,-6.28318530718));
#16814 = VECTOR('',#16815,1.);
#16815 = DIRECTION('',(0.,1.));
#16816 = ( GEOMETRIC_REPRESENTATION_CONTEXT(2) 
PARAMETRIC_REPRESENTATION_CONTEXT() REPRESENTATION_CONTEXT('2D SPACE',''
  ) );
#16817 = PCURVE('',#14804,#16818);
#16818 = DEFINITIONAL_REPRESENTATION('',(#16819),#16823);
#16819 = LINE('',#16820,#16821);
#16820 = CARTESIAN_POINT('',(0.,-6.28318530718));
#16821 = VECTOR('',#16822,1.);
#16822 = DIRECTION('',(0.,1.));
#16823 = ( GEOMETRIC_REPRESENTATION_CONTEXT(2) 
PARAMETRIC_REPRESENTATION_CONTEXT() REPRESENTATION_CONTEXT('2D SPACE',''
  ) );
#16824 = ORIENTED_EDGE('',*,*,#16801,.T.);
#16825 = ADVANCED_FACE('',(#16826),#14859,.T.);
#16826 = FACE_BOUND('',#16827,.T.);
#16827 = EDGE_LOOP('',(#16828,#16829,#16853));
#16828 = ORIENTED_EDGE('',*,*,#14844,.F.);
#16829 = ORIENTED_EDGE('',*,*,#16830,.F.);
#16830 = EDGE_CURVE('',#16831,#14822,#16833,.T.);
#16831 = VERTEX_POINT('',#16832);
#16832 = CARTESIAN_POINT('',(-20.775,-1.42,0.6));
#16833 = SEAM_CURVE('',#16834,(#16839,#16846),.PCURVE_S1.);
#16834 = CIRCLE('',#16835,0.475);
#16835 = AXIS2_PLACEMENT_3D('',#16836,#16837,#16838);
#16836 = CARTESIAN_POINT('',(-20.775,-1.42,1.075));
#16837 = DIRECTION('',(-2.449293598295E-16,-1.,0.));
#16838 = DIRECTION('',(1.,-2.449293598295E-16,0.));
#16839 = PCURVE('',#14859,#16840);
#16840 = DEFINITIONAL_REPRESENTATION('',(#16841),#16845);
#16841 = LINE('',#16842,#16843);
#16842 = CARTESIAN_POINT('',(6.28318530718,-6.28318530718));
#16843 = VECTOR('',#16844,1.);
#16844 = DIRECTION('',(0.,1.));
#16845 = ( GEOMETRIC_REPRESENTATION_CONTEXT(2) 
PARAMETRIC_REPRESENTATION_CONTEXT() REPRESENTATION_CONTEXT('2D SPACE',''
  ) );
#16846 = PCURVE('',#14859,#16847);
#16847 = DEFINITIONAL_REPRESENTATION('',(#16848),#16852);
#16848 = LINE('',#16849,#16850);
#16849 = CARTESIAN_POINT('',(0.,-6.28318530718));
#16850 = VECTOR('',#16851,1.);
#16851 = DIRECTION('',(0.,1.));
#16852 = ( GEOMETRIC_REPRESENTATION_CONTEXT(2) 
PARAMETRIC_REPRESENTATION_CONTEXT() REPRESENTATION_CONTEXT('2D SPACE',''
  ) );
#16853 = ORIENTED_EDGE('',*,*,#16830,.T.);
#16854 = ADVANCED_FACE('',(#16855),#14914,.T.);
#16855 = FACE_BOUND('',#16856,.T.);
#16856 = EDGE_LOOP('',(#16857,#16858,#16882));
#16857 = ORIENTED_EDGE('',*,*,#14899,.F.);
#16858 = ORIENTED_EDGE('',*,*,#16859,.F.);
#16859 = EDGE_CURVE('',#16860,#14877,#16862,.T.);
#16860 = VERTEX_POINT('',#16861);
#16861 = CARTESIAN_POINT('',(-18.005,-1.42,0.6));
#16862 = SEAM_CURVE('',#16863,(#16868,#16875),.PCURVE_S1.);
#16863 = CIRCLE('',#16864,0.475);
#16864 = AXIS2_PLACEMENT_3D('',#16865,#16866,#16867);
#16865 = CARTESIAN_POINT('',(-18.005,-1.42,1.075));
#16866 = DIRECTION('',(-2.449293598295E-16,-1.,0.));
#16867 = DIRECTION('',(1.,-2.449293598295E-16,0.));
#16868 = PCURVE('',#14914,#16869);
#16869 = DEFINITIONAL_REPRESENTATION('',(#16870),#16874);
#16870 = LINE('',#16871,#16872);
#16871 = CARTESIAN_POINT('',(6.28318530718,-6.28318530718));
#16872 = VECTOR('',#16873,1.);
#16873 = DIRECTION('',(0.,1.));
#16874 = ( GEOMETRIC_REPRESENTATION_CONTEXT(2) 
PARAMETRIC_REPRESENTATION_CONTEXT() REPRESENTATION_CONTEXT('2D SPACE',''
  ) );
#16875 = PCURVE('',#14914,#16876);
#16876 = DEFINITIONAL_REPRESENTATION('',(#16877),#16881);
#16877 = LINE('',#16878,#16879);
#16878 = CARTESIAN_POINT('',(0.,-6.28318530718));
#16879 = VECTOR('',#16880,1.);
#16880 = DIRECTION('',(0.,1.));
#16881 = ( GEOMETRIC_REPRESENTATION_CONTEXT(2) 
PARAMETRIC_REPRESENTATION_CONTEXT() REPRESENTATION_CONTEXT('2D SPACE',''
  ) );
#16882 = ORIENTED_EDGE('',*,*,#16859,.T.);
#16883 = ADVANCED_FACE('',(#16884),#14969,.T.);
#16884 = FACE_BOUND('',#16885,.T.);
#16885 = EDGE_LOOP('',(#16886,#16887,#16911));
#16886 = ORIENTED_EDGE('',*,*,#14954,.F.);
#16887 = ORIENTED_EDGE('',*,*,#16888,.F.);
#16888 = EDGE_CURVE('',#16889,#14932,#16891,.T.);
#16889 = VERTEX_POINT('',#16890);
#16890 = CARTESIAN_POINT('',(-15.235,-1.42,0.6));
#16891 = SEAM_CURVE('',#16892,(#16897,#16904),.PCURVE_S1.);
#16892 = CIRCLE('',#16893,0.475);
#16893 = AXIS2_PLACEMENT_3D('',#16894,#16895,#16896);
#16894 = CARTESIAN_POINT('',(-15.235,-1.42,1.075));
#16895 = DIRECTION('',(-2.449293598295E-16,-1.,0.));
#16896 = DIRECTION('',(1.,-2.449293598295E-16,0.));
#16897 = PCURVE('',#14969,#16898);
#16898 = DEFINITIONAL_REPRESENTATION('',(#16899),#16903);
#16899 = LINE('',#16900,#16901);
#16900 = CARTESIAN_POINT('',(6.28318530718,-6.28318530718));
#16901 = VECTOR('',#16902,1.);
#16902 = DIRECTION('',(0.,1.));
#16903 = ( GEOMETRIC_REPRESENTATION_CONTEXT(2) 
PARAMETRIC_REPRESENTATION_CONTEXT() REPRESENTATION_CONTEXT('2D SPACE',''
  ) );
#16904 = PCURVE('',#14969,#16905);
#16905 = DEFINITIONAL_REPRESENTATION('',(#16906),#16910);
#16906 = LINE('',#16907,#16908);
#16907 = CARTESIAN_POINT('',(0.,-6.28318530718));
#16908 = VECTOR('',#16909,1.);
#16909 = DIRECTION('',(0.,1.));
#16910 = ( GEOMETRIC_REPRESENTATION_CONTEXT(2) 
PARAMETRIC_REPRESENTATION_CONTEXT() REPRESENTATION_CONTEXT('2D SPACE',''
  ) );
#16911 = ORIENTED_EDGE('',*,*,#16888,.T.);
#16912 = ADVANCED_FACE('',(#16913),#15024,.T.);
#16913 = FACE_BOUND('',#16914,.T.);
#16914 = EDGE_LOOP('',(#16915,#16916,#16940));
#16915 = ORIENTED_EDGE('',*,*,#15009,.F.);
#16916 = ORIENTED_EDGE('',*,*,#16917,.F.);
#16917 = EDGE_CURVE('',#16918,#14987,#16920,.T.);
#16918 = VERTEX_POINT('',#16919);
#16919 = CARTESIAN_POINT('',(-12.465,-1.42,0.6));
#16920 = SEAM_CURVE('',#16921,(#16926,#16933),.PCURVE_S1.);
#16921 = CIRCLE('',#16922,0.475);
#16922 = AXIS2_PLACEMENT_3D('',#16923,#16924,#16925);
#16923 = CARTESIAN_POINT('',(-12.465,-1.42,1.075));
#16924 = DIRECTION('',(-2.449293598295E-16,-1.,0.));
#16925 = DIRECTION('',(1.,-2.449293598295E-16,0.));
#16926 = PCURVE('',#15024,#16927);
#16927 = DEFINITIONAL_REPRESENTATION('',(#16928),#16932);
#16928 = LINE('',#16929,#16930);
#16929 = CARTESIAN_POINT('',(6.28318530718,-6.28318530718));
#16930 = VECTOR('',#16931,1.);
#16931 = DIRECTION('',(0.,1.));
#16932 = ( GEOMETRIC_REPRESENTATION_CONTEXT(2) 
PARAMETRIC_REPRESENTATION_CONTEXT() REPRESENTATION_CONTEXT('2D SPACE',''
  ) );
#16933 = PCURVE('',#15024,#16934);
#16934 = DEFINITIONAL_REPRESENTATION('',(#16935),#16939);
#16935 = LINE('',#16936,#16937);
#16936 = CARTESIAN_POINT('',(0.,-6.28318530718));
#16937 = VECTOR('',#16938,1.);
#16938 = DIRECTION('',(0.,1.));
#16939 = ( GEOMETRIC_REPRESENTATION_CONTEXT(2) 
PARAMETRIC_REPRESENTATION_CONTEXT() REPRESENTATION_CONTEXT('2D SPACE',''
  ) );
#16940 = ORIENTED_EDGE('',*,*,#16917,.T.);
#16941 = ADVANCED_FACE('',(#16942),#15079,.T.);
#16942 = FACE_BOUND('',#16943,.T.);
#16943 = EDGE_LOOP('',(#16944,#16945,#16969));
#16944 = ORIENTED_EDGE('',*,*,#15064,.F.);
#16945 = ORIENTED_EDGE('',*,*,#16946,.F.);
#16946 = EDGE_CURVE('',#16947,#15042,#16949,.T.);
#16947 = VERTEX_POINT('',#16948);
#16948 = CARTESIAN_POINT('',(-9.695,-1.42,0.6));
#16949 = SEAM_CURVE('',#16950,(#16955,#16962),.PCURVE_S1.);
#16950 = CIRCLE('',#16951,0.475);
#16951 = AXIS2_PLACEMENT_3D('',#16952,#16953,#16954);
#16952 = CARTESIAN_POINT('',(-9.695,-1.42,1.075));
#16953 = DIRECTION('',(-2.449293598295E-16,-1.,0.));
#16954 = DIRECTION('',(1.,-2.449293598295E-16,0.));
#16955 = PCURVE('',#15079,#16956);
#16956 = DEFINITIONAL_REPRESENTATION('',(#16957),#16961);
#16957 = LINE('',#16958,#16959);
#16958 = CARTESIAN_POINT('',(6.28318530718,-6.28318530718));
#16959 = VECTOR('',#16960,1.);
#16960 = DIRECTION('',(0.,1.));
#16961 = ( GEOMETRIC_REPRESENTATION_CONTEXT(2) 
PARAMETRIC_REPRESENTATION_CONTEXT() REPRESENTATION_CONTEXT('2D SPACE',''
  ) );
#16962 = PCURVE('',#15079,#16963);
#16963 = DEFINITIONAL_REPRESENTATION('',(#16964),#16968);
#16964 = LINE('',#16965,#16966);
#16965 = CARTESIAN_POINT('',(0.,-6.28318530718));
#16966 = VECTOR('',#16967,1.);
#16967 = DIRECTION('',(0.,1.));
#16968 = ( GEOMETRIC_REPRESENTATION_CONTEXT(2) 
PARAMETRIC_REPRESENTATION_CONTEXT() REPRESENTATION_CONTEXT('2D SPACE',''
  ) );
#16969 = ORIENTED_EDGE('',*,*,#16946,.T.);
#16970 = ADVANCED_FACE('',(#16971),#15134,.T.);
#16971 = FACE_BOUND('',#16972,.T.);
#16972 = EDGE_LOOP('',(#16973,#16974,#16998));
#16973 = ORIENTED_EDGE('',*,*,#15119,.F.);
#16974 = ORIENTED_EDGE('',*,*,#16975,.F.);
#16975 = EDGE_CURVE('',#16976,#15097,#16978,.T.);
#16976 = VERTEX_POINT('',#16977);
#16977 = CARTESIAN_POINT('',(-6.925,-1.42,0.6));
#16978 = SEAM_CURVE('',#16979,(#16984,#16991),.PCURVE_S1.);
#16979 = CIRCLE('',#16980,0.475);
#16980 = AXIS2_PLACEMENT_3D('',#16981,#16982,#16983);
#16981 = CARTESIAN_POINT('',(-6.925,-1.42,1.075));
#16982 = DIRECTION('',(-2.449293598295E-16,-1.,0.));
#16983 = DIRECTION('',(1.,-2.449293598295E-16,0.));
#16984 = PCURVE('',#15134,#16985);
#16985 = DEFINITIONAL_REPRESENTATION('',(#16986),#16990);
#16986 = LINE('',#16987,#16988);
#16987 = CARTESIAN_POINT('',(6.28318530718,-6.28318530718));
#16988 = VECTOR('',#16989,1.);
#16989 = DIRECTION('',(0.,1.));
#16990 = ( GEOMETRIC_REPRESENTATION_CONTEXT(2) 
PARAMETRIC_REPRESENTATION_CONTEXT() REPRESENTATION_CONTEXT('2D SPACE',''
  ) );
#16991 = PCURVE('',#15134,#16992);
#16992 = DEFINITIONAL_REPRESENTATION('',(#16993),#16997);
#16993 = LINE('',#16994,#16995);
#16994 = CARTESIAN_POINT('',(0.,-6.28318530718));
#16995 = VECTOR('',#16996,1.);
#16996 = DIRECTION('',(0.,1.));
#16997 = ( GEOMETRIC_REPRESENTATION_CONTEXT(2) 
PARAMETRIC_REPRESENTATION_CONTEXT() REPRESENTATION_CONTEXT('2D SPACE',''
  ) );
#16998 = ORIENTED_EDGE('',*,*,#16975,.T.);
#16999 = ADVANCED_FACE('',(#17000),#15189,.T.);
#17000 = FACE_BOUND('',#17001,.T.);
#17001 = EDGE_LOOP('',(#17002,#17003,#17027));
#17002 = ORIENTED_EDGE('',*,*,#15174,.F.);
#17003 = ORIENTED_EDGE('',*,*,#17004,.F.);
#17004 = EDGE_CURVE('',#17005,#15152,#17007,.T.);
#17005 = VERTEX_POINT('',#17006);
#17006 = CARTESIAN_POINT('',(-4.155,-1.42,0.6));
#17007 = SEAM_CURVE('',#17008,(#17013,#17020),.PCURVE_S1.);
#17008 = CIRCLE('',#17009,0.475);
#17009 = AXIS2_PLACEMENT_3D('',#17010,#17011,#17012);
#17010 = CARTESIAN_POINT('',(-4.155,-1.42,1.075));
#17011 = DIRECTION('',(-2.449293598295E-16,-1.,0.));
#17012 = DIRECTION('',(1.,-2.449293598295E-16,0.));
#17013 = PCURVE('',#15189,#17014);
#17014 = DEFINITIONAL_REPRESENTATION('',(#17015),#17019);
#17015 = LINE('',#17016,#17017);
#17016 = CARTESIAN_POINT('',(6.28318530718,-6.28318530718));
#17017 = VECTOR('',#17018,1.);
#17018 = DIRECTION('',(0.,1.));
#17019 = ( GEOMETRIC_REPRESENTATION_CONTEXT(2) 
PARAMETRIC_REPRESENTATION_CONTEXT() REPRESENTATION_CONTEXT('2D SPACE',''
  ) );
#17020 = PCURVE('',#15189,#17021);
#17021 = DEFINITIONAL_REPRESENTATION('',(#17022),#17026);
#17022 = LINE('',#17023,#17024);
#17023 = CARTESIAN_POINT('',(0.,-6.28318530718));
#17024 = VECTOR('',#17025,1.);
#17025 = DIRECTION('',(0.,1.));
#17026 = ( GEOMETRIC_REPRESENTATION_CONTEXT(2) 
PARAMETRIC_REPRESENTATION_CONTEXT() REPRESENTATION_CONTEXT('2D SPACE',''
  ) );
#17027 = ORIENTED_EDGE('',*,*,#17004,.T.);
#17028 = ADVANCED_FACE('',(#17029),#15244,.T.);
#17029 = FACE_BOUND('',#17030,.T.);
#17030 = EDGE_LOOP('',(#17031,#17032,#17056));
#17031 = ORIENTED_EDGE('',*,*,#15229,.F.);
#17032 = ORIENTED_EDGE('',*,*,#17033,.F.);
#17033 = EDGE_CURVE('',#17034,#15207,#17036,.T.);
#17034 = VERTEX_POINT('',#17035);
#17035 = CARTESIAN_POINT('',(-1.385,-1.42,0.6));
#17036 = SEAM_CURVE('',#17037,(#17042,#17049),.PCURVE_S1.);
#17037 = CIRCLE('',#17038,0.475);
#17038 = AXIS2_PLACEMENT_3D('',#17039,#17040,#17041);
#17039 = CARTESIAN_POINT('',(-1.385,-1.42,1.075));
#17040 = DIRECTION('',(-2.449293598295E-16,-1.,0.));
#17041 = DIRECTION('',(1.,-2.449293598295E-16,0.));
#17042 = PCURVE('',#15244,#17043);
#17043 = DEFINITIONAL_REPRESENTATION('',(#17044),#17048);
#17044 = LINE('',#17045,#17046);
#17045 = CARTESIAN_POINT('',(6.28318530718,-6.28318530718));
#17046 = VECTOR('',#17047,1.);
#17047 = DIRECTION('',(0.,1.));
#17048 = ( GEOMETRIC_REPRESENTATION_CONTEXT(2) 
PARAMETRIC_REPRESENTATION_CONTEXT() REPRESENTATION_CONTEXT('2D SPACE',''
  ) );
#17049 = PCURVE('',#15244,#17050);
#17050 = DEFINITIONAL_REPRESENTATION('',(#17051),#17055);
#17051 = LINE('',#17052,#17053);
#17052 = CARTESIAN_POINT('',(0.,-6.28318530718));
#17053 = VECTOR('',#17054,1.);
#17054 = DIRECTION('',(0.,1.));
#17055 = ( GEOMETRIC_REPRESENTATION_CONTEXT(2) 
PARAMETRIC_REPRESENTATION_CONTEXT() REPRESENTATION_CONTEXT('2D SPACE',''
  ) );
#17056 = ORIENTED_EDGE('',*,*,#17033,.T.);
#17057 = ADVANCED_FACE('',(#17058),#15299,.T.);
#17058 = FACE_BOUND('',#17059,.T.);
#17059 = EDGE_LOOP('',(#17060,#17061,#17085));
#17060 = ORIENTED_EDGE('',*,*,#15284,.F.);
#17061 = ORIENTED_EDGE('',*,*,#17062,.F.);
#17062 = EDGE_CURVE('',#17063,#15262,#17065,.T.);
#17063 = VERTEX_POINT('',#17064);
#17064 = CARTESIAN_POINT('',(1.385,-1.42,0.6));
#17065 = SEAM_CURVE('',#17066,(#17071,#17078),.PCURVE_S1.);
#17066 = CIRCLE('',#17067,0.475);
#17067 = AXIS2_PLACEMENT_3D('',#17068,#17069,#17070);
#17068 = CARTESIAN_POINT('',(1.385,-1.42,1.075));
#17069 = DIRECTION('',(-2.449293598295E-16,-1.,0.));
#17070 = DIRECTION('',(1.,-2.449293598295E-16,0.));
#17071 = PCURVE('',#15299,#17072);
#17072 = DEFINITIONAL_REPRESENTATION('',(#17073),#17077);
#17073 = LINE('',#17074,#17075);
#17074 = CARTESIAN_POINT('',(6.28318530718,-6.28318530718));
#17075 = VECTOR('',#17076,1.);
#17076 = DIRECTION('',(0.,1.));
#17077 = ( GEOMETRIC_REPRESENTATION_CONTEXT(2) 
PARAMETRIC_REPRESENTATION_CONTEXT() REPRESENTATION_CONTEXT('2D SPACE',''
  ) );
#17078 = PCURVE('',#15299,#17079);
#17079 = DEFINITIONAL_REPRESENTATION('',(#17080),#17084);
#17080 = LINE('',#17081,#17082);
#17081 = CARTESIAN_POINT('',(0.,-6.28318530718));
#17082 = VECTOR('',#17083,1.);
#17083 = DIRECTION('',(0.,1.));
#17084 = ( GEOMETRIC_REPRESENTATION_CONTEXT(2) 
PARAMETRIC_REPRESENTATION_CONTEXT() REPRESENTATION_CONTEXT('2D SPACE',''
  ) );
#17085 = ORIENTED_EDGE('',*,*,#17062,.T.);
#17086 = ADVANCED_FACE('',(#17087),#15354,.T.);
#17087 = FACE_BOUND('',#17088,.T.);
#17088 = EDGE_LOOP('',(#17089,#17090,#17114));
#17089 = ORIENTED_EDGE('',*,*,#15339,.F.);
#17090 = ORIENTED_EDGE('',*,*,#17091,.F.);
#17091 = EDGE_CURVE('',#17092,#15317,#17094,.T.);
#17092 = VERTEX_POINT('',#17093);
#17093 = CARTESIAN_POINT('',(4.155,-1.42,0.6));
#17094 = SEAM_CURVE('',#17095,(#17100,#17107),.PCURVE_S1.);
#17095 = CIRCLE('',#17096,0.475);
#17096 = AXIS2_PLACEMENT_3D('',#17097,#17098,#17099);
#17097 = CARTESIAN_POINT('',(4.155,-1.42,1.075));
#17098 = DIRECTION('',(-2.449293598295E-16,-1.,0.));
#17099 = DIRECTION('',(1.,-2.449293598295E-16,0.));
#17100 = PCURVE('',#15354,#17101);
#17101 = DEFINITIONAL_REPRESENTATION('',(#17102),#17106);
#17102 = LINE('',#17103,#17104);
#17103 = CARTESIAN_POINT('',(6.28318530718,-6.28318530718));
#17104 = VECTOR('',#17105,1.);
#17105 = DIRECTION('',(0.,1.));
#17106 = ( GEOMETRIC_REPRESENTATION_CONTEXT(2) 
PARAMETRIC_REPRESENTATION_CONTEXT() REPRESENTATION_CONTEXT('2D SPACE',''
  ) );
#17107 = PCURVE('',#15354,#17108);
#17108 = DEFINITIONAL_REPRESENTATION('',(#17109),#17113);
#17109 = LINE('',#17110,#17111);
#17110 = CARTESIAN_POINT('',(0.,-6.28318530718));
#17111 = VECTOR('',#17112,1.);
#17112 = DIRECTION('',(0.,1.));
#17113 = ( GEOMETRIC_REPRESENTATION_CONTEXT(2) 
PARAMETRIC_REPRESENTATION_CONTEXT() REPRESENTATION_CONTEXT('2D SPACE',''
  ) );
#17114 = ORIENTED_EDGE('',*,*,#17091,.T.);
#17115 = ADVANCED_FACE('',(#17116),#15409,.T.);
#17116 = FACE_BOUND('',#17117,.T.);
#17117 = EDGE_LOOP('',(#17118,#17119,#17143));
#17118 = ORIENTED_EDGE('',*,*,#15394,.F.);
#17119 = ORIENTED_EDGE('',*,*,#17120,.F.);
#17120 = EDGE_CURVE('',#17121,#15372,#17123,.T.);
#17121 = VERTEX_POINT('',#17122);
#17122 = CARTESIAN_POINT('',(6.925,-1.42,0.6));
#17123 = SEAM_CURVE('',#17124,(#17129,#17136),.PCURVE_S1.);
#17124 = CIRCLE('',#17125,0.475);
#17125 = AXIS2_PLACEMENT_3D('',#17126,#17127,#17128);
#17126 = CARTESIAN_POINT('',(6.925,-1.42,1.075));
#17127 = DIRECTION('',(-2.449293598295E-16,-1.,0.));
#17128 = DIRECTION('',(1.,-2.449293598295E-16,0.));
#17129 = PCURVE('',#15409,#17130);
#17130 = DEFINITIONAL_REPRESENTATION('',(#17131),#17135);
#17131 = LINE('',#17132,#17133);
#17132 = CARTESIAN_POINT('',(6.28318530718,-6.28318530718));
#17133 = VECTOR('',#17134,1.);
#17134 = DIRECTION('',(0.,1.));
#17135 = ( GEOMETRIC_REPRESENTATION_CONTEXT(2) 
PARAMETRIC_REPRESENTATION_CONTEXT() REPRESENTATION_CONTEXT('2D SPACE',''
  ) );
#17136 = PCURVE('',#15409,#17137);
#17137 = DEFINITIONAL_REPRESENTATION('',(#17138),#17142);
#17138 = LINE('',#17139,#17140);
#17139 = CARTESIAN_POINT('',(0.,-6.28318530718));
#17140 = VECTOR('',#17141,1.);
#17141 = DIRECTION('',(0.,1.));
#17142 = ( GEOMETRIC_REPRESENTATION_CONTEXT(2) 
PARAMETRIC_REPRESENTATION_CONTEXT() REPRESENTATION_CONTEXT('2D SPACE',''
  ) );
#17143 = ORIENTED_EDGE('',*,*,#17120,.T.);
#17144 = ADVANCED_FACE('',(#17145),#15464,.T.);
#17145 = FACE_BOUND('',#17146,.T.);
#17146 = EDGE_LOOP('',(#17147,#17148,#17172));
#17147 = ORIENTED_EDGE('',*,*,#15449,.F.);
#17148 = ORIENTED_EDGE('',*,*,#17149,.F.);
#17149 = EDGE_CURVE('',#17150,#15427,#17152,.T.);
#17150 = VERTEX_POINT('',#17151);
#17151 = CARTESIAN_POINT('',(9.695,-1.42,0.6));
#17152 = SEAM_CURVE('',#17153,(#17158,#17165),.PCURVE_S1.);
#17153 = CIRCLE('',#17154,0.475);
#17154 = AXIS2_PLACEMENT_3D('',#17155,#17156,#17157);
#17155 = CARTESIAN_POINT('',(9.695,-1.42,1.075));
#17156 = DIRECTION('',(-2.449293598295E-16,-1.,0.));
#17157 = DIRECTION('',(1.,-2.449293598295E-16,0.));
#17158 = PCURVE('',#15464,#17159);
#17159 = DEFINITIONAL_REPRESENTATION('',(#17160),#17164);
#17160 = LINE('',#17161,#17162);
#17161 = CARTESIAN_POINT('',(6.28318530718,-6.28318530718));
#17162 = VECTOR('',#17163,1.);
#17163 = DIRECTION('',(0.,1.));
#17164 = ( GEOMETRIC_REPRESENTATION_CONTEXT(2) 
PARAMETRIC_REPRESENTATION_CONTEXT() REPRESENTATION_CONTEXT('2D SPACE',''
  ) );
#17165 = PCURVE('',#15464,#17166);
#17166 = DEFINITIONAL_REPRESENTATION('',(#17167),#17171);
#17167 = LINE('',#17168,#17169);
#17168 = CARTESIAN_POINT('',(0.,-6.28318530718));
#17169 = VECTOR('',#17170,1.);
#17170 = DIRECTION('',(0.,1.));
#17171 = ( GEOMETRIC_REPRESENTATION_CONTEXT(2) 
PARAMETRIC_REPRESENTATION_CONTEXT() REPRESENTATION_CONTEXT('2D SPACE',''
  ) );
#17172 = ORIENTED_EDGE('',*,*,#17149,.T.);
#17173 = ADVANCED_FACE('',(#17174),#15519,.T.);
#17174 = FACE_BOUND('',#17175,.T.);
#17175 = EDGE_LOOP('',(#17176,#17177,#17201));
#17176 = ORIENTED_EDGE('',*,*,#15504,.F.);
#17177 = ORIENTED_EDGE('',*,*,#17178,.F.);
#17178 = EDGE_CURVE('',#17179,#15482,#17181,.T.);
#17179 = VERTEX_POINT('',#17180);
#17180 = CARTESIAN_POINT('',(12.465,-1.42,0.6));
#17181 = SEAM_CURVE('',#17182,(#17187,#17194),.PCURVE_S1.);
#17182 = CIRCLE('',#17183,0.475);
#17183 = AXIS2_PLACEMENT_3D('',#17184,#17185,#17186);
#17184 = CARTESIAN_POINT('',(12.465,-1.42,1.075));
#17185 = DIRECTION('',(-2.449293598295E-16,-1.,0.));
#17186 = DIRECTION('',(1.,-2.449293598295E-16,0.));
#17187 = PCURVE('',#15519,#17188);
#17188 = DEFINITIONAL_REPRESENTATION('',(#17189),#17193);
#17189 = LINE('',#17190,#17191);
#17190 = CARTESIAN_POINT('',(6.28318530718,-6.28318530718));
#17191 = VECTOR('',#17192,1.);
#17192 = DIRECTION('',(0.,1.));
#17193 = ( GEOMETRIC_REPRESENTATION_CONTEXT(2) 
PARAMETRIC_REPRESENTATION_CONTEXT() REPRESENTATION_CONTEXT('2D SPACE',''
  ) );
#17194 = PCURVE('',#15519,#17195);
#17195 = DEFINITIONAL_REPRESENTATION('',(#17196),#17200);
#17196 = LINE('',#17197,#17198);
#17197 = CARTESIAN_POINT('',(0.,-6.28318530718));
#17198 = VECTOR('',#17199,1.);
#17199 = DIRECTION('',(0.,1.));
#17200 = ( GEOMETRIC_REPRESENTATION_CONTEXT(2) 
PARAMETRIC_REPRESENTATION_CONTEXT() REPRESENTATION_CONTEXT('2D SPACE',''
  ) );
#17201 = ORIENTED_EDGE('',*,*,#17178,.T.);
#17202 = ADVANCED_FACE('',(#17203),#15574,.T.);
#17203 = FACE_BOUND('',#17204,.T.);
#17204 = EDGE_LOOP('',(#17205,#17206,#17230));
#17205 = ORIENTED_EDGE('',*,*,#15559,.F.);
#17206 = ORIENTED_EDGE('',*,*,#17207,.F.);
#17207 = EDGE_CURVE('',#17208,#15537,#17210,.T.);
#17208 = VERTEX_POINT('',#17209);
#17209 = CARTESIAN_POINT('',(15.235,-1.42,0.6));
#17210 = SEAM_CURVE('',#17211,(#17216,#17223),.PCURVE_S1.);
#17211 = CIRCLE('',#17212,0.475);
#17212 = AXIS2_PLACEMENT_3D('',#17213,#17214,#17215);
#17213 = CARTESIAN_POINT('',(15.235,-1.42,1.075));
#17214 = DIRECTION('',(-2.449293598295E-16,-1.,0.));
#17215 = DIRECTION('',(1.,-2.449293598295E-16,0.));
#17216 = PCURVE('',#15574,#17217);
#17217 = DEFINITIONAL_REPRESENTATION('',(#17218),#17222);
#17218 = LINE('',#17219,#17220);
#17219 = CARTESIAN_POINT('',(6.28318530718,-6.28318530718));
#17220 = VECTOR('',#17221,1.);
#17221 = DIRECTION('',(0.,1.));
#17222 = ( GEOMETRIC_REPRESENTATION_CONTEXT(2) 
PARAMETRIC_REPRESENTATION_CONTEXT() REPRESENTATION_CONTEXT('2D SPACE',''
  ) );
#17223 = PCURVE('',#15574,#17224);
#17224 = DEFINITIONAL_REPRESENTATION('',(#17225),#17229);
#17225 = LINE('',#17226,#17227);
#17226 = CARTESIAN_POINT('',(0.,-6.28318530718));
#17227 = VECTOR('',#17228,1.);
#17228 = DIRECTION('',(0.,1.));
#17229 = ( GEOMETRIC_REPRESENTATION_CONTEXT(2) 
PARAMETRIC_REPRESENTATION_CONTEXT() REPRESENTATION_CONTEXT('2D SPACE',''
  ) );
#17230 = ORIENTED_EDGE('',*,*,#17207,.T.);
#17231 = ADVANCED_FACE('',(#17232),#15629,.T.);
#17232 = FACE_BOUND('',#17233,.T.);
#17233 = EDGE_LOOP('',(#17234,#17235,#17259));
#17234 = ORIENTED_EDGE('',*,*,#15614,.F.);
#17235 = ORIENTED_EDGE('',*,*,#17236,.F.);
#17236 = EDGE_CURVE('',#17237,#15592,#17239,.T.);
#17237 = VERTEX_POINT('',#17238);
#17238 = CARTESIAN_POINT('',(18.005,-1.42,0.6));
#17239 = SEAM_CURVE('',#17240,(#17245,#17252),.PCURVE_S1.);
#17240 = CIRCLE('',#17241,0.475);
#17241 = AXIS2_PLACEMENT_3D('',#17242,#17243,#17244);
#17242 = CARTESIAN_POINT('',(18.005,-1.42,1.075));
#17243 = DIRECTION('',(-2.449293598295E-16,-1.,0.));
#17244 = DIRECTION('',(1.,-2.449293598295E-16,0.));
#17245 = PCURVE('',#15629,#17246);
#17246 = DEFINITIONAL_REPRESENTATION('',(#17247),#17251);
#17247 = LINE('',#17248,#17249);
#17248 = CARTESIAN_POINT('',(6.28318530718,-6.28318530718));
#17249 = VECTOR('',#17250,1.);
#17250 = DIRECTION('',(0.,1.));
#17251 = ( GEOMETRIC_REPRESENTATION_CONTEXT(2) 
PARAMETRIC_REPRESENTATION_CONTEXT() REPRESENTATION_CONTEXT('2D SPACE',''
  ) );
#17252 = PCURVE('',#15629,#17253);
#17253 = DEFINITIONAL_REPRESENTATION('',(#17254),#17258);
#17254 = LINE('',#17255,#17256);
#17255 = CARTESIAN_POINT('',(0.,-6.28318530718));
#17256 = VECTOR('',#17257,1.);
#17257 = DIRECTION('',(0.,1.));
#17258 = ( GEOMETRIC_REPRESENTATION_CONTEXT(2) 
PARAMETRIC_REPRESENTATION_CONTEXT() REPRESENTATION_CONTEXT('2D SPACE',''
  ) );
#17259 = ORIENTED_EDGE('',*,*,#17236,.T.);
#17260 = ADVANCED_FACE('',(#17261),#15684,.T.);
#17261 = FACE_BOUND('',#17262,.T.);
#17262 = EDGE_LOOP('',(#17263,#17264,#17288));
#17263 = ORIENTED_EDGE('',*,*,#15669,.F.);
#17264 = ORIENTED_EDGE('',*,*,#17265,.F.);
#17265 = EDGE_CURVE('',#17266,#15647,#17268,.T.);
#17266 = VERTEX_POINT('',#17267);
#17267 = CARTESIAN_POINT('',(20.775,-1.42,0.6));
#17268 = SEAM_CURVE('',#17269,(#17274,#17281),.PCURVE_S1.);
#17269 = CIRCLE('',#17270,0.475);
#17270 = AXIS2_PLACEMENT_3D('',#17271,#17272,#17273);
#17271 = CARTESIAN_POINT('',(20.775,-1.42,1.075));
#17272 = DIRECTION('',(-2.449293598295E-16,-1.,0.));
#17273 = DIRECTION('',(1.,-2.449293598295E-16,0.));
#17274 = PCURVE('',#15684,#17275);
#17275 = DEFINITIONAL_REPRESENTATION('',(#17276),#17280);
#17276 = LINE('',#17277,#17278);
#17277 = CARTESIAN_POINT('',(6.28318530718,-6.28318530718));
#17278 = VECTOR('',#17279,1.);
#17279 = DIRECTION('',(0.,1.));
#17280 = ( GEOMETRIC_REPRESENTATION_CONTEXT(2) 
PARAMETRIC_REPRESENTATION_CONTEXT() REPRESENTATION_CONTEXT('2D SPACE',''
  ) );
#17281 = PCURVE('',#15684,#17282);
#17282 = DEFINITIONAL_REPRESENTATION('',(#17283),#17287);
#17283 = LINE('',#17284,#17285);
#17284 = CARTESIAN_POINT('',(0.,-6.28318530718));
#17285 = VECTOR('',#17286,1.);
#17286 = DIRECTION('',(0.,1.));
#17287 = ( GEOMETRIC_REPRESENTATION_CONTEXT(2) 
PARAMETRIC_REPRESENTATION_CONTEXT() REPRESENTATION_CONTEXT('2D SPACE',''
  ) );
#17288 = ORIENTED_EDGE('',*,*,#17265,.T.);
#17289 = ADVANCED_FACE('',(#17290),#15739,.T.);
#17290 = FACE_BOUND('',#17291,.T.);
#17291 = EDGE_LOOP('',(#17292,#17293,#17317));
#17292 = ORIENTED_EDGE('',*,*,#15724,.F.);
#17293 = ORIENTED_EDGE('',*,*,#17294,.F.);
#17294 = EDGE_CURVE('',#17295,#15702,#17297,.T.);
#17295 = VERTEX_POINT('',#17296);
#17296 = CARTESIAN_POINT('',(23.545,-1.42,0.6));
#17297 = SEAM_CURVE('',#17298,(#17303,#17310),.PCURVE_S1.);
#17298 = CIRCLE('',#17299,0.475);
#17299 = AXIS2_PLACEMENT_3D('',#17300,#17301,#17302);
#17300 = CARTESIAN_POINT('',(23.545,-1.42,1.075));
#17301 = DIRECTION('',(-2.449293598295E-16,-1.,0.));
#17302 = DIRECTION('',(1.,-2.449293598295E-16,0.));
#17303 = PCURVE('',#15739,#17304);
#17304 = DEFINITIONAL_REPRESENTATION('',(#17305),#17309);
#17305 = LINE('',#17306,#17307);
#17306 = CARTESIAN_POINT('',(6.28318530718,-6.28318530718));
#17307 = VECTOR('',#17308,1.);
#17308 = DIRECTION('',(0.,1.));
#17309 = ( GEOMETRIC_REPRESENTATION_CONTEXT(2) 
PARAMETRIC_REPRESENTATION_CONTEXT() REPRESENTATION_CONTEXT('2D SPACE',''
  ) );
#17310 = PCURVE('',#15739,#17311);
#17311 = DEFINITIONAL_REPRESENTATION('',(#17312),#17316);
#17312 = LINE('',#17313,#17314);
#17313 = CARTESIAN_POINT('',(0.,-6.28318530718));
#17314 = VECTOR('',#17315,1.);
#17315 = DIRECTION('',(0.,1.));
#17316 = ( GEOMETRIC_REPRESENTATION_CONTEXT(2) 
PARAMETRIC_REPRESENTATION_CONTEXT() REPRESENTATION_CONTEXT('2D SPACE',''
  ) );
#17317 = ORIENTED_EDGE('',*,*,#17294,.T.);
#17318 = ADVANCED_FACE('',(#17319),#15794,.T.);
#17319 = FACE_BOUND('',#17320,.T.);
#17320 = EDGE_LOOP('',(#17321,#17322,#17346));
#17321 = ORIENTED_EDGE('',*,*,#15779,.F.);
#17322 = ORIENTED_EDGE('',*,*,#17323,.F.);
#17323 = EDGE_CURVE('',#17324,#15757,#17326,.T.);
#17324 = VERTEX_POINT('',#17325);
#17325 = CARTESIAN_POINT('',(-24.93,1.42,0.6));
#17326 = SEAM_CURVE('',#17327,(#17332,#17339),.PCURVE_S1.);
#17327 = CIRCLE('',#17328,0.475);
#17328 = AXIS2_PLACEMENT_3D('',#17329,#17330,#17331);
#17329 = CARTESIAN_POINT('',(-24.93,1.42,1.075));
#17330 = DIRECTION('',(-2.449293598295E-16,-1.,0.));
#17331 = DIRECTION('',(1.,-2.449293598295E-16,0.));
#17332 = PCURVE('',#15794,#17333);
#17333 = DEFINITIONAL_REPRESENTATION('',(#17334),#17338);
#17334 = LINE('',#17335,#17336);
#17335 = CARTESIAN_POINT('',(6.28318530718,-6.28318530718));
#17336 = VECTOR('',#17337,1.);
#17337 = DIRECTION('',(0.,1.));
#17338 = ( GEOMETRIC_REPRESENTATION_CONTEXT(2) 
PARAMETRIC_REPRESENTATION_CONTEXT() REPRESENTATION_CONTEXT('2D SPACE',''
  ) );
#17339 = PCURVE('',#15794,#17340);
#17340 = DEFINITIONAL_REPRESENTATION('',(#17341),#17345);
#17341 = LINE('',#17342,#17343);
#17342 = CARTESIAN_POINT('',(0.,-6.28318530718));
#17343 = VECTOR('',#17344,1.);
#17344 = DIRECTION('',(0.,1.));
#17345 = ( GEOMETRIC_REPRESENTATION_CONTEXT(2) 
PARAMETRIC_REPRESENTATION_CONTEXT() REPRESENTATION_CONTEXT('2D SPACE',''
  ) );
#17346 = ORIENTED_EDGE('',*,*,#17323,.T.);
#17347 = ADVANCED_FACE('',(#17348),#15849,.T.);
#17348 = FACE_BOUND('',#17349,.T.);
#17349 = EDGE_LOOP('',(#17350,#17351,#17375));
#17350 = ORIENTED_EDGE('',*,*,#15834,.F.);
#17351 = ORIENTED_EDGE('',*,*,#17352,.F.);
#17352 = EDGE_CURVE('',#17353,#15812,#17355,.T.);
#17353 = VERTEX_POINT('',#17354);
#17354 = CARTESIAN_POINT('',(-22.16,1.42,0.6));
#17355 = SEAM_CURVE('',#17356,(#17361,#17368),.PCURVE_S1.);
#17356 = CIRCLE('',#17357,0.475);
#17357 = AXIS2_PLACEMENT_3D('',#17358,#17359,#17360);
#17358 = CARTESIAN_POINT('',(-22.16,1.42,1.075));
#17359 = DIRECTION('',(-2.449293598295E-16,-1.,0.));
#17360 = DIRECTION('',(1.,-2.449293598295E-16,0.));
#17361 = PCURVE('',#15849,#17362);
#17362 = DEFINITIONAL_REPRESENTATION('',(#17363),#17367);
#17363 = LINE('',#17364,#17365);
#17364 = CARTESIAN_POINT('',(6.28318530718,-6.28318530718));
#17365 = VECTOR('',#17366,1.);
#17366 = DIRECTION('',(0.,1.));
#17367 = ( GEOMETRIC_REPRESENTATION_CONTEXT(2) 
PARAMETRIC_REPRESENTATION_CONTEXT() REPRESENTATION_CONTEXT('2D SPACE',''
  ) );
#17368 = PCURVE('',#15849,#17369);
#17369 = DEFINITIONAL_REPRESENTATION('',(#17370),#17374);
#17370 = LINE('',#17371,#17372);
#17371 = CARTESIAN_POINT('',(0.,-6.28318530718));
#17372 = VECTOR('',#17373,1.);
#17373 = DIRECTION('',(0.,1.));
#17374 = ( GEOMETRIC_REPRESENTATION_CONTEXT(2) 
PARAMETRIC_REPRESENTATION_CONTEXT() REPRESENTATION_CONTEXT('2D SPACE',''
  ) );
#17375 = ORIENTED_EDGE('',*,*,#17352,.T.);
#17376 = ADVANCED_FACE('',(#17377),#15904,.T.);
#17377 = FACE_BOUND('',#17378,.T.);
#17378 = EDGE_LOOP('',(#17379,#17380,#17404));
#17379 = ORIENTED_EDGE('',*,*,#15889,.F.);
#17380 = ORIENTED_EDGE('',*,*,#17381,.F.);
#17381 = EDGE_CURVE('',#17382,#15867,#17384,.T.);
#17382 = VERTEX_POINT('',#17383);
#17383 = CARTESIAN_POINT('',(-19.39,1.42,0.6));
#17384 = SEAM_CURVE('',#17385,(#17390,#17397),.PCURVE_S1.);
#17385 = CIRCLE('',#17386,0.475);
#17386 = AXIS2_PLACEMENT_3D('',#17387,#17388,#17389);
#17387 = CARTESIAN_POINT('',(-19.39,1.42,1.075));
#17388 = DIRECTION('',(-2.449293598295E-16,-1.,0.));
#17389 = DIRECTION('',(1.,-2.449293598295E-16,0.));
#17390 = PCURVE('',#15904,#17391);
#17391 = DEFINITIONAL_REPRESENTATION('',(#17392),#17396);
#17392 = LINE('',#17393,#17394);
#17393 = CARTESIAN_POINT('',(6.28318530718,-6.28318530718));
#17394 = VECTOR('',#17395,1.);
#17395 = DIRECTION('',(0.,1.));
#17396 = ( GEOMETRIC_REPRESENTATION_CONTEXT(2) 
PARAMETRIC_REPRESENTATION_CONTEXT() REPRESENTATION_CONTEXT('2D SPACE',''
  ) );
#17397 = PCURVE('',#15904,#17398);
#17398 = DEFINITIONAL_REPRESENTATION('',(#17399),#17403);
#17399 = LINE('',#17400,#17401);
#17400 = CARTESIAN_POINT('',(0.,-6.28318530718));
#17401 = VECTOR('',#17402,1.);
#17402 = DIRECTION('',(0.,1.));
#17403 = ( GEOMETRIC_REPRESENTATION_CONTEXT(2) 
PARAMETRIC_REPRESENTATION_CONTEXT() REPRESENTATION_CONTEXT('2D SPACE',''
  ) );
#17404 = ORIENTED_EDGE('',*,*,#17381,.T.);
#17405 = ADVANCED_FACE('',(#17406),#15959,.T.);
#17406 = FACE_BOUND('',#17407,.T.);
#17407 = EDGE_LOOP('',(#17408,#17409,#17433));
#17408 = ORIENTED_EDGE('',*,*,#15944,.F.);
#17409 = ORIENTED_EDGE('',*,*,#17410,.F.);
#17410 = EDGE_CURVE('',#17411,#15922,#17413,.T.);
#17411 = VERTEX_POINT('',#17412);
#17412 = CARTESIAN_POINT('',(-16.62,1.42,0.6));
#17413 = SEAM_CURVE('',#17414,(#17419,#17426),.PCURVE_S1.);
#17414 = CIRCLE('',#17415,0.475);
#17415 = AXIS2_PLACEMENT_3D('',#17416,#17417,#17418);
#17416 = CARTESIAN_POINT('',(-16.62,1.42,1.075));
#17417 = DIRECTION('',(-2.449293598295E-16,-1.,0.));
#17418 = DIRECTION('',(1.,-2.449293598295E-16,0.));
#17419 = PCURVE('',#15959,#17420);
#17420 = DEFINITIONAL_REPRESENTATION('',(#17421),#17425);
#17421 = LINE('',#17422,#17423);
#17422 = CARTESIAN_POINT('',(6.28318530718,-6.28318530718));
#17423 = VECTOR('',#17424,1.);
#17424 = DIRECTION('',(0.,1.));
#17425 = ( GEOMETRIC_REPRESENTATION_CONTEXT(2) 
PARAMETRIC_REPRESENTATION_CONTEXT() REPRESENTATION_CONTEXT('2D SPACE',''
  ) );
#17426 = PCURVE('',#15959,#17427);
#17427 = DEFINITIONAL_REPRESENTATION('',(#17428),#17432);
#17428 = LINE('',#17429,#17430);
#17429 = CARTESIAN_POINT('',(0.,-6.28318530718));
#17430 = VECTOR('',#17431,1.);
#17431 = DIRECTION('',(0.,1.));
#17432 = ( GEOMETRIC_REPRESENTATION_CONTEXT(2) 
PARAMETRIC_REPRESENTATION_CONTEXT() REPRESENTATION_CONTEXT('2D SPACE',''
  ) );
#17433 = ORIENTED_EDGE('',*,*,#17410,.T.);
#17434 = ADVANCED_FACE('',(#17435),#16014,.T.);
#17435 = FACE_BOUND('',#17436,.T.);
#17436 = EDGE_LOOP('',(#17437,#17438,#17462));
#17437 = ORIENTED_EDGE('',*,*,#15999,.F.);
#17438 = ORIENTED_EDGE('',*,*,#17439,.F.);
#17439 = EDGE_CURVE('',#17440,#15977,#17442,.T.);
#17440 = VERTEX_POINT('',#17441);
#17441 = CARTESIAN_POINT('',(-13.85,1.42,0.6));
#17442 = SEAM_CURVE('',#17443,(#17448,#17455),.PCURVE_S1.);
#17443 = CIRCLE('',#17444,0.475);
#17444 = AXIS2_PLACEMENT_3D('',#17445,#17446,#17447);
#17445 = CARTESIAN_POINT('',(-13.85,1.42,1.075));
#17446 = DIRECTION('',(-2.449293598295E-16,-1.,0.));
#17447 = DIRECTION('',(1.,-2.449293598295E-16,0.));
#17448 = PCURVE('',#16014,#17449);
#17449 = DEFINITIONAL_REPRESENTATION('',(#17450),#17454);
#17450 = LINE('',#17451,#17452);
#17451 = CARTESIAN_POINT('',(6.28318530718,-6.28318530718));
#17452 = VECTOR('',#17453,1.);
#17453 = DIRECTION('',(0.,1.));
#17454 = ( GEOMETRIC_REPRESENTATION_CONTEXT(2) 
PARAMETRIC_REPRESENTATION_CONTEXT() REPRESENTATION_CONTEXT('2D SPACE',''
  ) );
#17455 = PCURVE('',#16014,#17456);
#17456 = DEFINITIONAL_REPRESENTATION('',(#17457),#17461);
#17457 = LINE('',#17458,#17459);
#17458 = CARTESIAN_POINT('',(0.,-6.28318530718));
#17459 = VECTOR('',#17460,1.);
#17460 = DIRECTION('',(0.,1.));
#17461 = ( GEOMETRIC_REPRESENTATION_CONTEXT(2) 
PARAMETRIC_REPRESENTATION_CONTEXT() REPRESENTATION_CONTEXT('2D SPACE',''
  ) );
#17462 = ORIENTED_EDGE('',*,*,#17439,.T.);
#17463 = ADVANCED_FACE('',(#17464),#16069,.T.);
#17464 = FACE_BOUND('',#17465,.T.);
#17465 = EDGE_LOOP('',(#17466,#17467,#17491));
#17466 = ORIENTED_EDGE('',*,*,#16054,.F.);
#17467 = ORIENTED_EDGE('',*,*,#17468,.F.);
#17468 = EDGE_CURVE('',#17469,#16032,#17471,.T.);
#17469 = VERTEX_POINT('',#17470);
#17470 = CARTESIAN_POINT('',(-11.08,1.42,0.6));
#17471 = SEAM_CURVE('',#17472,(#17477,#17484),.PCURVE_S1.);
#17472 = CIRCLE('',#17473,0.475);
#17473 = AXIS2_PLACEMENT_3D('',#17474,#17475,#17476);
#17474 = CARTESIAN_POINT('',(-11.08,1.42,1.075));
#17475 = DIRECTION('',(-2.449293598295E-16,-1.,0.));
#17476 = DIRECTION('',(1.,-2.449293598295E-16,0.));
#17477 = PCURVE('',#16069,#17478);
#17478 = DEFINITIONAL_REPRESENTATION('',(#17479),#17483);
#17479 = LINE('',#17480,#17481);
#17480 = CARTESIAN_POINT('',(6.28318530718,-6.28318530718));
#17481 = VECTOR('',#17482,1.);
#17482 = DIRECTION('',(0.,1.));
#17483 = ( GEOMETRIC_REPRESENTATION_CONTEXT(2) 
PARAMETRIC_REPRESENTATION_CONTEXT() REPRESENTATION_CONTEXT('2D SPACE',''
  ) );
#17484 = PCURVE('',#16069,#17485);
#17485 = DEFINITIONAL_REPRESENTATION('',(#17486),#17490);
#17486 = LINE('',#17487,#17488);
#17487 = CARTESIAN_POINT('',(0.,-6.28318530718));
#17488 = VECTOR('',#17489,1.);
#17489 = DIRECTION('',(0.,1.));
#17490 = ( GEOMETRIC_REPRESENTATION_CONTEXT(2) 
PARAMETRIC_REPRESENTATION_CONTEXT() REPRESENTATION_CONTEXT('2D SPACE',''
  ) );
#17491 = ORIENTED_EDGE('',*,*,#17468,.T.);
#17492 = ADVANCED_FACE('',(#17493),#16124,.T.);
#17493 = FACE_BOUND('',#17494,.T.);
#17494 = EDGE_LOOP('',(#17495,#17496,#17520));
#17495 = ORIENTED_EDGE('',*,*,#16109,.F.);
#17496 = ORIENTED_EDGE('',*,*,#17497,.F.);
#17497 = EDGE_CURVE('',#17498,#16087,#17500,.T.);
#17498 = VERTEX_POINT('',#17499);
#17499 = CARTESIAN_POINT('',(-8.31,1.42,0.6));
#17500 = SEAM_CURVE('',#17501,(#17506,#17513),.PCURVE_S1.);
#17501 = CIRCLE('',#17502,0.475);
#17502 = AXIS2_PLACEMENT_3D('',#17503,#17504,#17505);
#17503 = CARTESIAN_POINT('',(-8.31,1.42,1.075));
#17504 = DIRECTION('',(-2.449293598295E-16,-1.,0.));
#17505 = DIRECTION('',(1.,-2.449293598295E-16,0.));
#17506 = PCURVE('',#16124,#17507);
#17507 = DEFINITIONAL_REPRESENTATION('',(#17508),#17512);
#17508 = LINE('',#17509,#17510);
#17509 = CARTESIAN_POINT('',(6.28318530718,-6.28318530718));
#17510 = VECTOR('',#17511,1.);
#17511 = DIRECTION('',(0.,1.));
#17512 = ( GEOMETRIC_REPRESENTATION_CONTEXT(2) 
PARAMETRIC_REPRESENTATION_CONTEXT() REPRESENTATION_CONTEXT('2D SPACE',''
  ) );
#17513 = PCURVE('',#16124,#17514);
#17514 = DEFINITIONAL_REPRESENTATION('',(#17515),#17519);
#17515 = LINE('',#17516,#17517);
#17516 = CARTESIAN_POINT('',(0.,-6.28318530718));
#17517 = VECTOR('',#17518,1.);
#17518 = DIRECTION('',(0.,1.));
#17519 = ( GEOMETRIC_REPRESENTATION_CONTEXT(2) 
PARAMETRIC_REPRESENTATION_CONTEXT() REPRESENTATION_CONTEXT('2D SPACE',''
  ) );
#17520 = ORIENTED_EDGE('',*,*,#17497,.T.);
#17521 = ADVANCED_FACE('',(#17522),#16179,.T.);
#17522 = FACE_BOUND('',#17523,.T.);
#17523 = EDGE_LOOP('',(#17524,#17525,#17549));
#17524 = ORIENTED_EDGE('',*,*,#16164,.F.);
#17525 = ORIENTED_EDGE('',*,*,#17526,.F.);
#17526 = EDGE_CURVE('',#17527,#16142,#17529,.T.);
#17527 = VERTEX_POINT('',#17528);
#17528 = CARTESIAN_POINT('',(-5.54,1.42,0.6));
#17529 = SEAM_CURVE('',#17530,(#17535,#17542),.PCURVE_S1.);
#17530 = CIRCLE('',#17531,0.475);
#17531 = AXIS2_PLACEMENT_3D('',#17532,#17533,#17534);
#17532 = CARTESIAN_POINT('',(-5.54,1.42,1.075));
#17533 = DIRECTION('',(-2.449293598295E-16,-1.,0.));
#17534 = DIRECTION('',(1.,-2.449293598295E-16,0.));
#17535 = PCURVE('',#16179,#17536);
#17536 = DEFINITIONAL_REPRESENTATION('',(#17537),#17541);
#17537 = LINE('',#17538,#17539);
#17538 = CARTESIAN_POINT('',(6.28318530718,-6.28318530718));
#17539 = VECTOR('',#17540,1.);
#17540 = DIRECTION('',(0.,1.));
#17541 = ( GEOMETRIC_REPRESENTATION_CONTEXT(2) 
PARAMETRIC_REPRESENTATION_CONTEXT() REPRESENTATION_CONTEXT('2D SPACE',''
  ) );
#17542 = PCURVE('',#16179,#17543);
#17543 = DEFINITIONAL_REPRESENTATION('',(#17544),#17548);
#17544 = LINE('',#17545,#17546);
#17545 = CARTESIAN_POINT('',(0.,-6.28318530718));
#17546 = VECTOR('',#17547,1.);
#17547 = DIRECTION('',(0.,1.));
#17548 = ( GEOMETRIC_REPRESENTATION_CONTEXT(2) 
PARAMETRIC_REPRESENTATION_CONTEXT() REPRESENTATION_CONTEXT('2D SPACE',''
  ) );
#17549 = ORIENTED_EDGE('',*,*,#17526,.T.);
#17550 = ADVANCED_FACE('',(#17551),#16234,.T.);
#17551 = FACE_BOUND('',#17552,.T.);
#17552 = EDGE_LOOP('',(#17553,#17554,#17578));
#17553 = ORIENTED_EDGE('',*,*,#16219,.F.);
#17554 = ORIENTED_EDGE('',*,*,#17555,.F.);
#17555 = EDGE_CURVE('',#17556,#16197,#17558,.T.);
#17556 = VERTEX_POINT('',#17557);
#17557 = CARTESIAN_POINT('',(-2.77,1.42,0.6));
#17558 = SEAM_CURVE('',#17559,(#17564,#17571),.PCURVE_S1.);
#17559 = CIRCLE('',#17560,0.475);
#17560 = AXIS2_PLACEMENT_3D('',#17561,#17562,#17563);
#17561 = CARTESIAN_POINT('',(-2.77,1.42,1.075));
#17562 = DIRECTION('',(-2.449293598295E-16,-1.,0.));
#17563 = DIRECTION('',(1.,-2.449293598295E-16,0.));
#17564 = PCURVE('',#16234,#17565);
#17565 = DEFINITIONAL_REPRESENTATION('',(#17566),#17570);
#17566 = LINE('',#17567,#17568);
#17567 = CARTESIAN_POINT('',(6.28318530718,-6.28318530718));
#17568 = VECTOR('',#17569,1.);
#17569 = DIRECTION('',(0.,1.));
#17570 = ( GEOMETRIC_REPRESENTATION_CONTEXT(2) 
PARAMETRIC_REPRESENTATION_CONTEXT() REPRESENTATION_CONTEXT('2D SPACE',''
  ) );
#17571 = PCURVE('',#16234,#17572);
#17572 = DEFINITIONAL_REPRESENTATION('',(#17573),#17577);
#17573 = LINE('',#17574,#17575);
#17574 = CARTESIAN_POINT('',(0.,-6.28318530718));
#17575 = VECTOR('',#17576,1.);
#17576 = DIRECTION('',(0.,1.));
#17577 = ( GEOMETRIC_REPRESENTATION_CONTEXT(2) 
PARAMETRIC_REPRESENTATION_CONTEXT() REPRESENTATION_CONTEXT('2D SPACE',''
  ) );
#17578 = ORIENTED_EDGE('',*,*,#17555,.T.);
#17579 = ADVANCED_FACE('',(#17580),#16289,.T.);
#17580 = FACE_BOUND('',#17581,.T.);
#17581 = EDGE_LOOP('',(#17582,#17583,#17607));
#17582 = ORIENTED_EDGE('',*,*,#16274,.F.);
#17583 = ORIENTED_EDGE('',*,*,#17584,.F.);
#17584 = EDGE_CURVE('',#17585,#16252,#17587,.T.);
#17585 = VERTEX_POINT('',#17586);
#17586 = CARTESIAN_POINT('',(2.908536147975E-17,1.42,0.6));
#17587 = SEAM_CURVE('',#17588,(#17593,#17600),.PCURVE_S1.);
#17588 = CIRCLE('',#17589,0.475);
#17589 = AXIS2_PLACEMENT_3D('',#17590,#17591,#17592);
#17590 = CARTESIAN_POINT('',(0.,1.42,1.075));
#17591 = DIRECTION('',(-2.449293598295E-16,-1.,0.));
#17592 = DIRECTION('',(1.,-2.449293598295E-16,0.));
#17593 = PCURVE('',#16289,#17594);
#17594 = DEFINITIONAL_REPRESENTATION('',(#17595),#17599);
#17595 = LINE('',#17596,#17597);
#17596 = CARTESIAN_POINT('',(6.28318530718,-6.28318530718));
#17597 = VECTOR('',#17598,1.);
#17598 = DIRECTION('',(0.,1.));
#17599 = ( GEOMETRIC_REPRESENTATION_CONTEXT(2) 
PARAMETRIC_REPRESENTATION_CONTEXT() REPRESENTATION_CONTEXT('2D SPACE',''
  ) );
#17600 = PCURVE('',#16289,#17601);
#17601 = DEFINITIONAL_REPRESENTATION('',(#17602),#17606);
#17602 = LINE('',#17603,#17604);
#17603 = CARTESIAN_POINT('',(0.,-6.28318530718));
#17604 = VECTOR('',#17605,1.);
#17605 = DIRECTION('',(0.,1.));
#17606 = ( GEOMETRIC_REPRESENTATION_CONTEXT(2) 
PARAMETRIC_REPRESENTATION_CONTEXT() REPRESENTATION_CONTEXT('2D SPACE',''
  ) );
#17607 = ORIENTED_EDGE('',*,*,#17584,.T.);
#17608 = ADVANCED_FACE('',(#17609),#16344,.T.);
#17609 = FACE_BOUND('',#17610,.T.);
#17610 = EDGE_LOOP('',(#17611,#17612,#17636));
#17611 = ORIENTED_EDGE('',*,*,#16329,.F.);
#17612 = ORIENTED_EDGE('',*,*,#17613,.F.);
#17613 = EDGE_CURVE('',#17614,#16307,#17616,.T.);
#17614 = VERTEX_POINT('',#17615);
#17615 = CARTESIAN_POINT('',(2.77,1.42,0.6));
#17616 = SEAM_CURVE('',#17617,(#17622,#17629),.PCURVE_S1.);
#17617 = CIRCLE('',#17618,0.475);
#17618 = AXIS2_PLACEMENT_3D('',#17619,#17620,#17621);
#17619 = CARTESIAN_POINT('',(2.77,1.42,1.075));
#17620 = DIRECTION('',(-2.449293598295E-16,-1.,0.));
#17621 = DIRECTION('',(1.,-2.449293598295E-16,0.));
#17622 = PCURVE('',#16344,#17623);
#17623 = DEFINITIONAL_REPRESENTATION('',(#17624),#17628);
#17624 = LINE('',#17625,#17626);
#17625 = CARTESIAN_POINT('',(6.28318530718,-6.28318530718));
#17626 = VECTOR('',#17627,1.);
#17627 = DIRECTION('',(0.,1.));
#17628 = ( GEOMETRIC_REPRESENTATION_CONTEXT(2) 
PARAMETRIC_REPRESENTATION_CONTEXT() REPRESENTATION_CONTEXT('2D SPACE',''
  ) );
#17629 = PCURVE('',#16344,#17630);
#17630 = DEFINITIONAL_REPRESENTATION('',(#17631),#17635);
#17631 = LINE('',#17632,#17633);
#17632 = CARTESIAN_POINT('',(0.,-6.28318530718));
#17633 = VECTOR('',#17634,1.);
#17634 = DIRECTION('',(0.,1.));
#17635 = ( GEOMETRIC_REPRESENTATION_CONTEXT(2) 
PARAMETRIC_REPRESENTATION_CONTEXT() REPRESENTATION_CONTEXT('2D SPACE',''
  ) );
#17636 = ORIENTED_EDGE('',*,*,#17613,.T.);
#17637 = ADVANCED_FACE('',(#17638),#16399,.T.);
#17638 = FACE_BOUND('',#17639,.T.);
#17639 = EDGE_LOOP('',(#17640,#17641,#17665));
#17640 = ORIENTED_EDGE('',*,*,#16384,.F.);
#17641 = ORIENTED_EDGE('',*,*,#17642,.F.);
#17642 = EDGE_CURVE('',#17643,#16362,#17645,.T.);
#17643 = VERTEX_POINT('',#17644);
#17644 = CARTESIAN_POINT('',(5.54,1.42,0.6));
#17645 = SEAM_CURVE('',#17646,(#17651,#17658),.PCURVE_S1.);
#17646 = CIRCLE('',#17647,0.475);
#17647 = AXIS2_PLACEMENT_3D('',#17648,#17649,#17650);
#17648 = CARTESIAN_POINT('',(5.54,1.42,1.075));
#17649 = DIRECTION('',(-2.449293598295E-16,-1.,0.));
#17650 = DIRECTION('',(1.,-2.449293598295E-16,0.));
#17651 = PCURVE('',#16399,#17652);
#17652 = DEFINITIONAL_REPRESENTATION('',(#17653),#17657);
#17653 = LINE('',#17654,#17655);
#17654 = CARTESIAN_POINT('',(6.28318530718,-6.28318530718));
#17655 = VECTOR('',#17656,1.);
#17656 = DIRECTION('',(0.,1.));
#17657 = ( GEOMETRIC_REPRESENTATION_CONTEXT(2) 
PARAMETRIC_REPRESENTATION_CONTEXT() REPRESENTATION_CONTEXT('2D SPACE',''
  ) );
#17658 = PCURVE('',#16399,#17659);
#17659 = DEFINITIONAL_REPRESENTATION('',(#17660),#17664);
#17660 = LINE('',#17661,#17662);
#17661 = CARTESIAN_POINT('',(0.,-6.28318530718));
#17662 = VECTOR('',#17663,1.);
#17663 = DIRECTION('',(0.,1.));
#17664 = ( GEOMETRIC_REPRESENTATION_CONTEXT(2) 
PARAMETRIC_REPRESENTATION_CONTEXT() REPRESENTATION_CONTEXT('2D SPACE',''
  ) );
#17665 = ORIENTED_EDGE('',*,*,#17642,.T.);
#17666 = ADVANCED_FACE('',(#17667),#16454,.T.);
#17667 = FACE_BOUND('',#17668,.T.);
#17668 = EDGE_LOOP('',(#17669,#17670,#17694));
#17669 = ORIENTED_EDGE('',*,*,#16439,.F.);
#17670 = ORIENTED_EDGE('',*,*,#17671,.F.);
#17671 = EDGE_CURVE('',#17672,#16417,#17674,.T.);
#17672 = VERTEX_POINT('',#17673);
#17673 = CARTESIAN_POINT('',(8.31,1.42,0.6));
#17674 = SEAM_CURVE('',#17675,(#17680,#17687),.PCURVE_S1.);
#17675 = CIRCLE('',#17676,0.475);
#17676 = AXIS2_PLACEMENT_3D('',#17677,#17678,#17679);
#17677 = CARTESIAN_POINT('',(8.31,1.42,1.075));
#17678 = DIRECTION('',(-2.449293598295E-16,-1.,0.));
#17679 = DIRECTION('',(1.,-2.449293598295E-16,0.));
#17680 = PCURVE('',#16454,#17681);
#17681 = DEFINITIONAL_REPRESENTATION('',(#17682),#17686);
#17682 = LINE('',#17683,#17684);
#17683 = CARTESIAN_POINT('',(6.28318530718,-6.28318530718));
#17684 = VECTOR('',#17685,1.);
#17685 = DIRECTION('',(0.,1.));
#17686 = ( GEOMETRIC_REPRESENTATION_CONTEXT(2) 
PARAMETRIC_REPRESENTATION_CONTEXT() REPRESENTATION_CONTEXT('2D SPACE',''
  ) );
#17687 = PCURVE('',#16454,#17688);
#17688 = DEFINITIONAL_REPRESENTATION('',(#17689),#17693);
#17689 = LINE('',#17690,#17691);
#17690 = CARTESIAN_POINT('',(0.,-6.28318530718));
#17691 = VECTOR('',#17692,1.);
#17692 = DIRECTION('',(0.,1.));
#17693 = ( GEOMETRIC_REPRESENTATION_CONTEXT(2) 
PARAMETRIC_REPRESENTATION_CONTEXT() REPRESENTATION_CONTEXT('2D SPACE',''
  ) );
#17694 = ORIENTED_EDGE('',*,*,#17671,.T.);
#17695 = ADVANCED_FACE('',(#17696),#16509,.T.);
#17696 = FACE_BOUND('',#17697,.T.);
#17697 = EDGE_LOOP('',(#17698,#17699,#17723));
#17698 = ORIENTED_EDGE('',*,*,#16494,.F.);
#17699 = ORIENTED_EDGE('',*,*,#17700,.F.);
#17700 = EDGE_CURVE('',#17701,#16472,#17703,.T.);
#17701 = VERTEX_POINT('',#17702);
#17702 = CARTESIAN_POINT('',(11.08,1.42,0.6));
#17703 = SEAM_CURVE('',#17704,(#17709,#17716),.PCURVE_S1.);
#17704 = CIRCLE('',#17705,0.475);
#17705 = AXIS2_PLACEMENT_3D('',#17706,#17707,#17708);
#17706 = CARTESIAN_POINT('',(11.08,1.42,1.075));
#17707 = DIRECTION('',(-2.449293598295E-16,-1.,0.));
#17708 = DIRECTION('',(1.,-2.449293598295E-16,0.));
#17709 = PCURVE('',#16509,#17710);
#17710 = DEFINITIONAL_REPRESENTATION('',(#17711),#17715);
#17711 = LINE('',#17712,#17713);
#17712 = CARTESIAN_POINT('',(6.28318530718,-6.28318530718));
#17713 = VECTOR('',#17714,1.);
#17714 = DIRECTION('',(0.,1.));
#17715 = ( GEOMETRIC_REPRESENTATION_CONTEXT(2) 
PARAMETRIC_REPRESENTATION_CONTEXT() REPRESENTATION_CONTEXT('2D SPACE',''
  ) );
#17716 = PCURVE('',#16509,#17717);
#17717 = DEFINITIONAL_REPRESENTATION('',(#17718),#17722);
#17718 = LINE('',#17719,#17720);
#17719 = CARTESIAN_POINT('',(0.,-6.28318530718));
#17720 = VECTOR('',#17721,1.);
#17721 = DIRECTION('',(0.,1.));
#17722 = ( GEOMETRIC_REPRESENTATION_CONTEXT(2) 
PARAMETRIC_REPRESENTATION_CONTEXT() REPRESENTATION_CONTEXT('2D SPACE',''
  ) );
#17723 = ORIENTED_EDGE('',*,*,#17700,.T.);
#17724 = ADVANCED_FACE('',(#17725),#16564,.T.);
#17725 = FACE_BOUND('',#17726,.T.);
#17726 = EDGE_LOOP('',(#17727,#17728,#17752));
#17727 = ORIENTED_EDGE('',*,*,#16549,.F.);
#17728 = ORIENTED_EDGE('',*,*,#17729,.F.);
#17729 = EDGE_CURVE('',#17730,#16527,#17732,.T.);
#17730 = VERTEX_POINT('',#17731);
#17731 = CARTESIAN_POINT('',(13.85,1.42,0.6));
#17732 = SEAM_CURVE('',#17733,(#17738,#17745),.PCURVE_S1.);
#17733 = CIRCLE('',#17734,0.475);
#17734 = AXIS2_PLACEMENT_3D('',#17735,#17736,#17737);
#17735 = CARTESIAN_POINT('',(13.85,1.42,1.075));
#17736 = DIRECTION('',(-2.449293598295E-16,-1.,0.));
#17737 = DIRECTION('',(1.,-2.449293598295E-16,0.));
#17738 = PCURVE('',#16564,#17739);
#17739 = DEFINITIONAL_REPRESENTATION('',(#17740),#17744);
#17740 = LINE('',#17741,#17742);
#17741 = CARTESIAN_POINT('',(6.28318530718,-6.28318530718));
#17742 = VECTOR('',#17743,1.);
#17743 = DIRECTION('',(0.,1.));
#17744 = ( GEOMETRIC_REPRESENTATION_CONTEXT(2) 
PARAMETRIC_REPRESENTATION_CONTEXT() REPRESENTATION_CONTEXT('2D SPACE',''
  ) );
#17745 = PCURVE('',#16564,#17746);
#17746 = DEFINITIONAL_REPRESENTATION('',(#17747),#17751);
#17747 = LINE('',#17748,#17749);
#17748 = CARTESIAN_POINT('',(0.,-6.28318530718));
#17749 = VECTOR('',#17750,1.);
#17750 = DIRECTION('',(0.,1.));
#17751 = ( GEOMETRIC_REPRESENTATION_CONTEXT(2) 
PARAMETRIC_REPRESENTATION_CONTEXT() REPRESENTATION_CONTEXT('2D SPACE',''
  ) );
#17752 = ORIENTED_EDGE('',*,*,#17729,.T.);
#17753 = ADVANCED_FACE('',(#17754),#16619,.T.);
#17754 = FACE_BOUND('',#17755,.T.);
#17755 = EDGE_LOOP('',(#17756,#17757,#17781));
#17756 = ORIENTED_EDGE('',*,*,#16604,.F.);
#17757 = ORIENTED_EDGE('',*,*,#17758,.F.);
#17758 = EDGE_CURVE('',#17759,#16582,#17761,.T.);
#17759 = VERTEX_POINT('',#17760);
#17760 = CARTESIAN_POINT('',(16.62,1.42,0.6));
#17761 = SEAM_CURVE('',#17762,(#17767,#17774),.PCURVE_S1.);
#17762 = CIRCLE('',#17763,0.475);
#17763 = AXIS2_PLACEMENT_3D('',#17764,#17765,#17766);
#17764 = CARTESIAN_POINT('',(16.62,1.42,1.075));
#17765 = DIRECTION('',(-2.449293598295E-16,-1.,0.));
#17766 = DIRECTION('',(1.,-2.449293598295E-16,0.));
#17767 = PCURVE('',#16619,#17768);
#17768 = DEFINITIONAL_REPRESENTATION('',(#17769),#17773);
#17769 = LINE('',#17770,#17771);
#17770 = CARTESIAN_POINT('',(6.28318530718,-6.28318530718));
#17771 = VECTOR('',#17772,1.);
#17772 = DIRECTION('',(0.,1.));
#17773 = ( GEOMETRIC_REPRESENTATION_CONTEXT(2) 
PARAMETRIC_REPRESENTATION_CONTEXT() REPRESENTATION_CONTEXT('2D SPACE',''
  ) );
#17774 = PCURVE('',#16619,#17775);
#17775 = DEFINITIONAL_REPRESENTATION('',(#17776),#17780);
#17776 = LINE('',#17777,#17778);
#17777 = CARTESIAN_POINT('',(0.,-6.28318530718));
#17778 = VECTOR('',#17779,1.);
#17779 = DIRECTION('',(0.,1.));
#17780 = ( GEOMETRIC_REPRESENTATION_CONTEXT(2) 
PARAMETRIC_REPRESENTATION_CONTEXT() REPRESENTATION_CONTEXT('2D SPACE',''
  ) );
#17781 = ORIENTED_EDGE('',*,*,#17758,.T.);
#17782 = ADVANCED_FACE('',(#17783),#16674,.T.);
#17783 = FACE_BOUND('',#17784,.T.);
#17784 = EDGE_LOOP('',(#17785,#17786,#17810));
#17785 = ORIENTED_EDGE('',*,*,#16659,.F.);
#17786 = ORIENTED_EDGE('',*,*,#17787,.F.);
#17787 = EDGE_CURVE('',#17788,#16637,#17790,.T.);
#17788 = VERTEX_POINT('',#17789);
#17789 = CARTESIAN_POINT('',(19.39,1.42,0.6));
#17790 = SEAM_CURVE('',#17791,(#17796,#17803),.PCURVE_S1.);
#17791 = CIRCLE('',#17792,0.475);
#17792 = AXIS2_PLACEMENT_3D('',#17793,#17794,#17795);
#17793 = CARTESIAN_POINT('',(19.39,1.42,1.075));
#17794 = DIRECTION('',(-2.449293598295E-16,-1.,0.));
#17795 = DIRECTION('',(1.,-2.449293598295E-16,0.));
#17796 = PCURVE('',#16674,#17797);
#17797 = DEFINITIONAL_REPRESENTATION('',(#17798),#17802);
#17798 = LINE('',#17799,#17800);
#17799 = CARTESIAN_POINT('',(6.28318530718,-6.28318530718));
#17800 = VECTOR('',#17801,1.);
#17801 = DIRECTION('',(0.,1.));
#17802 = ( GEOMETRIC_REPRESENTATION_CONTEXT(2) 
PARAMETRIC_REPRESENTATION_CONTEXT() REPRESENTATION_CONTEXT('2D SPACE',''
  ) );
#17803 = PCURVE('',#16674,#17804);
#17804 = DEFINITIONAL_REPRESENTATION('',(#17805),#17809);
#17805 = LINE('',#17806,#17807);
#17806 = CARTESIAN_POINT('',(0.,-6.28318530718));
#17807 = VECTOR('',#17808,1.);
#17808 = DIRECTION('',(0.,1.));
#17809 = ( GEOMETRIC_REPRESENTATION_CONTEXT(2) 
PARAMETRIC_REPRESENTATION_CONTEXT() REPRESENTATION_CONTEXT('2D SPACE',''
  ) );
#17810 = ORIENTED_EDGE('',*,*,#17787,.T.);
#17811 = ADVANCED_FACE('',(#17812),#16729,.T.);
#17812 = FACE_BOUND('',#17813,.T.);
#17813 = EDGE_LOOP('',(#17814,#17815,#17839));
#17814 = ORIENTED_EDGE('',*,*,#16714,.F.);
#17815 = ORIENTED_EDGE('',*,*,#17816,.F.);
#17816 = EDGE_CURVE('',#17817,#16692,#17819,.T.);
#17817 = VERTEX_POINT('',#17818);
#17818 = CARTESIAN_POINT('',(22.16,1.42,0.6));
#17819 = SEAM_CURVE('',#17820,(#17825,#17832),.PCURVE_S1.);
#17820 = CIRCLE('',#17821,0.475);
#17821 = AXIS2_PLACEMENT_3D('',#17822,#17823,#17824);
#17822 = CARTESIAN_POINT('',(22.16,1.42,1.075));
#17823 = DIRECTION('',(-2.449293598295E-16,-1.,0.));
#17824 = DIRECTION('',(1.,-2.449293598295E-16,0.));
#17825 = PCURVE('',#16729,#17826);
#17826 = DEFINITIONAL_REPRESENTATION('',(#17827),#17831);
#17827 = LINE('',#17828,#17829);
#17828 = CARTESIAN_POINT('',(6.28318530718,-6.28318530718));
#17829 = VECTOR('',#17830,1.);
#17830 = DIRECTION('',(0.,1.));
#17831 = ( GEOMETRIC_REPRESENTATION_CONTEXT(2) 
PARAMETRIC_REPRESENTATION_CONTEXT() REPRESENTATION_CONTEXT('2D SPACE',''
  ) );
#17832 = PCURVE('',#16729,#17833);
#17833 = DEFINITIONAL_REPRESENTATION('',(#17834),#17838);
#17834 = LINE('',#17835,#17836);
#17835 = CARTESIAN_POINT('',(0.,-6.28318530718));
#17836 = VECTOR('',#17837,1.);
#17837 = DIRECTION('',(0.,1.));
#17838 = ( GEOMETRIC_REPRESENTATION_CONTEXT(2) 
PARAMETRIC_REPRESENTATION_CONTEXT() REPRESENTATION_CONTEXT('2D SPACE',''
  ) );
#17839 = ORIENTED_EDGE('',*,*,#17816,.T.);
#17840 = ADVANCED_FACE('',(#17841),#16784,.T.);
#17841 = FACE_BOUND('',#17842,.T.);
#17842 = EDGE_LOOP('',(#17843,#17844,#17868));
#17843 = ORIENTED_EDGE('',*,*,#16769,.F.);
#17844 = ORIENTED_EDGE('',*,*,#17845,.F.);
#17845 = EDGE_CURVE('',#17846,#16747,#17848,.T.);
#17846 = VERTEX_POINT('',#17847);
#17847 = CARTESIAN_POINT('',(24.93,1.42,0.6));
#17848 = SEAM_CURVE('',#17849,(#17854,#17861),.PCURVE_S1.);
#17849 = CIRCLE('',#17850,0.475);
#17850 = AXIS2_PLACEMENT_3D('',#17851,#17852,#17853);
#17851 = CARTESIAN_POINT('',(24.93,1.42,1.075));
#17852 = DIRECTION('',(-2.449293598295E-16,-1.,0.));
#17853 = DIRECTION('',(1.,-2.449293598295E-16,0.));
#17854 = PCURVE('',#16784,#17855);
#17855 = DEFINITIONAL_REPRESENTATION('',(#17856),#17860);
#17856 = LINE('',#17857,#17858);
#17857 = CARTESIAN_POINT('',(6.28318530718,-6.28318530718));
#17858 = VECTOR('',#17859,1.);
#17859 = DIRECTION('',(0.,1.));
#17860 = ( GEOMETRIC_REPRESENTATION_CONTEXT(2) 
PARAMETRIC_REPRESENTATION_CONTEXT() REPRESENTATION_CONTEXT('2D SPACE',''
  ) );
#17861 = PCURVE('',#16784,#17862);
#17862 = DEFINITIONAL_REPRESENTATION('',(#17863),#17867);
#17863 = LINE('',#17864,#17865);
#17864 = CARTESIAN_POINT('',(0.,-6.28318530718));
#17865 = VECTOR('',#17866,1.);
#17866 = DIRECTION('',(0.,1.));
#17867 = ( GEOMETRIC_REPRESENTATION_CONTEXT(2) 
PARAMETRIC_REPRESENTATION_CONTEXT() REPRESENTATION_CONTEXT('2D SPACE',''
  ) );
#17868 = ORIENTED_EDGE('',*,*,#17845,.T.);
#17869 = ( GEOMETRIC_REPRESENTATION_CONTEXT(3) 
GLOBAL_UNCERTAINTY_ASSIGNED_CONTEXT((#17873)) 
GLOBAL_UNIT_ASSIGNED_CONTEXT((#17870,#17871,#17872)) 
REPRESENTATION_CONTEXT('Context #1',
  '3D Context with UNIT and UNCERTAINTY') );
#17870 = ( LENGTH_UNIT() NAMED_UNIT(*) SI_UNIT(.MILLI.,.METRE.) );
#17871 = ( NAMED_UNIT(*) PLANE_ANGLE_UNIT() SI_UNIT($,.RADIAN.) );
#17872 = ( NAMED_UNIT(*) SI_UNIT($,.STERADIAN.) SOLID_ANGLE_UNIT() );
#17873 = UNCERTAINTY_MEASURE_WITH_UNIT(LENGTH_MEASURE(1.E-07),#17870,
  'distance_accuracy_value','confusion accuracy');
#17874 = PRODUCT_RELATED_PRODUCT_CATEGORY('part',$,(#7));
ENDSEC;
END-ISO-10303-21;
