ISO-10303-21;
HEADER;
FILE_DESCRIPTION(('Open CASCADE Model'),'2;1');
FILE_NAME('Open CASCADE Shape Model','2026-08-10T01:06:05',('Author'),(
    'Open CASCADE'),'Open CASCADE STEP processor 7.9','Open CASCADE 7.9'
  ,'Unknown');
FILE_SCHEMA(('AUTOMOTIVE_DESIGN { 1 0 10303 214 1 1 1 1 }'));
ENDSEC;
DATA;
#1 = APPLICATION_PROTOCOL_DEFINITION('international standard',
  'automotive_design',2000,#2);
#2 = APPLICATION_CONTEXT(
  'core data for automotive mechanical design processes');
#3 = SHAPE_DEFINITION_REPRESENTATION(#4,#10);
#4 = PRODUCT_DEFINITION_SHAPE('','',#5);
#5 = PRODUCT_DEFINITION('design','',#6,#9);
#6 = PRODUCT_DEFINITION_FORMATION('','',#7);
#7 = PRODUCT('Open CASCADE STEP translator 7.9 1',
  'Open CASCADE STEP translator 7.9 1','',(#8));
#8 = PRODUCT_CONTEXT('',#2,'mechanical');
#9 = PRODUCT_DEFINITION_CONTEXT('part definition',#2,'design');
#10 = ADVANCED_BREP_SHAPE_REPRESENTATION('',(#11,#15),#9804);
#11 = AXIS2_PLACEMENT_3D('',#12,#13,#14);
#12 = CARTESIAN_POINT('',(0.,0.,0.));
#13 = DIRECTION('',(0.,0.,1.));
#14 = DIRECTION('',(1.,0.,-0.));
#15 = MANIFOLD_SOLID_BREP('',#16);
#16 = CLOSED_SHELL('',(#17,#105,#140,#812,#867,#943,#997,#1047,#1096,
    #1145,#1195,#1245,#1272,#1327,#1382,#1437,#1492,#1547,#1602,#1657,
    #1712,#1767,#1822,#1877,#1932,#1987,#2042,#2071,#2316,#2351,#2386,
    #2421,#2456,#2491,#2526,#2561,#2596,#2631,#2666,#2701,#2736,#2771,
    #2806,#2882,#2936,#2986,#3035,#3084,#3134,#3184,#3211,#3266,#3321,
    #3376,#3431,#3486,#3541,#3596,#3651,#3706,#3761,#3816,#3871,#3926,
    #3981,#4226,#4255,#4284,#4313,#4342,#4371,#4400,#4429,#4458,#4487,
    #4516,#4545,#4574,#4603,#4632,#4708,#4762,#4812,#4861,#4910,#4960,
    #5010,#5037,#5282,#5358,#5412,#5462,#5511,#5560,#5610,#5660,#5687,
    #5994,#6070,#6124,#6174,#6223,#6272,#6322,#6372,#6399,#6449,#6499,
    #6750,#6826,#6880,#6930,#6979,#7028,#7078,#7128,#7155,#7400,#7476,
    #7526,#7575,#7625,#7674,#7724,#7773,#7805,#8038,#8115,#8164,#8214,
    #8263,#8313,#8362,#8416,#8443,#8919,#8974,#9029,#9084,#9139,#9194,
    #9249,#9304,#9359,#9414,#9469,#9524,#9579,#9634,#9689,#9744,#9748,
    #9752,#9756,#9760,#9764,#9768,#9772,#9776,#9780,#9784,#9788,#9792,
    #9796,#9800));
#17 = ADVANCED_FACE('',(#18),#31,.T.);
#18 = FACE_BOUND('',#19,.T.);
#19 = EDGE_LOOP('',(#20,#54,#77,#104));
#20 = ORIENTED_EDGE('',*,*,#21,.F.);
#21 = EDGE_CURVE('',#22,#22,#24,.T.);
#22 = VERTEX_POINT('',#23);
#23 = CARTESIAN_POINT('',(-4.7561,1.981,11.97));
#24 = SURFACE_CURVE('',#25,(#30,#42),.PCURVE_S1.);
#25 = CIRCLE('',#26,0.3874);
#26 = AXIS2_PLACEMENT_3D('',#27,#28,#29);
#27 = CARTESIAN_POINT('',(-5.1435,1.981,11.97));
#28 = DIRECTION('',(0.,0.,1.));
#29 = DIRECTION('',(1.,0.,-0.));
#30 = PCURVE('',#31,#36);
#31 = CYLINDRICAL_SURFACE('',#32,0.3874);
#32 = AXIS2_PLACEMENT_3D('',#33,#34,#35);
#33 = CARTESIAN_POINT('',(-5.1435,1.981,11.48));
#34 = DIRECTION('',(0.,0.,1.));
#35 = DIRECTION('',(1.,0.,-0.));
#36 = DEFINITIONAL_REPRESENTATION('',(#37),#41);
#37 = LINE('',#38,#39);
#38 = CARTESIAN_POINT('',(0.,0.49));
#39 = VECTOR('',#40,1.);
#40 = DIRECTION('',(1.,0.));
#41 = ( GEOMETRIC_REPRESENTATION_CONTEXT(2) 
PARAMETRIC_REPRESENTATION_CONTEXT() REPRESENTATION_CONTEXT('2D SPACE',''
  ) );
#42 = PCURVE('',#43,#48);
#43 = PLANE('',#44);
#44 = AXIS2_PLACEMENT_3D('',#45,#46,#47);
#45 = CARTESIAN_POINT('',(-5.1435,1.981,11.97));
#46 = DIRECTION('',(0.,0.,1.));
#47 = DIRECTION('',(1.,0.,-0.));
#48 = DEFINITIONAL_REPRESENTATION('',(#49),#53);
#49 = CIRCLE('',#50,0.3874);
#50 = AXIS2_PLACEMENT_2D('',#51,#52);
#51 = CARTESIAN_POINT('',(0.,0.));
#52 = DIRECTION('',(1.,0.));
#53 = ( GEOMETRIC_REPRESENTATION_CONTEXT(2) 
PARAMETRIC_REPRESENTATION_CONTEXT() REPRESENTATION_CONTEXT('2D SPACE',''
  ) );
#54 = ORIENTED_EDGE('',*,*,#55,.F.);
#55 = EDGE_CURVE('',#56,#22,#58,.T.);
#56 = VERTEX_POINT('',#57);
#57 = CARTESIAN_POINT('',(-4.7561,1.981,11.48));
#58 = SEAM_CURVE('',#59,(#63,#70),.PCURVE_S1.);
#59 = LINE('',#60,#61);
#60 = CARTESIAN_POINT('',(-4.7561,1.981,11.48));
#61 = VECTOR('',#62,1.);
#62 = DIRECTION('',(0.,0.,1.));
#63 = PCURVE('',#31,#64);
#64 = DEFINITIONAL_REPRESENTATION('',(#65),#69);
#65 = LINE('',#66,#67);
#66 = CARTESIAN_POINT('',(6.28318530718,-0.));
#67 = VECTOR('',#68,1.);
#68 = DIRECTION('',(0.,1.));
#69 = ( GEOMETRIC_REPRESENTATION_CONTEXT(2) 
PARAMETRIC_REPRESENTATION_CONTEXT() REPRESENTATION_CONTEXT('2D SPACE',''
  ) );
#70 = PCURVE('',#31,#71);
#71 = DEFINITIONAL_REPRESENTATION('',(#72),#76);
#72 = LINE('',#73,#74);
#73 = CARTESIAN_POINT('',(0.,-0.));
#74 = VECTOR('',#75,1.);
#75 = DIRECTION('',(0.,1.));
#76 = ( GEOMETRIC_REPRESENTATION_CONTEXT(2) 
PARAMETRIC_REPRESENTATION_CONTEXT() REPRESENTATION_CONTEXT('2D SPACE',''
  ) );
#77 = ORIENTED_EDGE('',*,*,#78,.T.);
#78 = EDGE_CURVE('',#56,#56,#79,.T.);
#79 = SURFACE_CURVE('',#80,(#85,#92),.PCURVE_S1.);
#80 = CIRCLE('',#81,0.3874);
#81 = AXIS2_PLACEMENT_3D('',#82,#83,#84);
#82 = CARTESIAN_POINT('',(-5.1435,1.981,11.48));
#83 = DIRECTION('',(0.,0.,1.));
#84 = DIRECTION('',(1.,0.,-0.));
#85 = PCURVE('',#31,#86);
#86 = DEFINITIONAL_REPRESENTATION('',(#87),#91);
#87 = LINE('',#88,#89);
#88 = CARTESIAN_POINT('',(0.,0.));
#89 = VECTOR('',#90,1.);
#90 = DIRECTION('',(1.,0.));
#91 = ( GEOMETRIC_REPRESENTATION_CONTEXT(2) 
PARAMETRIC_REPRESENTATION_CONTEXT() REPRESENTATION_CONTEXT('2D SPACE',''
  ) );
#92 = PCURVE('',#93,#98);
#93 = PLANE('',#94);
#94 = AXIS2_PLACEMENT_3D('',#95,#96,#97);
#95 = CARTESIAN_POINT('',(-1.755998639942E-16,0.197670839829,11.48));
#96 = DIRECTION('',(0.,0.,1.));
#97 = DIRECTION('',(1.,0.,-0.));
#98 = DEFINITIONAL_REPRESENTATION('',(#99),#103);
#99 = CIRCLE('',#100,0.3874);
#100 = AXIS2_PLACEMENT_2D('',#101,#102);
#101 = CARTESIAN_POINT('',(-5.1435,1.783329160171));
#102 = DIRECTION('',(1.,0.));
#103 = ( GEOMETRIC_REPRESENTATION_CONTEXT(2) 
PARAMETRIC_REPRESENTATION_CONTEXT() REPRESENTATION_CONTEXT('2D SPACE',''
  ) );
#104 = ORIENTED_EDGE('',*,*,#55,.T.);
#105 = ADVANCED_FACE('',(#106,#109),#43,.T.);
#106 = FACE_BOUND('',#107,.T.);
#107 = EDGE_LOOP('',(#108));
#108 = ORIENTED_EDGE('',*,*,#21,.T.);
#109 = FACE_BOUND('',#110,.T.);
#110 = EDGE_LOOP('',(#111));
#111 = ORIENTED_EDGE('',*,*,#112,.F.);
#112 = EDGE_CURVE('',#113,#113,#115,.T.);
#113 = VERTEX_POINT('',#114);
#114 = CARTESIAN_POINT('',(-4.92745,1.981,11.97));
#115 = SURFACE_CURVE('',#116,(#121,#128),.PCURVE_S1.);
#116 = CIRCLE('',#117,0.21605);
#117 = AXIS2_PLACEMENT_3D('',#118,#119,#120);
#118 = CARTESIAN_POINT('',(-5.1435,1.981,11.97));
#119 = DIRECTION('',(0.,0.,1.));
#120 = DIRECTION('',(1.,0.,-0.));
#121 = PCURVE('',#43,#122);
#122 = DEFINITIONAL_REPRESENTATION('',(#123),#127);
#123 = CIRCLE('',#124,0.21605);
#124 = AXIS2_PLACEMENT_2D('',#125,#126);
#125 = CARTESIAN_POINT('',(0.,0.));
#126 = DIRECTION('',(1.,0.));
#127 = ( GEOMETRIC_REPRESENTATION_CONTEXT(2) 
PARAMETRIC_REPRESENTATION_CONTEXT() REPRESENTATION_CONTEXT('2D SPACE',''
  ) );
#128 = PCURVE('',#129,#134);
#129 = CYLINDRICAL_SURFACE('',#130,0.21605);
#130 = AXIS2_PLACEMENT_3D('',#131,#132,#133);
#131 = CARTESIAN_POINT('',(-5.1435,1.981,11.87));
#132 = DIRECTION('',(0.,0.,1.));
#133 = DIRECTION('',(1.,0.,-0.));
#134 = DEFINITIONAL_REPRESENTATION('',(#135),#139);
#135 = LINE('',#136,#137);
#136 = CARTESIAN_POINT('',(0.,1.E-01));
#137 = VECTOR('',#138,1.);
#138 = DIRECTION('',(1.,0.));
#139 = ( GEOMETRIC_REPRESENTATION_CONTEXT(2) 
PARAMETRIC_REPRESENTATION_CONTEXT() REPRESENTATION_CONTEXT('2D SPACE',''
  ) );
#140 = ADVANCED_FACE('',(#141,#375,#406,#437,#468,#499,#530,#561,#592,
    #595,#626,#657,#688,#719,#750,#781),#93,.T.);
#141 = FACE_BOUND('',#142,.T.);
#142 = EDGE_LOOP('',(#143,#173,#202,#230,#259,#287,#316,#344));
#143 = ORIENTED_EDGE('',*,*,#144,.T.);
#144 = EDGE_CURVE('',#145,#147,#149,.T.);
#145 = VERTEX_POINT('',#146);
#146 = CARTESIAN_POINT('',(-5.244114877158,-3.39,11.48));
#147 = VERTEX_POINT('',#148);
#148 = CARTESIAN_POINT('',(5.244114877158,-3.39,11.48));
#149 = SURFACE_CURVE('',#150,(#154,#161),.PCURVE_S1.);
#150 = LINE('',#151,#152);
#151 = CARTESIAN_POINT('',(-6.08514,-3.39,11.48));
#152 = VECTOR('',#153,1.);
#153 = DIRECTION('',(1.,0.,0.));
#154 = PCURVE('',#93,#155);
#155 = DEFINITIONAL_REPRESENTATION('',(#156),#160);
#156 = LINE('',#157,#158);
#157 = CARTESIAN_POINT('',(-6.08514,-3.587670839829));
#158 = VECTOR('',#159,1.);
#159 = DIRECTION('',(1.,0.));
#160 = ( GEOMETRIC_REPRESENTATION_CONTEXT(2) 
PARAMETRIC_REPRESENTATION_CONTEXT() REPRESENTATION_CONTEXT('2D SPACE',''
  ) );
#161 = PCURVE('',#162,#167);
#162 = PLANE('',#163);
#163 = AXIS2_PLACEMENT_3D('',#164,#165,#166);
#164 = CARTESIAN_POINT('',(-6.08514,-3.39,10.5));
#165 = DIRECTION('',(0.,1.,0.));
#166 = DIRECTION('',(1.,0.,0.));
#167 = DEFINITIONAL_REPRESENTATION('',(#168),#172);
#168 = LINE('',#169,#170);
#169 = CARTESIAN_POINT('',(0.,-0.98));
#170 = VECTOR('',#171,1.);
#171 = DIRECTION('',(1.,0.));
#172 = ( GEOMETRIC_REPRESENTATION_CONTEXT(2) 
PARAMETRIC_REPRESENTATION_CONTEXT() REPRESENTATION_CONTEXT('2D SPACE',''
  ) );
#173 = ORIENTED_EDGE('',*,*,#174,.T.);
#174 = EDGE_CURVE('',#147,#175,#177,.T.);
#175 = VERTEX_POINT('',#176);
#176 = CARTESIAN_POINT('',(6.229312166857,-2.561424328408,11.48));
#177 = SURFACE_CURVE('',#178,(#183,#190),.PCURVE_S1.);
#178 = CIRCLE('',#179,1.);
#179 = AXIS2_PLACEMENT_3D('',#180,#181,#182);
#180 = CARTESIAN_POINT('',(5.244114877158,-2.39,11.48));
#181 = DIRECTION('',(0.,0.,1.));
#182 = DIRECTION('',(0.,-1.,0.));
#183 = PCURVE('',#93,#184);
#184 = DEFINITIONAL_REPRESENTATION('',(#185),#189);
#185 = CIRCLE('',#186,1.);
#186 = AXIS2_PLACEMENT_2D('',#187,#188);
#187 = CARTESIAN_POINT('',(5.244114877158,-2.587670839829));
#188 = DIRECTION('',(0.,-1.));
#189 = ( GEOMETRIC_REPRESENTATION_CONTEXT(2) 
PARAMETRIC_REPRESENTATION_CONTEXT() REPRESENTATION_CONTEXT('2D SPACE',''
  ) );
#190 = PCURVE('',#191,#196);
#191 = CYLINDRICAL_SURFACE('',#192,1.);
#192 = AXIS2_PLACEMENT_3D('',#193,#194,#195);
#193 = CARTESIAN_POINT('',(5.244114877158,-2.39,10.5));
#194 = DIRECTION('',(0.,0.,1.));
#195 = DIRECTION('',(0.,-1.,0.));
#196 = DEFINITIONAL_REPRESENTATION('',(#197),#201);
#197 = LINE('',#198,#199);
#198 = CARTESIAN_POINT('',(8.881784197001E-16,0.98));
#199 = VECTOR('',#200,1.);
#200 = DIRECTION('',(1.,0.));
#201 = ( GEOMETRIC_REPRESENTATION_CONTEXT(2) 
PARAMETRIC_REPRESENTATION_CONTEXT() REPRESENTATION_CONTEXT('2D SPACE',''
  ) );
#202 = ORIENTED_EDGE('',*,*,#203,.T.);
#203 = EDGE_CURVE('',#175,#204,#206,.T.);
#204 = VERTEX_POINT('',#205);
#205 = CARTESIAN_POINT('',(7.061032166857,2.218575671592,11.48));
#206 = SURFACE_CURVE('',#207,(#211,#218),.PCURVE_S1.);
#207 = LINE('',#208,#209);
#208 = CARTESIAN_POINT('',(6.08514,-3.39,11.48));
#209 = VECTOR('',#210,1.);
#210 = DIRECTION('',(0.171424328408,0.985197289699,0.));
#211 = PCURVE('',#93,#212);
#212 = DEFINITIONAL_REPRESENTATION('',(#213),#217);
#213 = LINE('',#214,#215);
#214 = CARTESIAN_POINT('',(6.08514,-3.587670839829));
#215 = VECTOR('',#216,1.);
#216 = DIRECTION('',(0.171424328408,0.985197289699));
#217 = ( GEOMETRIC_REPRESENTATION_CONTEXT(2) 
PARAMETRIC_REPRESENTATION_CONTEXT() REPRESENTATION_CONTEXT('2D SPACE',''
  ) );
#218 = PCURVE('',#219,#224);
#219 = PLANE('',#220);
#220 = AXIS2_PLACEMENT_3D('',#221,#222,#223);
#221 = CARTESIAN_POINT('',(6.08514,-3.39,10.5));
#222 = DIRECTION('',(-0.985197289699,0.171424328408,0.));
#223 = DIRECTION('',(0.171424328408,0.985197289699,0.));
#224 = DEFINITIONAL_REPRESENTATION('',(#225),#229);
#225 = LINE('',#226,#227);
#226 = CARTESIAN_POINT('',(0.,-0.98));
#227 = VECTOR('',#228,1.);
#228 = DIRECTION('',(1.,0.));
#229 = ( GEOMETRIC_REPRESENTATION_CONTEXT(2) 
PARAMETRIC_REPRESENTATION_CONTEXT() REPRESENTATION_CONTEXT('2D SPACE',''
  ) );
#230 = ORIENTED_EDGE('',*,*,#231,.T.);
#231 = EDGE_CURVE('',#204,#232,#234,.T.);
#232 = VERTEX_POINT('',#233);
#233 = CARTESIAN_POINT('',(6.075834877158,3.39,11.48));
#234 = SURFACE_CURVE('',#235,(#240,#247),.PCURVE_S1.);
#235 = CIRCLE('',#236,1.);
#236 = AXIS2_PLACEMENT_3D('',#237,#238,#239);
#237 = CARTESIAN_POINT('',(6.075834877158,2.39,11.48));
#238 = DIRECTION('',(0.,0.,1.));
#239 = DIRECTION('',(0.,-1.,0.));
#240 = PCURVE('',#93,#241);
#241 = DEFINITIONAL_REPRESENTATION('',(#242),#246);
#242 = CIRCLE('',#243,1.);
#243 = AXIS2_PLACEMENT_2D('',#244,#245);
#244 = CARTESIAN_POINT('',(6.075834877158,2.192329160171));
#245 = DIRECTION('',(0.,-1.));
#246 = ( GEOMETRIC_REPRESENTATION_CONTEXT(2) 
PARAMETRIC_REPRESENTATION_CONTEXT() REPRESENTATION_CONTEXT('2D SPACE',''
  ) );
#247 = PCURVE('',#248,#253);
#248 = CYLINDRICAL_SURFACE('',#249,1.);
#249 = AXIS2_PLACEMENT_3D('',#250,#251,#252);
#250 = CARTESIAN_POINT('',(6.075834877158,2.39,10.5));
#251 = DIRECTION('',(0.,0.,1.));
#252 = DIRECTION('',(0.985197289699,-0.171424328408,0.));
#253 = DEFINITIONAL_REPRESENTATION('',(#254),#258);
#254 = LINE('',#255,#256);
#255 = CARTESIAN_POINT('',(-1.398521109841,0.98));
#256 = VECTOR('',#257,1.);
#257 = DIRECTION('',(1.,0.));
#258 = ( GEOMETRIC_REPRESENTATION_CONTEXT(2) 
PARAMETRIC_REPRESENTATION_CONTEXT() REPRESENTATION_CONTEXT('2D SPACE',''
  ) );
#259 = ORIENTED_EDGE('',*,*,#260,.T.);
#260 = EDGE_CURVE('',#232,#261,#263,.T.);
#261 = VERTEX_POINT('',#262);
#262 = CARTESIAN_POINT('',(-6.075834877158,3.39,11.48));
#263 = SURFACE_CURVE('',#264,(#268,#275),.PCURVE_S1.);
#264 = LINE('',#265,#266);
#265 = CARTESIAN_POINT('',(7.26486,3.39,11.48));
#266 = VECTOR('',#267,1.);
#267 = DIRECTION('',(-1.,0.,0.));
#268 = PCURVE('',#93,#269);
#269 = DEFINITIONAL_REPRESENTATION('',(#270),#274);
#270 = LINE('',#271,#272);
#271 = CARTESIAN_POINT('',(7.26486,3.192329160171));
#272 = VECTOR('',#273,1.);
#273 = DIRECTION('',(-1.,0.));
#274 = ( GEOMETRIC_REPRESENTATION_CONTEXT(2) 
PARAMETRIC_REPRESENTATION_CONTEXT() REPRESENTATION_CONTEXT('2D SPACE',''
  ) );
#275 = PCURVE('',#276,#281);
#276 = PLANE('',#277);
#277 = AXIS2_PLACEMENT_3D('',#278,#279,#280);
#278 = CARTESIAN_POINT('',(7.26486,3.39,10.5));
#279 = DIRECTION('',(0.,-1.,0.));
#280 = DIRECTION('',(-1.,0.,0.));
#281 = DEFINITIONAL_REPRESENTATION('',(#282),#286);
#282 = LINE('',#283,#284);
#283 = CARTESIAN_POINT('',(0.,-0.98));
#284 = VECTOR('',#285,1.);
#285 = DIRECTION('',(1.,0.));
#286 = ( GEOMETRIC_REPRESENTATION_CONTEXT(2) 
PARAMETRIC_REPRESENTATION_CONTEXT() REPRESENTATION_CONTEXT('2D SPACE',''
  ) );
#287 = ORIENTED_EDGE('',*,*,#288,.T.);
#288 = EDGE_CURVE('',#261,#289,#291,.T.);
#289 = VERTEX_POINT('',#290);
#290 = CARTESIAN_POINT('',(-7.061032166857,2.218575671592,11.48));
#291 = SURFACE_CURVE('',#292,(#297,#304),.PCURVE_S1.);
#292 = CIRCLE('',#293,1.);
#293 = AXIS2_PLACEMENT_3D('',#294,#295,#296);
#294 = CARTESIAN_POINT('',(-6.075834877158,2.39,11.48));
#295 = DIRECTION('',(0.,0.,1.));
#296 = DIRECTION('',(0.,-1.,0.));
#297 = PCURVE('',#93,#298);
#298 = DEFINITIONAL_REPRESENTATION('',(#299),#303);
#299 = CIRCLE('',#300,1.);
#300 = AXIS2_PLACEMENT_2D('',#301,#302);
#301 = CARTESIAN_POINT('',(-6.075834877158,2.192329160171));
#302 = DIRECTION('',(0.,-1.));
#303 = ( GEOMETRIC_REPRESENTATION_CONTEXT(2) 
PARAMETRIC_REPRESENTATION_CONTEXT() REPRESENTATION_CONTEXT('2D SPACE',''
  ) );
#304 = PCURVE('',#305,#310);
#305 = CYLINDRICAL_SURFACE('',#306,1.);
#306 = AXIS2_PLACEMENT_3D('',#307,#308,#309);
#307 = CARTESIAN_POINT('',(-6.075834877158,2.39,10.5));
#308 = DIRECTION('',(0.,0.,1.));
#309 = DIRECTION('',(-0.,1.,0.));
#310 = DEFINITIONAL_REPRESENTATION('',(#311),#315);
#311 = LINE('',#312,#313);
#312 = CARTESIAN_POINT('',(-3.14159265359,0.98));
#313 = VECTOR('',#314,1.);
#314 = DIRECTION('',(1.,0.));
#315 = ( GEOMETRIC_REPRESENTATION_CONTEXT(2) 
PARAMETRIC_REPRESENTATION_CONTEXT() REPRESENTATION_CONTEXT('2D SPACE',''
  ) );
#316 = ORIENTED_EDGE('',*,*,#317,.T.);
#317 = EDGE_CURVE('',#289,#318,#320,.T.);
#318 = VERTEX_POINT('',#319);
#319 = CARTESIAN_POINT('',(-6.229312166857,-2.561424328408,11.48));
#320 = SURFACE_CURVE('',#321,(#325,#332),.PCURVE_S1.);
#321 = LINE('',#322,#323);
#322 = CARTESIAN_POINT('',(-7.26486,3.39,11.48));
#323 = VECTOR('',#324,1.);
#324 = DIRECTION('',(0.171424328408,-0.985197289699,0.));
#325 = PCURVE('',#93,#326);
#326 = DEFINITIONAL_REPRESENTATION('',(#327),#331);
#327 = LINE('',#328,#329);
#328 = CARTESIAN_POINT('',(-7.26486,3.192329160171));
#329 = VECTOR('',#330,1.);
#330 = DIRECTION('',(0.171424328408,-0.985197289699));
#331 = ( GEOMETRIC_REPRESENTATION_CONTEXT(2) 
PARAMETRIC_REPRESENTATION_CONTEXT() REPRESENTATION_CONTEXT('2D SPACE',''
  ) );
#332 = PCURVE('',#333,#338);
#333 = PLANE('',#334);
#334 = AXIS2_PLACEMENT_3D('',#335,#336,#337);
#335 = CARTESIAN_POINT('',(-7.26486,3.39,10.5));
#336 = DIRECTION('',(0.985197289699,0.171424328408,-0.));
#337 = DIRECTION('',(0.171424328408,-0.985197289699,0.));
#338 = DEFINITIONAL_REPRESENTATION('',(#339),#343);
#339 = LINE('',#340,#341);
#340 = CARTESIAN_POINT('',(0.,-0.98));
#341 = VECTOR('',#342,1.);
#342 = DIRECTION('',(1.,0.));
#343 = ( GEOMETRIC_REPRESENTATION_CONTEXT(2) 
PARAMETRIC_REPRESENTATION_CONTEXT() REPRESENTATION_CONTEXT('2D SPACE',''
  ) );
#344 = ORIENTED_EDGE('',*,*,#345,.F.);
#345 = EDGE_CURVE('',#145,#318,#346,.T.);
#346 = SURFACE_CURVE('',#347,(#352,#363),.PCURVE_S1.);
#347 = CIRCLE('',#348,1.);
#348 = AXIS2_PLACEMENT_3D('',#349,#350,#351);
#349 = CARTESIAN_POINT('',(-5.244114877158,-2.39,11.48));
#350 = DIRECTION('',(-0.,-0.,-1.));
#351 = DIRECTION('',(0.,-1.,0.));
#352 = PCURVE('',#93,#353);
#353 = DEFINITIONAL_REPRESENTATION('',(#354),#362);
#354 = ( BOUNDED_CURVE() B_SPLINE_CURVE(2,(#355,#356,#357,#358,#359,#360
,#361),.UNSPECIFIED.,.T.,.F.) B_SPLINE_CURVE_WITH_KNOTS((1,2,2,2,2,1),(
    -2.094395102393,0.,2.094395102393,4.188790204786,6.28318530718,
8.377580409573),.UNSPECIFIED.) CURVE() GEOMETRIC_REPRESENTATION_ITEM() 
RATIONAL_B_SPLINE_CURVE((1.,0.5,1.,0.5,1.,0.5,1.)) REPRESENTATION_ITEM(
  '') );
#355 = CARTESIAN_POINT('',(-5.244114877158,-3.587670839829));
#356 = CARTESIAN_POINT('',(-6.976165684727,-3.587670839829));
#357 = CARTESIAN_POINT('',(-6.110140280943,-2.087670839829));
#358 = CARTESIAN_POINT('',(-5.244114877158,-0.587670839829));
#359 = CARTESIAN_POINT('',(-4.378089473374,-2.087670839829));
#360 = CARTESIAN_POINT('',(-3.512064069589,-3.587670839829));
#361 = CARTESIAN_POINT('',(-5.244114877158,-3.587670839829));
#362 = ( GEOMETRIC_REPRESENTATION_CONTEXT(2) 
PARAMETRIC_REPRESENTATION_CONTEXT() REPRESENTATION_CONTEXT('2D SPACE',''
  ) );
#363 = PCURVE('',#364,#369);
#364 = CYLINDRICAL_SURFACE('',#365,1.);
#365 = AXIS2_PLACEMENT_3D('',#366,#367,#368);
#366 = CARTESIAN_POINT('',(-5.244114877158,-2.39,10.5));
#367 = DIRECTION('',(0.,0.,1.));
#368 = DIRECTION('',(0.,-1.,0.));
#369 = DEFINITIONAL_REPRESENTATION('',(#370),#374);
#370 = LINE('',#371,#372);
#371 = CARTESIAN_POINT('',(-0.,0.98));
#372 = VECTOR('',#373,1.);
#373 = DIRECTION('',(-1.,0.));
#374 = ( GEOMETRIC_REPRESENTATION_CONTEXT(2) 
PARAMETRIC_REPRESENTATION_CONTEXT() REPRESENTATION_CONTEXT('2D SPACE',''
  ) );
#375 = FACE_BOUND('',#376,.T.);
#376 = EDGE_LOOP('',(#377));
#377 = ORIENTED_EDGE('',*,*,#378,.F.);
#378 = EDGE_CURVE('',#379,#379,#381,.T.);
#379 = VERTEX_POINT('',#380);
#380 = CARTESIAN_POINT('',(-4.7561,-1.981,11.48));
#381 = SURFACE_CURVE('',#382,(#387,#394),.PCURVE_S1.);
#382 = CIRCLE('',#383,0.3874);
#383 = AXIS2_PLACEMENT_3D('',#384,#385,#386);
#384 = CARTESIAN_POINT('',(-5.1435,-1.981,11.48));
#385 = DIRECTION('',(0.,0.,1.));
#386 = DIRECTION('',(1.,0.,-0.));
#387 = PCURVE('',#93,#388);
#388 = DEFINITIONAL_REPRESENTATION('',(#389),#393);
#389 = CIRCLE('',#390,0.3874);
#390 = AXIS2_PLACEMENT_2D('',#391,#392);
#391 = CARTESIAN_POINT('',(-5.1435,-2.178670839829));
#392 = DIRECTION('',(1.,0.));
#393 = ( GEOMETRIC_REPRESENTATION_CONTEXT(2) 
PARAMETRIC_REPRESENTATION_CONTEXT() REPRESENTATION_CONTEXT('2D SPACE',''
  ) );
#394 = PCURVE('',#395,#400);
#395 = CYLINDRICAL_SURFACE('',#396,0.3874);
#396 = AXIS2_PLACEMENT_3D('',#397,#398,#399);
#397 = CARTESIAN_POINT('',(-5.1435,-1.981,11.48));
#398 = DIRECTION('',(0.,0.,1.));
#399 = DIRECTION('',(1.,0.,-0.));
#400 = DEFINITIONAL_REPRESENTATION('',(#401),#405);
#401 = LINE('',#402,#403);
#402 = CARTESIAN_POINT('',(0.,0.));
#403 = VECTOR('',#404,1.);
#404 = DIRECTION('',(1.,0.));
#405 = ( GEOMETRIC_REPRESENTATION_CONTEXT(2) 
PARAMETRIC_REPRESENTATION_CONTEXT() REPRESENTATION_CONTEXT('2D SPACE',''
  ) );
#406 = FACE_BOUND('',#407,.T.);
#407 = EDGE_LOOP('',(#408));
#408 = ORIENTED_EDGE('',*,*,#409,.F.);
#409 = EDGE_CURVE('',#410,#410,#412,.T.);
#410 = VERTEX_POINT('',#411);
#411 = CARTESIAN_POINT('',(-2.4701,-1.981,11.48));
#412 = SURFACE_CURVE('',#413,(#418,#425),.PCURVE_S1.);
#413 = CIRCLE('',#414,0.3874);
#414 = AXIS2_PLACEMENT_3D('',#415,#416,#417);
#415 = CARTESIAN_POINT('',(-2.8575,-1.981,11.48));
#416 = DIRECTION('',(0.,0.,1.));
#417 = DIRECTION('',(1.,0.,-0.));
#418 = PCURVE('',#93,#419);
#419 = DEFINITIONAL_REPRESENTATION('',(#420),#424);
#420 = CIRCLE('',#421,0.3874);
#421 = AXIS2_PLACEMENT_2D('',#422,#423);
#422 = CARTESIAN_POINT('',(-2.8575,-2.178670839829));
#423 = DIRECTION('',(1.,0.));
#424 = ( GEOMETRIC_REPRESENTATION_CONTEXT(2) 
PARAMETRIC_REPRESENTATION_CONTEXT() REPRESENTATION_CONTEXT('2D SPACE',''
  ) );
#425 = PCURVE('',#426,#431);
#426 = CYLINDRICAL_SURFACE('',#427,0.3874);
#427 = AXIS2_PLACEMENT_3D('',#428,#429,#430);
#428 = CARTESIAN_POINT('',(-2.8575,-1.981,11.48));
#429 = DIRECTION('',(0.,0.,1.));
#430 = DIRECTION('',(1.,0.,-0.));
#431 = DEFINITIONAL_REPRESENTATION('',(#432),#436);
#432 = LINE('',#433,#434);
#433 = CARTESIAN_POINT('',(0.,0.));
#434 = VECTOR('',#435,1.);
#435 = DIRECTION('',(1.,0.));
#436 = ( GEOMETRIC_REPRESENTATION_CONTEXT(2) 
PARAMETRIC_REPRESENTATION_CONTEXT() REPRESENTATION_CONTEXT('2D SPACE',''
  ) );
#437 = FACE_BOUND('',#438,.T.);
#438 = EDGE_LOOP('',(#439));
#439 = ORIENTED_EDGE('',*,*,#440,.F.);
#440 = EDGE_CURVE('',#441,#441,#443,.T.);
#441 = VERTEX_POINT('',#442);
#442 = CARTESIAN_POINT('',(-0.1841,-1.981,11.48));
#443 = SURFACE_CURVE('',#444,(#449,#456),.PCURVE_S1.);
#444 = CIRCLE('',#445,0.3874);
#445 = AXIS2_PLACEMENT_3D('',#446,#447,#448);
#446 = CARTESIAN_POINT('',(-0.5715,-1.981,11.48));
#447 = DIRECTION('',(0.,0.,1.));
#448 = DIRECTION('',(1.,0.,-0.));
#449 = PCURVE('',#93,#450);
#450 = DEFINITIONAL_REPRESENTATION('',(#451),#455);
#451 = CIRCLE('',#452,0.3874);
#452 = AXIS2_PLACEMENT_2D('',#453,#454);
#453 = CARTESIAN_POINT('',(-0.5715,-2.178670839829));
#454 = DIRECTION('',(1.,0.));
#455 = ( GEOMETRIC_REPRESENTATION_CONTEXT(2) 
PARAMETRIC_REPRESENTATION_CONTEXT() REPRESENTATION_CONTEXT('2D SPACE',''
  ) );
#456 = PCURVE('',#457,#462);
#457 = CYLINDRICAL_SURFACE('',#458,0.3874);
#458 = AXIS2_PLACEMENT_3D('',#459,#460,#461);
#459 = CARTESIAN_POINT('',(-0.5715,-1.981,11.48));
#460 = DIRECTION('',(0.,0.,1.));
#461 = DIRECTION('',(1.,0.,-0.));
#462 = DEFINITIONAL_REPRESENTATION('',(#463),#467);
#463 = LINE('',#464,#465);
#464 = CARTESIAN_POINT('',(0.,0.));
#465 = VECTOR('',#466,1.);
#466 = DIRECTION('',(1.,0.));
#467 = ( GEOMETRIC_REPRESENTATION_CONTEXT(2) 
PARAMETRIC_REPRESENTATION_CONTEXT() REPRESENTATION_CONTEXT('2D SPACE',''
  ) );
#468 = FACE_BOUND('',#469,.T.);
#469 = EDGE_LOOP('',(#470));
#470 = ORIENTED_EDGE('',*,*,#471,.F.);
#471 = EDGE_CURVE('',#472,#472,#474,.T.);
#472 = VERTEX_POINT('',#473);
#473 = CARTESIAN_POINT('',(2.1019,-1.981,11.48));
#474 = SURFACE_CURVE('',#475,(#480,#487),.PCURVE_S1.);
#475 = CIRCLE('',#476,0.3874);
#476 = AXIS2_PLACEMENT_3D('',#477,#478,#479);
#477 = CARTESIAN_POINT('',(1.7145,-1.981,11.48));
#478 = DIRECTION('',(0.,0.,1.));
#479 = DIRECTION('',(1.,0.,-0.));
#480 = PCURVE('',#93,#481);
#481 = DEFINITIONAL_REPRESENTATION('',(#482),#486);
#482 = CIRCLE('',#483,0.3874);
#483 = AXIS2_PLACEMENT_2D('',#484,#485);
#484 = CARTESIAN_POINT('',(1.7145,-2.178670839829));
#485 = DIRECTION('',(1.,0.));
#486 = ( GEOMETRIC_REPRESENTATION_CONTEXT(2) 
PARAMETRIC_REPRESENTATION_CONTEXT() REPRESENTATION_CONTEXT('2D SPACE',''
  ) );
#487 = PCURVE('',#488,#493);
#488 = CYLINDRICAL_SURFACE('',#489,0.3874);
#489 = AXIS2_PLACEMENT_3D('',#490,#491,#492);
#490 = CARTESIAN_POINT('',(1.7145,-1.981,11.48));
#491 = DIRECTION('',(0.,0.,1.));
#492 = DIRECTION('',(1.,0.,-0.));
#493 = DEFINITIONAL_REPRESENTATION('',(#494),#498);
#494 = LINE('',#495,#496);
#495 = CARTESIAN_POINT('',(0.,0.));
#496 = VECTOR('',#497,1.);
#497 = DIRECTION('',(1.,0.));
#498 = ( GEOMETRIC_REPRESENTATION_CONTEXT(2) 
PARAMETRIC_REPRESENTATION_CONTEXT() REPRESENTATION_CONTEXT('2D SPACE',''
  ) );
#499 = FACE_BOUND('',#500,.T.);
#500 = EDGE_LOOP('',(#501));
#501 = ORIENTED_EDGE('',*,*,#502,.F.);
#502 = EDGE_CURVE('',#503,#503,#505,.T.);
#503 = VERTEX_POINT('',#504);
#504 = CARTESIAN_POINT('',(4.3879,-1.981,11.48));
#505 = SURFACE_CURVE('',#506,(#511,#518),.PCURVE_S1.);
#506 = CIRCLE('',#507,0.3874);
#507 = AXIS2_PLACEMENT_3D('',#508,#509,#510);
#508 = CARTESIAN_POINT('',(4.0005,-1.981,11.48));
#509 = DIRECTION('',(0.,0.,1.));
#510 = DIRECTION('',(1.,0.,-0.));
#511 = PCURVE('',#93,#512);
#512 = DEFINITIONAL_REPRESENTATION('',(#513),#517);
#513 = CIRCLE('',#514,0.3874);
#514 = AXIS2_PLACEMENT_2D('',#515,#516);
#515 = CARTESIAN_POINT('',(4.0005,-2.178670839829));
#516 = DIRECTION('',(1.,0.));
#517 = ( GEOMETRIC_REPRESENTATION_CONTEXT(2) 
PARAMETRIC_REPRESENTATION_CONTEXT() REPRESENTATION_CONTEXT('2D SPACE',''
  ) );
#518 = PCURVE('',#519,#524);
#519 = CYLINDRICAL_SURFACE('',#520,0.3874);
#520 = AXIS2_PLACEMENT_3D('',#521,#522,#523);
#521 = CARTESIAN_POINT('',(4.0005,-1.981,11.48));
#522 = DIRECTION('',(0.,0.,1.));
#523 = DIRECTION('',(1.,0.,-0.));
#524 = DEFINITIONAL_REPRESENTATION('',(#525),#529);
#525 = LINE('',#526,#527);
#526 = CARTESIAN_POINT('',(0.,0.));
#527 = VECTOR('',#528,1.);
#528 = DIRECTION('',(1.,0.));
#529 = ( GEOMETRIC_REPRESENTATION_CONTEXT(2) 
PARAMETRIC_REPRESENTATION_CONTEXT() REPRESENTATION_CONTEXT('2D SPACE',''
  ) );
#530 = FACE_BOUND('',#531,.T.);
#531 = EDGE_LOOP('',(#532));
#532 = ORIENTED_EDGE('',*,*,#533,.F.);
#533 = EDGE_CURVE('',#534,#534,#536,.T.);
#534 = VERTEX_POINT('',#535);
#535 = CARTESIAN_POINT('',(-3.6131,-9.488563399794E-17,11.48));
#536 = SURFACE_CURVE('',#537,(#542,#549),.PCURVE_S1.);
#537 = CIRCLE('',#538,0.3874);
#538 = AXIS2_PLACEMENT_3D('',#539,#540,#541);
#539 = CARTESIAN_POINT('',(-4.0005,0.,11.48));
#540 = DIRECTION('',(0.,0.,1.));
#541 = DIRECTION('',(1.,0.,-0.));
#542 = PCURVE('',#93,#543);
#543 = DEFINITIONAL_REPRESENTATION('',(#544),#548);
#544 = CIRCLE('',#545,0.3874);
#545 = AXIS2_PLACEMENT_2D('',#546,#547);
#546 = CARTESIAN_POINT('',(-4.0005,-0.197670839829));
#547 = DIRECTION('',(1.,0.));
#548 = ( GEOMETRIC_REPRESENTATION_CONTEXT(2) 
PARAMETRIC_REPRESENTATION_CONTEXT() REPRESENTATION_CONTEXT('2D SPACE',''
  ) );
#549 = PCURVE('',#550,#555);
#550 = CYLINDRICAL_SURFACE('',#551,0.3874);
#551 = AXIS2_PLACEMENT_3D('',#552,#553,#554);
#552 = CARTESIAN_POINT('',(-4.0005,0.,11.48));
#553 = DIRECTION('',(0.,0.,1.));
#554 = DIRECTION('',(1.,0.,-0.));
#555 = DEFINITIONAL_REPRESENTATION('',(#556),#560);
#556 = LINE('',#557,#558);
#557 = CARTESIAN_POINT('',(0.,0.));
#558 = VECTOR('',#559,1.);
#559 = DIRECTION('',(1.,0.));
#560 = ( GEOMETRIC_REPRESENTATION_CONTEXT(2) 
PARAMETRIC_REPRESENTATION_CONTEXT() REPRESENTATION_CONTEXT('2D SPACE',''
  ) );
#561 = FACE_BOUND('',#562,.T.);
#562 = EDGE_LOOP('',(#563));
#563 = ORIENTED_EDGE('',*,*,#564,.F.);
#564 = EDGE_CURVE('',#565,#565,#567,.T.);
#565 = VERTEX_POINT('',#566);
#566 = CARTESIAN_POINT('',(-1.3271,-9.488563399794E-17,11.48));
#567 = SURFACE_CURVE('',#568,(#573,#580),.PCURVE_S1.);
#568 = CIRCLE('',#569,0.3874);
#569 = AXIS2_PLACEMENT_3D('',#570,#571,#572);
#570 = CARTESIAN_POINT('',(-1.7145,0.,11.48));
#571 = DIRECTION('',(0.,0.,1.));
#572 = DIRECTION('',(1.,0.,-0.));
#573 = PCURVE('',#93,#574);
#574 = DEFINITIONAL_REPRESENTATION('',(#575),#579);
#575 = CIRCLE('',#576,0.3874);
#576 = AXIS2_PLACEMENT_2D('',#577,#578);
#577 = CARTESIAN_POINT('',(-1.7145,-0.197670839829));
#578 = DIRECTION('',(1.,0.));
#579 = ( GEOMETRIC_REPRESENTATION_CONTEXT(2) 
PARAMETRIC_REPRESENTATION_CONTEXT() REPRESENTATION_CONTEXT('2D SPACE',''
  ) );
#580 = PCURVE('',#581,#586);
#581 = CYLINDRICAL_SURFACE('',#582,0.3874);
#582 = AXIS2_PLACEMENT_3D('',#583,#584,#585);
#583 = CARTESIAN_POINT('',(-1.7145,0.,11.48));
#584 = DIRECTION('',(0.,0.,1.));
#585 = DIRECTION('',(1.,0.,-0.));
#586 = DEFINITIONAL_REPRESENTATION('',(#587),#591);
#587 = LINE('',#588,#589);
#588 = CARTESIAN_POINT('',(0.,0.));
#589 = VECTOR('',#590,1.);
#590 = DIRECTION('',(1.,0.));
#591 = ( GEOMETRIC_REPRESENTATION_CONTEXT(2) 
PARAMETRIC_REPRESENTATION_CONTEXT() REPRESENTATION_CONTEXT('2D SPACE',''
  ) );
#592 = FACE_BOUND('',#593,.T.);
#593 = EDGE_LOOP('',(#594));
#594 = ORIENTED_EDGE('',*,*,#78,.F.);
#595 = FACE_BOUND('',#596,.T.);
#596 = EDGE_LOOP('',(#597));
#597 = ORIENTED_EDGE('',*,*,#598,.F.);
#598 = EDGE_CURVE('',#599,#599,#601,.T.);
#599 = VERTEX_POINT('',#600);
#600 = CARTESIAN_POINT('',(-2.4701,1.981,11.48));
#601 = SURFACE_CURVE('',#602,(#607,#614),.PCURVE_S1.);
#602 = CIRCLE('',#603,0.3874);
#603 = AXIS2_PLACEMENT_3D('',#604,#605,#606);
#604 = CARTESIAN_POINT('',(-2.8575,1.981,11.48));
#605 = DIRECTION('',(0.,0.,1.));
#606 = DIRECTION('',(1.,0.,-0.));
#607 = PCURVE('',#93,#608);
#608 = DEFINITIONAL_REPRESENTATION('',(#609),#613);
#609 = CIRCLE('',#610,0.3874);
#610 = AXIS2_PLACEMENT_2D('',#611,#612);
#611 = CARTESIAN_POINT('',(-2.8575,1.783329160171));
#612 = DIRECTION('',(1.,0.));
#613 = ( GEOMETRIC_REPRESENTATION_CONTEXT(2) 
PARAMETRIC_REPRESENTATION_CONTEXT() REPRESENTATION_CONTEXT('2D SPACE',''
  ) );
#614 = PCURVE('',#615,#620);
#615 = CYLINDRICAL_SURFACE('',#616,0.3874);
#616 = AXIS2_PLACEMENT_3D('',#617,#618,#619);
#617 = CARTESIAN_POINT('',(-2.8575,1.981,11.48));
#618 = DIRECTION('',(0.,0.,1.));
#619 = DIRECTION('',(1.,0.,-0.));
#620 = DEFINITIONAL_REPRESENTATION('',(#621),#625);
#621 = LINE('',#622,#623);
#622 = CARTESIAN_POINT('',(0.,0.));
#623 = VECTOR('',#624,1.);
#624 = DIRECTION('',(1.,0.));
#625 = ( GEOMETRIC_REPRESENTATION_CONTEXT(2) 
PARAMETRIC_REPRESENTATION_CONTEXT() REPRESENTATION_CONTEXT('2D SPACE',''
  ) );
#626 = FACE_BOUND('',#627,.T.);
#627 = EDGE_LOOP('',(#628));
#628 = ORIENTED_EDGE('',*,*,#629,.F.);
#629 = EDGE_CURVE('',#630,#630,#632,.T.);
#630 = VERTEX_POINT('',#631);
#631 = CARTESIAN_POINT('',(-0.1841,1.981,11.48));
#632 = SURFACE_CURVE('',#633,(#638,#645),.PCURVE_S1.);
#633 = CIRCLE('',#634,0.3874);
#634 = AXIS2_PLACEMENT_3D('',#635,#636,#637);
#635 = CARTESIAN_POINT('',(-0.5715,1.981,11.48));
#636 = DIRECTION('',(0.,0.,1.));
#637 = DIRECTION('',(1.,0.,-0.));
#638 = PCURVE('',#93,#639);
#639 = DEFINITIONAL_REPRESENTATION('',(#640),#644);
#640 = CIRCLE('',#641,0.3874);
#641 = AXIS2_PLACEMENT_2D('',#642,#643);
#642 = CARTESIAN_POINT('',(-0.5715,1.783329160171));
#643 = DIRECTION('',(1.,0.));
#644 = ( GEOMETRIC_REPRESENTATION_CONTEXT(2) 
PARAMETRIC_REPRESENTATION_CONTEXT() REPRESENTATION_CONTEXT('2D SPACE',''
  ) );
#645 = PCURVE('',#646,#651);
#646 = CYLINDRICAL_SURFACE('',#647,0.3874);
#647 = AXIS2_PLACEMENT_3D('',#648,#649,#650);
#648 = CARTESIAN_POINT('',(-0.5715,1.981,11.48));
#649 = DIRECTION('',(0.,0.,1.));
#650 = DIRECTION('',(1.,0.,-0.));
#651 = DEFINITIONAL_REPRESENTATION('',(#652),#656);
#652 = LINE('',#653,#654);
#653 = CARTESIAN_POINT('',(0.,0.));
#654 = VECTOR('',#655,1.);
#655 = DIRECTION('',(1.,0.));
#656 = ( GEOMETRIC_REPRESENTATION_CONTEXT(2) 
PARAMETRIC_REPRESENTATION_CONTEXT() REPRESENTATION_CONTEXT('2D SPACE',''
  ) );
#657 = FACE_BOUND('',#658,.T.);
#658 = EDGE_LOOP('',(#659));
#659 = ORIENTED_EDGE('',*,*,#660,.F.);
#660 = EDGE_CURVE('',#661,#661,#663,.T.);
#661 = VERTEX_POINT('',#662);
#662 = CARTESIAN_POINT('',(0.9589,-9.488563399794E-17,11.48));
#663 = SURFACE_CURVE('',#664,(#669,#676),.PCURVE_S1.);
#664 = CIRCLE('',#665,0.3874);
#665 = AXIS2_PLACEMENT_3D('',#666,#667,#668);
#666 = CARTESIAN_POINT('',(0.5715,0.,11.48));
#667 = DIRECTION('',(0.,0.,1.));
#668 = DIRECTION('',(1.,0.,-0.));
#669 = PCURVE('',#93,#670);
#670 = DEFINITIONAL_REPRESENTATION('',(#671),#675);
#671 = CIRCLE('',#672,0.3874);
#672 = AXIS2_PLACEMENT_2D('',#673,#674);
#673 = CARTESIAN_POINT('',(0.5715,-0.197670839829));
#674 = DIRECTION('',(1.,0.));
#675 = ( GEOMETRIC_REPRESENTATION_CONTEXT(2) 
PARAMETRIC_REPRESENTATION_CONTEXT() REPRESENTATION_CONTEXT('2D SPACE',''
  ) );
#676 = PCURVE('',#677,#682);
#677 = CYLINDRICAL_SURFACE('',#678,0.3874);
#678 = AXIS2_PLACEMENT_3D('',#679,#680,#681);
#679 = CARTESIAN_POINT('',(0.5715,0.,11.48));
#680 = DIRECTION('',(0.,0.,1.));
#681 = DIRECTION('',(1.,0.,-0.));
#682 = DEFINITIONAL_REPRESENTATION('',(#683),#687);
#683 = LINE('',#684,#685);
#684 = CARTESIAN_POINT('',(0.,0.));
#685 = VECTOR('',#686,1.);
#686 = DIRECTION('',(1.,0.));
#687 = ( GEOMETRIC_REPRESENTATION_CONTEXT(2) 
PARAMETRIC_REPRESENTATION_CONTEXT() REPRESENTATION_CONTEXT('2D SPACE',''
  ) );
#688 = FACE_BOUND('',#689,.T.);
#689 = EDGE_LOOP('',(#690));
#690 = ORIENTED_EDGE('',*,*,#691,.F.);
#691 = EDGE_CURVE('',#692,#692,#694,.T.);
#692 = VERTEX_POINT('',#693);
#693 = CARTESIAN_POINT('',(3.2449,-9.488563399794E-17,11.48));
#694 = SURFACE_CURVE('',#695,(#700,#707),.PCURVE_S1.);
#695 = CIRCLE('',#696,0.3874);
#696 = AXIS2_PLACEMENT_3D('',#697,#698,#699);
#697 = CARTESIAN_POINT('',(2.8575,0.,11.48));
#698 = DIRECTION('',(0.,0.,1.));
#699 = DIRECTION('',(1.,0.,-0.));
#700 = PCURVE('',#93,#701);
#701 = DEFINITIONAL_REPRESENTATION('',(#702),#706);
#702 = CIRCLE('',#703,0.3874);
#703 = AXIS2_PLACEMENT_2D('',#704,#705);
#704 = CARTESIAN_POINT('',(2.8575,-0.197670839829));
#705 = DIRECTION('',(1.,0.));
#706 = ( GEOMETRIC_REPRESENTATION_CONTEXT(2) 
PARAMETRIC_REPRESENTATION_CONTEXT() REPRESENTATION_CONTEXT('2D SPACE',''
  ) );
#707 = PCURVE('',#708,#713);
#708 = CYLINDRICAL_SURFACE('',#709,0.3874);
#709 = AXIS2_PLACEMENT_3D('',#710,#711,#712);
#710 = CARTESIAN_POINT('',(2.8575,0.,11.48));
#711 = DIRECTION('',(0.,0.,1.));
#712 = DIRECTION('',(1.,0.,-0.));
#713 = DEFINITIONAL_REPRESENTATION('',(#714),#718);
#714 = LINE('',#715,#716);
#715 = CARTESIAN_POINT('',(0.,0.));
#716 = VECTOR('',#717,1.);
#717 = DIRECTION('',(1.,0.));
#718 = ( GEOMETRIC_REPRESENTATION_CONTEXT(2) 
PARAMETRIC_REPRESENTATION_CONTEXT() REPRESENTATION_CONTEXT('2D SPACE',''
  ) );
#719 = FACE_BOUND('',#720,.T.);
#720 = EDGE_LOOP('',(#721));
#721 = ORIENTED_EDGE('',*,*,#722,.F.);
#722 = EDGE_CURVE('',#723,#723,#725,.T.);
#723 = VERTEX_POINT('',#724);
#724 = CARTESIAN_POINT('',(5.5309,-9.488563399794E-17,11.48));
#725 = SURFACE_CURVE('',#726,(#731,#738),.PCURVE_S1.);
#726 = CIRCLE('',#727,0.3874);
#727 = AXIS2_PLACEMENT_3D('',#728,#729,#730);
#728 = CARTESIAN_POINT('',(5.1435,0.,11.48));
#729 = DIRECTION('',(0.,0.,1.));
#730 = DIRECTION('',(1.,0.,-0.));
#731 = PCURVE('',#93,#732);
#732 = DEFINITIONAL_REPRESENTATION('',(#733),#737);
#733 = CIRCLE('',#734,0.3874);
#734 = AXIS2_PLACEMENT_2D('',#735,#736);
#735 = CARTESIAN_POINT('',(5.1435,-0.197670839829));
#736 = DIRECTION('',(1.,0.));
#737 = ( GEOMETRIC_REPRESENTATION_CONTEXT(2) 
PARAMETRIC_REPRESENTATION_CONTEXT() REPRESENTATION_CONTEXT('2D SPACE',''
  ) );
#738 = PCURVE('',#739,#744);
#739 = CYLINDRICAL_SURFACE('',#740,0.3874);
#740 = AXIS2_PLACEMENT_3D('',#741,#742,#743);
#741 = CARTESIAN_POINT('',(5.1435,0.,11.48));
#742 = DIRECTION('',(0.,0.,1.));
#743 = DIRECTION('',(1.,0.,-0.));
#744 = DEFINITIONAL_REPRESENTATION('',(#745),#749);
#745 = LINE('',#746,#747);
#746 = CARTESIAN_POINT('',(0.,0.));
#747 = VECTOR('',#748,1.);
#748 = DIRECTION('',(1.,0.));
#749 = ( GEOMETRIC_REPRESENTATION_CONTEXT(2) 
PARAMETRIC_REPRESENTATION_CONTEXT() REPRESENTATION_CONTEXT('2D SPACE',''
  ) );
#750 = FACE_BOUND('',#751,.T.);
#751 = EDGE_LOOP('',(#752));
#752 = ORIENTED_EDGE('',*,*,#753,.F.);
#753 = EDGE_CURVE('',#754,#754,#756,.T.);
#754 = VERTEX_POINT('',#755);
#755 = CARTESIAN_POINT('',(2.1019,1.981,11.48));
#756 = SURFACE_CURVE('',#757,(#762,#769),.PCURVE_S1.);
#757 = CIRCLE('',#758,0.3874);
#758 = AXIS2_PLACEMENT_3D('',#759,#760,#761);
#759 = CARTESIAN_POINT('',(1.7145,1.981,11.48));
#760 = DIRECTION('',(0.,0.,1.));
#761 = DIRECTION('',(1.,0.,-0.));
#762 = PCURVE('',#93,#763);
#763 = DEFINITIONAL_REPRESENTATION('',(#764),#768);
#764 = CIRCLE('',#765,0.3874);
#765 = AXIS2_PLACEMENT_2D('',#766,#767);
#766 = CARTESIAN_POINT('',(1.7145,1.783329160171));
#767 = DIRECTION('',(1.,0.));
#768 = ( GEOMETRIC_REPRESENTATION_CONTEXT(2) 
PARAMETRIC_REPRESENTATION_CONTEXT() REPRESENTATION_CONTEXT('2D SPACE',''
  ) );
#769 = PCURVE('',#770,#775);
#770 = CYLINDRICAL_SURFACE('',#771,0.3874);
#771 = AXIS2_PLACEMENT_3D('',#772,#773,#774);
#772 = CARTESIAN_POINT('',(1.7145,1.981,11.48));
#773 = DIRECTION('',(0.,0.,1.));
#774 = DIRECTION('',(1.,0.,-0.));
#775 = DEFINITIONAL_REPRESENTATION('',(#776),#780);
#776 = LINE('',#777,#778);
#777 = CARTESIAN_POINT('',(0.,0.));
#778 = VECTOR('',#779,1.);
#779 = DIRECTION('',(1.,0.));
#780 = ( GEOMETRIC_REPRESENTATION_CONTEXT(2) 
PARAMETRIC_REPRESENTATION_CONTEXT() REPRESENTATION_CONTEXT('2D SPACE',''
  ) );
#781 = FACE_BOUND('',#782,.T.);
#782 = EDGE_LOOP('',(#783));
#783 = ORIENTED_EDGE('',*,*,#784,.F.);
#784 = EDGE_CURVE('',#785,#785,#787,.T.);
#785 = VERTEX_POINT('',#786);
#786 = CARTESIAN_POINT('',(4.3879,1.981,11.48));
#787 = SURFACE_CURVE('',#788,(#793,#800),.PCURVE_S1.);
#788 = CIRCLE('',#789,0.3874);
#789 = AXIS2_PLACEMENT_3D('',#790,#791,#792);
#790 = CARTESIAN_POINT('',(4.0005,1.981,11.48));
#791 = DIRECTION('',(0.,0.,1.));
#792 = DIRECTION('',(1.,0.,-0.));
#793 = PCURVE('',#93,#794);
#794 = DEFINITIONAL_REPRESENTATION('',(#795),#799);
#795 = CIRCLE('',#796,0.3874);
#796 = AXIS2_PLACEMENT_2D('',#797,#798);
#797 = CARTESIAN_POINT('',(4.0005,1.783329160171));
#798 = DIRECTION('',(1.,0.));
#799 = ( GEOMETRIC_REPRESENTATION_CONTEXT(2) 
PARAMETRIC_REPRESENTATION_CONTEXT() REPRESENTATION_CONTEXT('2D SPACE',''
  ) );
#800 = PCURVE('',#801,#806);
#801 = CYLINDRICAL_SURFACE('',#802,0.3874);
#802 = AXIS2_PLACEMENT_3D('',#803,#804,#805);
#803 = CARTESIAN_POINT('',(4.0005,1.981,11.48));
#804 = DIRECTION('',(0.,0.,1.));
#805 = DIRECTION('',(1.,0.,-0.));
#806 = DEFINITIONAL_REPRESENTATION('',(#807),#811);
#807 = LINE('',#808,#809);
#808 = CARTESIAN_POINT('',(0.,0.));
#809 = VECTOR('',#810,1.);
#810 = DIRECTION('',(1.,0.));
#811 = ( GEOMETRIC_REPRESENTATION_CONTEXT(2) 
PARAMETRIC_REPRESENTATION_CONTEXT() REPRESENTATION_CONTEXT('2D SPACE',''
  ) );
#812 = ADVANCED_FACE('',(#813),#129,.T.);
#813 = FACE_BOUND('',#814,.T.);
#814 = EDGE_LOOP('',(#815,#838,#865,#866));
#815 = ORIENTED_EDGE('',*,*,#816,.T.);
#816 = EDGE_CURVE('',#113,#817,#819,.T.);
#817 = VERTEX_POINT('',#818);
#818 = CARTESIAN_POINT('',(-4.92745,1.981,15.75395));
#819 = SEAM_CURVE('',#820,(#824,#831),.PCURVE_S1.);
#820 = LINE('',#821,#822);
#821 = CARTESIAN_POINT('',(-4.92745,1.981,11.87));
#822 = VECTOR('',#823,1.);
#823 = DIRECTION('',(0.,0.,1.));
#824 = PCURVE('',#129,#825);
#825 = DEFINITIONAL_REPRESENTATION('',(#826),#830);
#826 = LINE('',#827,#828);
#827 = CARTESIAN_POINT('',(6.28318530718,-0.));
#828 = VECTOR('',#829,1.);
#829 = DIRECTION('',(0.,1.));
#830 = ( GEOMETRIC_REPRESENTATION_CONTEXT(2) 
PARAMETRIC_REPRESENTATION_CONTEXT() REPRESENTATION_CONTEXT('2D SPACE',''
  ) );
#831 = PCURVE('',#129,#832);
#832 = DEFINITIONAL_REPRESENTATION('',(#833),#837);
#833 = LINE('',#834,#835);
#834 = CARTESIAN_POINT('',(0.,-0.));
#835 = VECTOR('',#836,1.);
#836 = DIRECTION('',(0.,1.));
#837 = ( GEOMETRIC_REPRESENTATION_CONTEXT(2) 
PARAMETRIC_REPRESENTATION_CONTEXT() REPRESENTATION_CONTEXT('2D SPACE',''
  ) );
#838 = ORIENTED_EDGE('',*,*,#839,.F.);
#839 = EDGE_CURVE('',#817,#817,#840,.T.);
#840 = SURFACE_CURVE('',#841,(#846,#853),.PCURVE_S1.);
#841 = CIRCLE('',#842,0.21605);
#842 = AXIS2_PLACEMENT_3D('',#843,#844,#845);
#843 = CARTESIAN_POINT('',(-5.1435,1.981,15.75395));
#844 = DIRECTION('',(0.,0.,1.));
#845 = DIRECTION('',(1.,0.,-0.));
#846 = PCURVE('',#129,#847);
#847 = DEFINITIONAL_REPRESENTATION('',(#848),#852);
#848 = LINE('',#849,#850);
#849 = CARTESIAN_POINT('',(0.,3.88395));
#850 = VECTOR('',#851,1.);
#851 = DIRECTION('',(1.,0.));
#852 = ( GEOMETRIC_REPRESENTATION_CONTEXT(2) 
PARAMETRIC_REPRESENTATION_CONTEXT() REPRESENTATION_CONTEXT('2D SPACE',''
  ) );
#853 = PCURVE('',#854,#859);
#854 = SPHERICAL_SURFACE('',#855,0.21605);
#855 = AXIS2_PLACEMENT_3D('',#856,#857,#858);
#856 = CARTESIAN_POINT('',(-5.1435,1.981,15.75395));
#857 = DIRECTION('',(0.,0.,1.));
#858 = DIRECTION('',(1.,0.,-0.));
#859 = DEFINITIONAL_REPRESENTATION('',(#860),#864);
#860 = LINE('',#861,#862);
#861 = CARTESIAN_POINT('',(0.,0.));
#862 = VECTOR('',#863,1.);
#863 = DIRECTION('',(1.,0.));
#864 = ( GEOMETRIC_REPRESENTATION_CONTEXT(2) 
PARAMETRIC_REPRESENTATION_CONTEXT() REPRESENTATION_CONTEXT('2D SPACE',''
  ) );
#865 = ORIENTED_EDGE('',*,*,#816,.F.);
#866 = ORIENTED_EDGE('',*,*,#112,.T.);
#867 = ADVANCED_FACE('',(#868),#162,.F.);
#868 = FACE_BOUND('',#869,.F.);
#869 = EDGE_LOOP('',(#870,#900,#921,#922));
#870 = ORIENTED_EDGE('',*,*,#871,.F.);
#871 = EDGE_CURVE('',#872,#874,#876,.T.);
#872 = VERTEX_POINT('',#873);
#873 = CARTESIAN_POINT('',(-5.244114877158,-3.39,10.5));
#874 = VERTEX_POINT('',#875);
#875 = CARTESIAN_POINT('',(5.244114877158,-3.39,10.5));
#876 = SURFACE_CURVE('',#877,(#881,#888),.PCURVE_S1.);
#877 = LINE('',#878,#879);
#878 = CARTESIAN_POINT('',(-6.08514,-3.39,10.5));
#879 = VECTOR('',#880,1.);
#880 = DIRECTION('',(1.,0.,0.));
#881 = PCURVE('',#162,#882);
#882 = DEFINITIONAL_REPRESENTATION('',(#883),#887);
#883 = LINE('',#884,#885);
#884 = CARTESIAN_POINT('',(0.,0.));
#885 = VECTOR('',#886,1.);
#886 = DIRECTION('',(1.,0.));
#887 = ( GEOMETRIC_REPRESENTATION_CONTEXT(2) 
PARAMETRIC_REPRESENTATION_CONTEXT() REPRESENTATION_CONTEXT('2D SPACE',''
  ) );
#888 = PCURVE('',#889,#894);
#889 = PLANE('',#890);
#890 = AXIS2_PLACEMENT_3D('',#891,#892,#893);
#891 = CARTESIAN_POINT('',(2.194733889229E-16,0.273072610794,10.5));
#892 = DIRECTION('',(0.,0.,1.));
#893 = DIRECTION('',(1.,0.,-0.));
#894 = DEFINITIONAL_REPRESENTATION('',(#895),#899);
#895 = LINE('',#896,#897);
#896 = CARTESIAN_POINT('',(-6.08514,-3.663072610794));
#897 = VECTOR('',#898,1.);
#898 = DIRECTION('',(1.,0.));
#899 = ( GEOMETRIC_REPRESENTATION_CONTEXT(2) 
PARAMETRIC_REPRESENTATION_CONTEXT() REPRESENTATION_CONTEXT('2D SPACE',''
  ) );
#900 = ORIENTED_EDGE('',*,*,#901,.T.);
#901 = EDGE_CURVE('',#872,#145,#902,.T.);
#902 = SURFACE_CURVE('',#903,(#907,#914),.PCURVE_S1.);
#903 = LINE('',#904,#905);
#904 = CARTESIAN_POINT('',(-5.244114877158,-3.39,10.5));
#905 = VECTOR('',#906,1.);
#906 = DIRECTION('',(0.,0.,1.));
#907 = PCURVE('',#162,#908);
#908 = DEFINITIONAL_REPRESENTATION('',(#909),#913);
#909 = LINE('',#910,#911);
#910 = CARTESIAN_POINT('',(0.841025122842,0.));
#911 = VECTOR('',#912,1.);
#912 = DIRECTION('',(0.,-1.));
#913 = ( GEOMETRIC_REPRESENTATION_CONTEXT(2) 
PARAMETRIC_REPRESENTATION_CONTEXT() REPRESENTATION_CONTEXT('2D SPACE',''
  ) );
#914 = PCURVE('',#364,#915);
#915 = DEFINITIONAL_REPRESENTATION('',(#916),#920);
#916 = LINE('',#917,#918);
#917 = CARTESIAN_POINT('',(-0.,0.));
#918 = VECTOR('',#919,1.);
#919 = DIRECTION('',(-0.,1.));
#920 = ( GEOMETRIC_REPRESENTATION_CONTEXT(2) 
PARAMETRIC_REPRESENTATION_CONTEXT() REPRESENTATION_CONTEXT('2D SPACE',''
  ) );
#921 = ORIENTED_EDGE('',*,*,#144,.T.);
#922 = ORIENTED_EDGE('',*,*,#923,.F.);
#923 = EDGE_CURVE('',#874,#147,#924,.T.);
#924 = SURFACE_CURVE('',#925,(#929,#936),.PCURVE_S1.);
#925 = LINE('',#926,#927);
#926 = CARTESIAN_POINT('',(5.244114877158,-3.39,10.5));
#927 = VECTOR('',#928,1.);
#928 = DIRECTION('',(0.,0.,1.));
#929 = PCURVE('',#162,#930);
#930 = DEFINITIONAL_REPRESENTATION('',(#931),#935);
#931 = LINE('',#932,#933);
#932 = CARTESIAN_POINT('',(11.329254877158,0.));
#933 = VECTOR('',#934,1.);
#934 = DIRECTION('',(0.,-1.));
#935 = ( GEOMETRIC_REPRESENTATION_CONTEXT(2) 
PARAMETRIC_REPRESENTATION_CONTEXT() REPRESENTATION_CONTEXT('2D SPACE',''
  ) );
#936 = PCURVE('',#191,#937);
#937 = DEFINITIONAL_REPRESENTATION('',(#938),#942);
#938 = LINE('',#939,#940);
#939 = CARTESIAN_POINT('',(0.,0.));
#940 = VECTOR('',#941,1.);
#941 = DIRECTION('',(0.,1.));
#942 = ( GEOMETRIC_REPRESENTATION_CONTEXT(2) 
PARAMETRIC_REPRESENTATION_CONTEXT() REPRESENTATION_CONTEXT('2D SPACE',''
  ) );
#943 = ADVANCED_FACE('',(#944),#364,.T.);
#944 = FACE_BOUND('',#945,.F.);
#945 = EDGE_LOOP('',(#946,#974,#995,#996));
#946 = ORIENTED_EDGE('',*,*,#947,.T.);
#947 = EDGE_CURVE('',#872,#948,#950,.T.);
#948 = VERTEX_POINT('',#949);
#949 = CARTESIAN_POINT('',(-6.229312166857,-2.561424328408,10.5));
#950 = SURFACE_CURVE('',#951,(#956,#963),.PCURVE_S1.);
#951 = CIRCLE('',#952,1.);
#952 = AXIS2_PLACEMENT_3D('',#953,#954,#955);
#953 = CARTESIAN_POINT('',(-5.244114877158,-2.39,10.5));
#954 = DIRECTION('',(-0.,-0.,-1.));
#955 = DIRECTION('',(0.,-1.,0.));
#956 = PCURVE('',#364,#957);
#957 = DEFINITIONAL_REPRESENTATION('',(#958),#962);
#958 = LINE('',#959,#960);
#959 = CARTESIAN_POINT('',(-0.,-1.7763568394E-15));
#960 = VECTOR('',#961,1.);
#961 = DIRECTION('',(-1.,0.));
#962 = ( GEOMETRIC_REPRESENTATION_CONTEXT(2) 
PARAMETRIC_REPRESENTATION_CONTEXT() REPRESENTATION_CONTEXT('2D SPACE',''
  ) );
#963 = PCURVE('',#889,#964);
#964 = DEFINITIONAL_REPRESENTATION('',(#965),#973);
#965 = ( BOUNDED_CURVE() B_SPLINE_CURVE(2,(#966,#967,#968,#969,#970,#971
,#972),.UNSPECIFIED.,.T.,.F.) B_SPLINE_CURVE_WITH_KNOTS((1,2,2,2,2,1),(
    -2.094395102393,0.,2.094395102393,4.188790204786,6.28318530718,
8.377580409573),.UNSPECIFIED.) CURVE() GEOMETRIC_REPRESENTATION_ITEM() 
RATIONAL_B_SPLINE_CURVE((1.,0.5,1.,0.5,1.,0.5,1.)) REPRESENTATION_ITEM(
  '') );
#966 = CARTESIAN_POINT('',(-5.244114877158,-3.663072610794));
#967 = CARTESIAN_POINT('',(-6.976165684727,-3.663072610794));
#968 = CARTESIAN_POINT('',(-6.110140280943,-2.163072610794));
#969 = CARTESIAN_POINT('',(-5.244114877158,-0.663072610794));
#970 = CARTESIAN_POINT('',(-4.378089473374,-2.163072610794));
#971 = CARTESIAN_POINT('',(-3.512064069589,-3.663072610794));
#972 = CARTESIAN_POINT('',(-5.244114877158,-3.663072610794));
#973 = ( GEOMETRIC_REPRESENTATION_CONTEXT(2) 
PARAMETRIC_REPRESENTATION_CONTEXT() REPRESENTATION_CONTEXT('2D SPACE',''
  ) );
#974 = ORIENTED_EDGE('',*,*,#975,.T.);
#975 = EDGE_CURVE('',#948,#318,#976,.T.);
#976 = SURFACE_CURVE('',#977,(#981,#988),.PCURVE_S1.);
#977 = LINE('',#978,#979);
#978 = CARTESIAN_POINT('',(-6.229312166857,-2.561424328408,10.5));
#979 = VECTOR('',#980,1.);
#980 = DIRECTION('',(0.,0.,1.));
#981 = PCURVE('',#364,#982);
#982 = DEFINITIONAL_REPRESENTATION('',(#983),#987);
#983 = LINE('',#984,#985);
#984 = CARTESIAN_POINT('',(-1.398521109841,0.));
#985 = VECTOR('',#986,1.);
#986 = DIRECTION('',(-0.,1.));
#987 = ( GEOMETRIC_REPRESENTATION_CONTEXT(2) 
PARAMETRIC_REPRESENTATION_CONTEXT() REPRESENTATION_CONTEXT('2D SPACE',''
  ) );
#988 = PCURVE('',#333,#989);
#989 = DEFINITIONAL_REPRESENTATION('',(#990),#994);
#990 = LINE('',#991,#992);
#991 = CARTESIAN_POINT('',(6.040845210026,0.));
#992 = VECTOR('',#993,1.);
#993 = DIRECTION('',(0.,-1.));
#994 = ( GEOMETRIC_REPRESENTATION_CONTEXT(2) 
PARAMETRIC_REPRESENTATION_CONTEXT() REPRESENTATION_CONTEXT('2D SPACE',''
  ) );
#995 = ORIENTED_EDGE('',*,*,#345,.F.);
#996 = ORIENTED_EDGE('',*,*,#901,.F.);
#997 = ADVANCED_FACE('',(#998),#191,.T.);
#998 = FACE_BOUND('',#999,.T.);
#999 = EDGE_LOOP('',(#1000,#1024,#1045,#1046));
#1000 = ORIENTED_EDGE('',*,*,#1001,.T.);
#1001 = EDGE_CURVE('',#874,#1002,#1004,.T.);
#1002 = VERTEX_POINT('',#1003);
#1003 = CARTESIAN_POINT('',(6.229312166857,-2.561424328408,10.5));
#1004 = SURFACE_CURVE('',#1005,(#1010,#1017),.PCURVE_S1.);
#1005 = CIRCLE('',#1006,1.);
#1006 = AXIS2_PLACEMENT_3D('',#1007,#1008,#1009);
#1007 = CARTESIAN_POINT('',(5.244114877158,-2.39,10.5));
#1008 = DIRECTION('',(0.,0.,1.));
#1009 = DIRECTION('',(0.,-1.,0.));
#1010 = PCURVE('',#191,#1011);
#1011 = DEFINITIONAL_REPRESENTATION('',(#1012),#1016);
#1012 = LINE('',#1013,#1014);
#1013 = CARTESIAN_POINT('',(8.881784197001E-16,-1.7763568394E-15));
#1014 = VECTOR('',#1015,1.);
#1015 = DIRECTION('',(1.,0.));
#1016 = ( GEOMETRIC_REPRESENTATION_CONTEXT(2) 
PARAMETRIC_REPRESENTATION_CONTEXT() REPRESENTATION_CONTEXT('2D SPACE',''
  ) );
#1017 = PCURVE('',#889,#1018);
#1018 = DEFINITIONAL_REPRESENTATION('',(#1019),#1023);
#1019 = CIRCLE('',#1020,1.);
#1020 = AXIS2_PLACEMENT_2D('',#1021,#1022);
#1021 = CARTESIAN_POINT('',(5.244114877158,-2.663072610794));
#1022 = DIRECTION('',(0.,-1.));
#1023 = ( GEOMETRIC_REPRESENTATION_CONTEXT(2) 
PARAMETRIC_REPRESENTATION_CONTEXT() REPRESENTATION_CONTEXT('2D SPACE',''
  ) );
#1024 = ORIENTED_EDGE('',*,*,#1025,.T.);
#1025 = EDGE_CURVE('',#1002,#175,#1026,.T.);
#1026 = SURFACE_CURVE('',#1027,(#1031,#1038),.PCURVE_S1.);
#1027 = LINE('',#1028,#1029);
#1028 = CARTESIAN_POINT('',(6.229312166857,-2.561424328408,10.5));
#1029 = VECTOR('',#1030,1.);
#1030 = DIRECTION('',(0.,0.,1.));
#1031 = PCURVE('',#191,#1032);
#1032 = DEFINITIONAL_REPRESENTATION('',(#1033),#1037);
#1033 = LINE('',#1034,#1035);
#1034 = CARTESIAN_POINT('',(1.398521109841,0.));
#1035 = VECTOR('',#1036,1.);
#1036 = DIRECTION('',(0.,1.));
#1037 = ( GEOMETRIC_REPRESENTATION_CONTEXT(2) 
PARAMETRIC_REPRESENTATION_CONTEXT() REPRESENTATION_CONTEXT('2D SPACE',''
  ) );
#1038 = PCURVE('',#219,#1039);
#1039 = DEFINITIONAL_REPRESENTATION('',(#1040),#1044);
#1040 = LINE('',#1041,#1042);
#1041 = CARTESIAN_POINT('',(0.841025122842,0.));
#1042 = VECTOR('',#1043,1.);
#1043 = DIRECTION('',(0.,-1.));
#1044 = ( GEOMETRIC_REPRESENTATION_CONTEXT(2) 
PARAMETRIC_REPRESENTATION_CONTEXT() REPRESENTATION_CONTEXT('2D SPACE',''
  ) );
#1045 = ORIENTED_EDGE('',*,*,#174,.F.);
#1046 = ORIENTED_EDGE('',*,*,#923,.F.);
#1047 = ADVANCED_FACE('',(#1048),#333,.F.);
#1048 = FACE_BOUND('',#1049,.F.);
#1049 = EDGE_LOOP('',(#1050,#1073,#1094,#1095));
#1050 = ORIENTED_EDGE('',*,*,#1051,.F.);
#1051 = EDGE_CURVE('',#1052,#948,#1054,.T.);
#1052 = VERTEX_POINT('',#1053);
#1053 = CARTESIAN_POINT('',(-7.061032166857,2.218575671592,10.5));
#1054 = SURFACE_CURVE('',#1055,(#1059,#1066),.PCURVE_S1.);
#1055 = LINE('',#1056,#1057);
#1056 = CARTESIAN_POINT('',(-7.26486,3.39,10.5));
#1057 = VECTOR('',#1058,1.);
#1058 = DIRECTION('',(0.171424328408,-0.985197289699,0.));
#1059 = PCURVE('',#333,#1060);
#1060 = DEFINITIONAL_REPRESENTATION('',(#1061),#1065);
#1061 = LINE('',#1062,#1063);
#1062 = CARTESIAN_POINT('',(0.,0.));
#1063 = VECTOR('',#1064,1.);
#1064 = DIRECTION('',(1.,0.));
#1065 = ( GEOMETRIC_REPRESENTATION_CONTEXT(2) 
PARAMETRIC_REPRESENTATION_CONTEXT() REPRESENTATION_CONTEXT('2D SPACE',''
  ) );
#1066 = PCURVE('',#889,#1067);
#1067 = DEFINITIONAL_REPRESENTATION('',(#1068),#1072);
#1068 = LINE('',#1069,#1070);
#1069 = CARTESIAN_POINT('',(-7.26486,3.116927389206));
#1070 = VECTOR('',#1071,1.);
#1071 = DIRECTION('',(0.171424328408,-0.985197289699));
#1072 = ( GEOMETRIC_REPRESENTATION_CONTEXT(2) 
PARAMETRIC_REPRESENTATION_CONTEXT() REPRESENTATION_CONTEXT('2D SPACE',''
  ) );
#1073 = ORIENTED_EDGE('',*,*,#1074,.T.);
#1074 = EDGE_CURVE('',#1052,#289,#1075,.T.);
#1075 = SURFACE_CURVE('',#1076,(#1080,#1087),.PCURVE_S1.);
#1076 = LINE('',#1077,#1078);
#1077 = CARTESIAN_POINT('',(-7.061032166857,2.218575671592,10.5));
#1078 = VECTOR('',#1079,1.);
#1079 = DIRECTION('',(0.,0.,1.));
#1080 = PCURVE('',#333,#1081);
#1081 = DEFINITIONAL_REPRESENTATION('',(#1082),#1086);
#1082 = LINE('',#1083,#1084);
#1083 = CARTESIAN_POINT('',(1.189025122842,0.));
#1084 = VECTOR('',#1085,1.);
#1085 = DIRECTION('',(0.,-1.));
#1086 = ( GEOMETRIC_REPRESENTATION_CONTEXT(2) 
PARAMETRIC_REPRESENTATION_CONTEXT() REPRESENTATION_CONTEXT('2D SPACE',''
  ) );
#1087 = PCURVE('',#305,#1088);
#1088 = DEFINITIONAL_REPRESENTATION('',(#1089),#1093);
#1089 = LINE('',#1090,#1091);
#1090 = CARTESIAN_POINT('',(1.743071543748,0.));
#1091 = VECTOR('',#1092,1.);
#1092 = DIRECTION('',(0.,1.));
#1093 = ( GEOMETRIC_REPRESENTATION_CONTEXT(2) 
PARAMETRIC_REPRESENTATION_CONTEXT() REPRESENTATION_CONTEXT('2D SPACE',''
  ) );
#1094 = ORIENTED_EDGE('',*,*,#317,.T.);
#1095 = ORIENTED_EDGE('',*,*,#975,.F.);
#1096 = ADVANCED_FACE('',(#1097),#219,.F.);
#1097 = FACE_BOUND('',#1098,.F.);
#1098 = EDGE_LOOP('',(#1099,#1122,#1123,#1124));
#1099 = ORIENTED_EDGE('',*,*,#1100,.F.);
#1100 = EDGE_CURVE('',#1002,#1101,#1103,.T.);
#1101 = VERTEX_POINT('',#1102);
#1102 = CARTESIAN_POINT('',(7.061032166857,2.218575671592,10.5));
#1103 = SURFACE_CURVE('',#1104,(#1108,#1115),.PCURVE_S1.);
#1104 = LINE('',#1105,#1106);
#1105 = CARTESIAN_POINT('',(6.08514,-3.39,10.5));
#1106 = VECTOR('',#1107,1.);
#1107 = DIRECTION('',(0.171424328408,0.985197289699,0.));
#1108 = PCURVE('',#219,#1109);
#1109 = DEFINITIONAL_REPRESENTATION('',(#1110),#1114);
#1110 = LINE('',#1111,#1112);
#1111 = CARTESIAN_POINT('',(0.,0.));
#1112 = VECTOR('',#1113,1.);
#1113 = DIRECTION('',(1.,0.));
#1114 = ( GEOMETRIC_REPRESENTATION_CONTEXT(2) 
PARAMETRIC_REPRESENTATION_CONTEXT() REPRESENTATION_CONTEXT('2D SPACE',''
  ) );
#1115 = PCURVE('',#889,#1116);
#1116 = DEFINITIONAL_REPRESENTATION('',(#1117),#1121);
#1117 = LINE('',#1118,#1119);
#1118 = CARTESIAN_POINT('',(6.08514,-3.663072610794));
#1119 = VECTOR('',#1120,1.);
#1120 = DIRECTION('',(0.171424328408,0.985197289699));
#1121 = ( GEOMETRIC_REPRESENTATION_CONTEXT(2) 
PARAMETRIC_REPRESENTATION_CONTEXT() REPRESENTATION_CONTEXT('2D SPACE',''
  ) );
#1122 = ORIENTED_EDGE('',*,*,#1025,.T.);
#1123 = ORIENTED_EDGE('',*,*,#203,.T.);
#1124 = ORIENTED_EDGE('',*,*,#1125,.F.);
#1125 = EDGE_CURVE('',#1101,#204,#1126,.T.);
#1126 = SURFACE_CURVE('',#1127,(#1131,#1138),.PCURVE_S1.);
#1127 = LINE('',#1128,#1129);
#1128 = CARTESIAN_POINT('',(7.061032166857,2.218575671592,10.5));
#1129 = VECTOR('',#1130,1.);
#1130 = DIRECTION('',(0.,0.,1.));
#1131 = PCURVE('',#219,#1132);
#1132 = DEFINITIONAL_REPRESENTATION('',(#1133),#1137);
#1133 = LINE('',#1134,#1135);
#1134 = CARTESIAN_POINT('',(5.692845210026,0.));
#1135 = VECTOR('',#1136,1.);
#1136 = DIRECTION('',(0.,-1.));
#1137 = ( GEOMETRIC_REPRESENTATION_CONTEXT(2) 
PARAMETRIC_REPRESENTATION_CONTEXT() REPRESENTATION_CONTEXT('2D SPACE',''
  ) );
#1138 = PCURVE('',#248,#1139);
#1139 = DEFINITIONAL_REPRESENTATION('',(#1140),#1144);
#1140 = LINE('',#1141,#1142);
#1141 = CARTESIAN_POINT('',(0.,0.));
#1142 = VECTOR('',#1143,1.);
#1143 = DIRECTION('',(0.,1.));
#1144 = ( GEOMETRIC_REPRESENTATION_CONTEXT(2) 
PARAMETRIC_REPRESENTATION_CONTEXT() REPRESENTATION_CONTEXT('2D SPACE',''
  ) );
#1145 = ADVANCED_FACE('',(#1146),#305,.T.);
#1146 = FACE_BOUND('',#1147,.T.);
#1147 = EDGE_LOOP('',(#1148,#1172,#1173,#1174));
#1148 = ORIENTED_EDGE('',*,*,#1149,.T.);
#1149 = EDGE_CURVE('',#1150,#1052,#1152,.T.);
#1150 = VERTEX_POINT('',#1151);
#1151 = CARTESIAN_POINT('',(-6.075834877158,3.39,10.5));
#1152 = SURFACE_CURVE('',#1153,(#1158,#1165),.PCURVE_S1.);
#1153 = CIRCLE('',#1154,1.);
#1154 = AXIS2_PLACEMENT_3D('',#1155,#1156,#1157);
#1155 = CARTESIAN_POINT('',(-6.075834877158,2.39,10.5));
#1156 = DIRECTION('',(0.,0.,1.));
#1157 = DIRECTION('',(0.,-1.,0.));
#1158 = PCURVE('',#305,#1159);
#1159 = DEFINITIONAL_REPRESENTATION('',(#1160),#1164);
#1160 = LINE('',#1161,#1162);
#1161 = CARTESIAN_POINT('',(-3.14159265359,-1.7763568394E-15));
#1162 = VECTOR('',#1163,1.);
#1163 = DIRECTION('',(1.,0.));
#1164 = ( GEOMETRIC_REPRESENTATION_CONTEXT(2) 
PARAMETRIC_REPRESENTATION_CONTEXT() REPRESENTATION_CONTEXT('2D SPACE',''
  ) );
#1165 = PCURVE('',#889,#1166);
#1166 = DEFINITIONAL_REPRESENTATION('',(#1167),#1171);
#1167 = CIRCLE('',#1168,1.);
#1168 = AXIS2_PLACEMENT_2D('',#1169,#1170);
#1169 = CARTESIAN_POINT('',(-6.075834877158,2.116927389206));
#1170 = DIRECTION('',(0.,-1.));
#1171 = ( GEOMETRIC_REPRESENTATION_CONTEXT(2) 
PARAMETRIC_REPRESENTATION_CONTEXT() REPRESENTATION_CONTEXT('2D SPACE',''
  ) );
#1172 = ORIENTED_EDGE('',*,*,#1074,.T.);
#1173 = ORIENTED_EDGE('',*,*,#288,.F.);
#1174 = ORIENTED_EDGE('',*,*,#1175,.F.);
#1175 = EDGE_CURVE('',#1150,#261,#1176,.T.);
#1176 = SURFACE_CURVE('',#1177,(#1181,#1188),.PCURVE_S1.);
#1177 = LINE('',#1178,#1179);
#1178 = CARTESIAN_POINT('',(-6.075834877158,3.39,10.5));
#1179 = VECTOR('',#1180,1.);
#1180 = DIRECTION('',(0.,0.,1.));
#1181 = PCURVE('',#305,#1182);
#1182 = DEFINITIONAL_REPRESENTATION('',(#1183),#1187);
#1183 = LINE('',#1184,#1185);
#1184 = CARTESIAN_POINT('',(0.,0.));
#1185 = VECTOR('',#1186,1.);
#1186 = DIRECTION('',(0.,1.));
#1187 = ( GEOMETRIC_REPRESENTATION_CONTEXT(2) 
PARAMETRIC_REPRESENTATION_CONTEXT() REPRESENTATION_CONTEXT('2D SPACE',''
  ) );
#1188 = PCURVE('',#276,#1189);
#1189 = DEFINITIONAL_REPRESENTATION('',(#1190),#1194);
#1190 = LINE('',#1191,#1192);
#1191 = CARTESIAN_POINT('',(13.340694877158,0.));
#1192 = VECTOR('',#1193,1.);
#1193 = DIRECTION('',(0.,-1.));
#1194 = ( GEOMETRIC_REPRESENTATION_CONTEXT(2) 
PARAMETRIC_REPRESENTATION_CONTEXT() REPRESENTATION_CONTEXT('2D SPACE',''
  ) );
#1195 = ADVANCED_FACE('',(#1196),#248,.T.);
#1196 = FACE_BOUND('',#1197,.T.);
#1197 = EDGE_LOOP('',(#1198,#1222,#1243,#1244));
#1198 = ORIENTED_EDGE('',*,*,#1199,.T.);
#1199 = EDGE_CURVE('',#1101,#1200,#1202,.T.);
#1200 = VERTEX_POINT('',#1201);
#1201 = CARTESIAN_POINT('',(6.075834877158,3.39,10.5));
#1202 = SURFACE_CURVE('',#1203,(#1208,#1215),.PCURVE_S1.);
#1203 = CIRCLE('',#1204,1.);
#1204 = AXIS2_PLACEMENT_3D('',#1205,#1206,#1207);
#1205 = CARTESIAN_POINT('',(6.075834877158,2.39,10.5));
#1206 = DIRECTION('',(0.,0.,1.));
#1207 = DIRECTION('',(0.,-1.,0.));
#1208 = PCURVE('',#248,#1209);
#1209 = DEFINITIONAL_REPRESENTATION('',(#1210),#1214);
#1210 = LINE('',#1211,#1212);
#1211 = CARTESIAN_POINT('',(-1.398521109841,-1.7763568394E-15));
#1212 = VECTOR('',#1213,1.);
#1213 = DIRECTION('',(1.,0.));
#1214 = ( GEOMETRIC_REPRESENTATION_CONTEXT(2) 
PARAMETRIC_REPRESENTATION_CONTEXT() REPRESENTATION_CONTEXT('2D SPACE',''
  ) );
#1215 = PCURVE('',#889,#1216);
#1216 = DEFINITIONAL_REPRESENTATION('',(#1217),#1221);
#1217 = CIRCLE('',#1218,1.);
#1218 = AXIS2_PLACEMENT_2D('',#1219,#1220);
#1219 = CARTESIAN_POINT('',(6.075834877158,2.116927389206));
#1220 = DIRECTION('',(0.,-1.));
#1221 = ( GEOMETRIC_REPRESENTATION_CONTEXT(2) 
PARAMETRIC_REPRESENTATION_CONTEXT() REPRESENTATION_CONTEXT('2D SPACE',''
  ) );
#1222 = ORIENTED_EDGE('',*,*,#1223,.T.);
#1223 = EDGE_CURVE('',#1200,#232,#1224,.T.);
#1224 = SURFACE_CURVE('',#1225,(#1229,#1236),.PCURVE_S1.);
#1225 = LINE('',#1226,#1227);
#1226 = CARTESIAN_POINT('',(6.075834877158,3.39,10.5));
#1227 = VECTOR('',#1228,1.);
#1228 = DIRECTION('',(0.,0.,1.));
#1229 = PCURVE('',#248,#1230);
#1230 = DEFINITIONAL_REPRESENTATION('',(#1231),#1235);
#1231 = LINE('',#1232,#1233);
#1232 = CARTESIAN_POINT('',(1.743071543748,0.));
#1233 = VECTOR('',#1234,1.);
#1234 = DIRECTION('',(0.,1.));
#1235 = ( GEOMETRIC_REPRESENTATION_CONTEXT(2) 
PARAMETRIC_REPRESENTATION_CONTEXT() REPRESENTATION_CONTEXT('2D SPACE',''
  ) );
#1236 = PCURVE('',#276,#1237);
#1237 = DEFINITIONAL_REPRESENTATION('',(#1238),#1242);
#1238 = LINE('',#1239,#1240);
#1239 = CARTESIAN_POINT('',(1.189025122842,0.));
#1240 = VECTOR('',#1241,1.);
#1241 = DIRECTION('',(0.,-1.));
#1242 = ( GEOMETRIC_REPRESENTATION_CONTEXT(2) 
PARAMETRIC_REPRESENTATION_CONTEXT() REPRESENTATION_CONTEXT('2D SPACE',''
  ) );
#1243 = ORIENTED_EDGE('',*,*,#231,.F.);
#1244 = ORIENTED_EDGE('',*,*,#1125,.F.);
#1245 = ADVANCED_FACE('',(#1246),#276,.F.);
#1246 = FACE_BOUND('',#1247,.F.);
#1247 = EDGE_LOOP('',(#1248,#1269,#1270,#1271));
#1248 = ORIENTED_EDGE('',*,*,#1249,.F.);
#1249 = EDGE_CURVE('',#1200,#1150,#1250,.T.);
#1250 = SURFACE_CURVE('',#1251,(#1255,#1262),.PCURVE_S1.);
#1251 = LINE('',#1252,#1253);
#1252 = CARTESIAN_POINT('',(7.26486,3.39,10.5));
#1253 = VECTOR('',#1254,1.);
#1254 = DIRECTION('',(-1.,0.,0.));
#1255 = PCURVE('',#276,#1256);
#1256 = DEFINITIONAL_REPRESENTATION('',(#1257),#1261);
#1257 = LINE('',#1258,#1259);
#1258 = CARTESIAN_POINT('',(0.,-0.));
#1259 = VECTOR('',#1260,1.);
#1260 = DIRECTION('',(1.,0.));
#1261 = ( GEOMETRIC_REPRESENTATION_CONTEXT(2) 
PARAMETRIC_REPRESENTATION_CONTEXT() REPRESENTATION_CONTEXT('2D SPACE',''
  ) );
#1262 = PCURVE('',#889,#1263);
#1263 = DEFINITIONAL_REPRESENTATION('',(#1264),#1268);
#1264 = LINE('',#1265,#1266);
#1265 = CARTESIAN_POINT('',(7.26486,3.116927389206));
#1266 = VECTOR('',#1267,1.);
#1267 = DIRECTION('',(-1.,0.));
#1268 = ( GEOMETRIC_REPRESENTATION_CONTEXT(2) 
PARAMETRIC_REPRESENTATION_CONTEXT() REPRESENTATION_CONTEXT('2D SPACE',''
  ) );
#1269 = ORIENTED_EDGE('',*,*,#1223,.T.);
#1270 = ORIENTED_EDGE('',*,*,#260,.T.);
#1271 = ORIENTED_EDGE('',*,*,#1175,.F.);
#1272 = ADVANCED_FACE('',(#1273),#395,.T.);
#1273 = FACE_BOUND('',#1274,.T.);
#1274 = EDGE_LOOP('',(#1275,#1304,#1325,#1326));
#1275 = ORIENTED_EDGE('',*,*,#1276,.F.);
#1276 = EDGE_CURVE('',#1277,#1277,#1279,.T.);
#1277 = VERTEX_POINT('',#1278);
#1278 = CARTESIAN_POINT('',(-4.7561,-1.981,11.97));
#1279 = SURFACE_CURVE('',#1280,(#1285,#1292),.PCURVE_S1.);
#1280 = CIRCLE('',#1281,0.3874);
#1281 = AXIS2_PLACEMENT_3D('',#1282,#1283,#1284);
#1282 = CARTESIAN_POINT('',(-5.1435,-1.981,11.97));
#1283 = DIRECTION('',(0.,0.,1.));
#1284 = DIRECTION('',(1.,0.,-0.));
#1285 = PCURVE('',#395,#1286);
#1286 = DEFINITIONAL_REPRESENTATION('',(#1287),#1291);
#1287 = LINE('',#1288,#1289);
#1288 = CARTESIAN_POINT('',(0.,0.49));
#1289 = VECTOR('',#1290,1.);
#1290 = DIRECTION('',(1.,0.));
#1291 = ( GEOMETRIC_REPRESENTATION_CONTEXT(2) 
PARAMETRIC_REPRESENTATION_CONTEXT() REPRESENTATION_CONTEXT('2D SPACE',''
  ) );
#1292 = PCURVE('',#1293,#1298);
#1293 = PLANE('',#1294);
#1294 = AXIS2_PLACEMENT_3D('',#1295,#1296,#1297);
#1295 = CARTESIAN_POINT('',(-5.1435,-1.981,11.97));
#1296 = DIRECTION('',(0.,0.,1.));
#1297 = DIRECTION('',(1.,0.,-0.));
#1298 = DEFINITIONAL_REPRESENTATION('',(#1299),#1303);
#1299 = CIRCLE('',#1300,0.3874);
#1300 = AXIS2_PLACEMENT_2D('',#1301,#1302);
#1301 = CARTESIAN_POINT('',(0.,0.));
#1302 = DIRECTION('',(1.,0.));
#1303 = ( GEOMETRIC_REPRESENTATION_CONTEXT(2) 
PARAMETRIC_REPRESENTATION_CONTEXT() REPRESENTATION_CONTEXT('2D SPACE',''
  ) );
#1304 = ORIENTED_EDGE('',*,*,#1305,.F.);
#1305 = EDGE_CURVE('',#379,#1277,#1306,.T.);
#1306 = SEAM_CURVE('',#1307,(#1311,#1318),.PCURVE_S1.);
#1307 = LINE('',#1308,#1309);
#1308 = CARTESIAN_POINT('',(-4.7561,-1.981,11.48));
#1309 = VECTOR('',#1310,1.);
#1310 = DIRECTION('',(0.,0.,1.));
#1311 = PCURVE('',#395,#1312);
#1312 = DEFINITIONAL_REPRESENTATION('',(#1313),#1317);
#1313 = LINE('',#1314,#1315);
#1314 = CARTESIAN_POINT('',(6.28318530718,-0.));
#1315 = VECTOR('',#1316,1.);
#1316 = DIRECTION('',(0.,1.));
#1317 = ( GEOMETRIC_REPRESENTATION_CONTEXT(2) 
PARAMETRIC_REPRESENTATION_CONTEXT() REPRESENTATION_CONTEXT('2D SPACE',''
  ) );
#1318 = PCURVE('',#395,#1319);
#1319 = DEFINITIONAL_REPRESENTATION('',(#1320),#1324);
#1320 = LINE('',#1321,#1322);
#1321 = CARTESIAN_POINT('',(0.,-0.));
#1322 = VECTOR('',#1323,1.);
#1323 = DIRECTION('',(0.,1.));
#1324 = ( GEOMETRIC_REPRESENTATION_CONTEXT(2) 
PARAMETRIC_REPRESENTATION_CONTEXT() REPRESENTATION_CONTEXT('2D SPACE',''
  ) );
#1325 = ORIENTED_EDGE('',*,*,#378,.T.);
#1326 = ORIENTED_EDGE('',*,*,#1305,.T.);
#1327 = ADVANCED_FACE('',(#1328),#426,.T.);
#1328 = FACE_BOUND('',#1329,.T.);
#1329 = EDGE_LOOP('',(#1330,#1359,#1380,#1381));
#1330 = ORIENTED_EDGE('',*,*,#1331,.F.);
#1331 = EDGE_CURVE('',#1332,#1332,#1334,.T.);
#1332 = VERTEX_POINT('',#1333);
#1333 = CARTESIAN_POINT('',(-2.4701,-1.981,11.97));
#1334 = SURFACE_CURVE('',#1335,(#1340,#1347),.PCURVE_S1.);
#1335 = CIRCLE('',#1336,0.3874);
#1336 = AXIS2_PLACEMENT_3D('',#1337,#1338,#1339);
#1337 = CARTESIAN_POINT('',(-2.8575,-1.981,11.97));
#1338 = DIRECTION('',(0.,0.,1.));
#1339 = DIRECTION('',(1.,0.,-0.));
#1340 = PCURVE('',#426,#1341);
#1341 = DEFINITIONAL_REPRESENTATION('',(#1342),#1346);
#1342 = LINE('',#1343,#1344);
#1343 = CARTESIAN_POINT('',(0.,0.49));
#1344 = VECTOR('',#1345,1.);
#1345 = DIRECTION('',(1.,0.));
#1346 = ( GEOMETRIC_REPRESENTATION_CONTEXT(2) 
PARAMETRIC_REPRESENTATION_CONTEXT() REPRESENTATION_CONTEXT('2D SPACE',''
  ) );
#1347 = PCURVE('',#1348,#1353);
#1348 = PLANE('',#1349);
#1349 = AXIS2_PLACEMENT_3D('',#1350,#1351,#1352);
#1350 = CARTESIAN_POINT('',(-2.8575,-1.981,11.97));
#1351 = DIRECTION('',(0.,0.,1.));
#1352 = DIRECTION('',(1.,0.,-0.));
#1353 = DEFINITIONAL_REPRESENTATION('',(#1354),#1358);
#1354 = CIRCLE('',#1355,0.3874);
#1355 = AXIS2_PLACEMENT_2D('',#1356,#1357);
#1356 = CARTESIAN_POINT('',(0.,0.));
#1357 = DIRECTION('',(1.,0.));
#1358 = ( GEOMETRIC_REPRESENTATION_CONTEXT(2) 
PARAMETRIC_REPRESENTATION_CONTEXT() REPRESENTATION_CONTEXT('2D SPACE',''
  ) );
#1359 = ORIENTED_EDGE('',*,*,#1360,.F.);
#1360 = EDGE_CURVE('',#410,#1332,#1361,.T.);
#1361 = SEAM_CURVE('',#1362,(#1366,#1373),.PCURVE_S1.);
#1362 = LINE('',#1363,#1364);
#1363 = CARTESIAN_POINT('',(-2.4701,-1.981,11.48));
#1364 = VECTOR('',#1365,1.);
#1365 = DIRECTION('',(0.,0.,1.));
#1366 = PCURVE('',#426,#1367);
#1367 = DEFINITIONAL_REPRESENTATION('',(#1368),#1372);
#1368 = LINE('',#1369,#1370);
#1369 = CARTESIAN_POINT('',(6.28318530718,-0.));
#1370 = VECTOR('',#1371,1.);
#1371 = DIRECTION('',(0.,1.));
#1372 = ( GEOMETRIC_REPRESENTATION_CONTEXT(2) 
PARAMETRIC_REPRESENTATION_CONTEXT() REPRESENTATION_CONTEXT('2D SPACE',''
  ) );
#1373 = PCURVE('',#426,#1374);
#1374 = DEFINITIONAL_REPRESENTATION('',(#1375),#1379);
#1375 = LINE('',#1376,#1377);
#1376 = CARTESIAN_POINT('',(0.,-0.));
#1377 = VECTOR('',#1378,1.);
#1378 = DIRECTION('',(0.,1.));
#1379 = ( GEOMETRIC_REPRESENTATION_CONTEXT(2) 
PARAMETRIC_REPRESENTATION_CONTEXT() REPRESENTATION_CONTEXT('2D SPACE',''
  ) );
#1380 = ORIENTED_EDGE('',*,*,#409,.T.);
#1381 = ORIENTED_EDGE('',*,*,#1360,.T.);
#1382 = ADVANCED_FACE('',(#1383),#457,.T.);
#1383 = FACE_BOUND('',#1384,.T.);
#1384 = EDGE_LOOP('',(#1385,#1414,#1435,#1436));
#1385 = ORIENTED_EDGE('',*,*,#1386,.F.);
#1386 = EDGE_CURVE('',#1387,#1387,#1389,.T.);
#1387 = VERTEX_POINT('',#1388);
#1388 = CARTESIAN_POINT('',(-0.1841,-1.981,11.97));
#1389 = SURFACE_CURVE('',#1390,(#1395,#1402),.PCURVE_S1.);
#1390 = CIRCLE('',#1391,0.3874);
#1391 = AXIS2_PLACEMENT_3D('',#1392,#1393,#1394);
#1392 = CARTESIAN_POINT('',(-0.5715,-1.981,11.97));
#1393 = DIRECTION('',(0.,0.,1.));
#1394 = DIRECTION('',(1.,0.,-0.));
#1395 = PCURVE('',#457,#1396);
#1396 = DEFINITIONAL_REPRESENTATION('',(#1397),#1401);
#1397 = LINE('',#1398,#1399);
#1398 = CARTESIAN_POINT('',(0.,0.49));
#1399 = VECTOR('',#1400,1.);
#1400 = DIRECTION('',(1.,0.));
#1401 = ( GEOMETRIC_REPRESENTATION_CONTEXT(2) 
PARAMETRIC_REPRESENTATION_CONTEXT() REPRESENTATION_CONTEXT('2D SPACE',''
  ) );
#1402 = PCURVE('',#1403,#1408);
#1403 = PLANE('',#1404);
#1404 = AXIS2_PLACEMENT_3D('',#1405,#1406,#1407);
#1405 = CARTESIAN_POINT('',(-0.5715,-1.981,11.97));
#1406 = DIRECTION('',(0.,0.,1.));
#1407 = DIRECTION('',(1.,0.,-0.));
#1408 = DEFINITIONAL_REPRESENTATION('',(#1409),#1413);
#1409 = CIRCLE('',#1410,0.3874);
#1410 = AXIS2_PLACEMENT_2D('',#1411,#1412);
#1411 = CARTESIAN_POINT('',(0.,0.));
#1412 = DIRECTION('',(1.,0.));
#1413 = ( GEOMETRIC_REPRESENTATION_CONTEXT(2) 
PARAMETRIC_REPRESENTATION_CONTEXT() REPRESENTATION_CONTEXT('2D SPACE',''
  ) );
#1414 = ORIENTED_EDGE('',*,*,#1415,.F.);
#1415 = EDGE_CURVE('',#441,#1387,#1416,.T.);
#1416 = SEAM_CURVE('',#1417,(#1421,#1428),.PCURVE_S1.);
#1417 = LINE('',#1418,#1419);
#1418 = CARTESIAN_POINT('',(-0.1841,-1.981,11.48));
#1419 = VECTOR('',#1420,1.);
#1420 = DIRECTION('',(0.,0.,1.));
#1421 = PCURVE('',#457,#1422);
#1422 = DEFINITIONAL_REPRESENTATION('',(#1423),#1427);
#1423 = LINE('',#1424,#1425);
#1424 = CARTESIAN_POINT('',(6.28318530718,-0.));
#1425 = VECTOR('',#1426,1.);
#1426 = DIRECTION('',(0.,1.));
#1427 = ( GEOMETRIC_REPRESENTATION_CONTEXT(2) 
PARAMETRIC_REPRESENTATION_CONTEXT() REPRESENTATION_CONTEXT('2D SPACE',''
  ) );
#1428 = PCURVE('',#457,#1429);
#1429 = DEFINITIONAL_REPRESENTATION('',(#1430),#1434);
#1430 = LINE('',#1431,#1432);
#1431 = CARTESIAN_POINT('',(0.,-0.));
#1432 = VECTOR('',#1433,1.);
#1433 = DIRECTION('',(0.,1.));
#1434 = ( GEOMETRIC_REPRESENTATION_CONTEXT(2) 
PARAMETRIC_REPRESENTATION_CONTEXT() REPRESENTATION_CONTEXT('2D SPACE',''
  ) );
#1435 = ORIENTED_EDGE('',*,*,#440,.T.);
#1436 = ORIENTED_EDGE('',*,*,#1415,.T.);
#1437 = ADVANCED_FACE('',(#1438),#488,.T.);
#1438 = FACE_BOUND('',#1439,.T.);
#1439 = EDGE_LOOP('',(#1440,#1469,#1490,#1491));
#1440 = ORIENTED_EDGE('',*,*,#1441,.F.);
#1441 = EDGE_CURVE('',#1442,#1442,#1444,.T.);
#1442 = VERTEX_POINT('',#1443);
#1443 = CARTESIAN_POINT('',(2.1019,-1.981,11.97));
#1444 = SURFACE_CURVE('',#1445,(#1450,#1457),.PCURVE_S1.);
#1445 = CIRCLE('',#1446,0.3874);
#1446 = AXIS2_PLACEMENT_3D('',#1447,#1448,#1449);
#1447 = CARTESIAN_POINT('',(1.7145,-1.981,11.97));
#1448 = DIRECTION('',(0.,0.,1.));
#1449 = DIRECTION('',(1.,0.,-0.));
#1450 = PCURVE('',#488,#1451);
#1451 = DEFINITIONAL_REPRESENTATION('',(#1452),#1456);
#1452 = LINE('',#1453,#1454);
#1453 = CARTESIAN_POINT('',(0.,0.49));
#1454 = VECTOR('',#1455,1.);
#1455 = DIRECTION('',(1.,0.));
#1456 = ( GEOMETRIC_REPRESENTATION_CONTEXT(2) 
PARAMETRIC_REPRESENTATION_CONTEXT() REPRESENTATION_CONTEXT('2D SPACE',''
  ) );
#1457 = PCURVE('',#1458,#1463);
#1458 = PLANE('',#1459);
#1459 = AXIS2_PLACEMENT_3D('',#1460,#1461,#1462);
#1460 = CARTESIAN_POINT('',(1.7145,-1.981,11.97));
#1461 = DIRECTION('',(0.,0.,1.));
#1462 = DIRECTION('',(1.,0.,-0.));
#1463 = DEFINITIONAL_REPRESENTATION('',(#1464),#1468);
#1464 = CIRCLE('',#1465,0.3874);
#1465 = AXIS2_PLACEMENT_2D('',#1466,#1467);
#1466 = CARTESIAN_POINT('',(0.,0.));
#1467 = DIRECTION('',(1.,0.));
#1468 = ( GEOMETRIC_REPRESENTATION_CONTEXT(2) 
PARAMETRIC_REPRESENTATION_CONTEXT() REPRESENTATION_CONTEXT('2D SPACE',''
  ) );
#1469 = ORIENTED_EDGE('',*,*,#1470,.F.);
#1470 = EDGE_CURVE('',#472,#1442,#1471,.T.);
#1471 = SEAM_CURVE('',#1472,(#1476,#1483),.PCURVE_S1.);
#1472 = LINE('',#1473,#1474);
#1473 = CARTESIAN_POINT('',(2.1019,-1.981,11.48));
#1474 = VECTOR('',#1475,1.);
#1475 = DIRECTION('',(0.,0.,1.));
#1476 = PCURVE('',#488,#1477);
#1477 = DEFINITIONAL_REPRESENTATION('',(#1478),#1482);
#1478 = LINE('',#1479,#1480);
#1479 = CARTESIAN_POINT('',(6.28318530718,-0.));
#1480 = VECTOR('',#1481,1.);
#1481 = DIRECTION('',(0.,1.));
#1482 = ( GEOMETRIC_REPRESENTATION_CONTEXT(2) 
PARAMETRIC_REPRESENTATION_CONTEXT() REPRESENTATION_CONTEXT('2D SPACE',''
  ) );
#1483 = PCURVE('',#488,#1484);
#1484 = DEFINITIONAL_REPRESENTATION('',(#1485),#1489);
#1485 = LINE('',#1486,#1487);
#1486 = CARTESIAN_POINT('',(0.,-0.));
#1487 = VECTOR('',#1488,1.);
#1488 = DIRECTION('',(0.,1.));
#1489 = ( GEOMETRIC_REPRESENTATION_CONTEXT(2) 
PARAMETRIC_REPRESENTATION_CONTEXT() REPRESENTATION_CONTEXT('2D SPACE',''
  ) );
#1490 = ORIENTED_EDGE('',*,*,#471,.T.);
#1491 = ORIENTED_EDGE('',*,*,#1470,.T.);
#1492 = ADVANCED_FACE('',(#1493),#519,.T.);
#1493 = FACE_BOUND('',#1494,.T.);
#1494 = EDGE_LOOP('',(#1495,#1524,#1545,#1546));
#1495 = ORIENTED_EDGE('',*,*,#1496,.F.);
#1496 = EDGE_CURVE('',#1497,#1497,#1499,.T.);
#1497 = VERTEX_POINT('',#1498);
#1498 = CARTESIAN_POINT('',(4.3879,-1.981,11.97));
#1499 = SURFACE_CURVE('',#1500,(#1505,#1512),.PCURVE_S1.);
#1500 = CIRCLE('',#1501,0.3874);
#1501 = AXIS2_PLACEMENT_3D('',#1502,#1503,#1504);
#1502 = CARTESIAN_POINT('',(4.0005,-1.981,11.97));
#1503 = DIRECTION('',(0.,0.,1.));
#1504 = DIRECTION('',(1.,0.,-0.));
#1505 = PCURVE('',#519,#1506);
#1506 = DEFINITIONAL_REPRESENTATION('',(#1507),#1511);
#1507 = LINE('',#1508,#1509);
#1508 = CARTESIAN_POINT('',(0.,0.49));
#1509 = VECTOR('',#1510,1.);
#1510 = DIRECTION('',(1.,0.));
#1511 = ( GEOMETRIC_REPRESENTATION_CONTEXT(2) 
PARAMETRIC_REPRESENTATION_CONTEXT() REPRESENTATION_CONTEXT('2D SPACE',''
  ) );
#1512 = PCURVE('',#1513,#1518);
#1513 = PLANE('',#1514);
#1514 = AXIS2_PLACEMENT_3D('',#1515,#1516,#1517);
#1515 = CARTESIAN_POINT('',(4.0005,-1.981,11.97));
#1516 = DIRECTION('',(0.,0.,1.));
#1517 = DIRECTION('',(1.,0.,-0.));
#1518 = DEFINITIONAL_REPRESENTATION('',(#1519),#1523);
#1519 = CIRCLE('',#1520,0.3874);
#1520 = AXIS2_PLACEMENT_2D('',#1521,#1522);
#1521 = CARTESIAN_POINT('',(0.,0.));
#1522 = DIRECTION('',(1.,0.));
#1523 = ( GEOMETRIC_REPRESENTATION_CONTEXT(2) 
PARAMETRIC_REPRESENTATION_CONTEXT() REPRESENTATION_CONTEXT('2D SPACE',''
  ) );
#1524 = ORIENTED_EDGE('',*,*,#1525,.F.);
#1525 = EDGE_CURVE('',#503,#1497,#1526,.T.);
#1526 = SEAM_CURVE('',#1527,(#1531,#1538),.PCURVE_S1.);
#1527 = LINE('',#1528,#1529);
#1528 = CARTESIAN_POINT('',(4.3879,-1.981,11.48));
#1529 = VECTOR('',#1530,1.);
#1530 = DIRECTION('',(0.,0.,1.));
#1531 = PCURVE('',#519,#1532);
#1532 = DEFINITIONAL_REPRESENTATION('',(#1533),#1537);
#1533 = LINE('',#1534,#1535);
#1534 = CARTESIAN_POINT('',(6.28318530718,-0.));
#1535 = VECTOR('',#1536,1.);
#1536 = DIRECTION('',(0.,1.));
#1537 = ( GEOMETRIC_REPRESENTATION_CONTEXT(2) 
PARAMETRIC_REPRESENTATION_CONTEXT() REPRESENTATION_CONTEXT('2D SPACE',''
  ) );
#1538 = PCURVE('',#519,#1539);
#1539 = DEFINITIONAL_REPRESENTATION('',(#1540),#1544);
#1540 = LINE('',#1541,#1542);
#1541 = CARTESIAN_POINT('',(0.,-0.));
#1542 = VECTOR('',#1543,1.);
#1543 = DIRECTION('',(0.,1.));
#1544 = ( GEOMETRIC_REPRESENTATION_CONTEXT(2) 
PARAMETRIC_REPRESENTATION_CONTEXT() REPRESENTATION_CONTEXT('2D SPACE',''
  ) );
#1545 = ORIENTED_EDGE('',*,*,#502,.T.);
#1546 = ORIENTED_EDGE('',*,*,#1525,.T.);
#1547 = ADVANCED_FACE('',(#1548),#550,.T.);
#1548 = FACE_BOUND('',#1549,.T.);
#1549 = EDGE_LOOP('',(#1550,#1579,#1600,#1601));
#1550 = ORIENTED_EDGE('',*,*,#1551,.F.);
#1551 = EDGE_CURVE('',#1552,#1552,#1554,.T.);
#1552 = VERTEX_POINT('',#1553);
#1553 = CARTESIAN_POINT('',(-3.6131,-9.488563399794E-17,11.97));
#1554 = SURFACE_CURVE('',#1555,(#1560,#1567),.PCURVE_S1.);
#1555 = CIRCLE('',#1556,0.3874);
#1556 = AXIS2_PLACEMENT_3D('',#1557,#1558,#1559);
#1557 = CARTESIAN_POINT('',(-4.0005,0.,11.97));
#1558 = DIRECTION('',(0.,0.,1.));
#1559 = DIRECTION('',(1.,0.,-0.));
#1560 = PCURVE('',#550,#1561);
#1561 = DEFINITIONAL_REPRESENTATION('',(#1562),#1566);
#1562 = LINE('',#1563,#1564);
#1563 = CARTESIAN_POINT('',(0.,0.49));
#1564 = VECTOR('',#1565,1.);
#1565 = DIRECTION('',(1.,0.));
#1566 = ( GEOMETRIC_REPRESENTATION_CONTEXT(2) 
PARAMETRIC_REPRESENTATION_CONTEXT() REPRESENTATION_CONTEXT('2D SPACE',''
  ) );
#1567 = PCURVE('',#1568,#1573);
#1568 = PLANE('',#1569);
#1569 = AXIS2_PLACEMENT_3D('',#1570,#1571,#1572);
#1570 = CARTESIAN_POINT('',(-4.0005,0.,11.97));
#1571 = DIRECTION('',(0.,0.,1.));
#1572 = DIRECTION('',(1.,0.,-0.));
#1573 = DEFINITIONAL_REPRESENTATION('',(#1574),#1578);
#1574 = CIRCLE('',#1575,0.3874);
#1575 = AXIS2_PLACEMENT_2D('',#1576,#1577);
#1576 = CARTESIAN_POINT('',(0.,0.));
#1577 = DIRECTION('',(1.,0.));
#1578 = ( GEOMETRIC_REPRESENTATION_CONTEXT(2) 
PARAMETRIC_REPRESENTATION_CONTEXT() REPRESENTATION_CONTEXT('2D SPACE',''
  ) );
#1579 = ORIENTED_EDGE('',*,*,#1580,.F.);
#1580 = EDGE_CURVE('',#534,#1552,#1581,.T.);
#1581 = SEAM_CURVE('',#1582,(#1586,#1593),.PCURVE_S1.);
#1582 = LINE('',#1583,#1584);
#1583 = CARTESIAN_POINT('',(-3.6131,-9.488563399794E-17,11.48));
#1584 = VECTOR('',#1585,1.);
#1585 = DIRECTION('',(0.,0.,1.));
#1586 = PCURVE('',#550,#1587);
#1587 = DEFINITIONAL_REPRESENTATION('',(#1588),#1592);
#1588 = LINE('',#1589,#1590);
#1589 = CARTESIAN_POINT('',(6.28318530718,-0.));
#1590 = VECTOR('',#1591,1.);
#1591 = DIRECTION('',(0.,1.));
#1592 = ( GEOMETRIC_REPRESENTATION_CONTEXT(2) 
PARAMETRIC_REPRESENTATION_CONTEXT() REPRESENTATION_CONTEXT('2D SPACE',''
  ) );
#1593 = PCURVE('',#550,#1594);
#1594 = DEFINITIONAL_REPRESENTATION('',(#1595),#1599);
#1595 = LINE('',#1596,#1597);
#1596 = CARTESIAN_POINT('',(0.,-0.));
#1597 = VECTOR('',#1598,1.);
#1598 = DIRECTION('',(0.,1.));
#1599 = ( GEOMETRIC_REPRESENTATION_CONTEXT(2) 
PARAMETRIC_REPRESENTATION_CONTEXT() REPRESENTATION_CONTEXT('2D SPACE',''
  ) );
#1600 = ORIENTED_EDGE('',*,*,#533,.T.);
#1601 = ORIENTED_EDGE('',*,*,#1580,.T.);
#1602 = ADVANCED_FACE('',(#1603),#581,.T.);
#1603 = FACE_BOUND('',#1604,.T.);
#1604 = EDGE_LOOP('',(#1605,#1634,#1655,#1656));
#1605 = ORIENTED_EDGE('',*,*,#1606,.F.);
#1606 = EDGE_CURVE('',#1607,#1607,#1609,.T.);
#1607 = VERTEX_POINT('',#1608);
#1608 = CARTESIAN_POINT('',(-1.3271,-9.488563399794E-17,11.97));
#1609 = SURFACE_CURVE('',#1610,(#1615,#1622),.PCURVE_S1.);
#1610 = CIRCLE('',#1611,0.3874);
#1611 = AXIS2_PLACEMENT_3D('',#1612,#1613,#1614);
#1612 = CARTESIAN_POINT('',(-1.7145,0.,11.97));
#1613 = DIRECTION('',(0.,0.,1.));
#1614 = DIRECTION('',(1.,0.,-0.));
#1615 = PCURVE('',#581,#1616);
#1616 = DEFINITIONAL_REPRESENTATION('',(#1617),#1621);
#1617 = LINE('',#1618,#1619);
#1618 = CARTESIAN_POINT('',(0.,0.49));
#1619 = VECTOR('',#1620,1.);
#1620 = DIRECTION('',(1.,0.));
#1621 = ( GEOMETRIC_REPRESENTATION_CONTEXT(2) 
PARAMETRIC_REPRESENTATION_CONTEXT() REPRESENTATION_CONTEXT('2D SPACE',''
  ) );
#1622 = PCURVE('',#1623,#1628);
#1623 = PLANE('',#1624);
#1624 = AXIS2_PLACEMENT_3D('',#1625,#1626,#1627);
#1625 = CARTESIAN_POINT('',(-1.7145,0.,11.97));
#1626 = DIRECTION('',(0.,0.,1.));
#1627 = DIRECTION('',(1.,0.,-0.));
#1628 = DEFINITIONAL_REPRESENTATION('',(#1629),#1633);
#1629 = CIRCLE('',#1630,0.3874);
#1630 = AXIS2_PLACEMENT_2D('',#1631,#1632);
#1631 = CARTESIAN_POINT('',(0.,0.));
#1632 = DIRECTION('',(1.,0.));
#1633 = ( GEOMETRIC_REPRESENTATION_CONTEXT(2) 
PARAMETRIC_REPRESENTATION_CONTEXT() REPRESENTATION_CONTEXT('2D SPACE',''
  ) );
#1634 = ORIENTED_EDGE('',*,*,#1635,.F.);
#1635 = EDGE_CURVE('',#565,#1607,#1636,.T.);
#1636 = SEAM_CURVE('',#1637,(#1641,#1648),.PCURVE_S1.);
#1637 = LINE('',#1638,#1639);
#1638 = CARTESIAN_POINT('',(-1.3271,-9.488563399794E-17,11.48));
#1639 = VECTOR('',#1640,1.);
#1640 = DIRECTION('',(0.,0.,1.));
#1641 = PCURVE('',#581,#1642);
#1642 = DEFINITIONAL_REPRESENTATION('',(#1643),#1647);
#1643 = LINE('',#1644,#1645);
#1644 = CARTESIAN_POINT('',(6.28318530718,-0.));
#1645 = VECTOR('',#1646,1.);
#1646 = DIRECTION('',(0.,1.));
#1647 = ( GEOMETRIC_REPRESENTATION_CONTEXT(2) 
PARAMETRIC_REPRESENTATION_CONTEXT() REPRESENTATION_CONTEXT('2D SPACE',''
  ) );
#1648 = PCURVE('',#581,#1649);
#1649 = DEFINITIONAL_REPRESENTATION('',(#1650),#1654);
#1650 = LINE('',#1651,#1652);
#1651 = CARTESIAN_POINT('',(0.,-0.));
#1652 = VECTOR('',#1653,1.);
#1653 = DIRECTION('',(0.,1.));
#1654 = ( GEOMETRIC_REPRESENTATION_CONTEXT(2) 
PARAMETRIC_REPRESENTATION_CONTEXT() REPRESENTATION_CONTEXT('2D SPACE',''
  ) );
#1655 = ORIENTED_EDGE('',*,*,#564,.T.);
#1656 = ORIENTED_EDGE('',*,*,#1635,.T.);
#1657 = ADVANCED_FACE('',(#1658),#615,.T.);
#1658 = FACE_BOUND('',#1659,.T.);
#1659 = EDGE_LOOP('',(#1660,#1689,#1710,#1711));
#1660 = ORIENTED_EDGE('',*,*,#1661,.F.);
#1661 = EDGE_CURVE('',#1662,#1662,#1664,.T.);
#1662 = VERTEX_POINT('',#1663);
#1663 = CARTESIAN_POINT('',(-2.4701,1.981,11.97));
#1664 = SURFACE_CURVE('',#1665,(#1670,#1677),.PCURVE_S1.);
#1665 = CIRCLE('',#1666,0.3874);
#1666 = AXIS2_PLACEMENT_3D('',#1667,#1668,#1669);
#1667 = CARTESIAN_POINT('',(-2.8575,1.981,11.97));
#1668 = DIRECTION('',(0.,0.,1.));
#1669 = DIRECTION('',(1.,0.,-0.));
#1670 = PCURVE('',#615,#1671);
#1671 = DEFINITIONAL_REPRESENTATION('',(#1672),#1676);
#1672 = LINE('',#1673,#1674);
#1673 = CARTESIAN_POINT('',(0.,0.49));
#1674 = VECTOR('',#1675,1.);
#1675 = DIRECTION('',(1.,0.));
#1676 = ( GEOMETRIC_REPRESENTATION_CONTEXT(2) 
PARAMETRIC_REPRESENTATION_CONTEXT() REPRESENTATION_CONTEXT('2D SPACE',''
  ) );
#1677 = PCURVE('',#1678,#1683);
#1678 = PLANE('',#1679);
#1679 = AXIS2_PLACEMENT_3D('',#1680,#1681,#1682);
#1680 = CARTESIAN_POINT('',(-2.8575,1.981,11.97));
#1681 = DIRECTION('',(0.,0.,1.));
#1682 = DIRECTION('',(1.,0.,-0.));
#1683 = DEFINITIONAL_REPRESENTATION('',(#1684),#1688);
#1684 = CIRCLE('',#1685,0.3874);
#1685 = AXIS2_PLACEMENT_2D('',#1686,#1687);
#1686 = CARTESIAN_POINT('',(0.,0.));
#1687 = DIRECTION('',(1.,0.));
#1688 = ( GEOMETRIC_REPRESENTATION_CONTEXT(2) 
PARAMETRIC_REPRESENTATION_CONTEXT() REPRESENTATION_CONTEXT('2D SPACE',''
  ) );
#1689 = ORIENTED_EDGE('',*,*,#1690,.F.);
#1690 = EDGE_CURVE('',#599,#1662,#1691,.T.);
#1691 = SEAM_CURVE('',#1692,(#1696,#1703),.PCURVE_S1.);
#1692 = LINE('',#1693,#1694);
#1693 = CARTESIAN_POINT('',(-2.4701,1.981,11.48));
#1694 = VECTOR('',#1695,1.);
#1695 = DIRECTION('',(0.,0.,1.));
#1696 = PCURVE('',#615,#1697);
#1697 = DEFINITIONAL_REPRESENTATION('',(#1698),#1702);
#1698 = LINE('',#1699,#1700);
#1699 = CARTESIAN_POINT('',(6.28318530718,-0.));
#1700 = VECTOR('',#1701,1.);
#1701 = DIRECTION('',(0.,1.));
#1702 = ( GEOMETRIC_REPRESENTATION_CONTEXT(2) 
PARAMETRIC_REPRESENTATION_CONTEXT() REPRESENTATION_CONTEXT('2D SPACE',''
  ) );
#1703 = PCURVE('',#615,#1704);
#1704 = DEFINITIONAL_REPRESENTATION('',(#1705),#1709);
#1705 = LINE('',#1706,#1707);
#1706 = CARTESIAN_POINT('',(0.,-0.));
#1707 = VECTOR('',#1708,1.);
#1708 = DIRECTION('',(0.,1.));
#1709 = ( GEOMETRIC_REPRESENTATION_CONTEXT(2) 
PARAMETRIC_REPRESENTATION_CONTEXT() REPRESENTATION_CONTEXT('2D SPACE',''
  ) );
#1710 = ORIENTED_EDGE('',*,*,#598,.T.);
#1711 = ORIENTED_EDGE('',*,*,#1690,.T.);
#1712 = ADVANCED_FACE('',(#1713),#646,.T.);
#1713 = FACE_BOUND('',#1714,.T.);
#1714 = EDGE_LOOP('',(#1715,#1744,#1765,#1766));
#1715 = ORIENTED_EDGE('',*,*,#1716,.F.);
#1716 = EDGE_CURVE('',#1717,#1717,#1719,.T.);
#1717 = VERTEX_POINT('',#1718);
#1718 = CARTESIAN_POINT('',(-0.1841,1.981,11.97));
#1719 = SURFACE_CURVE('',#1720,(#1725,#1732),.PCURVE_S1.);
#1720 = CIRCLE('',#1721,0.3874);
#1721 = AXIS2_PLACEMENT_3D('',#1722,#1723,#1724);
#1722 = CARTESIAN_POINT('',(-0.5715,1.981,11.97));
#1723 = DIRECTION('',(0.,0.,1.));
#1724 = DIRECTION('',(1.,0.,-0.));
#1725 = PCURVE('',#646,#1726);
#1726 = DEFINITIONAL_REPRESENTATION('',(#1727),#1731);
#1727 = LINE('',#1728,#1729);
#1728 = CARTESIAN_POINT('',(0.,0.49));
#1729 = VECTOR('',#1730,1.);
#1730 = DIRECTION('',(1.,0.));
#1731 = ( GEOMETRIC_REPRESENTATION_CONTEXT(2) 
PARAMETRIC_REPRESENTATION_CONTEXT() REPRESENTATION_CONTEXT('2D SPACE',''
  ) );
#1732 = PCURVE('',#1733,#1738);
#1733 = PLANE('',#1734);
#1734 = AXIS2_PLACEMENT_3D('',#1735,#1736,#1737);
#1735 = CARTESIAN_POINT('',(-0.5715,1.981,11.97));
#1736 = DIRECTION('',(0.,0.,1.));
#1737 = DIRECTION('',(1.,0.,-0.));
#1738 = DEFINITIONAL_REPRESENTATION('',(#1739),#1743);
#1739 = CIRCLE('',#1740,0.3874);
#1740 = AXIS2_PLACEMENT_2D('',#1741,#1742);
#1741 = CARTESIAN_POINT('',(0.,0.));
#1742 = DIRECTION('',(1.,0.));
#1743 = ( GEOMETRIC_REPRESENTATION_CONTEXT(2) 
PARAMETRIC_REPRESENTATION_CONTEXT() REPRESENTATION_CONTEXT('2D SPACE',''
  ) );
#1744 = ORIENTED_EDGE('',*,*,#1745,.F.);
#1745 = EDGE_CURVE('',#630,#1717,#1746,.T.);
#1746 = SEAM_CURVE('',#1747,(#1751,#1758),.PCURVE_S1.);
#1747 = LINE('',#1748,#1749);
#1748 = CARTESIAN_POINT('',(-0.1841,1.981,11.48));
#1749 = VECTOR('',#1750,1.);
#1750 = DIRECTION('',(0.,0.,1.));
#1751 = PCURVE('',#646,#1752);
#1752 = DEFINITIONAL_REPRESENTATION('',(#1753),#1757);
#1753 = LINE('',#1754,#1755);
#1754 = CARTESIAN_POINT('',(6.28318530718,-0.));
#1755 = VECTOR('',#1756,1.);
#1756 = DIRECTION('',(0.,1.));
#1757 = ( GEOMETRIC_REPRESENTATION_CONTEXT(2) 
PARAMETRIC_REPRESENTATION_CONTEXT() REPRESENTATION_CONTEXT('2D SPACE',''
  ) );
#1758 = PCURVE('',#646,#1759);
#1759 = DEFINITIONAL_REPRESENTATION('',(#1760),#1764);
#1760 = LINE('',#1761,#1762);
#1761 = CARTESIAN_POINT('',(0.,-0.));
#1762 = VECTOR('',#1763,1.);
#1763 = DIRECTION('',(0.,1.));
#1764 = ( GEOMETRIC_REPRESENTATION_CONTEXT(2) 
PARAMETRIC_REPRESENTATION_CONTEXT() REPRESENTATION_CONTEXT('2D SPACE',''
  ) );
#1765 = ORIENTED_EDGE('',*,*,#629,.T.);
#1766 = ORIENTED_EDGE('',*,*,#1745,.T.);
#1767 = ADVANCED_FACE('',(#1768),#677,.T.);
#1768 = FACE_BOUND('',#1769,.T.);
#1769 = EDGE_LOOP('',(#1770,#1799,#1820,#1821));
#1770 = ORIENTED_EDGE('',*,*,#1771,.F.);
#1771 = EDGE_CURVE('',#1772,#1772,#1774,.T.);
#1772 = VERTEX_POINT('',#1773);
#1773 = CARTESIAN_POINT('',(0.9589,-9.488563399794E-17,11.97));
#1774 = SURFACE_CURVE('',#1775,(#1780,#1787),.PCURVE_S1.);
#1775 = CIRCLE('',#1776,0.3874);
#1776 = AXIS2_PLACEMENT_3D('',#1777,#1778,#1779);
#1777 = CARTESIAN_POINT('',(0.5715,0.,11.97));
#1778 = DIRECTION('',(0.,0.,1.));
#1779 = DIRECTION('',(1.,0.,-0.));
#1780 = PCURVE('',#677,#1781);
#1781 = DEFINITIONAL_REPRESENTATION('',(#1782),#1786);
#1782 = LINE('',#1783,#1784);
#1783 = CARTESIAN_POINT('',(0.,0.49));
#1784 = VECTOR('',#1785,1.);
#1785 = DIRECTION('',(1.,0.));
#1786 = ( GEOMETRIC_REPRESENTATION_CONTEXT(2) 
PARAMETRIC_REPRESENTATION_CONTEXT() REPRESENTATION_CONTEXT('2D SPACE',''
  ) );
#1787 = PCURVE('',#1788,#1793);
#1788 = PLANE('',#1789);
#1789 = AXIS2_PLACEMENT_3D('',#1790,#1791,#1792);
#1790 = CARTESIAN_POINT('',(0.5715,0.,11.97));
#1791 = DIRECTION('',(0.,0.,1.));
#1792 = DIRECTION('',(1.,0.,-0.));
#1793 = DEFINITIONAL_REPRESENTATION('',(#1794),#1798);
#1794 = CIRCLE('',#1795,0.3874);
#1795 = AXIS2_PLACEMENT_2D('',#1796,#1797);
#1796 = CARTESIAN_POINT('',(0.,0.));
#1797 = DIRECTION('',(1.,0.));
#1798 = ( GEOMETRIC_REPRESENTATION_CONTEXT(2) 
PARAMETRIC_REPRESENTATION_CONTEXT() REPRESENTATION_CONTEXT('2D SPACE',''
  ) );
#1799 = ORIENTED_EDGE('',*,*,#1800,.F.);
#1800 = EDGE_CURVE('',#661,#1772,#1801,.T.);
#1801 = SEAM_CURVE('',#1802,(#1806,#1813),.PCURVE_S1.);
#1802 = LINE('',#1803,#1804);
#1803 = CARTESIAN_POINT('',(0.9589,-9.488563399794E-17,11.48));
#1804 = VECTOR('',#1805,1.);
#1805 = DIRECTION('',(0.,0.,1.));
#1806 = PCURVE('',#677,#1807);
#1807 = DEFINITIONAL_REPRESENTATION('',(#1808),#1812);
#1808 = LINE('',#1809,#1810);
#1809 = CARTESIAN_POINT('',(6.28318530718,-0.));
#1810 = VECTOR('',#1811,1.);
#1811 = DIRECTION('',(0.,1.));
#1812 = ( GEOMETRIC_REPRESENTATION_CONTEXT(2) 
PARAMETRIC_REPRESENTATION_CONTEXT() REPRESENTATION_CONTEXT('2D SPACE',''
  ) );
#1813 = PCURVE('',#677,#1814);
#1814 = DEFINITIONAL_REPRESENTATION('',(#1815),#1819);
#1815 = LINE('',#1816,#1817);
#1816 = CARTESIAN_POINT('',(0.,-0.));
#1817 = VECTOR('',#1818,1.);
#1818 = DIRECTION('',(0.,1.));
#1819 = ( GEOMETRIC_REPRESENTATION_CONTEXT(2) 
PARAMETRIC_REPRESENTATION_CONTEXT() REPRESENTATION_CONTEXT('2D SPACE',''
  ) );
#1820 = ORIENTED_EDGE('',*,*,#660,.T.);
#1821 = ORIENTED_EDGE('',*,*,#1800,.T.);
#1822 = ADVANCED_FACE('',(#1823),#708,.T.);
#1823 = FACE_BOUND('',#1824,.T.);
#1824 = EDGE_LOOP('',(#1825,#1854,#1875,#1876));
#1825 = ORIENTED_EDGE('',*,*,#1826,.F.);
#1826 = EDGE_CURVE('',#1827,#1827,#1829,.T.);
#1827 = VERTEX_POINT('',#1828);
#1828 = CARTESIAN_POINT('',(3.2449,-9.488563399794E-17,11.97));
#1829 = SURFACE_CURVE('',#1830,(#1835,#1842),.PCURVE_S1.);
#1830 = CIRCLE('',#1831,0.3874);
#1831 = AXIS2_PLACEMENT_3D('',#1832,#1833,#1834);
#1832 = CARTESIAN_POINT('',(2.8575,0.,11.97));
#1833 = DIRECTION('',(0.,0.,1.));
#1834 = DIRECTION('',(1.,0.,-0.));
#1835 = PCURVE('',#708,#1836);
#1836 = DEFINITIONAL_REPRESENTATION('',(#1837),#1841);
#1837 = LINE('',#1838,#1839);
#1838 = CARTESIAN_POINT('',(0.,0.49));
#1839 = VECTOR('',#1840,1.);
#1840 = DIRECTION('',(1.,0.));
#1841 = ( GEOMETRIC_REPRESENTATION_CONTEXT(2) 
PARAMETRIC_REPRESENTATION_CONTEXT() REPRESENTATION_CONTEXT('2D SPACE',''
  ) );
#1842 = PCURVE('',#1843,#1848);
#1843 = PLANE('',#1844);
#1844 = AXIS2_PLACEMENT_3D('',#1845,#1846,#1847);
#1845 = CARTESIAN_POINT('',(2.8575,0.,11.97));
#1846 = DIRECTION('',(0.,0.,1.));
#1847 = DIRECTION('',(1.,0.,-0.));
#1848 = DEFINITIONAL_REPRESENTATION('',(#1849),#1853);
#1849 = CIRCLE('',#1850,0.3874);
#1850 = AXIS2_PLACEMENT_2D('',#1851,#1852);
#1851 = CARTESIAN_POINT('',(0.,0.));
#1852 = DIRECTION('',(1.,0.));
#1853 = ( GEOMETRIC_REPRESENTATION_CONTEXT(2) 
PARAMETRIC_REPRESENTATION_CONTEXT() REPRESENTATION_CONTEXT('2D SPACE',''
  ) );
#1854 = ORIENTED_EDGE('',*,*,#1855,.F.);
#1855 = EDGE_CURVE('',#692,#1827,#1856,.T.);
#1856 = SEAM_CURVE('',#1857,(#1861,#1868),.PCURVE_S1.);
#1857 = LINE('',#1858,#1859);
#1858 = CARTESIAN_POINT('',(3.2449,-9.488563399794E-17,11.48));
#1859 = VECTOR('',#1860,1.);
#1860 = DIRECTION('',(0.,0.,1.));
#1861 = PCURVE('',#708,#1862);
#1862 = DEFINITIONAL_REPRESENTATION('',(#1863),#1867);
#1863 = LINE('',#1864,#1865);
#1864 = CARTESIAN_POINT('',(6.28318530718,-0.));
#1865 = VECTOR('',#1866,1.);
#1866 = DIRECTION('',(0.,1.));
#1867 = ( GEOMETRIC_REPRESENTATION_CONTEXT(2) 
PARAMETRIC_REPRESENTATION_CONTEXT() REPRESENTATION_CONTEXT('2D SPACE',''
  ) );
#1868 = PCURVE('',#708,#1869);
#1869 = DEFINITIONAL_REPRESENTATION('',(#1870),#1874);
#1870 = LINE('',#1871,#1872);
#1871 = CARTESIAN_POINT('',(0.,-0.));
#1872 = VECTOR('',#1873,1.);
#1873 = DIRECTION('',(0.,1.));
#1874 = ( GEOMETRIC_REPRESENTATION_CONTEXT(2) 
PARAMETRIC_REPRESENTATION_CONTEXT() REPRESENTATION_CONTEXT('2D SPACE',''
  ) );
#1875 = ORIENTED_EDGE('',*,*,#691,.T.);
#1876 = ORIENTED_EDGE('',*,*,#1855,.T.);
#1877 = ADVANCED_FACE('',(#1878),#739,.T.);
#1878 = FACE_BOUND('',#1879,.T.);
#1879 = EDGE_LOOP('',(#1880,#1909,#1930,#1931));
#1880 = ORIENTED_EDGE('',*,*,#1881,.F.);
#1881 = EDGE_CURVE('',#1882,#1882,#1884,.T.);
#1882 = VERTEX_POINT('',#1883);
#1883 = CARTESIAN_POINT('',(5.5309,-9.488563399794E-17,11.97));
#1884 = SURFACE_CURVE('',#1885,(#1890,#1897),.PCURVE_S1.);
#1885 = CIRCLE('',#1886,0.3874);
#1886 = AXIS2_PLACEMENT_3D('',#1887,#1888,#1889);
#1887 = CARTESIAN_POINT('',(5.1435,0.,11.97));
#1888 = DIRECTION('',(0.,0.,1.));
#1889 = DIRECTION('',(1.,0.,-0.));
#1890 = PCURVE('',#739,#1891);
#1891 = DEFINITIONAL_REPRESENTATION('',(#1892),#1896);
#1892 = LINE('',#1893,#1894);
#1893 = CARTESIAN_POINT('',(0.,0.49));
#1894 = VECTOR('',#1895,1.);
#1895 = DIRECTION('',(1.,0.));
#1896 = ( GEOMETRIC_REPRESENTATION_CONTEXT(2) 
PARAMETRIC_REPRESENTATION_CONTEXT() REPRESENTATION_CONTEXT('2D SPACE',''
  ) );
#1897 = PCURVE('',#1898,#1903);
#1898 = PLANE('',#1899);
#1899 = AXIS2_PLACEMENT_3D('',#1900,#1901,#1902);
#1900 = CARTESIAN_POINT('',(5.1435,0.,11.97));
#1901 = DIRECTION('',(0.,0.,1.));
#1902 = DIRECTION('',(1.,0.,-0.));
#1903 = DEFINITIONAL_REPRESENTATION('',(#1904),#1908);
#1904 = CIRCLE('',#1905,0.3874);
#1905 = AXIS2_PLACEMENT_2D('',#1906,#1907);
#1906 = CARTESIAN_POINT('',(0.,0.));
#1907 = DIRECTION('',(1.,0.));
#1908 = ( GEOMETRIC_REPRESENTATION_CONTEXT(2) 
PARAMETRIC_REPRESENTATION_CONTEXT() REPRESENTATION_CONTEXT('2D SPACE',''
  ) );
#1909 = ORIENTED_EDGE('',*,*,#1910,.F.);
#1910 = EDGE_CURVE('',#723,#1882,#1911,.T.);
#1911 = SEAM_CURVE('',#1912,(#1916,#1923),.PCURVE_S1.);
#1912 = LINE('',#1913,#1914);
#1913 = CARTESIAN_POINT('',(5.5309,-9.488563399794E-17,11.48));
#1914 = VECTOR('',#1915,1.);
#1915 = DIRECTION('',(0.,0.,1.));
#1916 = PCURVE('',#739,#1917);
#1917 = DEFINITIONAL_REPRESENTATION('',(#1918),#1922);
#1918 = LINE('',#1919,#1920);
#1919 = CARTESIAN_POINT('',(6.28318530718,-0.));
#1920 = VECTOR('',#1921,1.);
#1921 = DIRECTION('',(0.,1.));
#1922 = ( GEOMETRIC_REPRESENTATION_CONTEXT(2) 
PARAMETRIC_REPRESENTATION_CONTEXT() REPRESENTATION_CONTEXT('2D SPACE',''
  ) );
#1923 = PCURVE('',#739,#1924);
#1924 = DEFINITIONAL_REPRESENTATION('',(#1925),#1929);
#1925 = LINE('',#1926,#1927);
#1926 = CARTESIAN_POINT('',(0.,-0.));
#1927 = VECTOR('',#1928,1.);
#1928 = DIRECTION('',(0.,1.));
#1929 = ( GEOMETRIC_REPRESENTATION_CONTEXT(2) 
PARAMETRIC_REPRESENTATION_CONTEXT() REPRESENTATION_CONTEXT('2D SPACE',''
  ) );
#1930 = ORIENTED_EDGE('',*,*,#722,.T.);
#1931 = ORIENTED_EDGE('',*,*,#1910,.T.);
#1932 = ADVANCED_FACE('',(#1933),#770,.T.);
#1933 = FACE_BOUND('',#1934,.T.);
#1934 = EDGE_LOOP('',(#1935,#1964,#1985,#1986));
#1935 = ORIENTED_EDGE('',*,*,#1936,.F.);
#1936 = EDGE_CURVE('',#1937,#1937,#1939,.T.);
#1937 = VERTEX_POINT('',#1938);
#1938 = CARTESIAN_POINT('',(2.1019,1.981,11.97));
#1939 = SURFACE_CURVE('',#1940,(#1945,#1952),.PCURVE_S1.);
#1940 = CIRCLE('',#1941,0.3874);
#1941 = AXIS2_PLACEMENT_3D('',#1942,#1943,#1944);
#1942 = CARTESIAN_POINT('',(1.7145,1.981,11.97));
#1943 = DIRECTION('',(0.,0.,1.));
#1944 = DIRECTION('',(1.,0.,-0.));
#1945 = PCURVE('',#770,#1946);
#1946 = DEFINITIONAL_REPRESENTATION('',(#1947),#1951);
#1947 = LINE('',#1948,#1949);
#1948 = CARTESIAN_POINT('',(0.,0.49));
#1949 = VECTOR('',#1950,1.);
#1950 = DIRECTION('',(1.,0.));
#1951 = ( GEOMETRIC_REPRESENTATION_CONTEXT(2) 
PARAMETRIC_REPRESENTATION_CONTEXT() REPRESENTATION_CONTEXT('2D SPACE',''
  ) );
#1952 = PCURVE('',#1953,#1958);
#1953 = PLANE('',#1954);
#1954 = AXIS2_PLACEMENT_3D('',#1955,#1956,#1957);
#1955 = CARTESIAN_POINT('',(1.7145,1.981,11.97));
#1956 = DIRECTION('',(0.,0.,1.));
#1957 = DIRECTION('',(1.,0.,-0.));
#1958 = DEFINITIONAL_REPRESENTATION('',(#1959),#1963);
#1959 = CIRCLE('',#1960,0.3874);
#1960 = AXIS2_PLACEMENT_2D('',#1961,#1962);
#1961 = CARTESIAN_POINT('',(0.,0.));
#1962 = DIRECTION('',(1.,0.));
#1963 = ( GEOMETRIC_REPRESENTATION_CONTEXT(2) 
PARAMETRIC_REPRESENTATION_CONTEXT() REPRESENTATION_CONTEXT('2D SPACE',''
  ) );
#1964 = ORIENTED_EDGE('',*,*,#1965,.F.);
#1965 = EDGE_CURVE('',#754,#1937,#1966,.T.);
#1966 = SEAM_CURVE('',#1967,(#1971,#1978),.PCURVE_S1.);
#1967 = LINE('',#1968,#1969);
#1968 = CARTESIAN_POINT('',(2.1019,1.981,11.48));
#1969 = VECTOR('',#1970,1.);
#1970 = DIRECTION('',(0.,0.,1.));
#1971 = PCURVE('',#770,#1972);
#1972 = DEFINITIONAL_REPRESENTATION('',(#1973),#1977);
#1973 = LINE('',#1974,#1975);
#1974 = CARTESIAN_POINT('',(6.28318530718,-0.));
#1975 = VECTOR('',#1976,1.);
#1976 = DIRECTION('',(0.,1.));
#1977 = ( GEOMETRIC_REPRESENTATION_CONTEXT(2) 
PARAMETRIC_REPRESENTATION_CONTEXT() REPRESENTATION_CONTEXT('2D SPACE',''
  ) );
#1978 = PCURVE('',#770,#1979);
#1979 = DEFINITIONAL_REPRESENTATION('',(#1980),#1984);
#1980 = LINE('',#1981,#1982);
#1981 = CARTESIAN_POINT('',(0.,-0.));
#1982 = VECTOR('',#1983,1.);
#1983 = DIRECTION('',(0.,1.));
#1984 = ( GEOMETRIC_REPRESENTATION_CONTEXT(2) 
PARAMETRIC_REPRESENTATION_CONTEXT() REPRESENTATION_CONTEXT('2D SPACE',''
  ) );
#1985 = ORIENTED_EDGE('',*,*,#753,.T.);
#1986 = ORIENTED_EDGE('',*,*,#1965,.T.);
#1987 = ADVANCED_FACE('',(#1988),#801,.T.);
#1988 = FACE_BOUND('',#1989,.T.);
#1989 = EDGE_LOOP('',(#1990,#2019,#2040,#2041));
#1990 = ORIENTED_EDGE('',*,*,#1991,.F.);
#1991 = EDGE_CURVE('',#1992,#1992,#1994,.T.);
#1992 = VERTEX_POINT('',#1993);
#1993 = CARTESIAN_POINT('',(4.3879,1.981,11.97));
#1994 = SURFACE_CURVE('',#1995,(#2000,#2007),.PCURVE_S1.);
#1995 = CIRCLE('',#1996,0.3874);
#1996 = AXIS2_PLACEMENT_3D('',#1997,#1998,#1999);
#1997 = CARTESIAN_POINT('',(4.0005,1.981,11.97));
#1998 = DIRECTION('',(0.,0.,1.));
#1999 = DIRECTION('',(1.,0.,-0.));
#2000 = PCURVE('',#801,#2001);
#2001 = DEFINITIONAL_REPRESENTATION('',(#2002),#2006);
#2002 = LINE('',#2003,#2004);
#2003 = CARTESIAN_POINT('',(0.,0.49));
#2004 = VECTOR('',#2005,1.);
#2005 = DIRECTION('',(1.,0.));
#2006 = ( GEOMETRIC_REPRESENTATION_CONTEXT(2) 
PARAMETRIC_REPRESENTATION_CONTEXT() REPRESENTATION_CONTEXT('2D SPACE',''
  ) );
#2007 = PCURVE('',#2008,#2013);
#2008 = PLANE('',#2009);
#2009 = AXIS2_PLACEMENT_3D('',#2010,#2011,#2012);
#2010 = CARTESIAN_POINT('',(4.0005,1.981,11.97));
#2011 = DIRECTION('',(0.,0.,1.));
#2012 = DIRECTION('',(1.,0.,-0.));
#2013 = DEFINITIONAL_REPRESENTATION('',(#2014),#2018);
#2014 = CIRCLE('',#2015,0.3874);
#2015 = AXIS2_PLACEMENT_2D('',#2016,#2017);
#2016 = CARTESIAN_POINT('',(0.,0.));
#2017 = DIRECTION('',(1.,0.));
#2018 = ( GEOMETRIC_REPRESENTATION_CONTEXT(2) 
PARAMETRIC_REPRESENTATION_CONTEXT() REPRESENTATION_CONTEXT('2D SPACE',''
  ) );
#2019 = ORIENTED_EDGE('',*,*,#2020,.F.);
#2020 = EDGE_CURVE('',#785,#1992,#2021,.T.);
#2021 = SEAM_CURVE('',#2022,(#2026,#2033),.PCURVE_S1.);
#2022 = LINE('',#2023,#2024);
#2023 = CARTESIAN_POINT('',(4.3879,1.981,11.48));
#2024 = VECTOR('',#2025,1.);
#2025 = DIRECTION('',(0.,0.,1.));
#2026 = PCURVE('',#801,#2027);
#2027 = DEFINITIONAL_REPRESENTATION('',(#2028),#2032);
#2028 = LINE('',#2029,#2030);
#2029 = CARTESIAN_POINT('',(6.28318530718,-0.));
#2030 = VECTOR('',#2031,1.);
#2031 = DIRECTION('',(0.,1.));
#2032 = ( GEOMETRIC_REPRESENTATION_CONTEXT(2) 
PARAMETRIC_REPRESENTATION_CONTEXT() REPRESENTATION_CONTEXT('2D SPACE',''
  ) );
#2033 = PCURVE('',#801,#2034);
#2034 = DEFINITIONAL_REPRESENTATION('',(#2035),#2039);
#2035 = LINE('',#2036,#2037);
#2036 = CARTESIAN_POINT('',(0.,-0.));
#2037 = VECTOR('',#2038,1.);
#2038 = DIRECTION('',(0.,1.));
#2039 = ( GEOMETRIC_REPRESENTATION_CONTEXT(2) 
PARAMETRIC_REPRESENTATION_CONTEXT() REPRESENTATION_CONTEXT('2D SPACE',''
  ) );
#2040 = ORIENTED_EDGE('',*,*,#784,.T.);
#2041 = ORIENTED_EDGE('',*,*,#2020,.T.);
#2042 = ADVANCED_FACE('',(#2043),#854,.T.);
#2043 = FACE_BOUND('',#2044,.T.);
#2044 = EDGE_LOOP('',(#2045,#2069,#2070));
#2045 = ORIENTED_EDGE('',*,*,#2046,.T.);
#2046 = EDGE_CURVE('',#817,#2047,#2049,.T.);
#2047 = VERTEX_POINT('',#2048);
#2048 = CARTESIAN_POINT('',(-5.1435,1.981,15.97));
#2049 = SEAM_CURVE('',#2050,(#2055,#2062),.PCURVE_S1.);
#2050 = CIRCLE('',#2051,0.21605);
#2051 = AXIS2_PLACEMENT_3D('',#2052,#2053,#2054);
#2052 = CARTESIAN_POINT('',(-5.1435,1.981,15.75395));
#2053 = DIRECTION('',(-2.449293598295E-16,-1.,0.));
#2054 = DIRECTION('',(1.,-2.449293598295E-16,0.));
#2055 = PCURVE('',#854,#2056);
#2056 = DEFINITIONAL_REPRESENTATION('',(#2057),#2061);
#2057 = LINE('',#2058,#2059);
#2058 = CARTESIAN_POINT('',(6.28318530718,-6.28318530718));
#2059 = VECTOR('',#2060,1.);
#2060 = DIRECTION('',(0.,1.));
#2061 = ( GEOMETRIC_REPRESENTATION_CONTEXT(2) 
PARAMETRIC_REPRESENTATION_CONTEXT() REPRESENTATION_CONTEXT('2D SPACE',''
  ) );
#2062 = PCURVE('',#854,#2063);
#2063 = DEFINITIONAL_REPRESENTATION('',(#2064),#2068);
#2064 = LINE('',#2065,#2066);
#2065 = CARTESIAN_POINT('',(0.,-6.28318530718));
#2066 = VECTOR('',#2067,1.);
#2067 = DIRECTION('',(0.,1.));
#2068 = ( GEOMETRIC_REPRESENTATION_CONTEXT(2) 
PARAMETRIC_REPRESENTATION_CONTEXT() REPRESENTATION_CONTEXT('2D SPACE',''
  ) );
#2069 = ORIENTED_EDGE('',*,*,#2046,.F.);
#2070 = ORIENTED_EDGE('',*,*,#839,.T.);
#2071 = ADVANCED_FACE('',(#2072,#2306),#889,.T.);
#2072 = FACE_BOUND('',#2073,.T.);
#2073 = EDGE_LOOP('',(#2074,#2104,#2133,#2161,#2190,#2218,#2247,#2275));
#2074 = ORIENTED_EDGE('',*,*,#2075,.T.);
#2075 = EDGE_CURVE('',#2076,#2078,#2080,.T.);
#2076 = VERTEX_POINT('',#2077);
#2077 = CARTESIAN_POINT('',(-6.109464877158,-4.365,10.5));
#2078 = VERTEX_POINT('',#2079);
#2079 = CARTESIAN_POINT('',(6.109464877158,-4.365,10.5));
#2080 = SURFACE_CURVE('',#2081,(#2085,#2092),.PCURVE_S1.);
#2081 = LINE('',#2082,#2083);
#2082 = CARTESIAN_POINT('',(-6.95049,-4.365,10.5));
#2083 = VECTOR('',#2084,1.);
#2084 = DIRECTION('',(1.,0.,0.));
#2085 = PCURVE('',#889,#2086);
#2086 = DEFINITIONAL_REPRESENTATION('',(#2087),#2091);
#2087 = LINE('',#2088,#2089);
#2088 = CARTESIAN_POINT('',(-6.95049,-4.638072610794));
#2089 = VECTOR('',#2090,1.);
#2090 = DIRECTION('',(1.,0.));
#2091 = ( GEOMETRIC_REPRESENTATION_CONTEXT(2) 
PARAMETRIC_REPRESENTATION_CONTEXT() REPRESENTATION_CONTEXT('2D SPACE',''
  ) );
#2092 = PCURVE('',#2093,#2098);
#2093 = PLANE('',#2094);
#2094 = AXIS2_PLACEMENT_3D('',#2095,#2096,#2097);
#2095 = CARTESIAN_POINT('',(-6.95049,-4.365,9.71));
#2096 = DIRECTION('',(0.,1.,0.));
#2097 = DIRECTION('',(1.,0.,0.));
#2098 = DEFINITIONAL_REPRESENTATION('',(#2099),#2103);
#2099 = LINE('',#2100,#2101);
#2100 = CARTESIAN_POINT('',(0.,-0.79));
#2101 = VECTOR('',#2102,1.);
#2102 = DIRECTION('',(1.,0.));
#2103 = ( GEOMETRIC_REPRESENTATION_CONTEXT(2) 
PARAMETRIC_REPRESENTATION_CONTEXT() REPRESENTATION_CONTEXT('2D SPACE',''
  ) );
#2104 = ORIENTED_EDGE('',*,*,#2105,.T.);
#2105 = EDGE_CURVE('',#2078,#2106,#2108,.T.);
#2106 = VERTEX_POINT('',#2107);
#2107 = CARTESIAN_POINT('',(7.094662166857,-3.536424328408,10.5));
#2108 = SURFACE_CURVE('',#2109,(#2114,#2121),.PCURVE_S1.);
#2109 = CIRCLE('',#2110,1.);
#2110 = AXIS2_PLACEMENT_3D('',#2111,#2112,#2113);
#2111 = CARTESIAN_POINT('',(6.109464877158,-3.365,10.5));
#2112 = DIRECTION('',(0.,0.,1.));
#2113 = DIRECTION('',(0.,-1.,0.));
#2114 = PCURVE('',#889,#2115);
#2115 = DEFINITIONAL_REPRESENTATION('',(#2116),#2120);
#2116 = CIRCLE('',#2117,1.);
#2117 = AXIS2_PLACEMENT_2D('',#2118,#2119);
#2118 = CARTESIAN_POINT('',(6.109464877158,-3.638072610794));
#2119 = DIRECTION('',(0.,-1.));
#2120 = ( GEOMETRIC_REPRESENTATION_CONTEXT(2) 
PARAMETRIC_REPRESENTATION_CONTEXT() REPRESENTATION_CONTEXT('2D SPACE',''
  ) );
#2121 = PCURVE('',#2122,#2127);
#2122 = CYLINDRICAL_SURFACE('',#2123,1.);
#2123 = AXIS2_PLACEMENT_3D('',#2124,#2125,#2126);
#2124 = CARTESIAN_POINT('',(6.109464877158,-3.365,9.71));
#2125 = DIRECTION('',(0.,0.,1.));
#2126 = DIRECTION('',(0.,-1.,0.));
#2127 = DEFINITIONAL_REPRESENTATION('',(#2128),#2132);
#2128 = LINE('',#2129,#2130);
#2129 = CARTESIAN_POINT('',(0.,0.79));
#2130 = VECTOR('',#2131,1.);
#2131 = DIRECTION('',(1.,0.));
#2132 = ( GEOMETRIC_REPRESENTATION_CONTEXT(2) 
PARAMETRIC_REPRESENTATION_CONTEXT() REPRESENTATION_CONTEXT('2D SPACE',''
  ) );
#2133 = ORIENTED_EDGE('',*,*,#2134,.T.);
#2134 = EDGE_CURVE('',#2106,#2135,#2137,.T.);
#2135 = VERTEX_POINT('',#2136);
#2136 = CARTESIAN_POINT('',(8.265682166857,3.193575671592,10.5));
#2137 = SURFACE_CURVE('',#2138,(#2142,#2149),.PCURVE_S1.);
#2138 = LINE('',#2139,#2140);
#2139 = CARTESIAN_POINT('',(6.95049,-4.365,10.5));
#2140 = VECTOR('',#2141,1.);
#2141 = DIRECTION('',(0.171424328408,0.985197289699,0.));
#2142 = PCURVE('',#889,#2143);
#2143 = DEFINITIONAL_REPRESENTATION('',(#2144),#2148);
#2144 = LINE('',#2145,#2146);
#2145 = CARTESIAN_POINT('',(6.95049,-4.638072610794));
#2146 = VECTOR('',#2147,1.);
#2147 = DIRECTION('',(0.171424328408,0.985197289699));
#2148 = ( GEOMETRIC_REPRESENTATION_CONTEXT(2) 
PARAMETRIC_REPRESENTATION_CONTEXT() REPRESENTATION_CONTEXT('2D SPACE',''
  ) );
#2149 = PCURVE('',#2150,#2155);
#2150 = PLANE('',#2151);
#2151 = AXIS2_PLACEMENT_3D('',#2152,#2153,#2154);
#2152 = CARTESIAN_POINT('',(6.95049,-4.365,9.71));
#2153 = DIRECTION('',(-0.985197289699,0.171424328408,0.));
#2154 = DIRECTION('',(0.171424328408,0.985197289699,0.));
#2155 = DEFINITIONAL_REPRESENTATION('',(#2156),#2160);
#2156 = LINE('',#2157,#2158);
#2157 = CARTESIAN_POINT('',(0.,-0.79));
#2158 = VECTOR('',#2159,1.);
#2159 = DIRECTION('',(1.,0.));
#2160 = ( GEOMETRIC_REPRESENTATION_CONTEXT(2) 
PARAMETRIC_REPRESENTATION_CONTEXT() REPRESENTATION_CONTEXT('2D SPACE',''
  ) );
#2161 = ORIENTED_EDGE('',*,*,#2162,.T.);
#2162 = EDGE_CURVE('',#2135,#2163,#2165,.T.);
#2163 = VERTEX_POINT('',#2164);
#2164 = CARTESIAN_POINT('',(7.280484877158,4.365,10.5));
#2165 = SURFACE_CURVE('',#2166,(#2171,#2178),.PCURVE_S1.);
#2166 = CIRCLE('',#2167,1.);
#2167 = AXIS2_PLACEMENT_3D('',#2168,#2169,#2170);
#2168 = CARTESIAN_POINT('',(7.280484877158,3.365,10.5));
#2169 = DIRECTION('',(0.,0.,1.));
#2170 = DIRECTION('',(0.,-1.,0.));
#2171 = PCURVE('',#889,#2172);
#2172 = DEFINITIONAL_REPRESENTATION('',(#2173),#2177);
#2173 = CIRCLE('',#2174,1.);
#2174 = AXIS2_PLACEMENT_2D('',#2175,#2176);
#2175 = CARTESIAN_POINT('',(7.280484877158,3.091927389206));
#2176 = DIRECTION('',(0.,-1.));
#2177 = ( GEOMETRIC_REPRESENTATION_CONTEXT(2) 
PARAMETRIC_REPRESENTATION_CONTEXT() REPRESENTATION_CONTEXT('2D SPACE',''
  ) );
#2178 = PCURVE('',#2179,#2184);
#2179 = CYLINDRICAL_SURFACE('',#2180,1.);
#2180 = AXIS2_PLACEMENT_3D('',#2181,#2182,#2183);
#2181 = CARTESIAN_POINT('',(7.280484877158,3.365,9.71));
#2182 = DIRECTION('',(0.,0.,1.));
#2183 = DIRECTION('',(0.985197289699,-0.171424328408,0.));
#2184 = DEFINITIONAL_REPRESENTATION('',(#2185),#2189);
#2185 = LINE('',#2186,#2187);
#2186 = CARTESIAN_POINT('',(-1.398521109841,0.79));
#2187 = VECTOR('',#2188,1.);
#2188 = DIRECTION('',(1.,0.));
#2189 = ( GEOMETRIC_REPRESENTATION_CONTEXT(2) 
PARAMETRIC_REPRESENTATION_CONTEXT() REPRESENTATION_CONTEXT('2D SPACE',''
  ) );
#2190 = ORIENTED_EDGE('',*,*,#2191,.T.);
#2191 = EDGE_CURVE('',#2163,#2192,#2194,.T.);
#2192 = VERTEX_POINT('',#2193);
#2193 = CARTESIAN_POINT('',(-7.280484877158,4.365,10.5));
#2194 = SURFACE_CURVE('',#2195,(#2199,#2206),.PCURVE_S1.);
#2195 = LINE('',#2196,#2197);
#2196 = CARTESIAN_POINT('',(8.46951,4.365,10.5));
#2197 = VECTOR('',#2198,1.);
#2198 = DIRECTION('',(-1.,0.,0.));
#2199 = PCURVE('',#889,#2200);
#2200 = DEFINITIONAL_REPRESENTATION('',(#2201),#2205);
#2201 = LINE('',#2202,#2203);
#2202 = CARTESIAN_POINT('',(8.46951,4.091927389206));
#2203 = VECTOR('',#2204,1.);
#2204 = DIRECTION('',(-1.,0.));
#2205 = ( GEOMETRIC_REPRESENTATION_CONTEXT(2) 
PARAMETRIC_REPRESENTATION_CONTEXT() REPRESENTATION_CONTEXT('2D SPACE',''
  ) );
#2206 = PCURVE('',#2207,#2212);
#2207 = PLANE('',#2208);
#2208 = AXIS2_PLACEMENT_3D('',#2209,#2210,#2211);
#2209 = CARTESIAN_POINT('',(8.46951,4.365,9.71));
#2210 = DIRECTION('',(0.,-1.,0.));
#2211 = DIRECTION('',(-1.,0.,0.));
#2212 = DEFINITIONAL_REPRESENTATION('',(#2213),#2217);
#2213 = LINE('',#2214,#2215);
#2214 = CARTESIAN_POINT('',(0.,-0.79));
#2215 = VECTOR('',#2216,1.);
#2216 = DIRECTION('',(1.,0.));
#2217 = ( GEOMETRIC_REPRESENTATION_CONTEXT(2) 
PARAMETRIC_REPRESENTATION_CONTEXT() REPRESENTATION_CONTEXT('2D SPACE',''
  ) );
#2218 = ORIENTED_EDGE('',*,*,#2219,.T.);
#2219 = EDGE_CURVE('',#2192,#2220,#2222,.T.);
#2220 = VERTEX_POINT('',#2221);
#2221 = CARTESIAN_POINT('',(-8.265682166857,3.193575671592,10.5));
#2222 = SURFACE_CURVE('',#2223,(#2228,#2235),.PCURVE_S1.);
#2223 = CIRCLE('',#2224,1.);
#2224 = AXIS2_PLACEMENT_3D('',#2225,#2226,#2227);
#2225 = CARTESIAN_POINT('',(-7.280484877158,3.365,10.5));
#2226 = DIRECTION('',(0.,0.,1.));
#2227 = DIRECTION('',(0.,-1.,0.));
#2228 = PCURVE('',#889,#2229);
#2229 = DEFINITIONAL_REPRESENTATION('',(#2230),#2234);
#2230 = CIRCLE('',#2231,1.);
#2231 = AXIS2_PLACEMENT_2D('',#2232,#2233);
#2232 = CARTESIAN_POINT('',(-7.280484877158,3.091927389206));
#2233 = DIRECTION('',(0.,-1.));
#2234 = ( GEOMETRIC_REPRESENTATION_CONTEXT(2) 
PARAMETRIC_REPRESENTATION_CONTEXT() REPRESENTATION_CONTEXT('2D SPACE',''
  ) );
#2235 = PCURVE('',#2236,#2241);
#2236 = CYLINDRICAL_SURFACE('',#2237,1.);
#2237 = AXIS2_PLACEMENT_3D('',#2238,#2239,#2240);
#2238 = CARTESIAN_POINT('',(-7.280484877158,3.365,9.71));
#2239 = DIRECTION('',(0.,0.,1.));
#2240 = DIRECTION('',(-0.,1.,0.));
#2241 = DEFINITIONAL_REPRESENTATION('',(#2242),#2246);
#2242 = LINE('',#2243,#2244);
#2243 = CARTESIAN_POINT('',(-3.14159265359,0.79));
#2244 = VECTOR('',#2245,1.);
#2245 = DIRECTION('',(1.,0.));
#2246 = ( GEOMETRIC_REPRESENTATION_CONTEXT(2) 
PARAMETRIC_REPRESENTATION_CONTEXT() REPRESENTATION_CONTEXT('2D SPACE',''
  ) );
#2247 = ORIENTED_EDGE('',*,*,#2248,.T.);
#2248 = EDGE_CURVE('',#2220,#2249,#2251,.T.);
#2249 = VERTEX_POINT('',#2250);
#2250 = CARTESIAN_POINT('',(-7.094662166857,-3.536424328408,10.5));
#2251 = SURFACE_CURVE('',#2252,(#2256,#2263),.PCURVE_S1.);
#2252 = LINE('',#2253,#2254);
#2253 = CARTESIAN_POINT('',(-8.46951,4.365,10.5));
#2254 = VECTOR('',#2255,1.);
#2255 = DIRECTION('',(0.171424328408,-0.985197289699,0.));
#2256 = PCURVE('',#889,#2257);
#2257 = DEFINITIONAL_REPRESENTATION('',(#2258),#2262);
#2258 = LINE('',#2259,#2260);
#2259 = CARTESIAN_POINT('',(-8.46951,4.091927389206));
#2260 = VECTOR('',#2261,1.);
#2261 = DIRECTION('',(0.171424328408,-0.985197289699));
#2262 = ( GEOMETRIC_REPRESENTATION_CONTEXT(2) 
PARAMETRIC_REPRESENTATION_CONTEXT() REPRESENTATION_CONTEXT('2D SPACE',''
  ) );
#2263 = PCURVE('',#2264,#2269);
#2264 = PLANE('',#2265);
#2265 = AXIS2_PLACEMENT_3D('',#2266,#2267,#2268);
#2266 = CARTESIAN_POINT('',(-8.46951,4.365,9.71));
#2267 = DIRECTION('',(0.985197289699,0.171424328408,-0.));
#2268 = DIRECTION('',(0.171424328408,-0.985197289699,0.));
#2269 = DEFINITIONAL_REPRESENTATION('',(#2270),#2274);
#2270 = LINE('',#2271,#2272);
#2271 = CARTESIAN_POINT('',(0.,-0.79));
#2272 = VECTOR('',#2273,1.);
#2273 = DIRECTION('',(1.,0.));
#2274 = ( GEOMETRIC_REPRESENTATION_CONTEXT(2) 
PARAMETRIC_REPRESENTATION_CONTEXT() REPRESENTATION_CONTEXT('2D SPACE',''
  ) );
#2275 = ORIENTED_EDGE('',*,*,#2276,.F.);
#2276 = EDGE_CURVE('',#2076,#2249,#2277,.T.);
#2277 = SURFACE_CURVE('',#2278,(#2283,#2294),.PCURVE_S1.);
#2278 = CIRCLE('',#2279,1.);
#2279 = AXIS2_PLACEMENT_3D('',#2280,#2281,#2282);
#2280 = CARTESIAN_POINT('',(-6.109464877158,-3.365,10.5));
#2281 = DIRECTION('',(-0.,-0.,-1.));
#2282 = DIRECTION('',(0.,-1.,0.));
#2283 = PCURVE('',#889,#2284);
#2284 = DEFINITIONAL_REPRESENTATION('',(#2285),#2293);
#2285 = ( BOUNDED_CURVE() B_SPLINE_CURVE(2,(#2286,#2287,#2288,#2289,
#2290,#2291,#2292),.UNSPECIFIED.,.T.,.F.) B_SPLINE_CURVE_WITH_KNOTS((1,2
    ,2,2,2,1),(-2.094395102393,0.,2.094395102393,4.188790204786,
6.28318530718,8.377580409573),.UNSPECIFIED.) CURVE() 
GEOMETRIC_REPRESENTATION_ITEM() RATIONAL_B_SPLINE_CURVE((1.,0.5,1.,0.5,
1.,0.5,1.)) REPRESENTATION_ITEM('') );
#2286 = CARTESIAN_POINT('',(-6.109464877158,-4.638072610794));
#2287 = CARTESIAN_POINT('',(-7.841515684727,-4.638072610794));
#2288 = CARTESIAN_POINT('',(-6.975490280943,-3.138072610794));
#2289 = CARTESIAN_POINT('',(-6.109464877158,-1.638072610794));
#2290 = CARTESIAN_POINT('',(-5.243439473374,-3.138072610794));
#2291 = CARTESIAN_POINT('',(-4.377414069589,-4.638072610794));
#2292 = CARTESIAN_POINT('',(-6.109464877158,-4.638072610794));
#2293 = ( GEOMETRIC_REPRESENTATION_CONTEXT(2) 
PARAMETRIC_REPRESENTATION_CONTEXT() REPRESENTATION_CONTEXT('2D SPACE',''
  ) );
#2294 = PCURVE('',#2295,#2300);
#2295 = CYLINDRICAL_SURFACE('',#2296,1.);
#2296 = AXIS2_PLACEMENT_3D('',#2297,#2298,#2299);
#2297 = CARTESIAN_POINT('',(-6.109464877158,-3.365,9.71));
#2298 = DIRECTION('',(0.,0.,1.));
#2299 = DIRECTION('',(0.,-1.,0.));
#2300 = DEFINITIONAL_REPRESENTATION('',(#2301),#2305);
#2301 = LINE('',#2302,#2303);
#2302 = CARTESIAN_POINT('',(-0.,0.79));
#2303 = VECTOR('',#2304,1.);
#2304 = DIRECTION('',(-1.,0.));
#2305 = ( GEOMETRIC_REPRESENTATION_CONTEXT(2) 
PARAMETRIC_REPRESENTATION_CONTEXT() REPRESENTATION_CONTEXT('2D SPACE',''
  ) );
#2306 = FACE_BOUND('',#2307,.T.);
#2307 = EDGE_LOOP('',(#2308,#2309,#2310,#2311,#2312,#2313,#2314,#2315));
#2308 = ORIENTED_EDGE('',*,*,#871,.F.);
#2309 = ORIENTED_EDGE('',*,*,#947,.T.);
#2310 = ORIENTED_EDGE('',*,*,#1051,.F.);
#2311 = ORIENTED_EDGE('',*,*,#1149,.F.);
#2312 = ORIENTED_EDGE('',*,*,#1249,.F.);
#2313 = ORIENTED_EDGE('',*,*,#1199,.F.);
#2314 = ORIENTED_EDGE('',*,*,#1100,.F.);
#2315 = ORIENTED_EDGE('',*,*,#1001,.F.);
#2316 = ADVANCED_FACE('',(#2317,#2320),#1293,.T.);
#2317 = FACE_BOUND('',#2318,.T.);
#2318 = EDGE_LOOP('',(#2319));
#2319 = ORIENTED_EDGE('',*,*,#1276,.T.);
#2320 = FACE_BOUND('',#2321,.T.);
#2321 = EDGE_LOOP('',(#2322));
#2322 = ORIENTED_EDGE('',*,*,#2323,.F.);
#2323 = EDGE_CURVE('',#2324,#2324,#2326,.T.);
#2324 = VERTEX_POINT('',#2325);
#2325 = CARTESIAN_POINT('',(-4.92745,-1.981,11.97));
#2326 = SURFACE_CURVE('',#2327,(#2332,#2339),.PCURVE_S1.);
#2327 = CIRCLE('',#2328,0.21605);
#2328 = AXIS2_PLACEMENT_3D('',#2329,#2330,#2331);
#2329 = CARTESIAN_POINT('',(-5.1435,-1.981,11.97));
#2330 = DIRECTION('',(0.,0.,1.));
#2331 = DIRECTION('',(1.,0.,-0.));
#2332 = PCURVE('',#1293,#2333);
#2333 = DEFINITIONAL_REPRESENTATION('',(#2334),#2338);
#2334 = CIRCLE('',#2335,0.21605);
#2335 = AXIS2_PLACEMENT_2D('',#2336,#2337);
#2336 = CARTESIAN_POINT('',(0.,0.));
#2337 = DIRECTION('',(1.,0.));
#2338 = ( GEOMETRIC_REPRESENTATION_CONTEXT(2) 
PARAMETRIC_REPRESENTATION_CONTEXT() REPRESENTATION_CONTEXT('2D SPACE',''
  ) );
#2339 = PCURVE('',#2340,#2345);
#2340 = CYLINDRICAL_SURFACE('',#2341,0.21605);
#2341 = AXIS2_PLACEMENT_3D('',#2342,#2343,#2344);
#2342 = CARTESIAN_POINT('',(-5.1435,-1.981,11.87));
#2343 = DIRECTION('',(0.,0.,1.));
#2344 = DIRECTION('',(1.,0.,-0.));
#2345 = DEFINITIONAL_REPRESENTATION('',(#2346),#2350);
#2346 = LINE('',#2347,#2348);
#2347 = CARTESIAN_POINT('',(0.,1.E-01));
#2348 = VECTOR('',#2349,1.);
#2349 = DIRECTION('',(1.,0.));
#2350 = ( GEOMETRIC_REPRESENTATION_CONTEXT(2) 
PARAMETRIC_REPRESENTATION_CONTEXT() REPRESENTATION_CONTEXT('2D SPACE',''
  ) );
#2351 = ADVANCED_FACE('',(#2352,#2355),#1348,.T.);
#2352 = FACE_BOUND('',#2353,.T.);
#2353 = EDGE_LOOP('',(#2354));
#2354 = ORIENTED_EDGE('',*,*,#1331,.T.);
#2355 = FACE_BOUND('',#2356,.T.);
#2356 = EDGE_LOOP('',(#2357));
#2357 = ORIENTED_EDGE('',*,*,#2358,.F.);
#2358 = EDGE_CURVE('',#2359,#2359,#2361,.T.);
#2359 = VERTEX_POINT('',#2360);
#2360 = CARTESIAN_POINT('',(-2.64145,-1.981,11.97));
#2361 = SURFACE_CURVE('',#2362,(#2367,#2374),.PCURVE_S1.);
#2362 = CIRCLE('',#2363,0.21605);
#2363 = AXIS2_PLACEMENT_3D('',#2364,#2365,#2366);
#2364 = CARTESIAN_POINT('',(-2.8575,-1.981,11.97));
#2365 = DIRECTION('',(0.,0.,1.));
#2366 = DIRECTION('',(1.,0.,-0.));
#2367 = PCURVE('',#1348,#2368);
#2368 = DEFINITIONAL_REPRESENTATION('',(#2369),#2373);
#2369 = CIRCLE('',#2370,0.21605);
#2370 = AXIS2_PLACEMENT_2D('',#2371,#2372);
#2371 = CARTESIAN_POINT('',(0.,0.));
#2372 = DIRECTION('',(1.,0.));
#2373 = ( GEOMETRIC_REPRESENTATION_CONTEXT(2) 
PARAMETRIC_REPRESENTATION_CONTEXT() REPRESENTATION_CONTEXT('2D SPACE',''
  ) );
#2374 = PCURVE('',#2375,#2380);
#2375 = CYLINDRICAL_SURFACE('',#2376,0.21605);
#2376 = AXIS2_PLACEMENT_3D('',#2377,#2378,#2379);
#2377 = CARTESIAN_POINT('',(-2.8575,-1.981,11.87));
#2378 = DIRECTION('',(0.,0.,1.));
#2379 = DIRECTION('',(1.,0.,-0.));
#2380 = DEFINITIONAL_REPRESENTATION('',(#2381),#2385);
#2381 = LINE('',#2382,#2383);
#2382 = CARTESIAN_POINT('',(0.,1.E-01));
#2383 = VECTOR('',#2384,1.);
#2384 = DIRECTION('',(1.,0.));
#2385 = ( GEOMETRIC_REPRESENTATION_CONTEXT(2) 
PARAMETRIC_REPRESENTATION_CONTEXT() REPRESENTATION_CONTEXT('2D SPACE',''
  ) );
#2386 = ADVANCED_FACE('',(#2387,#2390),#1403,.T.);
#2387 = FACE_BOUND('',#2388,.T.);
#2388 = EDGE_LOOP('',(#2389));
#2389 = ORIENTED_EDGE('',*,*,#1386,.T.);
#2390 = FACE_BOUND('',#2391,.T.);
#2391 = EDGE_LOOP('',(#2392));
#2392 = ORIENTED_EDGE('',*,*,#2393,.F.);
#2393 = EDGE_CURVE('',#2394,#2394,#2396,.T.);
#2394 = VERTEX_POINT('',#2395);
#2395 = CARTESIAN_POINT('',(-0.35545,-1.981,11.97));
#2396 = SURFACE_CURVE('',#2397,(#2402,#2409),.PCURVE_S1.);
#2397 = CIRCLE('',#2398,0.21605);
#2398 = AXIS2_PLACEMENT_3D('',#2399,#2400,#2401);
#2399 = CARTESIAN_POINT('',(-0.5715,-1.981,11.97));
#2400 = DIRECTION('',(0.,0.,1.));
#2401 = DIRECTION('',(1.,0.,-0.));
#2402 = PCURVE('',#1403,#2403);
#2403 = DEFINITIONAL_REPRESENTATION('',(#2404),#2408);
#2404 = CIRCLE('',#2405,0.21605);
#2405 = AXIS2_PLACEMENT_2D('',#2406,#2407);
#2406 = CARTESIAN_POINT('',(0.,0.));
#2407 = DIRECTION('',(1.,0.));
#2408 = ( GEOMETRIC_REPRESENTATION_CONTEXT(2) 
PARAMETRIC_REPRESENTATION_CONTEXT() REPRESENTATION_CONTEXT('2D SPACE',''
  ) );
#2409 = PCURVE('',#2410,#2415);
#2410 = CYLINDRICAL_SURFACE('',#2411,0.21605);
#2411 = AXIS2_PLACEMENT_3D('',#2412,#2413,#2414);
#2412 = CARTESIAN_POINT('',(-0.5715,-1.981,11.87));
#2413 = DIRECTION('',(0.,0.,1.));
#2414 = DIRECTION('',(1.,0.,-0.));
#2415 = DEFINITIONAL_REPRESENTATION('',(#2416),#2420);
#2416 = LINE('',#2417,#2418);
#2417 = CARTESIAN_POINT('',(0.,1.E-01));
#2418 = VECTOR('',#2419,1.);
#2419 = DIRECTION('',(1.,0.));
#2420 = ( GEOMETRIC_REPRESENTATION_CONTEXT(2) 
PARAMETRIC_REPRESENTATION_CONTEXT() REPRESENTATION_CONTEXT('2D SPACE',''
  ) );
#2421 = ADVANCED_FACE('',(#2422,#2425),#1458,.T.);
#2422 = FACE_BOUND('',#2423,.T.);
#2423 = EDGE_LOOP('',(#2424));
#2424 = ORIENTED_EDGE('',*,*,#1441,.T.);
#2425 = FACE_BOUND('',#2426,.T.);
#2426 = EDGE_LOOP('',(#2427));
#2427 = ORIENTED_EDGE('',*,*,#2428,.F.);
#2428 = EDGE_CURVE('',#2429,#2429,#2431,.T.);
#2429 = VERTEX_POINT('',#2430);
#2430 = CARTESIAN_POINT('',(1.93055,-1.981,11.97));
#2431 = SURFACE_CURVE('',#2432,(#2437,#2444),.PCURVE_S1.);
#2432 = CIRCLE('',#2433,0.21605);
#2433 = AXIS2_PLACEMENT_3D('',#2434,#2435,#2436);
#2434 = CARTESIAN_POINT('',(1.7145,-1.981,11.97));
#2435 = DIRECTION('',(0.,0.,1.));
#2436 = DIRECTION('',(1.,0.,-0.));
#2437 = PCURVE('',#1458,#2438);
#2438 = DEFINITIONAL_REPRESENTATION('',(#2439),#2443);
#2439 = CIRCLE('',#2440,0.21605);
#2440 = AXIS2_PLACEMENT_2D('',#2441,#2442);
#2441 = CARTESIAN_POINT('',(0.,0.));
#2442 = DIRECTION('',(1.,0.));
#2443 = ( GEOMETRIC_REPRESENTATION_CONTEXT(2) 
PARAMETRIC_REPRESENTATION_CONTEXT() REPRESENTATION_CONTEXT('2D SPACE',''
  ) );
#2444 = PCURVE('',#2445,#2450);
#2445 = CYLINDRICAL_SURFACE('',#2446,0.21605);
#2446 = AXIS2_PLACEMENT_3D('',#2447,#2448,#2449);
#2447 = CARTESIAN_POINT('',(1.7145,-1.981,11.87));
#2448 = DIRECTION('',(0.,0.,1.));
#2449 = DIRECTION('',(1.,0.,-0.));
#2450 = DEFINITIONAL_REPRESENTATION('',(#2451),#2455);
#2451 = LINE('',#2452,#2453);
#2452 = CARTESIAN_POINT('',(0.,1.E-01));
#2453 = VECTOR('',#2454,1.);
#2454 = DIRECTION('',(1.,0.));
#2455 = ( GEOMETRIC_REPRESENTATION_CONTEXT(2) 
PARAMETRIC_REPRESENTATION_CONTEXT() REPRESENTATION_CONTEXT('2D SPACE',''
  ) );
#2456 = ADVANCED_FACE('',(#2457,#2460),#1513,.T.);
#2457 = FACE_BOUND('',#2458,.T.);
#2458 = EDGE_LOOP('',(#2459));
#2459 = ORIENTED_EDGE('',*,*,#1496,.T.);
#2460 = FACE_BOUND('',#2461,.T.);
#2461 = EDGE_LOOP('',(#2462));
#2462 = ORIENTED_EDGE('',*,*,#2463,.F.);
#2463 = EDGE_CURVE('',#2464,#2464,#2466,.T.);
#2464 = VERTEX_POINT('',#2465);
#2465 = CARTESIAN_POINT('',(4.21655,-1.981,11.97));
#2466 = SURFACE_CURVE('',#2467,(#2472,#2479),.PCURVE_S1.);
#2467 = CIRCLE('',#2468,0.21605);
#2468 = AXIS2_PLACEMENT_3D('',#2469,#2470,#2471);
#2469 = CARTESIAN_POINT('',(4.0005,-1.981,11.97));
#2470 = DIRECTION('',(0.,0.,1.));
#2471 = DIRECTION('',(1.,0.,-0.));
#2472 = PCURVE('',#1513,#2473);
#2473 = DEFINITIONAL_REPRESENTATION('',(#2474),#2478);
#2474 = CIRCLE('',#2475,0.21605);
#2475 = AXIS2_PLACEMENT_2D('',#2476,#2477);
#2476 = CARTESIAN_POINT('',(0.,0.));
#2477 = DIRECTION('',(1.,0.));
#2478 = ( GEOMETRIC_REPRESENTATION_CONTEXT(2) 
PARAMETRIC_REPRESENTATION_CONTEXT() REPRESENTATION_CONTEXT('2D SPACE',''
  ) );
#2479 = PCURVE('',#2480,#2485);
#2480 = CYLINDRICAL_SURFACE('',#2481,0.21605);
#2481 = AXIS2_PLACEMENT_3D('',#2482,#2483,#2484);
#2482 = CARTESIAN_POINT('',(4.0005,-1.981,11.87));
#2483 = DIRECTION('',(0.,0.,1.));
#2484 = DIRECTION('',(1.,0.,-0.));
#2485 = DEFINITIONAL_REPRESENTATION('',(#2486),#2490);
#2486 = LINE('',#2487,#2488);
#2487 = CARTESIAN_POINT('',(0.,1.E-01));
#2488 = VECTOR('',#2489,1.);
#2489 = DIRECTION('',(1.,0.));
#2490 = ( GEOMETRIC_REPRESENTATION_CONTEXT(2) 
PARAMETRIC_REPRESENTATION_CONTEXT() REPRESENTATION_CONTEXT('2D SPACE',''
  ) );
#2491 = ADVANCED_FACE('',(#2492,#2495),#1568,.T.);
#2492 = FACE_BOUND('',#2493,.T.);
#2493 = EDGE_LOOP('',(#2494));
#2494 = ORIENTED_EDGE('',*,*,#1551,.T.);
#2495 = FACE_BOUND('',#2496,.T.);
#2496 = EDGE_LOOP('',(#2497));
#2497 = ORIENTED_EDGE('',*,*,#2498,.F.);
#2498 = EDGE_CURVE('',#2499,#2499,#2501,.T.);
#2499 = VERTEX_POINT('',#2500);
#2500 = CARTESIAN_POINT('',(-3.78445,-5.291698819116E-17,11.97));
#2501 = SURFACE_CURVE('',#2502,(#2507,#2514),.PCURVE_S1.);
#2502 = CIRCLE('',#2503,0.21605);
#2503 = AXIS2_PLACEMENT_3D('',#2504,#2505,#2506);
#2504 = CARTESIAN_POINT('',(-4.0005,0.,11.97));
#2505 = DIRECTION('',(0.,0.,1.));
#2506 = DIRECTION('',(1.,0.,-0.));
#2507 = PCURVE('',#1568,#2508);
#2508 = DEFINITIONAL_REPRESENTATION('',(#2509),#2513);
#2509 = CIRCLE('',#2510,0.21605);
#2510 = AXIS2_PLACEMENT_2D('',#2511,#2512);
#2511 = CARTESIAN_POINT('',(0.,0.));
#2512 = DIRECTION('',(1.,0.));
#2513 = ( GEOMETRIC_REPRESENTATION_CONTEXT(2) 
PARAMETRIC_REPRESENTATION_CONTEXT() REPRESENTATION_CONTEXT('2D SPACE',''
  ) );
#2514 = PCURVE('',#2515,#2520);
#2515 = CYLINDRICAL_SURFACE('',#2516,0.21605);
#2516 = AXIS2_PLACEMENT_3D('',#2517,#2518,#2519);
#2517 = CARTESIAN_POINT('',(-4.0005,0.,11.87));
#2518 = DIRECTION('',(0.,0.,1.));
#2519 = DIRECTION('',(1.,0.,-0.));
#2520 = DEFINITIONAL_REPRESENTATION('',(#2521),#2525);
#2521 = LINE('',#2522,#2523);
#2522 = CARTESIAN_POINT('',(0.,1.E-01));
#2523 = VECTOR('',#2524,1.);
#2524 = DIRECTION('',(1.,0.));
#2525 = ( GEOMETRIC_REPRESENTATION_CONTEXT(2) 
PARAMETRIC_REPRESENTATION_CONTEXT() REPRESENTATION_CONTEXT('2D SPACE',''
  ) );
#2526 = ADVANCED_FACE('',(#2527,#2530),#1623,.T.);
#2527 = FACE_BOUND('',#2528,.T.);
#2528 = EDGE_LOOP('',(#2529));
#2529 = ORIENTED_EDGE('',*,*,#1606,.T.);
#2530 = FACE_BOUND('',#2531,.T.);
#2531 = EDGE_LOOP('',(#2532));
#2532 = ORIENTED_EDGE('',*,*,#2533,.F.);
#2533 = EDGE_CURVE('',#2534,#2534,#2536,.T.);
#2534 = VERTEX_POINT('',#2535);
#2535 = CARTESIAN_POINT('',(-1.49845,-5.291698819116E-17,11.97));
#2536 = SURFACE_CURVE('',#2537,(#2542,#2549),.PCURVE_S1.);
#2537 = CIRCLE('',#2538,0.21605);
#2538 = AXIS2_PLACEMENT_3D('',#2539,#2540,#2541);
#2539 = CARTESIAN_POINT('',(-1.7145,0.,11.97));
#2540 = DIRECTION('',(0.,0.,1.));
#2541 = DIRECTION('',(1.,0.,-0.));
#2542 = PCURVE('',#1623,#2543);
#2543 = DEFINITIONAL_REPRESENTATION('',(#2544),#2548);
#2544 = CIRCLE('',#2545,0.21605);
#2545 = AXIS2_PLACEMENT_2D('',#2546,#2547);
#2546 = CARTESIAN_POINT('',(0.,0.));
#2547 = DIRECTION('',(1.,0.));
#2548 = ( GEOMETRIC_REPRESENTATION_CONTEXT(2) 
PARAMETRIC_REPRESENTATION_CONTEXT() REPRESENTATION_CONTEXT('2D SPACE',''
  ) );
#2549 = PCURVE('',#2550,#2555);
#2550 = CYLINDRICAL_SURFACE('',#2551,0.21605);
#2551 = AXIS2_PLACEMENT_3D('',#2552,#2553,#2554);
#2552 = CARTESIAN_POINT('',(-1.7145,0.,11.87));
#2553 = DIRECTION('',(0.,0.,1.));
#2554 = DIRECTION('',(1.,0.,-0.));
#2555 = DEFINITIONAL_REPRESENTATION('',(#2556),#2560);
#2556 = LINE('',#2557,#2558);
#2557 = CARTESIAN_POINT('',(0.,1.E-01));
#2558 = VECTOR('',#2559,1.);
#2559 = DIRECTION('',(1.,0.));
#2560 = ( GEOMETRIC_REPRESENTATION_CONTEXT(2) 
PARAMETRIC_REPRESENTATION_CONTEXT() REPRESENTATION_CONTEXT('2D SPACE',''
  ) );
#2561 = ADVANCED_FACE('',(#2562,#2565),#1678,.T.);
#2562 = FACE_BOUND('',#2563,.T.);
#2563 = EDGE_LOOP('',(#2564));
#2564 = ORIENTED_EDGE('',*,*,#1661,.T.);
#2565 = FACE_BOUND('',#2566,.T.);
#2566 = EDGE_LOOP('',(#2567));
#2567 = ORIENTED_EDGE('',*,*,#2568,.F.);
#2568 = EDGE_CURVE('',#2569,#2569,#2571,.T.);
#2569 = VERTEX_POINT('',#2570);
#2570 = CARTESIAN_POINT('',(-2.64145,1.981,11.97));
#2571 = SURFACE_CURVE('',#2572,(#2577,#2584),.PCURVE_S1.);
#2572 = CIRCLE('',#2573,0.21605);
#2573 = AXIS2_PLACEMENT_3D('',#2574,#2575,#2576);
#2574 = CARTESIAN_POINT('',(-2.8575,1.981,11.97));
#2575 = DIRECTION('',(0.,0.,1.));
#2576 = DIRECTION('',(1.,0.,-0.));
#2577 = PCURVE('',#1678,#2578);
#2578 = DEFINITIONAL_REPRESENTATION('',(#2579),#2583);
#2579 = CIRCLE('',#2580,0.21605);
#2580 = AXIS2_PLACEMENT_2D('',#2581,#2582);
#2581 = CARTESIAN_POINT('',(0.,0.));
#2582 = DIRECTION('',(1.,0.));
#2583 = ( GEOMETRIC_REPRESENTATION_CONTEXT(2) 
PARAMETRIC_REPRESENTATION_CONTEXT() REPRESENTATION_CONTEXT('2D SPACE',''
  ) );
#2584 = PCURVE('',#2585,#2590);
#2585 = CYLINDRICAL_SURFACE('',#2586,0.21605);
#2586 = AXIS2_PLACEMENT_3D('',#2587,#2588,#2589);
#2587 = CARTESIAN_POINT('',(-2.8575,1.981,11.87));
#2588 = DIRECTION('',(0.,0.,1.));
#2589 = DIRECTION('',(1.,0.,-0.));
#2590 = DEFINITIONAL_REPRESENTATION('',(#2591),#2595);
#2591 = LINE('',#2592,#2593);
#2592 = CARTESIAN_POINT('',(0.,1.E-01));
#2593 = VECTOR('',#2594,1.);
#2594 = DIRECTION('',(1.,0.));
#2595 = ( GEOMETRIC_REPRESENTATION_CONTEXT(2) 
PARAMETRIC_REPRESENTATION_CONTEXT() REPRESENTATION_CONTEXT('2D SPACE',''
  ) );
#2596 = ADVANCED_FACE('',(#2597,#2600),#1733,.T.);
#2597 = FACE_BOUND('',#2598,.T.);
#2598 = EDGE_LOOP('',(#2599));
#2599 = ORIENTED_EDGE('',*,*,#1716,.T.);
#2600 = FACE_BOUND('',#2601,.T.);
#2601 = EDGE_LOOP('',(#2602));
#2602 = ORIENTED_EDGE('',*,*,#2603,.F.);
#2603 = EDGE_CURVE('',#2604,#2604,#2606,.T.);
#2604 = VERTEX_POINT('',#2605);
#2605 = CARTESIAN_POINT('',(-0.35545,1.981,11.97));
#2606 = SURFACE_CURVE('',#2607,(#2612,#2619),.PCURVE_S1.);
#2607 = CIRCLE('',#2608,0.21605);
#2608 = AXIS2_PLACEMENT_3D('',#2609,#2610,#2611);
#2609 = CARTESIAN_POINT('',(-0.5715,1.981,11.97));
#2610 = DIRECTION('',(0.,0.,1.));
#2611 = DIRECTION('',(1.,0.,-0.));
#2612 = PCURVE('',#1733,#2613);
#2613 = DEFINITIONAL_REPRESENTATION('',(#2614),#2618);
#2614 = CIRCLE('',#2615,0.21605);
#2615 = AXIS2_PLACEMENT_2D('',#2616,#2617);
#2616 = CARTESIAN_POINT('',(0.,0.));
#2617 = DIRECTION('',(1.,0.));
#2618 = ( GEOMETRIC_REPRESENTATION_CONTEXT(2) 
PARAMETRIC_REPRESENTATION_CONTEXT() REPRESENTATION_CONTEXT('2D SPACE',''
  ) );
#2619 = PCURVE('',#2620,#2625);
#2620 = CYLINDRICAL_SURFACE('',#2621,0.21605);
#2621 = AXIS2_PLACEMENT_3D('',#2622,#2623,#2624);
#2622 = CARTESIAN_POINT('',(-0.5715,1.981,11.87));
#2623 = DIRECTION('',(0.,0.,1.));
#2624 = DIRECTION('',(1.,0.,-0.));
#2625 = DEFINITIONAL_REPRESENTATION('',(#2626),#2630);
#2626 = LINE('',#2627,#2628);
#2627 = CARTESIAN_POINT('',(0.,1.E-01));
#2628 = VECTOR('',#2629,1.);
#2629 = DIRECTION('',(1.,0.));
#2630 = ( GEOMETRIC_REPRESENTATION_CONTEXT(2) 
PARAMETRIC_REPRESENTATION_CONTEXT() REPRESENTATION_CONTEXT('2D SPACE',''
  ) );
#2631 = ADVANCED_FACE('',(#2632,#2635),#1788,.T.);
#2632 = FACE_BOUND('',#2633,.T.);
#2633 = EDGE_LOOP('',(#2634));
#2634 = ORIENTED_EDGE('',*,*,#1771,.T.);
#2635 = FACE_BOUND('',#2636,.T.);
#2636 = EDGE_LOOP('',(#2637));
#2637 = ORIENTED_EDGE('',*,*,#2638,.F.);
#2638 = EDGE_CURVE('',#2639,#2639,#2641,.T.);
#2639 = VERTEX_POINT('',#2640);
#2640 = CARTESIAN_POINT('',(0.78755,-5.291698819116E-17,11.97));
#2641 = SURFACE_CURVE('',#2642,(#2647,#2654),.PCURVE_S1.);
#2642 = CIRCLE('',#2643,0.21605);
#2643 = AXIS2_PLACEMENT_3D('',#2644,#2645,#2646);
#2644 = CARTESIAN_POINT('',(0.5715,0.,11.97));
#2645 = DIRECTION('',(0.,0.,1.));
#2646 = DIRECTION('',(1.,0.,-0.));
#2647 = PCURVE('',#1788,#2648);
#2648 = DEFINITIONAL_REPRESENTATION('',(#2649),#2653);
#2649 = CIRCLE('',#2650,0.21605);
#2650 = AXIS2_PLACEMENT_2D('',#2651,#2652);
#2651 = CARTESIAN_POINT('',(0.,0.));
#2652 = DIRECTION('',(1.,0.));
#2653 = ( GEOMETRIC_REPRESENTATION_CONTEXT(2) 
PARAMETRIC_REPRESENTATION_CONTEXT() REPRESENTATION_CONTEXT('2D SPACE',''
  ) );
#2654 = PCURVE('',#2655,#2660);
#2655 = CYLINDRICAL_SURFACE('',#2656,0.21605);
#2656 = AXIS2_PLACEMENT_3D('',#2657,#2658,#2659);
#2657 = CARTESIAN_POINT('',(0.5715,0.,11.87));
#2658 = DIRECTION('',(0.,0.,1.));
#2659 = DIRECTION('',(1.,0.,-0.));
#2660 = DEFINITIONAL_REPRESENTATION('',(#2661),#2665);
#2661 = LINE('',#2662,#2663);
#2662 = CARTESIAN_POINT('',(0.,1.E-01));
#2663 = VECTOR('',#2664,1.);
#2664 = DIRECTION('',(1.,0.));
#2665 = ( GEOMETRIC_REPRESENTATION_CONTEXT(2) 
PARAMETRIC_REPRESENTATION_CONTEXT() REPRESENTATION_CONTEXT('2D SPACE',''
  ) );
#2666 = ADVANCED_FACE('',(#2667,#2670),#1843,.T.);
#2667 = FACE_BOUND('',#2668,.T.);
#2668 = EDGE_LOOP('',(#2669));
#2669 = ORIENTED_EDGE('',*,*,#1826,.T.);
#2670 = FACE_BOUND('',#2671,.T.);
#2671 = EDGE_LOOP('',(#2672));
#2672 = ORIENTED_EDGE('',*,*,#2673,.F.);
#2673 = EDGE_CURVE('',#2674,#2674,#2676,.T.);
#2674 = VERTEX_POINT('',#2675);
#2675 = CARTESIAN_POINT('',(3.07355,-5.291698819116E-17,11.97));
#2676 = SURFACE_CURVE('',#2677,(#2682,#2689),.PCURVE_S1.);
#2677 = CIRCLE('',#2678,0.21605);
#2678 = AXIS2_PLACEMENT_3D('',#2679,#2680,#2681);
#2679 = CARTESIAN_POINT('',(2.8575,0.,11.97));
#2680 = DIRECTION('',(0.,0.,1.));
#2681 = DIRECTION('',(1.,0.,-0.));
#2682 = PCURVE('',#1843,#2683);
#2683 = DEFINITIONAL_REPRESENTATION('',(#2684),#2688);
#2684 = CIRCLE('',#2685,0.21605);
#2685 = AXIS2_PLACEMENT_2D('',#2686,#2687);
#2686 = CARTESIAN_POINT('',(0.,0.));
#2687 = DIRECTION('',(1.,0.));
#2688 = ( GEOMETRIC_REPRESENTATION_CONTEXT(2) 
PARAMETRIC_REPRESENTATION_CONTEXT() REPRESENTATION_CONTEXT('2D SPACE',''
  ) );
#2689 = PCURVE('',#2690,#2695);
#2690 = CYLINDRICAL_SURFACE('',#2691,0.21605);
#2691 = AXIS2_PLACEMENT_3D('',#2692,#2693,#2694);
#2692 = CARTESIAN_POINT('',(2.8575,0.,11.87));
#2693 = DIRECTION('',(0.,0.,1.));
#2694 = DIRECTION('',(1.,0.,-0.));
#2695 = DEFINITIONAL_REPRESENTATION('',(#2696),#2700);
#2696 = LINE('',#2697,#2698);
#2697 = CARTESIAN_POINT('',(0.,1.E-01));
#2698 = VECTOR('',#2699,1.);
#2699 = DIRECTION('',(1.,0.));
#2700 = ( GEOMETRIC_REPRESENTATION_CONTEXT(2) 
PARAMETRIC_REPRESENTATION_CONTEXT() REPRESENTATION_CONTEXT('2D SPACE',''
  ) );
#2701 = ADVANCED_FACE('',(#2702,#2705),#1898,.T.);
#2702 = FACE_BOUND('',#2703,.T.);
#2703 = EDGE_LOOP('',(#2704));
#2704 = ORIENTED_EDGE('',*,*,#1881,.T.);
#2705 = FACE_BOUND('',#2706,.T.);
#2706 = EDGE_LOOP('',(#2707));
#2707 = ORIENTED_EDGE('',*,*,#2708,.F.);
#2708 = EDGE_CURVE('',#2709,#2709,#2711,.T.);
#2709 = VERTEX_POINT('',#2710);
#2710 = CARTESIAN_POINT('',(5.35955,-5.291698819116E-17,11.97));
#2711 = SURFACE_CURVE('',#2712,(#2717,#2724),.PCURVE_S1.);
#2712 = CIRCLE('',#2713,0.21605);
#2713 = AXIS2_PLACEMENT_3D('',#2714,#2715,#2716);
#2714 = CARTESIAN_POINT('',(5.1435,0.,11.97));
#2715 = DIRECTION('',(0.,0.,1.));
#2716 = DIRECTION('',(1.,0.,-0.));
#2717 = PCURVE('',#1898,#2718);
#2718 = DEFINITIONAL_REPRESENTATION('',(#2719),#2723);
#2719 = CIRCLE('',#2720,0.21605);
#2720 = AXIS2_PLACEMENT_2D('',#2721,#2722);
#2721 = CARTESIAN_POINT('',(0.,0.));
#2722 = DIRECTION('',(1.,0.));
#2723 = ( GEOMETRIC_REPRESENTATION_CONTEXT(2) 
PARAMETRIC_REPRESENTATION_CONTEXT() REPRESENTATION_CONTEXT('2D SPACE',''
  ) );
#2724 = PCURVE('',#2725,#2730);
#2725 = CYLINDRICAL_SURFACE('',#2726,0.21605);
#2726 = AXIS2_PLACEMENT_3D('',#2727,#2728,#2729);
#2727 = CARTESIAN_POINT('',(5.1435,0.,11.87));
#2728 = DIRECTION('',(0.,0.,1.));
#2729 = DIRECTION('',(1.,0.,-0.));
#2730 = DEFINITIONAL_REPRESENTATION('',(#2731),#2735);
#2731 = LINE('',#2732,#2733);
#2732 = CARTESIAN_POINT('',(0.,1.E-01));
#2733 = VECTOR('',#2734,1.);
#2734 = DIRECTION('',(1.,0.));
#2735 = ( GEOMETRIC_REPRESENTATION_CONTEXT(2) 
PARAMETRIC_REPRESENTATION_CONTEXT() REPRESENTATION_CONTEXT('2D SPACE',''
  ) );
#2736 = ADVANCED_FACE('',(#2737,#2740),#1953,.T.);
#2737 = FACE_BOUND('',#2738,.T.);
#2738 = EDGE_LOOP('',(#2739));
#2739 = ORIENTED_EDGE('',*,*,#1936,.T.);
#2740 = FACE_BOUND('',#2741,.T.);
#2741 = EDGE_LOOP('',(#2742));
#2742 = ORIENTED_EDGE('',*,*,#2743,.F.);
#2743 = EDGE_CURVE('',#2744,#2744,#2746,.T.);
#2744 = VERTEX_POINT('',#2745);
#2745 = CARTESIAN_POINT('',(1.93055,1.981,11.97));
#2746 = SURFACE_CURVE('',#2747,(#2752,#2759),.PCURVE_S1.);
#2747 = CIRCLE('',#2748,0.21605);
#2748 = AXIS2_PLACEMENT_3D('',#2749,#2750,#2751);
#2749 = CARTESIAN_POINT('',(1.7145,1.981,11.97));
#2750 = DIRECTION('',(0.,0.,1.));
#2751 = DIRECTION('',(1.,0.,-0.));
#2752 = PCURVE('',#1953,#2753);
#2753 = DEFINITIONAL_REPRESENTATION('',(#2754),#2758);
#2754 = CIRCLE('',#2755,0.21605);
#2755 = AXIS2_PLACEMENT_2D('',#2756,#2757);
#2756 = CARTESIAN_POINT('',(0.,0.));
#2757 = DIRECTION('',(1.,0.));
#2758 = ( GEOMETRIC_REPRESENTATION_CONTEXT(2) 
PARAMETRIC_REPRESENTATION_CONTEXT() REPRESENTATION_CONTEXT('2D SPACE',''
  ) );
#2759 = PCURVE('',#2760,#2765);
#2760 = CYLINDRICAL_SURFACE('',#2761,0.21605);
#2761 = AXIS2_PLACEMENT_3D('',#2762,#2763,#2764);
#2762 = CARTESIAN_POINT('',(1.7145,1.981,11.87));
#2763 = DIRECTION('',(0.,0.,1.));
#2764 = DIRECTION('',(1.,0.,-0.));
#2765 = DEFINITIONAL_REPRESENTATION('',(#2766),#2770);
#2766 = LINE('',#2767,#2768);
#2767 = CARTESIAN_POINT('',(0.,1.E-01));
#2768 = VECTOR('',#2769,1.);
#2769 = DIRECTION('',(1.,0.));
#2770 = ( GEOMETRIC_REPRESENTATION_CONTEXT(2) 
PARAMETRIC_REPRESENTATION_CONTEXT() REPRESENTATION_CONTEXT('2D SPACE',''
  ) );
#2771 = ADVANCED_FACE('',(#2772,#2775),#2008,.T.);
#2772 = FACE_BOUND('',#2773,.T.);
#2773 = EDGE_LOOP('',(#2774));
#2774 = ORIENTED_EDGE('',*,*,#1991,.T.);
#2775 = FACE_BOUND('',#2776,.T.);
#2776 = EDGE_LOOP('',(#2777));
#2777 = ORIENTED_EDGE('',*,*,#2778,.F.);
#2778 = EDGE_CURVE('',#2779,#2779,#2781,.T.);
#2779 = VERTEX_POINT('',#2780);
#2780 = CARTESIAN_POINT('',(4.21655,1.981,11.97));
#2781 = SURFACE_CURVE('',#2782,(#2787,#2794),.PCURVE_S1.);
#2782 = CIRCLE('',#2783,0.21605);
#2783 = AXIS2_PLACEMENT_3D('',#2784,#2785,#2786);
#2784 = CARTESIAN_POINT('',(4.0005,1.981,11.97));
#2785 = DIRECTION('',(0.,0.,1.));
#2786 = DIRECTION('',(1.,0.,-0.));
#2787 = PCURVE('',#2008,#2788);
#2788 = DEFINITIONAL_REPRESENTATION('',(#2789),#2793);
#2789 = CIRCLE('',#2790,0.21605);
#2790 = AXIS2_PLACEMENT_2D('',#2791,#2792);
#2791 = CARTESIAN_POINT('',(0.,0.));
#2792 = DIRECTION('',(1.,0.));
#2793 = ( GEOMETRIC_REPRESENTATION_CONTEXT(2) 
PARAMETRIC_REPRESENTATION_CONTEXT() REPRESENTATION_CONTEXT('2D SPACE',''
  ) );
#2794 = PCURVE('',#2795,#2800);
#2795 = CYLINDRICAL_SURFACE('',#2796,0.21605);
#2796 = AXIS2_PLACEMENT_3D('',#2797,#2798,#2799);
#2797 = CARTESIAN_POINT('',(4.0005,1.981,11.87));
#2798 = DIRECTION('',(0.,0.,1.));
#2799 = DIRECTION('',(1.,0.,-0.));
#2800 = DEFINITIONAL_REPRESENTATION('',(#2801),#2805);
#2801 = LINE('',#2802,#2803);
#2802 = CARTESIAN_POINT('',(0.,1.E-01));
#2803 = VECTOR('',#2804,1.);
#2804 = DIRECTION('',(1.,0.));
#2805 = ( GEOMETRIC_REPRESENTATION_CONTEXT(2) 
PARAMETRIC_REPRESENTATION_CONTEXT() REPRESENTATION_CONTEXT('2D SPACE',''
  ) );
#2806 = ADVANCED_FACE('',(#2807),#2093,.F.);
#2807 = FACE_BOUND('',#2808,.F.);
#2808 = EDGE_LOOP('',(#2809,#2839,#2860,#2861));
#2809 = ORIENTED_EDGE('',*,*,#2810,.F.);
#2810 = EDGE_CURVE('',#2811,#2813,#2815,.T.);
#2811 = VERTEX_POINT('',#2812);
#2812 = CARTESIAN_POINT('',(-6.109464877158,-4.365,9.71));
#2813 = VERTEX_POINT('',#2814);
#2814 = CARTESIAN_POINT('',(6.109464877158,-4.365,9.71));
#2815 = SURFACE_CURVE('',#2816,(#2820,#2827),.PCURVE_S1.);
#2816 = LINE('',#2817,#2818);
#2817 = CARTESIAN_POINT('',(-6.95049,-4.365,9.71));
#2818 = VECTOR('',#2819,1.);
#2819 = DIRECTION('',(1.,0.,0.));
#2820 = PCURVE('',#2093,#2821);
#2821 = DEFINITIONAL_REPRESENTATION('',(#2822),#2826);
#2822 = LINE('',#2823,#2824);
#2823 = CARTESIAN_POINT('',(0.,0.));
#2824 = VECTOR('',#2825,1.);
#2825 = DIRECTION('',(1.,0.));
#2826 = ( GEOMETRIC_REPRESENTATION_CONTEXT(2) 
PARAMETRIC_REPRESENTATION_CONTEXT() REPRESENTATION_CONTEXT('2D SPACE',''
  ) );
#2827 = PCURVE('',#2828,#2833);
#2828 = PLANE('',#2829);
#2829 = AXIS2_PLACEMENT_3D('',#2830,#2831,#2832);
#2830 = CARTESIAN_POINT('',(-2.511504274031E-16,0.355369293517,9.71));
#2831 = DIRECTION('',(0.,0.,1.));
#2832 = DIRECTION('',(1.,0.,-0.));
#2833 = DEFINITIONAL_REPRESENTATION('',(#2834),#2838);
#2834 = LINE('',#2835,#2836);
#2835 = CARTESIAN_POINT('',(-6.95049,-4.720369293517));
#2836 = VECTOR('',#2837,1.);
#2837 = DIRECTION('',(1.,0.));
#2838 = ( GEOMETRIC_REPRESENTATION_CONTEXT(2) 
PARAMETRIC_REPRESENTATION_CONTEXT() REPRESENTATION_CONTEXT('2D SPACE',''
  ) );
#2839 = ORIENTED_EDGE('',*,*,#2840,.T.);
#2840 = EDGE_CURVE('',#2811,#2076,#2841,.T.);
#2841 = SURFACE_CURVE('',#2842,(#2846,#2853),.PCURVE_S1.);
#2842 = LINE('',#2843,#2844);
#2843 = CARTESIAN_POINT('',(-6.109464877158,-4.365,9.71));
#2844 = VECTOR('',#2845,1.);
#2845 = DIRECTION('',(0.,0.,1.));
#2846 = PCURVE('',#2093,#2847);
#2847 = DEFINITIONAL_REPRESENTATION('',(#2848),#2852);
#2848 = LINE('',#2849,#2850);
#2849 = CARTESIAN_POINT('',(0.841025122842,0.));
#2850 = VECTOR('',#2851,1.);
#2851 = DIRECTION('',(0.,-1.));
#2852 = ( GEOMETRIC_REPRESENTATION_CONTEXT(2) 
PARAMETRIC_REPRESENTATION_CONTEXT() REPRESENTATION_CONTEXT('2D SPACE',''
  ) );
#2853 = PCURVE('',#2295,#2854);
#2854 = DEFINITIONAL_REPRESENTATION('',(#2855),#2859);
#2855 = LINE('',#2856,#2857);
#2856 = CARTESIAN_POINT('',(-0.,0.));
#2857 = VECTOR('',#2858,1.);
#2858 = DIRECTION('',(-0.,1.));
#2859 = ( GEOMETRIC_REPRESENTATION_CONTEXT(2) 
PARAMETRIC_REPRESENTATION_CONTEXT() REPRESENTATION_CONTEXT('2D SPACE',''
  ) );
#2860 = ORIENTED_EDGE('',*,*,#2075,.T.);
#2861 = ORIENTED_EDGE('',*,*,#2862,.F.);
#2862 = EDGE_CURVE('',#2813,#2078,#2863,.T.);
#2863 = SURFACE_CURVE('',#2864,(#2868,#2875),.PCURVE_S1.);
#2864 = LINE('',#2865,#2866);
#2865 = CARTESIAN_POINT('',(6.109464877158,-4.365,9.71));
#2866 = VECTOR('',#2867,1.);
#2867 = DIRECTION('',(0.,0.,1.));
#2868 = PCURVE('',#2093,#2869);
#2869 = DEFINITIONAL_REPRESENTATION('',(#2870),#2874);
#2870 = LINE('',#2871,#2872);
#2871 = CARTESIAN_POINT('',(13.059954877158,0.));
#2872 = VECTOR('',#2873,1.);
#2873 = DIRECTION('',(0.,-1.));
#2874 = ( GEOMETRIC_REPRESENTATION_CONTEXT(2) 
PARAMETRIC_REPRESENTATION_CONTEXT() REPRESENTATION_CONTEXT('2D SPACE',''
  ) );
#2875 = PCURVE('',#2122,#2876);
#2876 = DEFINITIONAL_REPRESENTATION('',(#2877),#2881);
#2877 = LINE('',#2878,#2879);
#2878 = CARTESIAN_POINT('',(0.,0.));
#2879 = VECTOR('',#2880,1.);
#2880 = DIRECTION('',(0.,1.));
#2881 = ( GEOMETRIC_REPRESENTATION_CONTEXT(2) 
PARAMETRIC_REPRESENTATION_CONTEXT() REPRESENTATION_CONTEXT('2D SPACE',''
  ) );
#2882 = ADVANCED_FACE('',(#2883),#2295,.T.);
#2883 = FACE_BOUND('',#2884,.F.);
#2884 = EDGE_LOOP('',(#2885,#2913,#2934,#2935));
#2885 = ORIENTED_EDGE('',*,*,#2886,.T.);
#2886 = EDGE_CURVE('',#2811,#2887,#2889,.T.);
#2887 = VERTEX_POINT('',#2888);
#2888 = CARTESIAN_POINT('',(-7.094662166857,-3.536424328408,9.71));
#2889 = SURFACE_CURVE('',#2890,(#2895,#2902),.PCURVE_S1.);
#2890 = CIRCLE('',#2891,1.);
#2891 = AXIS2_PLACEMENT_3D('',#2892,#2893,#2894);
#2892 = CARTESIAN_POINT('',(-6.109464877158,-3.365,9.71));
#2893 = DIRECTION('',(-0.,-0.,-1.));
#2894 = DIRECTION('',(0.,-1.,0.));
#2895 = PCURVE('',#2295,#2896);
#2896 = DEFINITIONAL_REPRESENTATION('',(#2897),#2901);
#2897 = LINE('',#2898,#2899);
#2898 = CARTESIAN_POINT('',(-0.,0.));
#2899 = VECTOR('',#2900,1.);
#2900 = DIRECTION('',(-1.,0.));
#2901 = ( GEOMETRIC_REPRESENTATION_CONTEXT(2) 
PARAMETRIC_REPRESENTATION_CONTEXT() REPRESENTATION_CONTEXT('2D SPACE',''
  ) );
#2902 = PCURVE('',#2828,#2903);
#2903 = DEFINITIONAL_REPRESENTATION('',(#2904),#2912);
#2904 = ( BOUNDED_CURVE() B_SPLINE_CURVE(2,(#2905,#2906,#2907,#2908,
#2909,#2910,#2911),.UNSPECIFIED.,.T.,.F.) B_SPLINE_CURVE_WITH_KNOTS((1,2
    ,2,2,2,1),(-2.094395102393,0.,2.094395102393,4.188790204786,
6.28318530718,8.377580409573),.UNSPECIFIED.) CURVE() 
GEOMETRIC_REPRESENTATION_ITEM() RATIONAL_B_SPLINE_CURVE((1.,0.5,1.,0.5,
1.,0.5,1.)) REPRESENTATION_ITEM('') );
#2905 = CARTESIAN_POINT('',(-6.109464877158,-4.720369293517));
#2906 = CARTESIAN_POINT('',(-7.841515684727,-4.720369293517));
#2907 = CARTESIAN_POINT('',(-6.975490280943,-3.220369293517));
#2908 = CARTESIAN_POINT('',(-6.109464877158,-1.720369293517));
#2909 = CARTESIAN_POINT('',(-5.243439473374,-3.220369293517));
#2910 = CARTESIAN_POINT('',(-4.377414069589,-4.720369293517));
#2911 = CARTESIAN_POINT('',(-6.109464877158,-4.720369293517));
#2912 = ( GEOMETRIC_REPRESENTATION_CONTEXT(2) 
PARAMETRIC_REPRESENTATION_CONTEXT() REPRESENTATION_CONTEXT('2D SPACE',''
  ) );
#2913 = ORIENTED_EDGE('',*,*,#2914,.T.);
#2914 = EDGE_CURVE('',#2887,#2249,#2915,.T.);
#2915 = SURFACE_CURVE('',#2916,(#2920,#2927),.PCURVE_S1.);
#2916 = LINE('',#2917,#2918);
#2917 = CARTESIAN_POINT('',(-7.094662166857,-3.536424328408,9.71));
#2918 = VECTOR('',#2919,1.);
#2919 = DIRECTION('',(0.,0.,1.));
#2920 = PCURVE('',#2295,#2921);
#2921 = DEFINITIONAL_REPRESENTATION('',(#2922),#2926);
#2922 = LINE('',#2923,#2924);
#2923 = CARTESIAN_POINT('',(-1.398521109841,0.));
#2924 = VECTOR('',#2925,1.);
#2925 = DIRECTION('',(-0.,1.));
#2926 = ( GEOMETRIC_REPRESENTATION_CONTEXT(2) 
PARAMETRIC_REPRESENTATION_CONTEXT() REPRESENTATION_CONTEXT('2D SPACE',''
  ) );
#2927 = PCURVE('',#2264,#2928);
#2928 = DEFINITIONAL_REPRESENTATION('',(#2929),#2933);
#2929 = LINE('',#2930,#2931);
#2930 = CARTESIAN_POINT('',(8.020144199567,0.));
#2931 = VECTOR('',#2932,1.);
#2932 = DIRECTION('',(0.,-1.));
#2933 = ( GEOMETRIC_REPRESENTATION_CONTEXT(2) 
PARAMETRIC_REPRESENTATION_CONTEXT() REPRESENTATION_CONTEXT('2D SPACE',''
  ) );
#2934 = ORIENTED_EDGE('',*,*,#2276,.F.);
#2935 = ORIENTED_EDGE('',*,*,#2840,.F.);
#2936 = ADVANCED_FACE('',(#2937),#2122,.T.);
#2937 = FACE_BOUND('',#2938,.T.);
#2938 = EDGE_LOOP('',(#2939,#2963,#2984,#2985));
#2939 = ORIENTED_EDGE('',*,*,#2940,.T.);
#2940 = EDGE_CURVE('',#2813,#2941,#2943,.T.);
#2941 = VERTEX_POINT('',#2942);
#2942 = CARTESIAN_POINT('',(7.094662166857,-3.536424328408,9.71));
#2943 = SURFACE_CURVE('',#2944,(#2949,#2956),.PCURVE_S1.);
#2944 = CIRCLE('',#2945,1.);
#2945 = AXIS2_PLACEMENT_3D('',#2946,#2947,#2948);
#2946 = CARTESIAN_POINT('',(6.109464877158,-3.365,9.71));
#2947 = DIRECTION('',(0.,0.,1.));
#2948 = DIRECTION('',(0.,-1.,0.));
#2949 = PCURVE('',#2122,#2950);
#2950 = DEFINITIONAL_REPRESENTATION('',(#2951),#2955);
#2951 = LINE('',#2952,#2953);
#2952 = CARTESIAN_POINT('',(0.,0.));
#2953 = VECTOR('',#2954,1.);
#2954 = DIRECTION('',(1.,0.));
#2955 = ( GEOMETRIC_REPRESENTATION_CONTEXT(2) 
PARAMETRIC_REPRESENTATION_CONTEXT() REPRESENTATION_CONTEXT('2D SPACE',''
  ) );
#2956 = PCURVE('',#2828,#2957);
#2957 = DEFINITIONAL_REPRESENTATION('',(#2958),#2962);
#2958 = CIRCLE('',#2959,1.);
#2959 = AXIS2_PLACEMENT_2D('',#2960,#2961);
#2960 = CARTESIAN_POINT('',(6.109464877158,-3.720369293517));
#2961 = DIRECTION('',(0.,-1.));
#2962 = ( GEOMETRIC_REPRESENTATION_CONTEXT(2) 
PARAMETRIC_REPRESENTATION_CONTEXT() REPRESENTATION_CONTEXT('2D SPACE',''
  ) );
#2963 = ORIENTED_EDGE('',*,*,#2964,.T.);
#2964 = EDGE_CURVE('',#2941,#2106,#2965,.T.);
#2965 = SURFACE_CURVE('',#2966,(#2970,#2977),.PCURVE_S1.);
#2966 = LINE('',#2967,#2968);
#2967 = CARTESIAN_POINT('',(7.094662166857,-3.536424328408,9.71));
#2968 = VECTOR('',#2969,1.);
#2969 = DIRECTION('',(0.,0.,1.));
#2970 = PCURVE('',#2122,#2971);
#2971 = DEFINITIONAL_REPRESENTATION('',(#2972),#2976);
#2972 = LINE('',#2973,#2974);
#2973 = CARTESIAN_POINT('',(1.398521109841,0.));
#2974 = VECTOR('',#2975,1.);
#2975 = DIRECTION('',(0.,1.));
#2976 = ( GEOMETRIC_REPRESENTATION_CONTEXT(2) 
PARAMETRIC_REPRESENTATION_CONTEXT() REPRESENTATION_CONTEXT('2D SPACE',''
  ) );
#2977 = PCURVE('',#2150,#2978);
#2978 = DEFINITIONAL_REPRESENTATION('',(#2979),#2983);
#2979 = LINE('',#2980,#2981);
#2980 = CARTESIAN_POINT('',(0.841025122842,0.));
#2981 = VECTOR('',#2982,1.);
#2982 = DIRECTION('',(0.,-1.));
#2983 = ( GEOMETRIC_REPRESENTATION_CONTEXT(2) 
PARAMETRIC_REPRESENTATION_CONTEXT() REPRESENTATION_CONTEXT('2D SPACE',''
  ) );
#2984 = ORIENTED_EDGE('',*,*,#2105,.F.);
#2985 = ORIENTED_EDGE('',*,*,#2862,.F.);
#2986 = ADVANCED_FACE('',(#2987),#2264,.F.);
#2987 = FACE_BOUND('',#2988,.F.);
#2988 = EDGE_LOOP('',(#2989,#3012,#3033,#3034));
#2989 = ORIENTED_EDGE('',*,*,#2990,.F.);
#2990 = EDGE_CURVE('',#2991,#2887,#2993,.T.);
#2991 = VERTEX_POINT('',#2992);
#2992 = CARTESIAN_POINT('',(-8.265682166857,3.193575671592,9.71));
#2993 = SURFACE_CURVE('',#2994,(#2998,#3005),.PCURVE_S1.);
#2994 = LINE('',#2995,#2996);
#2995 = CARTESIAN_POINT('',(-8.46951,4.365,9.71));
#2996 = VECTOR('',#2997,1.);
#2997 = DIRECTION('',(0.171424328408,-0.985197289699,0.));
#2998 = PCURVE('',#2264,#2999);
#2999 = DEFINITIONAL_REPRESENTATION('',(#3000),#3004);
#3000 = LINE('',#3001,#3002);
#3001 = CARTESIAN_POINT('',(0.,0.));
#3002 = VECTOR('',#3003,1.);
#3003 = DIRECTION('',(1.,0.));
#3004 = ( GEOMETRIC_REPRESENTATION_CONTEXT(2) 
PARAMETRIC_REPRESENTATION_CONTEXT() REPRESENTATION_CONTEXT('2D SPACE',''
  ) );
#3005 = PCURVE('',#2828,#3006);
#3006 = DEFINITIONAL_REPRESENTATION('',(#3007),#3011);
#3007 = LINE('',#3008,#3009);
#3008 = CARTESIAN_POINT('',(-8.46951,4.009630706483));
#3009 = VECTOR('',#3010,1.);
#3010 = DIRECTION('',(0.171424328408,-0.985197289699));
#3011 = ( GEOMETRIC_REPRESENTATION_CONTEXT(2) 
PARAMETRIC_REPRESENTATION_CONTEXT() REPRESENTATION_CONTEXT('2D SPACE',''
  ) );
#3012 = ORIENTED_EDGE('',*,*,#3013,.T.);
#3013 = EDGE_CURVE('',#2991,#2220,#3014,.T.);
#3014 = SURFACE_CURVE('',#3015,(#3019,#3026),.PCURVE_S1.);
#3015 = LINE('',#3016,#3017);
#3016 = CARTESIAN_POINT('',(-8.265682166857,3.193575671592,9.71));
#3017 = VECTOR('',#3018,1.);
#3018 = DIRECTION('',(0.,0.,1.));
#3019 = PCURVE('',#2264,#3020);
#3020 = DEFINITIONAL_REPRESENTATION('',(#3021),#3025);
#3021 = LINE('',#3022,#3023);
#3022 = CARTESIAN_POINT('',(1.189025122842,0.));
#3023 = VECTOR('',#3024,1.);
#3024 = DIRECTION('',(0.,-1.));
#3025 = ( GEOMETRIC_REPRESENTATION_CONTEXT(2) 
PARAMETRIC_REPRESENTATION_CONTEXT() REPRESENTATION_CONTEXT('2D SPACE',''
  ) );
#3026 = PCURVE('',#2236,#3027);
#3027 = DEFINITIONAL_REPRESENTATION('',(#3028),#3032);
#3028 = LINE('',#3029,#3030);
#3029 = CARTESIAN_POINT('',(1.743071543748,0.));
#3030 = VECTOR('',#3031,1.);
#3031 = DIRECTION('',(0.,1.));
#3032 = ( GEOMETRIC_REPRESENTATION_CONTEXT(2) 
PARAMETRIC_REPRESENTATION_CONTEXT() REPRESENTATION_CONTEXT('2D SPACE',''
  ) );
#3033 = ORIENTED_EDGE('',*,*,#2248,.T.);
#3034 = ORIENTED_EDGE('',*,*,#2914,.F.);
#3035 = ADVANCED_FACE('',(#3036),#2150,.F.);
#3036 = FACE_BOUND('',#3037,.F.);
#3037 = EDGE_LOOP('',(#3038,#3061,#3062,#3063));
#3038 = ORIENTED_EDGE('',*,*,#3039,.F.);
#3039 = EDGE_CURVE('',#2941,#3040,#3042,.T.);
#3040 = VERTEX_POINT('',#3041);
#3041 = CARTESIAN_POINT('',(8.265682166857,3.193575671592,9.71));
#3042 = SURFACE_CURVE('',#3043,(#3047,#3054),.PCURVE_S1.);
#3043 = LINE('',#3044,#3045);
#3044 = CARTESIAN_POINT('',(6.95049,-4.365,9.71));
#3045 = VECTOR('',#3046,1.);
#3046 = DIRECTION('',(0.171424328408,0.985197289699,0.));
#3047 = PCURVE('',#2150,#3048);
#3048 = DEFINITIONAL_REPRESENTATION('',(#3049),#3053);
#3049 = LINE('',#3050,#3051);
#3050 = CARTESIAN_POINT('',(0.,0.));
#3051 = VECTOR('',#3052,1.);
#3052 = DIRECTION('',(1.,0.));
#3053 = ( GEOMETRIC_REPRESENTATION_CONTEXT(2) 
PARAMETRIC_REPRESENTATION_CONTEXT() REPRESENTATION_CONTEXT('2D SPACE',''
  ) );
#3054 = PCURVE('',#2828,#3055);
#3055 = DEFINITIONAL_REPRESENTATION('',(#3056),#3060);
#3056 = LINE('',#3057,#3058);
#3057 = CARTESIAN_POINT('',(6.95049,-4.720369293517));
#3058 = VECTOR('',#3059,1.);
#3059 = DIRECTION('',(0.171424328408,0.985197289699));
#3060 = ( GEOMETRIC_REPRESENTATION_CONTEXT(2) 
PARAMETRIC_REPRESENTATION_CONTEXT() REPRESENTATION_CONTEXT('2D SPACE',''
  ) );
#3061 = ORIENTED_EDGE('',*,*,#2964,.T.);
#3062 = ORIENTED_EDGE('',*,*,#2134,.T.);
#3063 = ORIENTED_EDGE('',*,*,#3064,.F.);
#3064 = EDGE_CURVE('',#3040,#2135,#3065,.T.);
#3065 = SURFACE_CURVE('',#3066,(#3070,#3077),.PCURVE_S1.);
#3066 = LINE('',#3067,#3068);
#3067 = CARTESIAN_POINT('',(8.265682166857,3.193575671592,9.71));
#3068 = VECTOR('',#3069,1.);
#3069 = DIRECTION('',(0.,0.,1.));
#3070 = PCURVE('',#2150,#3071);
#3071 = DEFINITIONAL_REPRESENTATION('',(#3072),#3076);
#3072 = LINE('',#3073,#3074);
#3073 = CARTESIAN_POINT('',(7.672144199567,0.));
#3074 = VECTOR('',#3075,1.);
#3075 = DIRECTION('',(0.,-1.));
#3076 = ( GEOMETRIC_REPRESENTATION_CONTEXT(2) 
PARAMETRIC_REPRESENTATION_CONTEXT() REPRESENTATION_CONTEXT('2D SPACE',''
  ) );
#3077 = PCURVE('',#2179,#3078);
#3078 = DEFINITIONAL_REPRESENTATION('',(#3079),#3083);
#3079 = LINE('',#3080,#3081);
#3080 = CARTESIAN_POINT('',(0.,0.));
#3081 = VECTOR('',#3082,1.);
#3082 = DIRECTION('',(0.,1.));
#3083 = ( GEOMETRIC_REPRESENTATION_CONTEXT(2) 
PARAMETRIC_REPRESENTATION_CONTEXT() REPRESENTATION_CONTEXT('2D SPACE',''
  ) );
#3084 = ADVANCED_FACE('',(#3085),#2236,.T.);
#3085 = FACE_BOUND('',#3086,.T.);
#3086 = EDGE_LOOP('',(#3087,#3111,#3112,#3113));
#3087 = ORIENTED_EDGE('',*,*,#3088,.T.);
#3088 = EDGE_CURVE('',#3089,#2991,#3091,.T.);
#3089 = VERTEX_POINT('',#3090);
#3090 = CARTESIAN_POINT('',(-7.280484877158,4.365,9.71));
#3091 = SURFACE_CURVE('',#3092,(#3097,#3104),.PCURVE_S1.);
#3092 = CIRCLE('',#3093,1.);
#3093 = AXIS2_PLACEMENT_3D('',#3094,#3095,#3096);
#3094 = CARTESIAN_POINT('',(-7.280484877158,3.365,9.71));
#3095 = DIRECTION('',(0.,0.,1.));
#3096 = DIRECTION('',(0.,-1.,0.));
#3097 = PCURVE('',#2236,#3098);
#3098 = DEFINITIONAL_REPRESENTATION('',(#3099),#3103);
#3099 = LINE('',#3100,#3101);
#3100 = CARTESIAN_POINT('',(-3.14159265359,0.));
#3101 = VECTOR('',#3102,1.);
#3102 = DIRECTION('',(1.,0.));
#3103 = ( GEOMETRIC_REPRESENTATION_CONTEXT(2) 
PARAMETRIC_REPRESENTATION_CONTEXT() REPRESENTATION_CONTEXT('2D SPACE',''
  ) );
#3104 = PCURVE('',#2828,#3105);
#3105 = DEFINITIONAL_REPRESENTATION('',(#3106),#3110);
#3106 = CIRCLE('',#3107,1.);
#3107 = AXIS2_PLACEMENT_2D('',#3108,#3109);
#3108 = CARTESIAN_POINT('',(-7.280484877158,3.009630706483));
#3109 = DIRECTION('',(0.,-1.));
#3110 = ( GEOMETRIC_REPRESENTATION_CONTEXT(2) 
PARAMETRIC_REPRESENTATION_CONTEXT() REPRESENTATION_CONTEXT('2D SPACE',''
  ) );
#3111 = ORIENTED_EDGE('',*,*,#3013,.T.);
#3112 = ORIENTED_EDGE('',*,*,#2219,.F.);
#3113 = ORIENTED_EDGE('',*,*,#3114,.F.);
#3114 = EDGE_CURVE('',#3089,#2192,#3115,.T.);
#3115 = SURFACE_CURVE('',#3116,(#3120,#3127),.PCURVE_S1.);
#3116 = LINE('',#3117,#3118);
#3117 = CARTESIAN_POINT('',(-7.280484877158,4.365,9.71));
#3118 = VECTOR('',#3119,1.);
#3119 = DIRECTION('',(0.,0.,1.));
#3120 = PCURVE('',#2236,#3121);
#3121 = DEFINITIONAL_REPRESENTATION('',(#3122),#3126);
#3122 = LINE('',#3123,#3124);
#3123 = CARTESIAN_POINT('',(0.,0.));
#3124 = VECTOR('',#3125,1.);
#3125 = DIRECTION('',(0.,1.));
#3126 = ( GEOMETRIC_REPRESENTATION_CONTEXT(2) 
PARAMETRIC_REPRESENTATION_CONTEXT() REPRESENTATION_CONTEXT('2D SPACE',''
  ) );
#3127 = PCURVE('',#2207,#3128);
#3128 = DEFINITIONAL_REPRESENTATION('',(#3129),#3133);
#3129 = LINE('',#3130,#3131);
#3130 = CARTESIAN_POINT('',(15.749994877158,0.));
#3131 = VECTOR('',#3132,1.);
#3132 = DIRECTION('',(0.,-1.));
#3133 = ( GEOMETRIC_REPRESENTATION_CONTEXT(2) 
PARAMETRIC_REPRESENTATION_CONTEXT() REPRESENTATION_CONTEXT('2D SPACE',''
  ) );
#3134 = ADVANCED_FACE('',(#3135),#2179,.T.);
#3135 = FACE_BOUND('',#3136,.T.);
#3136 = EDGE_LOOP('',(#3137,#3161,#3182,#3183));
#3137 = ORIENTED_EDGE('',*,*,#3138,.T.);
#3138 = EDGE_CURVE('',#3040,#3139,#3141,.T.);
#3139 = VERTEX_POINT('',#3140);
#3140 = CARTESIAN_POINT('',(7.280484877158,4.365,9.71));
#3141 = SURFACE_CURVE('',#3142,(#3147,#3154),.PCURVE_S1.);
#3142 = CIRCLE('',#3143,1.);
#3143 = AXIS2_PLACEMENT_3D('',#3144,#3145,#3146);
#3144 = CARTESIAN_POINT('',(7.280484877158,3.365,9.71));
#3145 = DIRECTION('',(0.,0.,1.));
#3146 = DIRECTION('',(0.,-1.,0.));
#3147 = PCURVE('',#2179,#3148);
#3148 = DEFINITIONAL_REPRESENTATION('',(#3149),#3153);
#3149 = LINE('',#3150,#3151);
#3150 = CARTESIAN_POINT('',(-1.398521109841,0.));
#3151 = VECTOR('',#3152,1.);
#3152 = DIRECTION('',(1.,0.));
#3153 = ( GEOMETRIC_REPRESENTATION_CONTEXT(2) 
PARAMETRIC_REPRESENTATION_CONTEXT() REPRESENTATION_CONTEXT('2D SPACE',''
  ) );
#3154 = PCURVE('',#2828,#3155);
#3155 = DEFINITIONAL_REPRESENTATION('',(#3156),#3160);
#3156 = CIRCLE('',#3157,1.);
#3157 = AXIS2_PLACEMENT_2D('',#3158,#3159);
#3158 = CARTESIAN_POINT('',(7.280484877158,3.009630706483));
#3159 = DIRECTION('',(0.,-1.));
#3160 = ( GEOMETRIC_REPRESENTATION_CONTEXT(2) 
PARAMETRIC_REPRESENTATION_CONTEXT() REPRESENTATION_CONTEXT('2D SPACE',''
  ) );
#3161 = ORIENTED_EDGE('',*,*,#3162,.T.);
#3162 = EDGE_CURVE('',#3139,#2163,#3163,.T.);
#3163 = SURFACE_CURVE('',#3164,(#3168,#3175),.PCURVE_S1.);
#3164 = LINE('',#3165,#3166);
#3165 = CARTESIAN_POINT('',(7.280484877158,4.365,9.71));
#3166 = VECTOR('',#3167,1.);
#3167 = DIRECTION('',(0.,0.,1.));
#3168 = PCURVE('',#2179,#3169);
#3169 = DEFINITIONAL_REPRESENTATION('',(#3170),#3174);
#3170 = LINE('',#3171,#3172);
#3171 = CARTESIAN_POINT('',(1.743071543748,0.));
#3172 = VECTOR('',#3173,1.);
#3173 = DIRECTION('',(0.,1.));
#3174 = ( GEOMETRIC_REPRESENTATION_CONTEXT(2) 
PARAMETRIC_REPRESENTATION_CONTEXT() REPRESENTATION_CONTEXT('2D SPACE',''
  ) );
#3175 = PCURVE('',#2207,#3176);
#3176 = DEFINITIONAL_REPRESENTATION('',(#3177),#3181);
#3177 = LINE('',#3178,#3179);
#3178 = CARTESIAN_POINT('',(1.189025122842,0.));
#3179 = VECTOR('',#3180,1.);
#3180 = DIRECTION('',(0.,-1.));
#3181 = ( GEOMETRIC_REPRESENTATION_CONTEXT(2) 
PARAMETRIC_REPRESENTATION_CONTEXT() REPRESENTATION_CONTEXT('2D SPACE',''
  ) );
#3182 = ORIENTED_EDGE('',*,*,#2162,.F.);
#3183 = ORIENTED_EDGE('',*,*,#3064,.F.);
#3184 = ADVANCED_FACE('',(#3185),#2207,.F.);
#3185 = FACE_BOUND('',#3186,.F.);
#3186 = EDGE_LOOP('',(#3187,#3208,#3209,#3210));
#3187 = ORIENTED_EDGE('',*,*,#3188,.F.);
#3188 = EDGE_CURVE('',#3139,#3089,#3189,.T.);
#3189 = SURFACE_CURVE('',#3190,(#3194,#3201),.PCURVE_S1.);
#3190 = LINE('',#3191,#3192);
#3191 = CARTESIAN_POINT('',(8.46951,4.365,9.71));
#3192 = VECTOR('',#3193,1.);
#3193 = DIRECTION('',(-1.,0.,0.));
#3194 = PCURVE('',#2207,#3195);
#3195 = DEFINITIONAL_REPRESENTATION('',(#3196),#3200);
#3196 = LINE('',#3197,#3198);
#3197 = CARTESIAN_POINT('',(0.,-0.));
#3198 = VECTOR('',#3199,1.);
#3199 = DIRECTION('',(1.,0.));
#3200 = ( GEOMETRIC_REPRESENTATION_CONTEXT(2) 
PARAMETRIC_REPRESENTATION_CONTEXT() REPRESENTATION_CONTEXT('2D SPACE',''
  ) );
#3201 = PCURVE('',#2828,#3202);
#3202 = DEFINITIONAL_REPRESENTATION('',(#3203),#3207);
#3203 = LINE('',#3204,#3205);
#3204 = CARTESIAN_POINT('',(8.46951,4.009630706483));
#3205 = VECTOR('',#3206,1.);
#3206 = DIRECTION('',(-1.,0.));
#3207 = ( GEOMETRIC_REPRESENTATION_CONTEXT(2) 
PARAMETRIC_REPRESENTATION_CONTEXT() REPRESENTATION_CONTEXT('2D SPACE',''
  ) );
#3208 = ORIENTED_EDGE('',*,*,#3162,.T.);
#3209 = ORIENTED_EDGE('',*,*,#2191,.T.);
#3210 = ORIENTED_EDGE('',*,*,#3114,.F.);
#3211 = ADVANCED_FACE('',(#3212),#2340,.T.);
#3212 = FACE_BOUND('',#3213,.T.);
#3213 = EDGE_LOOP('',(#3214,#3237,#3264,#3265));
#3214 = ORIENTED_EDGE('',*,*,#3215,.T.);
#3215 = EDGE_CURVE('',#2324,#3216,#3218,.T.);
#3216 = VERTEX_POINT('',#3217);
#3217 = CARTESIAN_POINT('',(-4.92745,-1.981,15.75395));
#3218 = SEAM_CURVE('',#3219,(#3223,#3230),.PCURVE_S1.);
#3219 = LINE('',#3220,#3221);
#3220 = CARTESIAN_POINT('',(-4.92745,-1.981,11.87));
#3221 = VECTOR('',#3222,1.);
#3222 = DIRECTION('',(0.,0.,1.));
#3223 = PCURVE('',#2340,#3224);
#3224 = DEFINITIONAL_REPRESENTATION('',(#3225),#3229);
#3225 = LINE('',#3226,#3227);
#3226 = CARTESIAN_POINT('',(6.28318530718,-0.));
#3227 = VECTOR('',#3228,1.);
#3228 = DIRECTION('',(0.,1.));
#3229 = ( GEOMETRIC_REPRESENTATION_CONTEXT(2) 
PARAMETRIC_REPRESENTATION_CONTEXT() REPRESENTATION_CONTEXT('2D SPACE',''
  ) );
#3230 = PCURVE('',#2340,#3231);
#3231 = DEFINITIONAL_REPRESENTATION('',(#3232),#3236);
#3232 = LINE('',#3233,#3234);
#3233 = CARTESIAN_POINT('',(0.,-0.));
#3234 = VECTOR('',#3235,1.);
#3235 = DIRECTION('',(0.,1.));
#3236 = ( GEOMETRIC_REPRESENTATION_CONTEXT(2) 
PARAMETRIC_REPRESENTATION_CONTEXT() REPRESENTATION_CONTEXT('2D SPACE',''
  ) );
#3237 = ORIENTED_EDGE('',*,*,#3238,.F.);
#3238 = EDGE_CURVE('',#3216,#3216,#3239,.T.);
#3239 = SURFACE_CURVE('',#3240,(#3245,#3252),.PCURVE_S1.);
#3240 = CIRCLE('',#3241,0.21605);
#3241 = AXIS2_PLACEMENT_3D('',#3242,#3243,#3244);
#3242 = CARTESIAN_POINT('',(-5.1435,-1.981,15.75395));
#3243 = DIRECTION('',(0.,0.,1.));
#3244 = DIRECTION('',(1.,0.,-0.));
#3245 = PCURVE('',#2340,#3246);
#3246 = DEFINITIONAL_REPRESENTATION('',(#3247),#3251);
#3247 = LINE('',#3248,#3249);
#3248 = CARTESIAN_POINT('',(0.,3.88395));
#3249 = VECTOR('',#3250,1.);
#3250 = DIRECTION('',(1.,0.));
#3251 = ( GEOMETRIC_REPRESENTATION_CONTEXT(2) 
PARAMETRIC_REPRESENTATION_CONTEXT() REPRESENTATION_CONTEXT('2D SPACE',''
  ) );
#3252 = PCURVE('',#3253,#3258);
#3253 = SPHERICAL_SURFACE('',#3254,0.21605);
#3254 = AXIS2_PLACEMENT_3D('',#3255,#3256,#3257);
#3255 = CARTESIAN_POINT('',(-5.1435,-1.981,15.75395));
#3256 = DIRECTION('',(0.,0.,1.));
#3257 = DIRECTION('',(1.,0.,-0.));
#3258 = DEFINITIONAL_REPRESENTATION('',(#3259),#3263);
#3259 = LINE('',#3260,#3261);
#3260 = CARTESIAN_POINT('',(0.,0.));
#3261 = VECTOR('',#3262,1.);
#3262 = DIRECTION('',(1.,0.));
#3263 = ( GEOMETRIC_REPRESENTATION_CONTEXT(2) 
PARAMETRIC_REPRESENTATION_CONTEXT() REPRESENTATION_CONTEXT('2D SPACE',''
  ) );
#3264 = ORIENTED_EDGE('',*,*,#3215,.F.);
#3265 = ORIENTED_EDGE('',*,*,#2323,.T.);
#3266 = ADVANCED_FACE('',(#3267),#2375,.T.);
#3267 = FACE_BOUND('',#3268,.T.);
#3268 = EDGE_LOOP('',(#3269,#3292,#3319,#3320));
#3269 = ORIENTED_EDGE('',*,*,#3270,.T.);
#3270 = EDGE_CURVE('',#2359,#3271,#3273,.T.);
#3271 = VERTEX_POINT('',#3272);
#3272 = CARTESIAN_POINT('',(-2.64145,-1.981,15.75395));
#3273 = SEAM_CURVE('',#3274,(#3278,#3285),.PCURVE_S1.);
#3274 = LINE('',#3275,#3276);
#3275 = CARTESIAN_POINT('',(-2.64145,-1.981,11.87));
#3276 = VECTOR('',#3277,1.);
#3277 = DIRECTION('',(0.,0.,1.));
#3278 = PCURVE('',#2375,#3279);
#3279 = DEFINITIONAL_REPRESENTATION('',(#3280),#3284);
#3280 = LINE('',#3281,#3282);
#3281 = CARTESIAN_POINT('',(6.28318530718,-0.));
#3282 = VECTOR('',#3283,1.);
#3283 = DIRECTION('',(0.,1.));
#3284 = ( GEOMETRIC_REPRESENTATION_CONTEXT(2) 
PARAMETRIC_REPRESENTATION_CONTEXT() REPRESENTATION_CONTEXT('2D SPACE',''
  ) );
#3285 = PCURVE('',#2375,#3286);
#3286 = DEFINITIONAL_REPRESENTATION('',(#3287),#3291);
#3287 = LINE('',#3288,#3289);
#3288 = CARTESIAN_POINT('',(0.,-0.));
#3289 = VECTOR('',#3290,1.);
#3290 = DIRECTION('',(0.,1.));
#3291 = ( GEOMETRIC_REPRESENTATION_CONTEXT(2) 
PARAMETRIC_REPRESENTATION_CONTEXT() REPRESENTATION_CONTEXT('2D SPACE',''
  ) );
#3292 = ORIENTED_EDGE('',*,*,#3293,.F.);
#3293 = EDGE_CURVE('',#3271,#3271,#3294,.T.);
#3294 = SURFACE_CURVE('',#3295,(#3300,#3307),.PCURVE_S1.);
#3295 = CIRCLE('',#3296,0.21605);
#3296 = AXIS2_PLACEMENT_3D('',#3297,#3298,#3299);
#3297 = CARTESIAN_POINT('',(-2.8575,-1.981,15.75395));
#3298 = DIRECTION('',(0.,0.,1.));
#3299 = DIRECTION('',(1.,0.,-0.));
#3300 = PCURVE('',#2375,#3301);
#3301 = DEFINITIONAL_REPRESENTATION('',(#3302),#3306);
#3302 = LINE('',#3303,#3304);
#3303 = CARTESIAN_POINT('',(0.,3.88395));
#3304 = VECTOR('',#3305,1.);
#3305 = DIRECTION('',(1.,0.));
#3306 = ( GEOMETRIC_REPRESENTATION_CONTEXT(2) 
PARAMETRIC_REPRESENTATION_CONTEXT() REPRESENTATION_CONTEXT('2D SPACE',''
  ) );
#3307 = PCURVE('',#3308,#3313);
#3308 = SPHERICAL_SURFACE('',#3309,0.21605);
#3309 = AXIS2_PLACEMENT_3D('',#3310,#3311,#3312);
#3310 = CARTESIAN_POINT('',(-2.8575,-1.981,15.75395));
#3311 = DIRECTION('',(0.,0.,1.));
#3312 = DIRECTION('',(1.,0.,-0.));
#3313 = DEFINITIONAL_REPRESENTATION('',(#3314),#3318);
#3314 = LINE('',#3315,#3316);
#3315 = CARTESIAN_POINT('',(0.,0.));
#3316 = VECTOR('',#3317,1.);
#3317 = DIRECTION('',(1.,0.));
#3318 = ( GEOMETRIC_REPRESENTATION_CONTEXT(2) 
PARAMETRIC_REPRESENTATION_CONTEXT() REPRESENTATION_CONTEXT('2D SPACE',''
  ) );
#3319 = ORIENTED_EDGE('',*,*,#3270,.F.);
#3320 = ORIENTED_EDGE('',*,*,#2358,.T.);
#3321 = ADVANCED_FACE('',(#3322),#2410,.T.);
#3322 = FACE_BOUND('',#3323,.T.);
#3323 = EDGE_LOOP('',(#3324,#3347,#3374,#3375));
#3324 = ORIENTED_EDGE('',*,*,#3325,.T.);
#3325 = EDGE_CURVE('',#2394,#3326,#3328,.T.);
#3326 = VERTEX_POINT('',#3327);
#3327 = CARTESIAN_POINT('',(-0.35545,-1.981,15.75395));
#3328 = SEAM_CURVE('',#3329,(#3333,#3340),.PCURVE_S1.);
#3329 = LINE('',#3330,#3331);
#3330 = CARTESIAN_POINT('',(-0.35545,-1.981,11.87));
#3331 = VECTOR('',#3332,1.);
#3332 = DIRECTION('',(0.,0.,1.));
#3333 = PCURVE('',#2410,#3334);
#3334 = DEFINITIONAL_REPRESENTATION('',(#3335),#3339);
#3335 = LINE('',#3336,#3337);
#3336 = CARTESIAN_POINT('',(6.28318530718,-0.));
#3337 = VECTOR('',#3338,1.);
#3338 = DIRECTION('',(0.,1.));
#3339 = ( GEOMETRIC_REPRESENTATION_CONTEXT(2) 
PARAMETRIC_REPRESENTATION_CONTEXT() REPRESENTATION_CONTEXT('2D SPACE',''
  ) );
#3340 = PCURVE('',#2410,#3341);
#3341 = DEFINITIONAL_REPRESENTATION('',(#3342),#3346);
#3342 = LINE('',#3343,#3344);
#3343 = CARTESIAN_POINT('',(0.,-0.));
#3344 = VECTOR('',#3345,1.);
#3345 = DIRECTION('',(0.,1.));
#3346 = ( GEOMETRIC_REPRESENTATION_CONTEXT(2) 
PARAMETRIC_REPRESENTATION_CONTEXT() REPRESENTATION_CONTEXT('2D SPACE',''
  ) );
#3347 = ORIENTED_EDGE('',*,*,#3348,.F.);
#3348 = EDGE_CURVE('',#3326,#3326,#3349,.T.);
#3349 = SURFACE_CURVE('',#3350,(#3355,#3362),.PCURVE_S1.);
#3350 = CIRCLE('',#3351,0.21605);
#3351 = AXIS2_PLACEMENT_3D('',#3352,#3353,#3354);
#3352 = CARTESIAN_POINT('',(-0.5715,-1.981,15.75395));
#3353 = DIRECTION('',(0.,0.,1.));
#3354 = DIRECTION('',(1.,0.,-0.));
#3355 = PCURVE('',#2410,#3356);
#3356 = DEFINITIONAL_REPRESENTATION('',(#3357),#3361);
#3357 = LINE('',#3358,#3359);
#3358 = CARTESIAN_POINT('',(0.,3.88395));
#3359 = VECTOR('',#3360,1.);
#3360 = DIRECTION('',(1.,0.));
#3361 = ( GEOMETRIC_REPRESENTATION_CONTEXT(2) 
PARAMETRIC_REPRESENTATION_CONTEXT() REPRESENTATION_CONTEXT('2D SPACE',''
  ) );
#3362 = PCURVE('',#3363,#3368);
#3363 = SPHERICAL_SURFACE('',#3364,0.21605);
#3364 = AXIS2_PLACEMENT_3D('',#3365,#3366,#3367);
#3365 = CARTESIAN_POINT('',(-0.5715,-1.981,15.75395));
#3366 = DIRECTION('',(0.,0.,1.));
#3367 = DIRECTION('',(1.,0.,-0.));
#3368 = DEFINITIONAL_REPRESENTATION('',(#3369),#3373);
#3369 = LINE('',#3370,#3371);
#3370 = CARTESIAN_POINT('',(0.,0.));
#3371 = VECTOR('',#3372,1.);
#3372 = DIRECTION('',(1.,0.));
#3373 = ( GEOMETRIC_REPRESENTATION_CONTEXT(2) 
PARAMETRIC_REPRESENTATION_CONTEXT() REPRESENTATION_CONTEXT('2D SPACE',''
  ) );
#3374 = ORIENTED_EDGE('',*,*,#3325,.F.);
#3375 = ORIENTED_EDGE('',*,*,#2393,.T.);
#3376 = ADVANCED_FACE('',(#3377),#2445,.T.);
#3377 = FACE_BOUND('',#3378,.T.);
#3378 = EDGE_LOOP('',(#3379,#3402,#3429,#3430));
#3379 = ORIENTED_EDGE('',*,*,#3380,.T.);
#3380 = EDGE_CURVE('',#2429,#3381,#3383,.T.);
#3381 = VERTEX_POINT('',#3382);
#3382 = CARTESIAN_POINT('',(1.93055,-1.981,15.75395));
#3383 = SEAM_CURVE('',#3384,(#3388,#3395),.PCURVE_S1.);
#3384 = LINE('',#3385,#3386);
#3385 = CARTESIAN_POINT('',(1.93055,-1.981,11.87));
#3386 = VECTOR('',#3387,1.);
#3387 = DIRECTION('',(0.,0.,1.));
#3388 = PCURVE('',#2445,#3389);
#3389 = DEFINITIONAL_REPRESENTATION('',(#3390),#3394);
#3390 = LINE('',#3391,#3392);
#3391 = CARTESIAN_POINT('',(6.28318530718,-0.));
#3392 = VECTOR('',#3393,1.);
#3393 = DIRECTION('',(0.,1.));
#3394 = ( GEOMETRIC_REPRESENTATION_CONTEXT(2) 
PARAMETRIC_REPRESENTATION_CONTEXT() REPRESENTATION_CONTEXT('2D SPACE',''
  ) );
#3395 = PCURVE('',#2445,#3396);
#3396 = DEFINITIONAL_REPRESENTATION('',(#3397),#3401);
#3397 = LINE('',#3398,#3399);
#3398 = CARTESIAN_POINT('',(0.,-0.));
#3399 = VECTOR('',#3400,1.);
#3400 = DIRECTION('',(0.,1.));
#3401 = ( GEOMETRIC_REPRESENTATION_CONTEXT(2) 
PARAMETRIC_REPRESENTATION_CONTEXT() REPRESENTATION_CONTEXT('2D SPACE',''
  ) );
#3402 = ORIENTED_EDGE('',*,*,#3403,.F.);
#3403 = EDGE_CURVE('',#3381,#3381,#3404,.T.);
#3404 = SURFACE_CURVE('',#3405,(#3410,#3417),.PCURVE_S1.);
#3405 = CIRCLE('',#3406,0.21605);
#3406 = AXIS2_PLACEMENT_3D('',#3407,#3408,#3409);
#3407 = CARTESIAN_POINT('',(1.7145,-1.981,15.75395));
#3408 = DIRECTION('',(0.,0.,1.));
#3409 = DIRECTION('',(1.,0.,-0.));
#3410 = PCURVE('',#2445,#3411);
#3411 = DEFINITIONAL_REPRESENTATION('',(#3412),#3416);
#3412 = LINE('',#3413,#3414);
#3413 = CARTESIAN_POINT('',(0.,3.88395));
#3414 = VECTOR('',#3415,1.);
#3415 = DIRECTION('',(1.,0.));
#3416 = ( GEOMETRIC_REPRESENTATION_CONTEXT(2) 
PARAMETRIC_REPRESENTATION_CONTEXT() REPRESENTATION_CONTEXT('2D SPACE',''
  ) );
#3417 = PCURVE('',#3418,#3423);
#3418 = SPHERICAL_SURFACE('',#3419,0.21605);
#3419 = AXIS2_PLACEMENT_3D('',#3420,#3421,#3422);
#3420 = CARTESIAN_POINT('',(1.7145,-1.981,15.75395));
#3421 = DIRECTION('',(0.,0.,1.));
#3422 = DIRECTION('',(1.,0.,-0.));
#3423 = DEFINITIONAL_REPRESENTATION('',(#3424),#3428);
#3424 = LINE('',#3425,#3426);
#3425 = CARTESIAN_POINT('',(0.,0.));
#3426 = VECTOR('',#3427,1.);
#3427 = DIRECTION('',(1.,0.));
#3428 = ( GEOMETRIC_REPRESENTATION_CONTEXT(2) 
PARAMETRIC_REPRESENTATION_CONTEXT() REPRESENTATION_CONTEXT('2D SPACE',''
  ) );
#3429 = ORIENTED_EDGE('',*,*,#3380,.F.);
#3430 = ORIENTED_EDGE('',*,*,#2428,.T.);
#3431 = ADVANCED_FACE('',(#3432),#2480,.T.);
#3432 = FACE_BOUND('',#3433,.T.);
#3433 = EDGE_LOOP('',(#3434,#3457,#3484,#3485));
#3434 = ORIENTED_EDGE('',*,*,#3435,.T.);
#3435 = EDGE_CURVE('',#2464,#3436,#3438,.T.);
#3436 = VERTEX_POINT('',#3437);
#3437 = CARTESIAN_POINT('',(4.21655,-1.981,15.75395));
#3438 = SEAM_CURVE('',#3439,(#3443,#3450),.PCURVE_S1.);
#3439 = LINE('',#3440,#3441);
#3440 = CARTESIAN_POINT('',(4.21655,-1.981,11.87));
#3441 = VECTOR('',#3442,1.);
#3442 = DIRECTION('',(0.,0.,1.));
#3443 = PCURVE('',#2480,#3444);
#3444 = DEFINITIONAL_REPRESENTATION('',(#3445),#3449);
#3445 = LINE('',#3446,#3447);
#3446 = CARTESIAN_POINT('',(6.28318530718,-0.));
#3447 = VECTOR('',#3448,1.);
#3448 = DIRECTION('',(0.,1.));
#3449 = ( GEOMETRIC_REPRESENTATION_CONTEXT(2) 
PARAMETRIC_REPRESENTATION_CONTEXT() REPRESENTATION_CONTEXT('2D SPACE',''
  ) );
#3450 = PCURVE('',#2480,#3451);
#3451 = DEFINITIONAL_REPRESENTATION('',(#3452),#3456);
#3452 = LINE('',#3453,#3454);
#3453 = CARTESIAN_POINT('',(0.,-0.));
#3454 = VECTOR('',#3455,1.);
#3455 = DIRECTION('',(0.,1.));
#3456 = ( GEOMETRIC_REPRESENTATION_CONTEXT(2) 
PARAMETRIC_REPRESENTATION_CONTEXT() REPRESENTATION_CONTEXT('2D SPACE',''
  ) );
#3457 = ORIENTED_EDGE('',*,*,#3458,.F.);
#3458 = EDGE_CURVE('',#3436,#3436,#3459,.T.);
#3459 = SURFACE_CURVE('',#3460,(#3465,#3472),.PCURVE_S1.);
#3460 = CIRCLE('',#3461,0.21605);
#3461 = AXIS2_PLACEMENT_3D('',#3462,#3463,#3464);
#3462 = CARTESIAN_POINT('',(4.0005,-1.981,15.75395));
#3463 = DIRECTION('',(0.,0.,1.));
#3464 = DIRECTION('',(1.,0.,-0.));
#3465 = PCURVE('',#2480,#3466);
#3466 = DEFINITIONAL_REPRESENTATION('',(#3467),#3471);
#3467 = LINE('',#3468,#3469);
#3468 = CARTESIAN_POINT('',(0.,3.88395));
#3469 = VECTOR('',#3470,1.);
#3470 = DIRECTION('',(1.,0.));
#3471 = ( GEOMETRIC_REPRESENTATION_CONTEXT(2) 
PARAMETRIC_REPRESENTATION_CONTEXT() REPRESENTATION_CONTEXT('2D SPACE',''
  ) );
#3472 = PCURVE('',#3473,#3478);
#3473 = SPHERICAL_SURFACE('',#3474,0.21605);
#3474 = AXIS2_PLACEMENT_3D('',#3475,#3476,#3477);
#3475 = CARTESIAN_POINT('',(4.0005,-1.981,15.75395));
#3476 = DIRECTION('',(0.,0.,1.));
#3477 = DIRECTION('',(1.,0.,-0.));
#3478 = DEFINITIONAL_REPRESENTATION('',(#3479),#3483);
#3479 = LINE('',#3480,#3481);
#3480 = CARTESIAN_POINT('',(0.,0.));
#3481 = VECTOR('',#3482,1.);
#3482 = DIRECTION('',(1.,0.));
#3483 = ( GEOMETRIC_REPRESENTATION_CONTEXT(2) 
PARAMETRIC_REPRESENTATION_CONTEXT() REPRESENTATION_CONTEXT('2D SPACE',''
  ) );
#3484 = ORIENTED_EDGE('',*,*,#3435,.F.);
#3485 = ORIENTED_EDGE('',*,*,#2463,.T.);
#3486 = ADVANCED_FACE('',(#3487),#2515,.T.);
#3487 = FACE_BOUND('',#3488,.T.);
#3488 = EDGE_LOOP('',(#3489,#3512,#3539,#3540));
#3489 = ORIENTED_EDGE('',*,*,#3490,.T.);
#3490 = EDGE_CURVE('',#2499,#3491,#3493,.T.);
#3491 = VERTEX_POINT('',#3492);
#3492 = CARTESIAN_POINT('',(-3.78445,-5.291698819116E-17,15.75395));
#3493 = SEAM_CURVE('',#3494,(#3498,#3505),.PCURVE_S1.);
#3494 = LINE('',#3495,#3496);
#3495 = CARTESIAN_POINT('',(-3.78445,-5.291698819116E-17,11.87));
#3496 = VECTOR('',#3497,1.);
#3497 = DIRECTION('',(0.,0.,1.));
#3498 = PCURVE('',#2515,#3499);
#3499 = DEFINITIONAL_REPRESENTATION('',(#3500),#3504);
#3500 = LINE('',#3501,#3502);
#3501 = CARTESIAN_POINT('',(6.28318530718,-0.));
#3502 = VECTOR('',#3503,1.);
#3503 = DIRECTION('',(0.,1.));
#3504 = ( GEOMETRIC_REPRESENTATION_CONTEXT(2) 
PARAMETRIC_REPRESENTATION_CONTEXT() REPRESENTATION_CONTEXT('2D SPACE',''
  ) );
#3505 = PCURVE('',#2515,#3506);
#3506 = DEFINITIONAL_REPRESENTATION('',(#3507),#3511);
#3507 = LINE('',#3508,#3509);
#3508 = CARTESIAN_POINT('',(0.,-0.));
#3509 = VECTOR('',#3510,1.);
#3510 = DIRECTION('',(0.,1.));
#3511 = ( GEOMETRIC_REPRESENTATION_CONTEXT(2) 
PARAMETRIC_REPRESENTATION_CONTEXT() REPRESENTATION_CONTEXT('2D SPACE',''
  ) );
#3512 = ORIENTED_EDGE('',*,*,#3513,.F.);
#3513 = EDGE_CURVE('',#3491,#3491,#3514,.T.);
#3514 = SURFACE_CURVE('',#3515,(#3520,#3527),.PCURVE_S1.);
#3515 = CIRCLE('',#3516,0.21605);
#3516 = AXIS2_PLACEMENT_3D('',#3517,#3518,#3519);
#3517 = CARTESIAN_POINT('',(-4.0005,0.,15.75395));
#3518 = DIRECTION('',(0.,0.,1.));
#3519 = DIRECTION('',(1.,0.,-0.));
#3520 = PCURVE('',#2515,#3521);
#3521 = DEFINITIONAL_REPRESENTATION('',(#3522),#3526);
#3522 = LINE('',#3523,#3524);
#3523 = CARTESIAN_POINT('',(0.,3.88395));
#3524 = VECTOR('',#3525,1.);
#3525 = DIRECTION('',(1.,0.));
#3526 = ( GEOMETRIC_REPRESENTATION_CONTEXT(2) 
PARAMETRIC_REPRESENTATION_CONTEXT() REPRESENTATION_CONTEXT('2D SPACE',''
  ) );
#3527 = PCURVE('',#3528,#3533);
#3528 = SPHERICAL_SURFACE('',#3529,0.21605);
#3529 = AXIS2_PLACEMENT_3D('',#3530,#3531,#3532);
#3530 = CARTESIAN_POINT('',(-4.0005,0.,15.75395));
#3531 = DIRECTION('',(0.,0.,1.));
#3532 = DIRECTION('',(1.,0.,-0.));
#3533 = DEFINITIONAL_REPRESENTATION('',(#3534),#3538);
#3534 = LINE('',#3535,#3536);
#3535 = CARTESIAN_POINT('',(0.,0.));
#3536 = VECTOR('',#3537,1.);
#3537 = DIRECTION('',(1.,0.));
#3538 = ( GEOMETRIC_REPRESENTATION_CONTEXT(2) 
PARAMETRIC_REPRESENTATION_CONTEXT() REPRESENTATION_CONTEXT('2D SPACE',''
  ) );
#3539 = ORIENTED_EDGE('',*,*,#3490,.F.);
#3540 = ORIENTED_EDGE('',*,*,#2498,.T.);
#3541 = ADVANCED_FACE('',(#3542),#2550,.T.);
#3542 = FACE_BOUND('',#3543,.T.);
#3543 = EDGE_LOOP('',(#3544,#3567,#3594,#3595));
#3544 = ORIENTED_EDGE('',*,*,#3545,.T.);
#3545 = EDGE_CURVE('',#2534,#3546,#3548,.T.);
#3546 = VERTEX_POINT('',#3547);
#3547 = CARTESIAN_POINT('',(-1.49845,-5.291698819116E-17,15.75395));
#3548 = SEAM_CURVE('',#3549,(#3553,#3560),.PCURVE_S1.);
#3549 = LINE('',#3550,#3551);
#3550 = CARTESIAN_POINT('',(-1.49845,-5.291698819116E-17,11.87));
#3551 = VECTOR('',#3552,1.);
#3552 = DIRECTION('',(0.,0.,1.));
#3553 = PCURVE('',#2550,#3554);
#3554 = DEFINITIONAL_REPRESENTATION('',(#3555),#3559);
#3555 = LINE('',#3556,#3557);
#3556 = CARTESIAN_POINT('',(6.28318530718,-0.));
#3557 = VECTOR('',#3558,1.);
#3558 = DIRECTION('',(0.,1.));
#3559 = ( GEOMETRIC_REPRESENTATION_CONTEXT(2) 
PARAMETRIC_REPRESENTATION_CONTEXT() REPRESENTATION_CONTEXT('2D SPACE',''
  ) );
#3560 = PCURVE('',#2550,#3561);
#3561 = DEFINITIONAL_REPRESENTATION('',(#3562),#3566);
#3562 = LINE('',#3563,#3564);
#3563 = CARTESIAN_POINT('',(0.,-0.));
#3564 = VECTOR('',#3565,1.);
#3565 = DIRECTION('',(0.,1.));
#3566 = ( GEOMETRIC_REPRESENTATION_CONTEXT(2) 
PARAMETRIC_REPRESENTATION_CONTEXT() REPRESENTATION_CONTEXT('2D SPACE',''
  ) );
#3567 = ORIENTED_EDGE('',*,*,#3568,.F.);
#3568 = EDGE_CURVE('',#3546,#3546,#3569,.T.);
#3569 = SURFACE_CURVE('',#3570,(#3575,#3582),.PCURVE_S1.);
#3570 = CIRCLE('',#3571,0.21605);
#3571 = AXIS2_PLACEMENT_3D('',#3572,#3573,#3574);
#3572 = CARTESIAN_POINT('',(-1.7145,0.,15.75395));
#3573 = DIRECTION('',(0.,0.,1.));
#3574 = DIRECTION('',(1.,0.,-0.));
#3575 = PCURVE('',#2550,#3576);
#3576 = DEFINITIONAL_REPRESENTATION('',(#3577),#3581);
#3577 = LINE('',#3578,#3579);
#3578 = CARTESIAN_POINT('',(0.,3.88395));
#3579 = VECTOR('',#3580,1.);
#3580 = DIRECTION('',(1.,0.));
#3581 = ( GEOMETRIC_REPRESENTATION_CONTEXT(2) 
PARAMETRIC_REPRESENTATION_CONTEXT() REPRESENTATION_CONTEXT('2D SPACE',''
  ) );
#3582 = PCURVE('',#3583,#3588);
#3583 = SPHERICAL_SURFACE('',#3584,0.21605);
#3584 = AXIS2_PLACEMENT_3D('',#3585,#3586,#3587);
#3585 = CARTESIAN_POINT('',(-1.7145,0.,15.75395));
#3586 = DIRECTION('',(0.,0.,1.));
#3587 = DIRECTION('',(1.,0.,-0.));
#3588 = DEFINITIONAL_REPRESENTATION('',(#3589),#3593);
#3589 = LINE('',#3590,#3591);
#3590 = CARTESIAN_POINT('',(0.,0.));
#3591 = VECTOR('',#3592,1.);
#3592 = DIRECTION('',(1.,0.));
#3593 = ( GEOMETRIC_REPRESENTATION_CONTEXT(2) 
PARAMETRIC_REPRESENTATION_CONTEXT() REPRESENTATION_CONTEXT('2D SPACE',''
  ) );
#3594 = ORIENTED_EDGE('',*,*,#3545,.F.);
#3595 = ORIENTED_EDGE('',*,*,#2533,.T.);
#3596 = ADVANCED_FACE('',(#3597),#2585,.T.);
#3597 = FACE_BOUND('',#3598,.T.);
#3598 = EDGE_LOOP('',(#3599,#3622,#3649,#3650));
#3599 = ORIENTED_EDGE('',*,*,#3600,.T.);
#3600 = EDGE_CURVE('',#2569,#3601,#3603,.T.);
#3601 = VERTEX_POINT('',#3602);
#3602 = CARTESIAN_POINT('',(-2.64145,1.981,15.75395));
#3603 = SEAM_CURVE('',#3604,(#3608,#3615),.PCURVE_S1.);
#3604 = LINE('',#3605,#3606);
#3605 = CARTESIAN_POINT('',(-2.64145,1.981,11.87));
#3606 = VECTOR('',#3607,1.);
#3607 = DIRECTION('',(0.,0.,1.));
#3608 = PCURVE('',#2585,#3609);
#3609 = DEFINITIONAL_REPRESENTATION('',(#3610),#3614);
#3610 = LINE('',#3611,#3612);
#3611 = CARTESIAN_POINT('',(6.28318530718,-0.));
#3612 = VECTOR('',#3613,1.);
#3613 = DIRECTION('',(0.,1.));
#3614 = ( GEOMETRIC_REPRESENTATION_CONTEXT(2) 
PARAMETRIC_REPRESENTATION_CONTEXT() REPRESENTATION_CONTEXT('2D SPACE',''
  ) );
#3615 = PCURVE('',#2585,#3616);
#3616 = DEFINITIONAL_REPRESENTATION('',(#3617),#3621);
#3617 = LINE('',#3618,#3619);
#3618 = CARTESIAN_POINT('',(0.,-0.));
#3619 = VECTOR('',#3620,1.);
#3620 = DIRECTION('',(0.,1.));
#3621 = ( GEOMETRIC_REPRESENTATION_CONTEXT(2) 
PARAMETRIC_REPRESENTATION_CONTEXT() REPRESENTATION_CONTEXT('2D SPACE',''
  ) );
#3622 = ORIENTED_EDGE('',*,*,#3623,.F.);
#3623 = EDGE_CURVE('',#3601,#3601,#3624,.T.);
#3624 = SURFACE_CURVE('',#3625,(#3630,#3637),.PCURVE_S1.);
#3625 = CIRCLE('',#3626,0.21605);
#3626 = AXIS2_PLACEMENT_3D('',#3627,#3628,#3629);
#3627 = CARTESIAN_POINT('',(-2.8575,1.981,15.75395));
#3628 = DIRECTION('',(0.,0.,1.));
#3629 = DIRECTION('',(1.,0.,-0.));
#3630 = PCURVE('',#2585,#3631);
#3631 = DEFINITIONAL_REPRESENTATION('',(#3632),#3636);
#3632 = LINE('',#3633,#3634);
#3633 = CARTESIAN_POINT('',(0.,3.88395));
#3634 = VECTOR('',#3635,1.);
#3635 = DIRECTION('',(1.,0.));
#3636 = ( GEOMETRIC_REPRESENTATION_CONTEXT(2) 
PARAMETRIC_REPRESENTATION_CONTEXT() REPRESENTATION_CONTEXT('2D SPACE',''
  ) );
#3637 = PCURVE('',#3638,#3643);
#3638 = SPHERICAL_SURFACE('',#3639,0.21605);
#3639 = AXIS2_PLACEMENT_3D('',#3640,#3641,#3642);
#3640 = CARTESIAN_POINT('',(-2.8575,1.981,15.75395));
#3641 = DIRECTION('',(0.,0.,1.));
#3642 = DIRECTION('',(1.,0.,-0.));
#3643 = DEFINITIONAL_REPRESENTATION('',(#3644),#3648);
#3644 = LINE('',#3645,#3646);
#3645 = CARTESIAN_POINT('',(0.,0.));
#3646 = VECTOR('',#3647,1.);
#3647 = DIRECTION('',(1.,0.));
#3648 = ( GEOMETRIC_REPRESENTATION_CONTEXT(2) 
PARAMETRIC_REPRESENTATION_CONTEXT() REPRESENTATION_CONTEXT('2D SPACE',''
  ) );
#3649 = ORIENTED_EDGE('',*,*,#3600,.F.);
#3650 = ORIENTED_EDGE('',*,*,#2568,.T.);
#3651 = ADVANCED_FACE('',(#3652),#2620,.T.);
#3652 = FACE_BOUND('',#3653,.T.);
#3653 = EDGE_LOOP('',(#3654,#3677,#3704,#3705));
#3654 = ORIENTED_EDGE('',*,*,#3655,.T.);
#3655 = EDGE_CURVE('',#2604,#3656,#3658,.T.);
#3656 = VERTEX_POINT('',#3657);
#3657 = CARTESIAN_POINT('',(-0.35545,1.981,15.75395));
#3658 = SEAM_CURVE('',#3659,(#3663,#3670),.PCURVE_S1.);
#3659 = LINE('',#3660,#3661);
#3660 = CARTESIAN_POINT('',(-0.35545,1.981,11.87));
#3661 = VECTOR('',#3662,1.);
#3662 = DIRECTION('',(0.,0.,1.));
#3663 = PCURVE('',#2620,#3664);
#3664 = DEFINITIONAL_REPRESENTATION('',(#3665),#3669);
#3665 = LINE('',#3666,#3667);
#3666 = CARTESIAN_POINT('',(6.28318530718,-0.));
#3667 = VECTOR('',#3668,1.);
#3668 = DIRECTION('',(0.,1.));
#3669 = ( GEOMETRIC_REPRESENTATION_CONTEXT(2) 
PARAMETRIC_REPRESENTATION_CONTEXT() REPRESENTATION_CONTEXT('2D SPACE',''
  ) );
#3670 = PCURVE('',#2620,#3671);
#3671 = DEFINITIONAL_REPRESENTATION('',(#3672),#3676);
#3672 = LINE('',#3673,#3674);
#3673 = CARTESIAN_POINT('',(0.,-0.));
#3674 = VECTOR('',#3675,1.);
#3675 = DIRECTION('',(0.,1.));
#3676 = ( GEOMETRIC_REPRESENTATION_CONTEXT(2) 
PARAMETRIC_REPRESENTATION_CONTEXT() REPRESENTATION_CONTEXT('2D SPACE',''
  ) );
#3677 = ORIENTED_EDGE('',*,*,#3678,.F.);
#3678 = EDGE_CURVE('',#3656,#3656,#3679,.T.);
#3679 = SURFACE_CURVE('',#3680,(#3685,#3692),.PCURVE_S1.);
#3680 = CIRCLE('',#3681,0.21605);
#3681 = AXIS2_PLACEMENT_3D('',#3682,#3683,#3684);
#3682 = CARTESIAN_POINT('',(-0.5715,1.981,15.75395));
#3683 = DIRECTION('',(0.,0.,1.));
#3684 = DIRECTION('',(1.,0.,-0.));
#3685 = PCURVE('',#2620,#3686);
#3686 = DEFINITIONAL_REPRESENTATION('',(#3687),#3691);
#3687 = LINE('',#3688,#3689);
#3688 = CARTESIAN_POINT('',(0.,3.88395));
#3689 = VECTOR('',#3690,1.);
#3690 = DIRECTION('',(1.,0.));
#3691 = ( GEOMETRIC_REPRESENTATION_CONTEXT(2) 
PARAMETRIC_REPRESENTATION_CONTEXT() REPRESENTATION_CONTEXT('2D SPACE',''
  ) );
#3692 = PCURVE('',#3693,#3698);
#3693 = SPHERICAL_SURFACE('',#3694,0.21605);
#3694 = AXIS2_PLACEMENT_3D('',#3695,#3696,#3697);
#3695 = CARTESIAN_POINT('',(-0.5715,1.981,15.75395));
#3696 = DIRECTION('',(0.,0.,1.));
#3697 = DIRECTION('',(1.,0.,-0.));
#3698 = DEFINITIONAL_REPRESENTATION('',(#3699),#3703);
#3699 = LINE('',#3700,#3701);
#3700 = CARTESIAN_POINT('',(0.,0.));
#3701 = VECTOR('',#3702,1.);
#3702 = DIRECTION('',(1.,0.));
#3703 = ( GEOMETRIC_REPRESENTATION_CONTEXT(2) 
PARAMETRIC_REPRESENTATION_CONTEXT() REPRESENTATION_CONTEXT('2D SPACE',''
  ) );
#3704 = ORIENTED_EDGE('',*,*,#3655,.F.);
#3705 = ORIENTED_EDGE('',*,*,#2603,.T.);
#3706 = ADVANCED_FACE('',(#3707),#2655,.T.);
#3707 = FACE_BOUND('',#3708,.T.);
#3708 = EDGE_LOOP('',(#3709,#3732,#3759,#3760));
#3709 = ORIENTED_EDGE('',*,*,#3710,.T.);
#3710 = EDGE_CURVE('',#2639,#3711,#3713,.T.);
#3711 = VERTEX_POINT('',#3712);
#3712 = CARTESIAN_POINT('',(0.78755,-5.291698819116E-17,15.75395));
#3713 = SEAM_CURVE('',#3714,(#3718,#3725),.PCURVE_S1.);
#3714 = LINE('',#3715,#3716);
#3715 = CARTESIAN_POINT('',(0.78755,-5.291698819116E-17,11.87));
#3716 = VECTOR('',#3717,1.);
#3717 = DIRECTION('',(0.,0.,1.));
#3718 = PCURVE('',#2655,#3719);
#3719 = DEFINITIONAL_REPRESENTATION('',(#3720),#3724);
#3720 = LINE('',#3721,#3722);
#3721 = CARTESIAN_POINT('',(6.28318530718,-0.));
#3722 = VECTOR('',#3723,1.);
#3723 = DIRECTION('',(0.,1.));
#3724 = ( GEOMETRIC_REPRESENTATION_CONTEXT(2) 
PARAMETRIC_REPRESENTATION_CONTEXT() REPRESENTATION_CONTEXT('2D SPACE',''
  ) );
#3725 = PCURVE('',#2655,#3726);
#3726 = DEFINITIONAL_REPRESENTATION('',(#3727),#3731);
#3727 = LINE('',#3728,#3729);
#3728 = CARTESIAN_POINT('',(0.,-0.));
#3729 = VECTOR('',#3730,1.);
#3730 = DIRECTION('',(0.,1.));
#3731 = ( GEOMETRIC_REPRESENTATION_CONTEXT(2) 
PARAMETRIC_REPRESENTATION_CONTEXT() REPRESENTATION_CONTEXT('2D SPACE',''
  ) );
#3732 = ORIENTED_EDGE('',*,*,#3733,.F.);
#3733 = EDGE_CURVE('',#3711,#3711,#3734,.T.);
#3734 = SURFACE_CURVE('',#3735,(#3740,#3747),.PCURVE_S1.);
#3735 = CIRCLE('',#3736,0.21605);
#3736 = AXIS2_PLACEMENT_3D('',#3737,#3738,#3739);
#3737 = CARTESIAN_POINT('',(0.5715,0.,15.75395));
#3738 = DIRECTION('',(0.,0.,1.));
#3739 = DIRECTION('',(1.,0.,-0.));
#3740 = PCURVE('',#2655,#3741);
#3741 = DEFINITIONAL_REPRESENTATION('',(#3742),#3746);
#3742 = LINE('',#3743,#3744);
#3743 = CARTESIAN_POINT('',(0.,3.88395));
#3744 = VECTOR('',#3745,1.);
#3745 = DIRECTION('',(1.,0.));
#3746 = ( GEOMETRIC_REPRESENTATION_CONTEXT(2) 
PARAMETRIC_REPRESENTATION_CONTEXT() REPRESENTATION_CONTEXT('2D SPACE',''
  ) );
#3747 = PCURVE('',#3748,#3753);
#3748 = SPHERICAL_SURFACE('',#3749,0.21605);
#3749 = AXIS2_PLACEMENT_3D('',#3750,#3751,#3752);
#3750 = CARTESIAN_POINT('',(0.5715,0.,15.75395));
#3751 = DIRECTION('',(0.,0.,1.));
#3752 = DIRECTION('',(1.,0.,-0.));
#3753 = DEFINITIONAL_REPRESENTATION('',(#3754),#3758);
#3754 = LINE('',#3755,#3756);
#3755 = CARTESIAN_POINT('',(0.,0.));
#3756 = VECTOR('',#3757,1.);
#3757 = DIRECTION('',(1.,0.));
#3758 = ( GEOMETRIC_REPRESENTATION_CONTEXT(2) 
PARAMETRIC_REPRESENTATION_CONTEXT() REPRESENTATION_CONTEXT('2D SPACE',''
  ) );
#3759 = ORIENTED_EDGE('',*,*,#3710,.F.);
#3760 = ORIENTED_EDGE('',*,*,#2638,.T.);
#3761 = ADVANCED_FACE('',(#3762),#2690,.T.);
#3762 = FACE_BOUND('',#3763,.T.);
#3763 = EDGE_LOOP('',(#3764,#3787,#3814,#3815));
#3764 = ORIENTED_EDGE('',*,*,#3765,.T.);
#3765 = EDGE_CURVE('',#2674,#3766,#3768,.T.);
#3766 = VERTEX_POINT('',#3767);
#3767 = CARTESIAN_POINT('',(3.07355,-5.291698819116E-17,15.75395));
#3768 = SEAM_CURVE('',#3769,(#3773,#3780),.PCURVE_S1.);
#3769 = LINE('',#3770,#3771);
#3770 = CARTESIAN_POINT('',(3.07355,-5.291698819116E-17,11.87));
#3771 = VECTOR('',#3772,1.);
#3772 = DIRECTION('',(0.,0.,1.));
#3773 = PCURVE('',#2690,#3774);
#3774 = DEFINITIONAL_REPRESENTATION('',(#3775),#3779);
#3775 = LINE('',#3776,#3777);
#3776 = CARTESIAN_POINT('',(6.28318530718,-0.));
#3777 = VECTOR('',#3778,1.);
#3778 = DIRECTION('',(0.,1.));
#3779 = ( GEOMETRIC_REPRESENTATION_CONTEXT(2) 
PARAMETRIC_REPRESENTATION_CONTEXT() REPRESENTATION_CONTEXT('2D SPACE',''
  ) );
#3780 = PCURVE('',#2690,#3781);
#3781 = DEFINITIONAL_REPRESENTATION('',(#3782),#3786);
#3782 = LINE('',#3783,#3784);
#3783 = CARTESIAN_POINT('',(0.,-0.));
#3784 = VECTOR('',#3785,1.);
#3785 = DIRECTION('',(0.,1.));
#3786 = ( GEOMETRIC_REPRESENTATION_CONTEXT(2) 
PARAMETRIC_REPRESENTATION_CONTEXT() REPRESENTATION_CONTEXT('2D SPACE',''
  ) );
#3787 = ORIENTED_EDGE('',*,*,#3788,.F.);
#3788 = EDGE_CURVE('',#3766,#3766,#3789,.T.);
#3789 = SURFACE_CURVE('',#3790,(#3795,#3802),.PCURVE_S1.);
#3790 = CIRCLE('',#3791,0.21605);
#3791 = AXIS2_PLACEMENT_3D('',#3792,#3793,#3794);
#3792 = CARTESIAN_POINT('',(2.8575,0.,15.75395));
#3793 = DIRECTION('',(0.,0.,1.));
#3794 = DIRECTION('',(1.,0.,-0.));
#3795 = PCURVE('',#2690,#3796);
#3796 = DEFINITIONAL_REPRESENTATION('',(#3797),#3801);
#3797 = LINE('',#3798,#3799);
#3798 = CARTESIAN_POINT('',(0.,3.88395));
#3799 = VECTOR('',#3800,1.);
#3800 = DIRECTION('',(1.,0.));
#3801 = ( GEOMETRIC_REPRESENTATION_CONTEXT(2) 
PARAMETRIC_REPRESENTATION_CONTEXT() REPRESENTATION_CONTEXT('2D SPACE',''
  ) );
#3802 = PCURVE('',#3803,#3808);
#3803 = SPHERICAL_SURFACE('',#3804,0.21605);
#3804 = AXIS2_PLACEMENT_3D('',#3805,#3806,#3807);
#3805 = CARTESIAN_POINT('',(2.8575,0.,15.75395));
#3806 = DIRECTION('',(0.,0.,1.));
#3807 = DIRECTION('',(1.,0.,-0.));
#3808 = DEFINITIONAL_REPRESENTATION('',(#3809),#3813);
#3809 = LINE('',#3810,#3811);
#3810 = CARTESIAN_POINT('',(0.,0.));
#3811 = VECTOR('',#3812,1.);
#3812 = DIRECTION('',(1.,0.));
#3813 = ( GEOMETRIC_REPRESENTATION_CONTEXT(2) 
PARAMETRIC_REPRESENTATION_CONTEXT() REPRESENTATION_CONTEXT('2D SPACE',''
  ) );
#3814 = ORIENTED_EDGE('',*,*,#3765,.F.);
#3815 = ORIENTED_EDGE('',*,*,#2673,.T.);
#3816 = ADVANCED_FACE('',(#3817),#2725,.T.);
#3817 = FACE_BOUND('',#3818,.T.);
#3818 = EDGE_LOOP('',(#3819,#3842,#3869,#3870));
#3819 = ORIENTED_EDGE('',*,*,#3820,.T.);
#3820 = EDGE_CURVE('',#2709,#3821,#3823,.T.);
#3821 = VERTEX_POINT('',#3822);
#3822 = CARTESIAN_POINT('',(5.35955,-5.291698819116E-17,15.75395));
#3823 = SEAM_CURVE('',#3824,(#3828,#3835),.PCURVE_S1.);
#3824 = LINE('',#3825,#3826);
#3825 = CARTESIAN_POINT('',(5.35955,-5.291698819116E-17,11.87));
#3826 = VECTOR('',#3827,1.);
#3827 = DIRECTION('',(0.,0.,1.));
#3828 = PCURVE('',#2725,#3829);
#3829 = DEFINITIONAL_REPRESENTATION('',(#3830),#3834);
#3830 = LINE('',#3831,#3832);
#3831 = CARTESIAN_POINT('',(6.28318530718,-0.));
#3832 = VECTOR('',#3833,1.);
#3833 = DIRECTION('',(0.,1.));
#3834 = ( GEOMETRIC_REPRESENTATION_CONTEXT(2) 
PARAMETRIC_REPRESENTATION_CONTEXT() REPRESENTATION_CONTEXT('2D SPACE',''
  ) );
#3835 = PCURVE('',#2725,#3836);
#3836 = DEFINITIONAL_REPRESENTATION('',(#3837),#3841);
#3837 = LINE('',#3838,#3839);
#3838 = CARTESIAN_POINT('',(0.,-0.));
#3839 = VECTOR('',#3840,1.);
#3840 = DIRECTION('',(0.,1.));
#3841 = ( GEOMETRIC_REPRESENTATION_CONTEXT(2) 
PARAMETRIC_REPRESENTATION_CONTEXT() REPRESENTATION_CONTEXT('2D SPACE',''
  ) );
#3842 = ORIENTED_EDGE('',*,*,#3843,.F.);
#3843 = EDGE_CURVE('',#3821,#3821,#3844,.T.);
#3844 = SURFACE_CURVE('',#3845,(#3850,#3857),.PCURVE_S1.);
#3845 = CIRCLE('',#3846,0.21605);
#3846 = AXIS2_PLACEMENT_3D('',#3847,#3848,#3849);
#3847 = CARTESIAN_POINT('',(5.1435,0.,15.75395));
#3848 = DIRECTION('',(0.,0.,1.));
#3849 = DIRECTION('',(1.,0.,-0.));
#3850 = PCURVE('',#2725,#3851);
#3851 = DEFINITIONAL_REPRESENTATION('',(#3852),#3856);
#3852 = LINE('',#3853,#3854);
#3853 = CARTESIAN_POINT('',(0.,3.88395));
#3854 = VECTOR('',#3855,1.);
#3855 = DIRECTION('',(1.,0.));
#3856 = ( GEOMETRIC_REPRESENTATION_CONTEXT(2) 
PARAMETRIC_REPRESENTATION_CONTEXT() REPRESENTATION_CONTEXT('2D SPACE',''
  ) );
#3857 = PCURVE('',#3858,#3863);
#3858 = SPHERICAL_SURFACE('',#3859,0.21605);
#3859 = AXIS2_PLACEMENT_3D('',#3860,#3861,#3862);
#3860 = CARTESIAN_POINT('',(5.1435,0.,15.75395));
#3861 = DIRECTION('',(0.,0.,1.));
#3862 = DIRECTION('',(1.,0.,-0.));
#3863 = DEFINITIONAL_REPRESENTATION('',(#3864),#3868);
#3864 = LINE('',#3865,#3866);
#3865 = CARTESIAN_POINT('',(0.,0.));
#3866 = VECTOR('',#3867,1.);
#3867 = DIRECTION('',(1.,0.));
#3868 = ( GEOMETRIC_REPRESENTATION_CONTEXT(2) 
PARAMETRIC_REPRESENTATION_CONTEXT() REPRESENTATION_CONTEXT('2D SPACE',''
  ) );
#3869 = ORIENTED_EDGE('',*,*,#3820,.F.);
#3870 = ORIENTED_EDGE('',*,*,#2708,.T.);
#3871 = ADVANCED_FACE('',(#3872),#2760,.T.);
#3872 = FACE_BOUND('',#3873,.T.);
#3873 = EDGE_LOOP('',(#3874,#3897,#3924,#3925));
#3874 = ORIENTED_EDGE('',*,*,#3875,.T.);
#3875 = EDGE_CURVE('',#2744,#3876,#3878,.T.);
#3876 = VERTEX_POINT('',#3877);
#3877 = CARTESIAN_POINT('',(1.93055,1.981,15.75395));
#3878 = SEAM_CURVE('',#3879,(#3883,#3890),.PCURVE_S1.);
#3879 = LINE('',#3880,#3881);
#3880 = CARTESIAN_POINT('',(1.93055,1.981,11.87));
#3881 = VECTOR('',#3882,1.);
#3882 = DIRECTION('',(0.,0.,1.));
#3883 = PCURVE('',#2760,#3884);
#3884 = DEFINITIONAL_REPRESENTATION('',(#3885),#3889);
#3885 = LINE('',#3886,#3887);
#3886 = CARTESIAN_POINT('',(6.28318530718,-0.));
#3887 = VECTOR('',#3888,1.);
#3888 = DIRECTION('',(0.,1.));
#3889 = ( GEOMETRIC_REPRESENTATION_CONTEXT(2) 
PARAMETRIC_REPRESENTATION_CONTEXT() REPRESENTATION_CONTEXT('2D SPACE',''
  ) );
#3890 = PCURVE('',#2760,#3891);
#3891 = DEFINITIONAL_REPRESENTATION('',(#3892),#3896);
#3892 = LINE('',#3893,#3894);
#3893 = CARTESIAN_POINT('',(0.,-0.));
#3894 = VECTOR('',#3895,1.);
#3895 = DIRECTION('',(0.,1.));
#3896 = ( GEOMETRIC_REPRESENTATION_CONTEXT(2) 
PARAMETRIC_REPRESENTATION_CONTEXT() REPRESENTATION_CONTEXT('2D SPACE',''
  ) );
#3897 = ORIENTED_EDGE('',*,*,#3898,.F.);
#3898 = EDGE_CURVE('',#3876,#3876,#3899,.T.);
#3899 = SURFACE_CURVE('',#3900,(#3905,#3912),.PCURVE_S1.);
#3900 = CIRCLE('',#3901,0.21605);
#3901 = AXIS2_PLACEMENT_3D('',#3902,#3903,#3904);
#3902 = CARTESIAN_POINT('',(1.7145,1.981,15.75395));
#3903 = DIRECTION('',(0.,0.,1.));
#3904 = DIRECTION('',(1.,0.,-0.));
#3905 = PCURVE('',#2760,#3906);
#3906 = DEFINITIONAL_REPRESENTATION('',(#3907),#3911);
#3907 = LINE('',#3908,#3909);
#3908 = CARTESIAN_POINT('',(0.,3.88395));
#3909 = VECTOR('',#3910,1.);
#3910 = DIRECTION('',(1.,0.));
#3911 = ( GEOMETRIC_REPRESENTATION_CONTEXT(2) 
PARAMETRIC_REPRESENTATION_CONTEXT() REPRESENTATION_CONTEXT('2D SPACE',''
  ) );
#3912 = PCURVE('',#3913,#3918);
#3913 = SPHERICAL_SURFACE('',#3914,0.21605);
#3914 = AXIS2_PLACEMENT_3D('',#3915,#3916,#3917);
#3915 = CARTESIAN_POINT('',(1.7145,1.981,15.75395));
#3916 = DIRECTION('',(0.,0.,1.));
#3917 = DIRECTION('',(1.,0.,-0.));
#3918 = DEFINITIONAL_REPRESENTATION('',(#3919),#3923);
#3919 = LINE('',#3920,#3921);
#3920 = CARTESIAN_POINT('',(0.,0.));
#3921 = VECTOR('',#3922,1.);
#3922 = DIRECTION('',(1.,0.));
#3923 = ( GEOMETRIC_REPRESENTATION_CONTEXT(2) 
PARAMETRIC_REPRESENTATION_CONTEXT() REPRESENTATION_CONTEXT('2D SPACE',''
  ) );
#3924 = ORIENTED_EDGE('',*,*,#3875,.F.);
#3925 = ORIENTED_EDGE('',*,*,#2743,.T.);
#3926 = ADVANCED_FACE('',(#3927),#2795,.T.);
#3927 = FACE_BOUND('',#3928,.T.);
#3928 = EDGE_LOOP('',(#3929,#3952,#3979,#3980));
#3929 = ORIENTED_EDGE('',*,*,#3930,.T.);
#3930 = EDGE_CURVE('',#2779,#3931,#3933,.T.);
#3931 = VERTEX_POINT('',#3932);
#3932 = CARTESIAN_POINT('',(4.21655,1.981,15.75395));
#3933 = SEAM_CURVE('',#3934,(#3938,#3945),.PCURVE_S1.);
#3934 = LINE('',#3935,#3936);
#3935 = CARTESIAN_POINT('',(4.21655,1.981,11.87));
#3936 = VECTOR('',#3937,1.);
#3937 = DIRECTION('',(0.,0.,1.));
#3938 = PCURVE('',#2795,#3939);
#3939 = DEFINITIONAL_REPRESENTATION('',(#3940),#3944);
#3940 = LINE('',#3941,#3942);
#3941 = CARTESIAN_POINT('',(6.28318530718,-0.));
#3942 = VECTOR('',#3943,1.);
#3943 = DIRECTION('',(0.,1.));
#3944 = ( GEOMETRIC_REPRESENTATION_CONTEXT(2) 
PARAMETRIC_REPRESENTATION_CONTEXT() REPRESENTATION_CONTEXT('2D SPACE',''
  ) );
#3945 = PCURVE('',#2795,#3946);
#3946 = DEFINITIONAL_REPRESENTATION('',(#3947),#3951);
#3947 = LINE('',#3948,#3949);
#3948 = CARTESIAN_POINT('',(0.,-0.));
#3949 = VECTOR('',#3950,1.);
#3950 = DIRECTION('',(0.,1.));
#3951 = ( GEOMETRIC_REPRESENTATION_CONTEXT(2) 
PARAMETRIC_REPRESENTATION_CONTEXT() REPRESENTATION_CONTEXT('2D SPACE',''
  ) );
#3952 = ORIENTED_EDGE('',*,*,#3953,.F.);
#3953 = EDGE_CURVE('',#3931,#3931,#3954,.T.);
#3954 = SURFACE_CURVE('',#3955,(#3960,#3967),.PCURVE_S1.);
#3955 = CIRCLE('',#3956,0.21605);
#3956 = AXIS2_PLACEMENT_3D('',#3957,#3958,#3959);
#3957 = CARTESIAN_POINT('',(4.0005,1.981,15.75395));
#3958 = DIRECTION('',(0.,0.,1.));
#3959 = DIRECTION('',(1.,0.,-0.));
#3960 = PCURVE('',#2795,#3961);
#3961 = DEFINITIONAL_REPRESENTATION('',(#3962),#3966);
#3962 = LINE('',#3963,#3964);
#3963 = CARTESIAN_POINT('',(0.,3.88395));
#3964 = VECTOR('',#3965,1.);
#3965 = DIRECTION('',(1.,0.));
#3966 = ( GEOMETRIC_REPRESENTATION_CONTEXT(2) 
PARAMETRIC_REPRESENTATION_CONTEXT() REPRESENTATION_CONTEXT('2D SPACE',''
  ) );
#3967 = PCURVE('',#3968,#3973);
#3968 = SPHERICAL_SURFACE('',#3969,0.21605);
#3969 = AXIS2_PLACEMENT_3D('',#3970,#3971,#3972);
#3970 = CARTESIAN_POINT('',(4.0005,1.981,15.75395));
#3971 = DIRECTION('',(0.,0.,1.));
#3972 = DIRECTION('',(1.,0.,-0.));
#3973 = DEFINITIONAL_REPRESENTATION('',(#3974),#3978);
#3974 = LINE('',#3975,#3976);
#3975 = CARTESIAN_POINT('',(0.,0.));
#3976 = VECTOR('',#3977,1.);
#3977 = DIRECTION('',(1.,0.));
#3978 = ( GEOMETRIC_REPRESENTATION_CONTEXT(2) 
PARAMETRIC_REPRESENTATION_CONTEXT() REPRESENTATION_CONTEXT('2D SPACE',''
  ) );
#3979 = ORIENTED_EDGE('',*,*,#3930,.F.);
#3980 = ORIENTED_EDGE('',*,*,#2778,.T.);
#3981 = ADVANCED_FACE('',(#3982,#4216),#2828,.T.);
#3982 = FACE_BOUND('',#3983,.T.);
#3983 = EDGE_LOOP('',(#3984,#4014,#4043,#4071,#4100,#4128,#4157,#4185));
#3984 = ORIENTED_EDGE('',*,*,#3985,.T.);
#3985 = EDGE_CURVE('',#3986,#3988,#3990,.T.);
#3986 = VERTEX_POINT('',#3987);
#3987 = CARTESIAN_POINT('',(-6.913724877158,-5.375,9.71));
#3988 = VERTEX_POINT('',#3989);
#3989 = CARTESIAN_POINT('',(6.913724877158,-5.375,9.71));
#3990 = SURFACE_CURVE('',#3991,(#3995,#4002),.PCURVE_S1.);
#3991 = LINE('',#3992,#3993);
#3992 = CARTESIAN_POINT('',(-7.75475,-5.375,9.71));
#3993 = VECTOR('',#3994,1.);
#3994 = DIRECTION('',(1.,0.,0.));
#3995 = PCURVE('',#2828,#3996);
#3996 = DEFINITIONAL_REPRESENTATION('',(#3997),#4001);
#3997 = LINE('',#3998,#3999);
#3998 = CARTESIAN_POINT('',(-7.75475,-5.730369293517));
#3999 = VECTOR('',#4000,1.);
#4000 = DIRECTION('',(1.,0.));
#4001 = ( GEOMETRIC_REPRESENTATION_CONTEXT(2) 
PARAMETRIC_REPRESENTATION_CONTEXT() REPRESENTATION_CONTEXT('2D SPACE',''
  ) );
#4002 = PCURVE('',#4003,#4008);
#4003 = PLANE('',#4004);
#4004 = AXIS2_PLACEMENT_3D('',#4005,#4006,#4007);
#4005 = CARTESIAN_POINT('',(-7.75475,-5.375,7.51));
#4006 = DIRECTION('',(0.,1.,0.));
#4007 = DIRECTION('',(1.,0.,0.));
#4008 = DEFINITIONAL_REPRESENTATION('',(#4009),#4013);
#4009 = LINE('',#4010,#4011);
#4010 = CARTESIAN_POINT('',(0.,-2.2));
#4011 = VECTOR('',#4012,1.);
#4012 = DIRECTION('',(1.,0.));
#4013 = ( GEOMETRIC_REPRESENTATION_CONTEXT(2) 
PARAMETRIC_REPRESENTATION_CONTEXT() REPRESENTATION_CONTEXT('2D SPACE',''
  ) );
#4014 = ORIENTED_EDGE('',*,*,#4015,.T.);
#4015 = EDGE_CURVE('',#3988,#4016,#4018,.T.);
#4016 = VERTEX_POINT('',#4017);
#4017 = CARTESIAN_POINT('',(7.898922166857,-4.546424328408,9.71));
#4018 = SURFACE_CURVE('',#4019,(#4024,#4031),.PCURVE_S1.);
#4019 = CIRCLE('',#4020,1.);
#4020 = AXIS2_PLACEMENT_3D('',#4021,#4022,#4023);
#4021 = CARTESIAN_POINT('',(6.913724877158,-4.375,9.71));
#4022 = DIRECTION('',(0.,0.,1.));
#4023 = DIRECTION('',(0.,-1.,0.));
#4024 = PCURVE('',#2828,#4025);
#4025 = DEFINITIONAL_REPRESENTATION('',(#4026),#4030);
#4026 = CIRCLE('',#4027,1.);
#4027 = AXIS2_PLACEMENT_2D('',#4028,#4029);
#4028 = CARTESIAN_POINT('',(6.913724877158,-4.730369293517));
#4029 = DIRECTION('',(0.,-1.));
#4030 = ( GEOMETRIC_REPRESENTATION_CONTEXT(2) 
PARAMETRIC_REPRESENTATION_CONTEXT() REPRESENTATION_CONTEXT('2D SPACE',''
  ) );
#4031 = PCURVE('',#4032,#4037);
#4032 = CYLINDRICAL_SURFACE('',#4033,1.);
#4033 = AXIS2_PLACEMENT_3D('',#4034,#4035,#4036);
#4034 = CARTESIAN_POINT('',(6.913724877158,-4.375,7.51));
#4035 = DIRECTION('',(0.,0.,1.));
#4036 = DIRECTION('',(0.,-1.,0.));
#4037 = DEFINITIONAL_REPRESENTATION('',(#4038),#4042);
#4038 = LINE('',#4039,#4040);
#4039 = CARTESIAN_POINT('',(0.,2.2));
#4040 = VECTOR('',#4041,1.);
#4041 = DIRECTION('',(1.,0.));
#4042 = ( GEOMETRIC_REPRESENTATION_CONTEXT(2) 
PARAMETRIC_REPRESENTATION_CONTEXT() REPRESENTATION_CONTEXT('2D SPACE',''
  ) );
#4043 = ORIENTED_EDGE('',*,*,#4044,.T.);
#4044 = EDGE_CURVE('',#4016,#4045,#4047,.T.);
#4045 = VERTEX_POINT('',#4046);
#4046 = CARTESIAN_POINT('',(9.421422166857,4.203575671592,9.71));
#4047 = SURFACE_CURVE('',#4048,(#4052,#4059),.PCURVE_S1.);
#4048 = LINE('',#4049,#4050);
#4049 = CARTESIAN_POINT('',(7.75475,-5.375,9.71));
#4050 = VECTOR('',#4051,1.);
#4051 = DIRECTION('',(0.171424328408,0.985197289699,0.));
#4052 = PCURVE('',#2828,#4053);
#4053 = DEFINITIONAL_REPRESENTATION('',(#4054),#4058);
#4054 = LINE('',#4055,#4056);
#4055 = CARTESIAN_POINT('',(7.75475,-5.730369293517));
#4056 = VECTOR('',#4057,1.);
#4057 = DIRECTION('',(0.171424328408,0.985197289699));
#4058 = ( GEOMETRIC_REPRESENTATION_CONTEXT(2) 
PARAMETRIC_REPRESENTATION_CONTEXT() REPRESENTATION_CONTEXT('2D SPACE',''
  ) );
#4059 = PCURVE('',#4060,#4065);
#4060 = PLANE('',#4061);
#4061 = AXIS2_PLACEMENT_3D('',#4062,#4063,#4064);
#4062 = CARTESIAN_POINT('',(7.75475,-5.375,7.51));
#4063 = DIRECTION('',(-0.985197289699,0.171424328408,0.));
#4064 = DIRECTION('',(0.171424328408,0.985197289699,0.));
#4065 = DEFINITIONAL_REPRESENTATION('',(#4066),#4070);
#4066 = LINE('',#4067,#4068);
#4067 = CARTESIAN_POINT('',(0.,-2.2));
#4068 = VECTOR('',#4069,1.);
#4069 = DIRECTION('',(1.,0.));
#4070 = ( GEOMETRIC_REPRESENTATION_CONTEXT(2) 
PARAMETRIC_REPRESENTATION_CONTEXT() REPRESENTATION_CONTEXT('2D SPACE',''
  ) );
#4071 = ORIENTED_EDGE('',*,*,#4072,.T.);
#4072 = EDGE_CURVE('',#4045,#4073,#4075,.T.);
#4073 = VERTEX_POINT('',#4074);
#4074 = CARTESIAN_POINT('',(8.436224877158,5.375,9.71));
#4075 = SURFACE_CURVE('',#4076,(#4081,#4088),.PCURVE_S1.);
#4076 = CIRCLE('',#4077,1.);
#4077 = AXIS2_PLACEMENT_3D('',#4078,#4079,#4080);
#4078 = CARTESIAN_POINT('',(8.436224877158,4.375,9.71));
#4079 = DIRECTION('',(0.,0.,1.));
#4080 = DIRECTION('',(0.,-1.,0.));
#4081 = PCURVE('',#2828,#4082);
#4082 = DEFINITIONAL_REPRESENTATION('',(#4083),#4087);
#4083 = CIRCLE('',#4084,1.);
#4084 = AXIS2_PLACEMENT_2D('',#4085,#4086);
#4085 = CARTESIAN_POINT('',(8.436224877158,4.019630706483));
#4086 = DIRECTION('',(0.,-1.));
#4087 = ( GEOMETRIC_REPRESENTATION_CONTEXT(2) 
PARAMETRIC_REPRESENTATION_CONTEXT() REPRESENTATION_CONTEXT('2D SPACE',''
  ) );
#4088 = PCURVE('',#4089,#4094);
#4089 = CYLINDRICAL_SURFACE('',#4090,1.);
#4090 = AXIS2_PLACEMENT_3D('',#4091,#4092,#4093);
#4091 = CARTESIAN_POINT('',(8.436224877158,4.375,7.51));
#4092 = DIRECTION('',(0.,0.,1.));
#4093 = DIRECTION('',(0.985197289699,-0.171424328408,0.));
#4094 = DEFINITIONAL_REPRESENTATION('',(#4095),#4099);
#4095 = LINE('',#4096,#4097);
#4096 = CARTESIAN_POINT('',(-1.398521109841,2.2));
#4097 = VECTOR('',#4098,1.);
#4098 = DIRECTION('',(1.,0.));
#4099 = ( GEOMETRIC_REPRESENTATION_CONTEXT(2) 
PARAMETRIC_REPRESENTATION_CONTEXT() REPRESENTATION_CONTEXT('2D SPACE',''
  ) );
#4100 = ORIENTED_EDGE('',*,*,#4101,.T.);
#4101 = EDGE_CURVE('',#4073,#4102,#4104,.T.);
#4102 = VERTEX_POINT('',#4103);
#4103 = CARTESIAN_POINT('',(-8.436224877158,5.375,9.71));
#4104 = SURFACE_CURVE('',#4105,(#4109,#4116),.PCURVE_S1.);
#4105 = LINE('',#4106,#4107);
#4106 = CARTESIAN_POINT('',(9.62525,5.375,9.71));
#4107 = VECTOR('',#4108,1.);
#4108 = DIRECTION('',(-1.,0.,0.));
#4109 = PCURVE('',#2828,#4110);
#4110 = DEFINITIONAL_REPRESENTATION('',(#4111),#4115);
#4111 = LINE('',#4112,#4113);
#4112 = CARTESIAN_POINT('',(9.62525,5.019630706483));
#4113 = VECTOR('',#4114,1.);
#4114 = DIRECTION('',(-1.,0.));
#4115 = ( GEOMETRIC_REPRESENTATION_CONTEXT(2) 
PARAMETRIC_REPRESENTATION_CONTEXT() REPRESENTATION_CONTEXT('2D SPACE',''
  ) );
#4116 = PCURVE('',#4117,#4122);
#4117 = PLANE('',#4118);
#4118 = AXIS2_PLACEMENT_3D('',#4119,#4120,#4121);
#4119 = CARTESIAN_POINT('',(9.62525,5.375,7.51));
#4120 = DIRECTION('',(0.,-1.,0.));
#4121 = DIRECTION('',(-1.,0.,0.));
#4122 = DEFINITIONAL_REPRESENTATION('',(#4123),#4127);
#4123 = LINE('',#4124,#4125);
#4124 = CARTESIAN_POINT('',(0.,-2.2));
#4125 = VECTOR('',#4126,1.);
#4126 = DIRECTION('',(1.,0.));
#4127 = ( GEOMETRIC_REPRESENTATION_CONTEXT(2) 
PARAMETRIC_REPRESENTATION_CONTEXT() REPRESENTATION_CONTEXT('2D SPACE',''
  ) );
#4128 = ORIENTED_EDGE('',*,*,#4129,.T.);
#4129 = EDGE_CURVE('',#4102,#4130,#4132,.T.);
#4130 = VERTEX_POINT('',#4131);
#4131 = CARTESIAN_POINT('',(-9.421422166857,4.203575671592,9.71));
#4132 = SURFACE_CURVE('',#4133,(#4138,#4145),.PCURVE_S1.);
#4133 = CIRCLE('',#4134,1.);
#4134 = AXIS2_PLACEMENT_3D('',#4135,#4136,#4137);
#4135 = CARTESIAN_POINT('',(-8.436224877158,4.375,9.71));
#4136 = DIRECTION('',(0.,0.,1.));
#4137 = DIRECTION('',(0.,-1.,0.));
#4138 = PCURVE('',#2828,#4139);
#4139 = DEFINITIONAL_REPRESENTATION('',(#4140),#4144);
#4140 = CIRCLE('',#4141,1.);
#4141 = AXIS2_PLACEMENT_2D('',#4142,#4143);
#4142 = CARTESIAN_POINT('',(-8.436224877158,4.019630706483));
#4143 = DIRECTION('',(0.,-1.));
#4144 = ( GEOMETRIC_REPRESENTATION_CONTEXT(2) 
PARAMETRIC_REPRESENTATION_CONTEXT() REPRESENTATION_CONTEXT('2D SPACE',''
  ) );
#4145 = PCURVE('',#4146,#4151);
#4146 = CYLINDRICAL_SURFACE('',#4147,1.);
#4147 = AXIS2_PLACEMENT_3D('',#4148,#4149,#4150);
#4148 = CARTESIAN_POINT('',(-8.436224877158,4.375,7.51));
#4149 = DIRECTION('',(0.,0.,1.));
#4150 = DIRECTION('',(-0.,1.,0.));
#4151 = DEFINITIONAL_REPRESENTATION('',(#4152),#4156);
#4152 = LINE('',#4153,#4154);
#4153 = CARTESIAN_POINT('',(-3.14159265359,2.2));
#4154 = VECTOR('',#4155,1.);
#4155 = DIRECTION('',(1.,0.));
#4156 = ( GEOMETRIC_REPRESENTATION_CONTEXT(2) 
PARAMETRIC_REPRESENTATION_CONTEXT() REPRESENTATION_CONTEXT('2D SPACE',''
  ) );
#4157 = ORIENTED_EDGE('',*,*,#4158,.T.);
#4158 = EDGE_CURVE('',#4130,#4159,#4161,.T.);
#4159 = VERTEX_POINT('',#4160);
#4160 = CARTESIAN_POINT('',(-7.898922166857,-4.546424328408,9.71));
#4161 = SURFACE_CURVE('',#4162,(#4166,#4173),.PCURVE_S1.);
#4162 = LINE('',#4163,#4164);
#4163 = CARTESIAN_POINT('',(-9.62525,5.375,9.71));
#4164 = VECTOR('',#4165,1.);
#4165 = DIRECTION('',(0.171424328408,-0.985197289699,0.));
#4166 = PCURVE('',#2828,#4167);
#4167 = DEFINITIONAL_REPRESENTATION('',(#4168),#4172);
#4168 = LINE('',#4169,#4170);
#4169 = CARTESIAN_POINT('',(-9.62525,5.019630706483));
#4170 = VECTOR('',#4171,1.);
#4171 = DIRECTION('',(0.171424328408,-0.985197289699));
#4172 = ( GEOMETRIC_REPRESENTATION_CONTEXT(2) 
PARAMETRIC_REPRESENTATION_CONTEXT() REPRESENTATION_CONTEXT('2D SPACE',''
  ) );
#4173 = PCURVE('',#4174,#4179);
#4174 = PLANE('',#4175);
#4175 = AXIS2_PLACEMENT_3D('',#4176,#4177,#4178);
#4176 = CARTESIAN_POINT('',(-9.62525,5.375,7.51));
#4177 = DIRECTION('',(0.985197289699,0.171424328408,-0.));
#4178 = DIRECTION('',(0.171424328408,-0.985197289699,0.));
#4179 = DEFINITIONAL_REPRESENTATION('',(#4180),#4184);
#4180 = LINE('',#4181,#4182);
#4181 = CARTESIAN_POINT('',(0.,-2.2));
#4182 = VECTOR('',#4183,1.);
#4183 = DIRECTION('',(1.,0.));
#4184 = ( GEOMETRIC_REPRESENTATION_CONTEXT(2) 
PARAMETRIC_REPRESENTATION_CONTEXT() REPRESENTATION_CONTEXT('2D SPACE',''
  ) );
#4185 = ORIENTED_EDGE('',*,*,#4186,.F.);
#4186 = EDGE_CURVE('',#3986,#4159,#4187,.T.);
#4187 = SURFACE_CURVE('',#4188,(#4193,#4204),.PCURVE_S1.);
#4188 = CIRCLE('',#4189,1.);
#4189 = AXIS2_PLACEMENT_3D('',#4190,#4191,#4192);
#4190 = CARTESIAN_POINT('',(-6.913724877158,-4.375,9.71));
#4191 = DIRECTION('',(-0.,-0.,-1.));
#4192 = DIRECTION('',(0.,-1.,0.));
#4193 = PCURVE('',#2828,#4194);
#4194 = DEFINITIONAL_REPRESENTATION('',(#4195),#4203);
#4195 = ( BOUNDED_CURVE() B_SPLINE_CURVE(2,(#4196,#4197,#4198,#4199,
#4200,#4201,#4202),.UNSPECIFIED.,.T.,.F.) B_SPLINE_CURVE_WITH_KNOTS((1,2
    ,2,2,2,1),(-2.094395102393,0.,2.094395102393,4.188790204786,
6.28318530718,8.377580409573),.UNSPECIFIED.) CURVE() 
GEOMETRIC_REPRESENTATION_ITEM() RATIONAL_B_SPLINE_CURVE((1.,0.5,1.,0.5,
1.,0.5,1.)) REPRESENTATION_ITEM('') );
#4196 = CARTESIAN_POINT('',(-6.913724877158,-5.730369293517));
#4197 = CARTESIAN_POINT('',(-8.645775684727,-5.730369293517));
#4198 = CARTESIAN_POINT('',(-7.779750280943,-4.230369293517));
#4199 = CARTESIAN_POINT('',(-6.913724877158,-2.730369293517));
#4200 = CARTESIAN_POINT('',(-6.047699473374,-4.230369293517));
#4201 = CARTESIAN_POINT('',(-5.181674069589,-5.730369293517));
#4202 = CARTESIAN_POINT('',(-6.913724877158,-5.730369293517));
#4203 = ( GEOMETRIC_REPRESENTATION_CONTEXT(2) 
PARAMETRIC_REPRESENTATION_CONTEXT() REPRESENTATION_CONTEXT('2D SPACE',''
  ) );
#4204 = PCURVE('',#4205,#4210);
#4205 = CYLINDRICAL_SURFACE('',#4206,1.);
#4206 = AXIS2_PLACEMENT_3D('',#4207,#4208,#4209);
#4207 = CARTESIAN_POINT('',(-6.913724877158,-4.375,7.51));
#4208 = DIRECTION('',(0.,0.,1.));
#4209 = DIRECTION('',(0.,-1.,0.));
#4210 = DEFINITIONAL_REPRESENTATION('',(#4211),#4215);
#4211 = LINE('',#4212,#4213);
#4212 = CARTESIAN_POINT('',(-0.,2.2));
#4213 = VECTOR('',#4214,1.);
#4214 = DIRECTION('',(-1.,0.));
#4215 = ( GEOMETRIC_REPRESENTATION_CONTEXT(2) 
PARAMETRIC_REPRESENTATION_CONTEXT() REPRESENTATION_CONTEXT('2D SPACE',''
  ) );
#4216 = FACE_BOUND('',#4217,.T.);
#4217 = EDGE_LOOP('',(#4218,#4219,#4220,#4221,#4222,#4223,#4224,#4225));
#4218 = ORIENTED_EDGE('',*,*,#2810,.F.);
#4219 = ORIENTED_EDGE('',*,*,#2886,.T.);
#4220 = ORIENTED_EDGE('',*,*,#2990,.F.);
#4221 = ORIENTED_EDGE('',*,*,#3088,.F.);
#4222 = ORIENTED_EDGE('',*,*,#3188,.F.);
#4223 = ORIENTED_EDGE('',*,*,#3138,.F.);
#4224 = ORIENTED_EDGE('',*,*,#3039,.F.);
#4225 = ORIENTED_EDGE('',*,*,#2940,.F.);
#4226 = ADVANCED_FACE('',(#4227),#3253,.T.);
#4227 = FACE_BOUND('',#4228,.T.);
#4228 = EDGE_LOOP('',(#4229,#4253,#4254));
#4229 = ORIENTED_EDGE('',*,*,#4230,.T.);
#4230 = EDGE_CURVE('',#3216,#4231,#4233,.T.);
#4231 = VERTEX_POINT('',#4232);
#4232 = CARTESIAN_POINT('',(-5.1435,-1.981,15.97));
#4233 = SEAM_CURVE('',#4234,(#4239,#4246),.PCURVE_S1.);
#4234 = CIRCLE('',#4235,0.21605);
#4235 = AXIS2_PLACEMENT_3D('',#4236,#4237,#4238);
#4236 = CARTESIAN_POINT('',(-5.1435,-1.981,15.75395));
#4237 = DIRECTION('',(-2.449293598295E-16,-1.,0.));
#4238 = DIRECTION('',(1.,-2.449293598295E-16,0.));
#4239 = PCURVE('',#3253,#4240);
#4240 = DEFINITIONAL_REPRESENTATION('',(#4241),#4245);
#4241 = LINE('',#4242,#4243);
#4242 = CARTESIAN_POINT('',(6.28318530718,-6.28318530718));
#4243 = VECTOR('',#4244,1.);
#4244 = DIRECTION('',(0.,1.));
#4245 = ( GEOMETRIC_REPRESENTATION_CONTEXT(2) 
PARAMETRIC_REPRESENTATION_CONTEXT() REPRESENTATION_CONTEXT('2D SPACE',''
  ) );
#4246 = PCURVE('',#3253,#4247);
#4247 = DEFINITIONAL_REPRESENTATION('',(#4248),#4252);
#4248 = LINE('',#4249,#4250);
#4249 = CARTESIAN_POINT('',(0.,-6.28318530718));
#4250 = VECTOR('',#4251,1.);
#4251 = DIRECTION('',(0.,1.));
#4252 = ( GEOMETRIC_REPRESENTATION_CONTEXT(2) 
PARAMETRIC_REPRESENTATION_CONTEXT() REPRESENTATION_CONTEXT('2D SPACE',''
  ) );
#4253 = ORIENTED_EDGE('',*,*,#4230,.F.);
#4254 = ORIENTED_EDGE('',*,*,#3238,.T.);
#4255 = ADVANCED_FACE('',(#4256),#3308,.T.);
#4256 = FACE_BOUND('',#4257,.T.);
#4257 = EDGE_LOOP('',(#4258,#4282,#4283));
#4258 = ORIENTED_EDGE('',*,*,#4259,.T.);
#4259 = EDGE_CURVE('',#3271,#4260,#4262,.T.);
#4260 = VERTEX_POINT('',#4261);
#4261 = CARTESIAN_POINT('',(-2.8575,-1.981,15.97));
#4262 = SEAM_CURVE('',#4263,(#4268,#4275),.PCURVE_S1.);
#4263 = CIRCLE('',#4264,0.21605);
#4264 = AXIS2_PLACEMENT_3D('',#4265,#4266,#4267);
#4265 = CARTESIAN_POINT('',(-2.8575,-1.981,15.75395));
#4266 = DIRECTION('',(-2.449293598295E-16,-1.,0.));
#4267 = DIRECTION('',(1.,-2.449293598295E-16,0.));
#4268 = PCURVE('',#3308,#4269);
#4269 = DEFINITIONAL_REPRESENTATION('',(#4270),#4274);
#4270 = LINE('',#4271,#4272);
#4271 = CARTESIAN_POINT('',(6.28318530718,-6.28318530718));
#4272 = VECTOR('',#4273,1.);
#4273 = DIRECTION('',(0.,1.));
#4274 = ( GEOMETRIC_REPRESENTATION_CONTEXT(2) 
PARAMETRIC_REPRESENTATION_CONTEXT() REPRESENTATION_CONTEXT('2D SPACE',''
  ) );
#4275 = PCURVE('',#3308,#4276);
#4276 = DEFINITIONAL_REPRESENTATION('',(#4277),#4281);
#4277 = LINE('',#4278,#4279);
#4278 = CARTESIAN_POINT('',(0.,-6.28318530718));
#4279 = VECTOR('',#4280,1.);
#4280 = DIRECTION('',(0.,1.));
#4281 = ( GEOMETRIC_REPRESENTATION_CONTEXT(2) 
PARAMETRIC_REPRESENTATION_CONTEXT() REPRESENTATION_CONTEXT('2D SPACE',''
  ) );
#4282 = ORIENTED_EDGE('',*,*,#4259,.F.);
#4283 = ORIENTED_EDGE('',*,*,#3293,.T.);
#4284 = ADVANCED_FACE('',(#4285),#3363,.T.);
#4285 = FACE_BOUND('',#4286,.T.);
#4286 = EDGE_LOOP('',(#4287,#4311,#4312));
#4287 = ORIENTED_EDGE('',*,*,#4288,.T.);
#4288 = EDGE_CURVE('',#3326,#4289,#4291,.T.);
#4289 = VERTEX_POINT('',#4290);
#4290 = CARTESIAN_POINT('',(-0.5715,-1.981,15.97));
#4291 = SEAM_CURVE('',#4292,(#4297,#4304),.PCURVE_S1.);
#4292 = CIRCLE('',#4293,0.21605);
#4293 = AXIS2_PLACEMENT_3D('',#4294,#4295,#4296);
#4294 = CARTESIAN_POINT('',(-0.5715,-1.981,15.75395));
#4295 = DIRECTION('',(-2.449293598295E-16,-1.,0.));
#4296 = DIRECTION('',(1.,-2.449293598295E-16,0.));
#4297 = PCURVE('',#3363,#4298);
#4298 = DEFINITIONAL_REPRESENTATION('',(#4299),#4303);
#4299 = LINE('',#4300,#4301);
#4300 = CARTESIAN_POINT('',(6.28318530718,-6.28318530718));
#4301 = VECTOR('',#4302,1.);
#4302 = DIRECTION('',(0.,1.));
#4303 = ( GEOMETRIC_REPRESENTATION_CONTEXT(2) 
PARAMETRIC_REPRESENTATION_CONTEXT() REPRESENTATION_CONTEXT('2D SPACE',''
  ) );
#4304 = PCURVE('',#3363,#4305);
#4305 = DEFINITIONAL_REPRESENTATION('',(#4306),#4310);
#4306 = LINE('',#4307,#4308);
#4307 = CARTESIAN_POINT('',(0.,-6.28318530718));
#4308 = VECTOR('',#4309,1.);
#4309 = DIRECTION('',(0.,1.));
#4310 = ( GEOMETRIC_REPRESENTATION_CONTEXT(2) 
PARAMETRIC_REPRESENTATION_CONTEXT() REPRESENTATION_CONTEXT('2D SPACE',''
  ) );
#4311 = ORIENTED_EDGE('',*,*,#4288,.F.);
#4312 = ORIENTED_EDGE('',*,*,#3348,.T.);
#4313 = ADVANCED_FACE('',(#4314),#3418,.T.);
#4314 = FACE_BOUND('',#4315,.T.);
#4315 = EDGE_LOOP('',(#4316,#4340,#4341));
#4316 = ORIENTED_EDGE('',*,*,#4317,.T.);
#4317 = EDGE_CURVE('',#3381,#4318,#4320,.T.);
#4318 = VERTEX_POINT('',#4319);
#4319 = CARTESIAN_POINT('',(1.7145,-1.981,15.97));
#4320 = SEAM_CURVE('',#4321,(#4326,#4333),.PCURVE_S1.);
#4321 = CIRCLE('',#4322,0.21605);
#4322 = AXIS2_PLACEMENT_3D('',#4323,#4324,#4325);
#4323 = CARTESIAN_POINT('',(1.7145,-1.981,15.75395));
#4324 = DIRECTION('',(-2.449293598295E-16,-1.,0.));
#4325 = DIRECTION('',(1.,-2.449293598295E-16,0.));
#4326 = PCURVE('',#3418,#4327);
#4327 = DEFINITIONAL_REPRESENTATION('',(#4328),#4332);
#4328 = LINE('',#4329,#4330);
#4329 = CARTESIAN_POINT('',(6.28318530718,-6.28318530718));
#4330 = VECTOR('',#4331,1.);
#4331 = DIRECTION('',(0.,1.));
#4332 = ( GEOMETRIC_REPRESENTATION_CONTEXT(2) 
PARAMETRIC_REPRESENTATION_CONTEXT() REPRESENTATION_CONTEXT('2D SPACE',''
  ) );
#4333 = PCURVE('',#3418,#4334);
#4334 = DEFINITIONAL_REPRESENTATION('',(#4335),#4339);
#4335 = LINE('',#4336,#4337);
#4336 = CARTESIAN_POINT('',(0.,-6.28318530718));
#4337 = VECTOR('',#4338,1.);
#4338 = DIRECTION('',(0.,1.));
#4339 = ( GEOMETRIC_REPRESENTATION_CONTEXT(2) 
PARAMETRIC_REPRESENTATION_CONTEXT() REPRESENTATION_CONTEXT('2D SPACE',''
  ) );
#4340 = ORIENTED_EDGE('',*,*,#4317,.F.);
#4341 = ORIENTED_EDGE('',*,*,#3403,.T.);
#4342 = ADVANCED_FACE('',(#4343),#3473,.T.);
#4343 = FACE_BOUND('',#4344,.T.);
#4344 = EDGE_LOOP('',(#4345,#4369,#4370));
#4345 = ORIENTED_EDGE('',*,*,#4346,.T.);
#4346 = EDGE_CURVE('',#3436,#4347,#4349,.T.);
#4347 = VERTEX_POINT('',#4348);
#4348 = CARTESIAN_POINT('',(4.0005,-1.981,15.97));
#4349 = SEAM_CURVE('',#4350,(#4355,#4362),.PCURVE_S1.);
#4350 = CIRCLE('',#4351,0.21605);
#4351 = AXIS2_PLACEMENT_3D('',#4352,#4353,#4354);
#4352 = CARTESIAN_POINT('',(4.0005,-1.981,15.75395));
#4353 = DIRECTION('',(-2.449293598295E-16,-1.,0.));
#4354 = DIRECTION('',(1.,-2.449293598295E-16,0.));
#4355 = PCURVE('',#3473,#4356);
#4356 = DEFINITIONAL_REPRESENTATION('',(#4357),#4361);
#4357 = LINE('',#4358,#4359);
#4358 = CARTESIAN_POINT('',(6.28318530718,-6.28318530718));
#4359 = VECTOR('',#4360,1.);
#4360 = DIRECTION('',(0.,1.));
#4361 = ( GEOMETRIC_REPRESENTATION_CONTEXT(2) 
PARAMETRIC_REPRESENTATION_CONTEXT() REPRESENTATION_CONTEXT('2D SPACE',''
  ) );
#4362 = PCURVE('',#3473,#4363);
#4363 = DEFINITIONAL_REPRESENTATION('',(#4364),#4368);
#4364 = LINE('',#4365,#4366);
#4365 = CARTESIAN_POINT('',(0.,-6.28318530718));
#4366 = VECTOR('',#4367,1.);
#4367 = DIRECTION('',(0.,1.));
#4368 = ( GEOMETRIC_REPRESENTATION_CONTEXT(2) 
PARAMETRIC_REPRESENTATION_CONTEXT() REPRESENTATION_CONTEXT('2D SPACE',''
  ) );
#4369 = ORIENTED_EDGE('',*,*,#4346,.F.);
#4370 = ORIENTED_EDGE('',*,*,#3458,.T.);
#4371 = ADVANCED_FACE('',(#4372),#3528,.T.);
#4372 = FACE_BOUND('',#4373,.T.);
#4373 = EDGE_LOOP('',(#4374,#4398,#4399));
#4374 = ORIENTED_EDGE('',*,*,#4375,.T.);
#4375 = EDGE_CURVE('',#3491,#4376,#4378,.T.);
#4376 = VERTEX_POINT('',#4377);
#4377 = CARTESIAN_POINT('',(-4.0005,0.,15.97));
#4378 = SEAM_CURVE('',#4379,(#4384,#4391),.PCURVE_S1.);
#4379 = CIRCLE('',#4380,0.21605);
#4380 = AXIS2_PLACEMENT_3D('',#4381,#4382,#4383);
#4381 = CARTESIAN_POINT('',(-4.0005,0.,15.75395));
#4382 = DIRECTION('',(-2.449293598295E-16,-1.,0.));
#4383 = DIRECTION('',(1.,-2.449293598295E-16,0.));
#4384 = PCURVE('',#3528,#4385);
#4385 = DEFINITIONAL_REPRESENTATION('',(#4386),#4390);
#4386 = LINE('',#4387,#4388);
#4387 = CARTESIAN_POINT('',(6.28318530718,-6.28318530718));
#4388 = VECTOR('',#4389,1.);
#4389 = DIRECTION('',(0.,1.));
#4390 = ( GEOMETRIC_REPRESENTATION_CONTEXT(2) 
PARAMETRIC_REPRESENTATION_CONTEXT() REPRESENTATION_CONTEXT('2D SPACE',''
  ) );
#4391 = PCURVE('',#3528,#4392);
#4392 = DEFINITIONAL_REPRESENTATION('',(#4393),#4397);
#4393 = LINE('',#4394,#4395);
#4394 = CARTESIAN_POINT('',(0.,-6.28318530718));
#4395 = VECTOR('',#4396,1.);
#4396 = DIRECTION('',(0.,1.));
#4397 = ( GEOMETRIC_REPRESENTATION_CONTEXT(2) 
PARAMETRIC_REPRESENTATION_CONTEXT() REPRESENTATION_CONTEXT('2D SPACE',''
  ) );
#4398 = ORIENTED_EDGE('',*,*,#4375,.F.);
#4399 = ORIENTED_EDGE('',*,*,#3513,.T.);
#4400 = ADVANCED_FACE('',(#4401),#3583,.T.);
#4401 = FACE_BOUND('',#4402,.T.);
#4402 = EDGE_LOOP('',(#4403,#4427,#4428));
#4403 = ORIENTED_EDGE('',*,*,#4404,.T.);
#4404 = EDGE_CURVE('',#3546,#4405,#4407,.T.);
#4405 = VERTEX_POINT('',#4406);
#4406 = CARTESIAN_POINT('',(-1.7145,0.,15.97));
#4407 = SEAM_CURVE('',#4408,(#4413,#4420),.PCURVE_S1.);
#4408 = CIRCLE('',#4409,0.21605);
#4409 = AXIS2_PLACEMENT_3D('',#4410,#4411,#4412);
#4410 = CARTESIAN_POINT('',(-1.7145,0.,15.75395));
#4411 = DIRECTION('',(-2.449293598295E-16,-1.,0.));
#4412 = DIRECTION('',(1.,-2.449293598295E-16,0.));
#4413 = PCURVE('',#3583,#4414);
#4414 = DEFINITIONAL_REPRESENTATION('',(#4415),#4419);
#4415 = LINE('',#4416,#4417);
#4416 = CARTESIAN_POINT('',(6.28318530718,-6.28318530718));
#4417 = VECTOR('',#4418,1.);
#4418 = DIRECTION('',(0.,1.));
#4419 = ( GEOMETRIC_REPRESENTATION_CONTEXT(2) 
PARAMETRIC_REPRESENTATION_CONTEXT() REPRESENTATION_CONTEXT('2D SPACE',''
  ) );
#4420 = PCURVE('',#3583,#4421);
#4421 = DEFINITIONAL_REPRESENTATION('',(#4422),#4426);
#4422 = LINE('',#4423,#4424);
#4423 = CARTESIAN_POINT('',(0.,-6.28318530718));
#4424 = VECTOR('',#4425,1.);
#4425 = DIRECTION('',(0.,1.));
#4426 = ( GEOMETRIC_REPRESENTATION_CONTEXT(2) 
PARAMETRIC_REPRESENTATION_CONTEXT() REPRESENTATION_CONTEXT('2D SPACE',''
  ) );
#4427 = ORIENTED_EDGE('',*,*,#4404,.F.);
#4428 = ORIENTED_EDGE('',*,*,#3568,.T.);
#4429 = ADVANCED_FACE('',(#4430),#3638,.T.);
#4430 = FACE_BOUND('',#4431,.T.);
#4431 = EDGE_LOOP('',(#4432,#4456,#4457));
#4432 = ORIENTED_EDGE('',*,*,#4433,.T.);
#4433 = EDGE_CURVE('',#3601,#4434,#4436,.T.);
#4434 = VERTEX_POINT('',#4435);
#4435 = CARTESIAN_POINT('',(-2.8575,1.981,15.97));
#4436 = SEAM_CURVE('',#4437,(#4442,#4449),.PCURVE_S1.);
#4437 = CIRCLE('',#4438,0.21605);
#4438 = AXIS2_PLACEMENT_3D('',#4439,#4440,#4441);
#4439 = CARTESIAN_POINT('',(-2.8575,1.981,15.75395));
#4440 = DIRECTION('',(-2.449293598295E-16,-1.,0.));
#4441 = DIRECTION('',(1.,-2.449293598295E-16,0.));
#4442 = PCURVE('',#3638,#4443);
#4443 = DEFINITIONAL_REPRESENTATION('',(#4444),#4448);
#4444 = LINE('',#4445,#4446);
#4445 = CARTESIAN_POINT('',(6.28318530718,-6.28318530718));
#4446 = VECTOR('',#4447,1.);
#4447 = DIRECTION('',(0.,1.));
#4448 = ( GEOMETRIC_REPRESENTATION_CONTEXT(2) 
PARAMETRIC_REPRESENTATION_CONTEXT() REPRESENTATION_CONTEXT('2D SPACE',''
  ) );
#4449 = PCURVE('',#3638,#4450);
#4450 = DEFINITIONAL_REPRESENTATION('',(#4451),#4455);
#4451 = LINE('',#4452,#4453);
#4452 = CARTESIAN_POINT('',(0.,-6.28318530718));
#4453 = VECTOR('',#4454,1.);
#4454 = DIRECTION('',(0.,1.));
#4455 = ( GEOMETRIC_REPRESENTATION_CONTEXT(2) 
PARAMETRIC_REPRESENTATION_CONTEXT() REPRESENTATION_CONTEXT('2D SPACE',''
  ) );
#4456 = ORIENTED_EDGE('',*,*,#4433,.F.);
#4457 = ORIENTED_EDGE('',*,*,#3623,.T.);
#4458 = ADVANCED_FACE('',(#4459),#3693,.T.);
#4459 = FACE_BOUND('',#4460,.T.);
#4460 = EDGE_LOOP('',(#4461,#4485,#4486));
#4461 = ORIENTED_EDGE('',*,*,#4462,.T.);
#4462 = EDGE_CURVE('',#3656,#4463,#4465,.T.);
#4463 = VERTEX_POINT('',#4464);
#4464 = CARTESIAN_POINT('',(-0.5715,1.981,15.97));
#4465 = SEAM_CURVE('',#4466,(#4471,#4478),.PCURVE_S1.);
#4466 = CIRCLE('',#4467,0.21605);
#4467 = AXIS2_PLACEMENT_3D('',#4468,#4469,#4470);
#4468 = CARTESIAN_POINT('',(-0.5715,1.981,15.75395));
#4469 = DIRECTION('',(-2.449293598295E-16,-1.,0.));
#4470 = DIRECTION('',(1.,-2.449293598295E-16,0.));
#4471 = PCURVE('',#3693,#4472);
#4472 = DEFINITIONAL_REPRESENTATION('',(#4473),#4477);
#4473 = LINE('',#4474,#4475);
#4474 = CARTESIAN_POINT('',(6.28318530718,-6.28318530718));
#4475 = VECTOR('',#4476,1.);
#4476 = DIRECTION('',(0.,1.));
#4477 = ( GEOMETRIC_REPRESENTATION_CONTEXT(2) 
PARAMETRIC_REPRESENTATION_CONTEXT() REPRESENTATION_CONTEXT('2D SPACE',''
  ) );
#4478 = PCURVE('',#3693,#4479);
#4479 = DEFINITIONAL_REPRESENTATION('',(#4480),#4484);
#4480 = LINE('',#4481,#4482);
#4481 = CARTESIAN_POINT('',(0.,-6.28318530718));
#4482 = VECTOR('',#4483,1.);
#4483 = DIRECTION('',(0.,1.));
#4484 = ( GEOMETRIC_REPRESENTATION_CONTEXT(2) 
PARAMETRIC_REPRESENTATION_CONTEXT() REPRESENTATION_CONTEXT('2D SPACE',''
  ) );
#4485 = ORIENTED_EDGE('',*,*,#4462,.F.);
#4486 = ORIENTED_EDGE('',*,*,#3678,.T.);
#4487 = ADVANCED_FACE('',(#4488),#3748,.T.);
#4488 = FACE_BOUND('',#4489,.T.);
#4489 = EDGE_LOOP('',(#4490,#4514,#4515));
#4490 = ORIENTED_EDGE('',*,*,#4491,.T.);
#4491 = EDGE_CURVE('',#3711,#4492,#4494,.T.);
#4492 = VERTEX_POINT('',#4493);
#4493 = CARTESIAN_POINT('',(0.5715,0.,15.97));
#4494 = SEAM_CURVE('',#4495,(#4500,#4507),.PCURVE_S1.);
#4495 = CIRCLE('',#4496,0.21605);
#4496 = AXIS2_PLACEMENT_3D('',#4497,#4498,#4499);
#4497 = CARTESIAN_POINT('',(0.5715,0.,15.75395));
#4498 = DIRECTION('',(-2.449293598295E-16,-1.,0.));
#4499 = DIRECTION('',(1.,-2.449293598295E-16,0.));
#4500 = PCURVE('',#3748,#4501);
#4501 = DEFINITIONAL_REPRESENTATION('',(#4502),#4506);
#4502 = LINE('',#4503,#4504);
#4503 = CARTESIAN_POINT('',(6.28318530718,-6.28318530718));
#4504 = VECTOR('',#4505,1.);
#4505 = DIRECTION('',(0.,1.));
#4506 = ( GEOMETRIC_REPRESENTATION_CONTEXT(2) 
PARAMETRIC_REPRESENTATION_CONTEXT() REPRESENTATION_CONTEXT('2D SPACE',''
  ) );
#4507 = PCURVE('',#3748,#4508);
#4508 = DEFINITIONAL_REPRESENTATION('',(#4509),#4513);
#4509 = LINE('',#4510,#4511);
#4510 = CARTESIAN_POINT('',(0.,-6.28318530718));
#4511 = VECTOR('',#4512,1.);
#4512 = DIRECTION('',(0.,1.));
#4513 = ( GEOMETRIC_REPRESENTATION_CONTEXT(2) 
PARAMETRIC_REPRESENTATION_CONTEXT() REPRESENTATION_CONTEXT('2D SPACE',''
  ) );
#4514 = ORIENTED_EDGE('',*,*,#4491,.F.);
#4515 = ORIENTED_EDGE('',*,*,#3733,.T.);
#4516 = ADVANCED_FACE('',(#4517),#3803,.T.);
#4517 = FACE_BOUND('',#4518,.T.);
#4518 = EDGE_LOOP('',(#4519,#4543,#4544));
#4519 = ORIENTED_EDGE('',*,*,#4520,.T.);
#4520 = EDGE_CURVE('',#3766,#4521,#4523,.T.);
#4521 = VERTEX_POINT('',#4522);
#4522 = CARTESIAN_POINT('',(2.8575,0.,15.97));
#4523 = SEAM_CURVE('',#4524,(#4529,#4536),.PCURVE_S1.);
#4524 = CIRCLE('',#4525,0.21605);
#4525 = AXIS2_PLACEMENT_3D('',#4526,#4527,#4528);
#4526 = CARTESIAN_POINT('',(2.8575,0.,15.75395));
#4527 = DIRECTION('',(-2.449293598295E-16,-1.,0.));
#4528 = DIRECTION('',(1.,-2.449293598295E-16,0.));
#4529 = PCURVE('',#3803,#4530);
#4530 = DEFINITIONAL_REPRESENTATION('',(#4531),#4535);
#4531 = LINE('',#4532,#4533);
#4532 = CARTESIAN_POINT('',(6.28318530718,-6.28318530718));
#4533 = VECTOR('',#4534,1.);
#4534 = DIRECTION('',(0.,1.));
#4535 = ( GEOMETRIC_REPRESENTATION_CONTEXT(2) 
PARAMETRIC_REPRESENTATION_CONTEXT() REPRESENTATION_CONTEXT('2D SPACE',''
  ) );
#4536 = PCURVE('',#3803,#4537);
#4537 = DEFINITIONAL_REPRESENTATION('',(#4538),#4542);
#4538 = LINE('',#4539,#4540);
#4539 = CARTESIAN_POINT('',(0.,-6.28318530718));
#4540 = VECTOR('',#4541,1.);
#4541 = DIRECTION('',(0.,1.));
#4542 = ( GEOMETRIC_REPRESENTATION_CONTEXT(2) 
PARAMETRIC_REPRESENTATION_CONTEXT() REPRESENTATION_CONTEXT('2D SPACE',''
  ) );
#4543 = ORIENTED_EDGE('',*,*,#4520,.F.);
#4544 = ORIENTED_EDGE('',*,*,#3788,.T.);
#4545 = ADVANCED_FACE('',(#4546),#3858,.T.);
#4546 = FACE_BOUND('',#4547,.T.);
#4547 = EDGE_LOOP('',(#4548,#4572,#4573));
#4548 = ORIENTED_EDGE('',*,*,#4549,.T.);
#4549 = EDGE_CURVE('',#3821,#4550,#4552,.T.);
#4550 = VERTEX_POINT('',#4551);
#4551 = CARTESIAN_POINT('',(5.1435,0.,15.97));
#4552 = SEAM_CURVE('',#4553,(#4558,#4565),.PCURVE_S1.);
#4553 = CIRCLE('',#4554,0.21605);
#4554 = AXIS2_PLACEMENT_3D('',#4555,#4556,#4557);
#4555 = CARTESIAN_POINT('',(5.1435,0.,15.75395));
#4556 = DIRECTION('',(-2.449293598295E-16,-1.,0.));
#4557 = DIRECTION('',(1.,-2.449293598295E-16,0.));
#4558 = PCURVE('',#3858,#4559);
#4559 = DEFINITIONAL_REPRESENTATION('',(#4560),#4564);
#4560 = LINE('',#4561,#4562);
#4561 = CARTESIAN_POINT('',(6.28318530718,-6.28318530718));
#4562 = VECTOR('',#4563,1.);
#4563 = DIRECTION('',(0.,1.));
#4564 = ( GEOMETRIC_REPRESENTATION_CONTEXT(2) 
PARAMETRIC_REPRESENTATION_CONTEXT() REPRESENTATION_CONTEXT('2D SPACE',''
  ) );
#4565 = PCURVE('',#3858,#4566);
#4566 = DEFINITIONAL_REPRESENTATION('',(#4567),#4571);
#4567 = LINE('',#4568,#4569);
#4568 = CARTESIAN_POINT('',(0.,-6.28318530718));
#4569 = VECTOR('',#4570,1.);
#4570 = DIRECTION('',(0.,1.));
#4571 = ( GEOMETRIC_REPRESENTATION_CONTEXT(2) 
PARAMETRIC_REPRESENTATION_CONTEXT() REPRESENTATION_CONTEXT('2D SPACE',''
  ) );
#4572 = ORIENTED_EDGE('',*,*,#4549,.F.);
#4573 = ORIENTED_EDGE('',*,*,#3843,.T.);
#4574 = ADVANCED_FACE('',(#4575),#3913,.T.);
#4575 = FACE_BOUND('',#4576,.T.);
#4576 = EDGE_LOOP('',(#4577,#4601,#4602));
#4577 = ORIENTED_EDGE('',*,*,#4578,.T.);
#4578 = EDGE_CURVE('',#3876,#4579,#4581,.T.);
#4579 = VERTEX_POINT('',#4580);
#4580 = CARTESIAN_POINT('',(1.7145,1.981,15.97));
#4581 = SEAM_CURVE('',#4582,(#4587,#4594),.PCURVE_S1.);
#4582 = CIRCLE('',#4583,0.21605);
#4583 = AXIS2_PLACEMENT_3D('',#4584,#4585,#4586);
#4584 = CARTESIAN_POINT('',(1.7145,1.981,15.75395));
#4585 = DIRECTION('',(-2.449293598295E-16,-1.,0.));
#4586 = DIRECTION('',(1.,-2.449293598295E-16,0.));
#4587 = PCURVE('',#3913,#4588);
#4588 = DEFINITIONAL_REPRESENTATION('',(#4589),#4593);
#4589 = LINE('',#4590,#4591);
#4590 = CARTESIAN_POINT('',(6.28318530718,-6.28318530718));
#4591 = VECTOR('',#4592,1.);
#4592 = DIRECTION('',(0.,1.));
#4593 = ( GEOMETRIC_REPRESENTATION_CONTEXT(2) 
PARAMETRIC_REPRESENTATION_CONTEXT() REPRESENTATION_CONTEXT('2D SPACE',''
  ) );
#4594 = PCURVE('',#3913,#4595);
#4595 = DEFINITIONAL_REPRESENTATION('',(#4596),#4600);
#4596 = LINE('',#4597,#4598);
#4597 = CARTESIAN_POINT('',(0.,-6.28318530718));
#4598 = VECTOR('',#4599,1.);
#4599 = DIRECTION('',(0.,1.));
#4600 = ( GEOMETRIC_REPRESENTATION_CONTEXT(2) 
PARAMETRIC_REPRESENTATION_CONTEXT() REPRESENTATION_CONTEXT('2D SPACE',''
  ) );
#4601 = ORIENTED_EDGE('',*,*,#4578,.F.);
#4602 = ORIENTED_EDGE('',*,*,#3898,.T.);
#4603 = ADVANCED_FACE('',(#4604),#3968,.T.);
#4604 = FACE_BOUND('',#4605,.T.);
#4605 = EDGE_LOOP('',(#4606,#4630,#4631));
#4606 = ORIENTED_EDGE('',*,*,#4607,.T.);
#4607 = EDGE_CURVE('',#3931,#4608,#4610,.T.);
#4608 = VERTEX_POINT('',#4609);
#4609 = CARTESIAN_POINT('',(4.0005,1.981,15.97));
#4610 = SEAM_CURVE('',#4611,(#4616,#4623),.PCURVE_S1.);
#4611 = CIRCLE('',#4612,0.21605);
#4612 = AXIS2_PLACEMENT_3D('',#4613,#4614,#4615);
#4613 = CARTESIAN_POINT('',(4.0005,1.981,15.75395));
#4614 = DIRECTION('',(-2.449293598295E-16,-1.,0.));
#4615 = DIRECTION('',(1.,-2.449293598295E-16,0.));
#4616 = PCURVE('',#3968,#4617);
#4617 = DEFINITIONAL_REPRESENTATION('',(#4618),#4622);
#4618 = LINE('',#4619,#4620);
#4619 = CARTESIAN_POINT('',(6.28318530718,-6.28318530718));
#4620 = VECTOR('',#4621,1.);
#4621 = DIRECTION('',(0.,1.));
#4622 = ( GEOMETRIC_REPRESENTATION_CONTEXT(2) 
PARAMETRIC_REPRESENTATION_CONTEXT() REPRESENTATION_CONTEXT('2D SPACE',''
  ) );
#4623 = PCURVE('',#3968,#4624);
#4624 = DEFINITIONAL_REPRESENTATION('',(#4625),#4629);
#4625 = LINE('',#4626,#4627);
#4626 = CARTESIAN_POINT('',(0.,-6.28318530718));
#4627 = VECTOR('',#4628,1.);
#4628 = DIRECTION('',(0.,1.));
#4629 = ( GEOMETRIC_REPRESENTATION_CONTEXT(2) 
PARAMETRIC_REPRESENTATION_CONTEXT() REPRESENTATION_CONTEXT('2D SPACE',''
  ) );
#4630 = ORIENTED_EDGE('',*,*,#4607,.F.);
#4631 = ORIENTED_EDGE('',*,*,#3953,.T.);
#4632 = ADVANCED_FACE('',(#4633),#4003,.F.);
#4633 = FACE_BOUND('',#4634,.F.);
#4634 = EDGE_LOOP('',(#4635,#4665,#4686,#4687));
#4635 = ORIENTED_EDGE('',*,*,#4636,.F.);
#4636 = EDGE_CURVE('',#4637,#4639,#4641,.T.);
#4637 = VERTEX_POINT('',#4638);
#4638 = CARTESIAN_POINT('',(-6.913724877158,-5.375,7.51));
#4639 = VERTEX_POINT('',#4640);
#4640 = CARTESIAN_POINT('',(6.913724877158,-5.375,7.51));
#4641 = SURFACE_CURVE('',#4642,(#4646,#4653),.PCURVE_S1.);
#4642 = LINE('',#4643,#4644);
#4643 = CARTESIAN_POINT('',(-7.75475,-5.375,7.51));
#4644 = VECTOR('',#4645,1.);
#4645 = DIRECTION('',(1.,0.,0.));
#4646 = PCURVE('',#4003,#4647);
#4647 = DEFINITIONAL_REPRESENTATION('',(#4648),#4652);
#4648 = LINE('',#4649,#4650);
#4649 = CARTESIAN_POINT('',(0.,0.));
#4650 = VECTOR('',#4651,1.);
#4651 = DIRECTION('',(1.,0.));
#4652 = ( GEOMETRIC_REPRESENTATION_CONTEXT(2) 
PARAMETRIC_REPRESENTATION_CONTEXT() REPRESENTATION_CONTEXT('2D SPACE',''
  ) );
#4653 = PCURVE('',#4654,#4659);
#4654 = PLANE('',#4655);
#4655 = AXIS2_PLACEMENT_3D('',#4656,#4657,#4658);
#4656 = CARTESIAN_POINT('',(1.169155939267E-16,0.397303202364,7.51));
#4657 = DIRECTION('',(0.,0.,1.));
#4658 = DIRECTION('',(1.,0.,-0.));
#4659 = DEFINITIONAL_REPRESENTATION('',(#4660),#4664);
#4660 = LINE('',#4661,#4662);
#4661 = CARTESIAN_POINT('',(-7.75475,-5.772303202364));
#4662 = VECTOR('',#4663,1.);
#4663 = DIRECTION('',(1.,0.));
#4664 = ( GEOMETRIC_REPRESENTATION_CONTEXT(2) 
PARAMETRIC_REPRESENTATION_CONTEXT() REPRESENTATION_CONTEXT('2D SPACE',''
  ) );
#4665 = ORIENTED_EDGE('',*,*,#4666,.T.);
#4666 = EDGE_CURVE('',#4637,#3986,#4667,.T.);
#4667 = SURFACE_CURVE('',#4668,(#4672,#4679),.PCURVE_S1.);
#4668 = LINE('',#4669,#4670);
#4669 = CARTESIAN_POINT('',(-6.913724877158,-5.375,7.51));
#4670 = VECTOR('',#4671,1.);
#4671 = DIRECTION('',(0.,0.,1.));
#4672 = PCURVE('',#4003,#4673);
#4673 = DEFINITIONAL_REPRESENTATION('',(#4674),#4678);
#4674 = LINE('',#4675,#4676);
#4675 = CARTESIAN_POINT('',(0.841025122842,0.));
#4676 = VECTOR('',#4677,1.);
#4677 = DIRECTION('',(0.,-1.));
#4678 = ( GEOMETRIC_REPRESENTATION_CONTEXT(2) 
PARAMETRIC_REPRESENTATION_CONTEXT() REPRESENTATION_CONTEXT('2D SPACE',''
  ) );
#4679 = PCURVE('',#4205,#4680);
#4680 = DEFINITIONAL_REPRESENTATION('',(#4681),#4685);
#4681 = LINE('',#4682,#4683);
#4682 = CARTESIAN_POINT('',(-0.,0.));
#4683 = VECTOR('',#4684,1.);
#4684 = DIRECTION('',(-0.,1.));
#4685 = ( GEOMETRIC_REPRESENTATION_CONTEXT(2) 
PARAMETRIC_REPRESENTATION_CONTEXT() REPRESENTATION_CONTEXT('2D SPACE',''
  ) );
#4686 = ORIENTED_EDGE('',*,*,#3985,.T.);
#4687 = ORIENTED_EDGE('',*,*,#4688,.F.);
#4688 = EDGE_CURVE('',#4639,#3988,#4689,.T.);
#4689 = SURFACE_CURVE('',#4690,(#4694,#4701),.PCURVE_S1.);
#4690 = LINE('',#4691,#4692);
#4691 = CARTESIAN_POINT('',(6.913724877158,-5.375,7.51));
#4692 = VECTOR('',#4693,1.);
#4693 = DIRECTION('',(0.,0.,1.));
#4694 = PCURVE('',#4003,#4695);
#4695 = DEFINITIONAL_REPRESENTATION('',(#4696),#4700);
#4696 = LINE('',#4697,#4698);
#4697 = CARTESIAN_POINT('',(14.668474877158,0.));
#4698 = VECTOR('',#4699,1.);
#4699 = DIRECTION('',(0.,-1.));
#4700 = ( GEOMETRIC_REPRESENTATION_CONTEXT(2) 
PARAMETRIC_REPRESENTATION_CONTEXT() REPRESENTATION_CONTEXT('2D SPACE',''
  ) );
#4701 = PCURVE('',#4032,#4702);
#4702 = DEFINITIONAL_REPRESENTATION('',(#4703),#4707);
#4703 = LINE('',#4704,#4705);
#4704 = CARTESIAN_POINT('',(0.,0.));
#4705 = VECTOR('',#4706,1.);
#4706 = DIRECTION('',(0.,1.));
#4707 = ( GEOMETRIC_REPRESENTATION_CONTEXT(2) 
PARAMETRIC_REPRESENTATION_CONTEXT() REPRESENTATION_CONTEXT('2D SPACE',''
  ) );
#4708 = ADVANCED_FACE('',(#4709),#4205,.T.);
#4709 = FACE_BOUND('',#4710,.F.);
#4710 = EDGE_LOOP('',(#4711,#4739,#4760,#4761));
#4711 = ORIENTED_EDGE('',*,*,#4712,.T.);
#4712 = EDGE_CURVE('',#4637,#4713,#4715,.T.);
#4713 = VERTEX_POINT('',#4714);
#4714 = CARTESIAN_POINT('',(-7.898922166857,-4.546424328408,7.51));
#4715 = SURFACE_CURVE('',#4716,(#4721,#4728),.PCURVE_S1.);
#4716 = CIRCLE('',#4717,1.);
#4717 = AXIS2_PLACEMENT_3D('',#4718,#4719,#4720);
#4718 = CARTESIAN_POINT('',(-6.913724877158,-4.375,7.51));
#4719 = DIRECTION('',(-0.,-0.,-1.));
#4720 = DIRECTION('',(0.,-1.,0.));
#4721 = PCURVE('',#4205,#4722);
#4722 = DEFINITIONAL_REPRESENTATION('',(#4723),#4727);
#4723 = LINE('',#4724,#4725);
#4724 = CARTESIAN_POINT('',(-0.,1.7763568394E-15));
#4725 = VECTOR('',#4726,1.);
#4726 = DIRECTION('',(-1.,0.));
#4727 = ( GEOMETRIC_REPRESENTATION_CONTEXT(2) 
PARAMETRIC_REPRESENTATION_CONTEXT() REPRESENTATION_CONTEXT('2D SPACE',''
  ) );
#4728 = PCURVE('',#4654,#4729);
#4729 = DEFINITIONAL_REPRESENTATION('',(#4730),#4738);
#4730 = ( BOUNDED_CURVE() B_SPLINE_CURVE(2,(#4731,#4732,#4733,#4734,
#4735,#4736,#4737),.UNSPECIFIED.,.T.,.F.) B_SPLINE_CURVE_WITH_KNOTS((1,2
    ,2,2,2,1),(-2.094395102393,0.,2.094395102393,4.188790204786,
6.28318530718,8.377580409573),.UNSPECIFIED.) CURVE() 
GEOMETRIC_REPRESENTATION_ITEM() RATIONAL_B_SPLINE_CURVE((1.,0.5,1.,0.5,
1.,0.5,1.)) REPRESENTATION_ITEM('') );
#4731 = CARTESIAN_POINT('',(-6.913724877158,-5.772303202364));
#4732 = CARTESIAN_POINT('',(-8.645775684727,-5.772303202364));
#4733 = CARTESIAN_POINT('',(-7.779750280943,-4.272303202364));
#4734 = CARTESIAN_POINT('',(-6.913724877158,-2.772303202364));
#4735 = CARTESIAN_POINT('',(-6.047699473374,-4.272303202364));
#4736 = CARTESIAN_POINT('',(-5.181674069589,-5.772303202364));
#4737 = CARTESIAN_POINT('',(-6.913724877158,-5.772303202364));
#4738 = ( GEOMETRIC_REPRESENTATION_CONTEXT(2) 
PARAMETRIC_REPRESENTATION_CONTEXT() REPRESENTATION_CONTEXT('2D SPACE',''
  ) );
#4739 = ORIENTED_EDGE('',*,*,#4740,.T.);
#4740 = EDGE_CURVE('',#4713,#4159,#4741,.T.);
#4741 = SURFACE_CURVE('',#4742,(#4746,#4753),.PCURVE_S1.);
#4742 = LINE('',#4743,#4744);
#4743 = CARTESIAN_POINT('',(-7.898922166857,-4.546424328408,7.51));
#4744 = VECTOR('',#4745,1.);
#4745 = DIRECTION('',(0.,0.,1.));
#4746 = PCURVE('',#4205,#4747);
#4747 = DEFINITIONAL_REPRESENTATION('',(#4748),#4752);
#4748 = LINE('',#4749,#4750);
#4749 = CARTESIAN_POINT('',(-1.398521109841,0.));
#4750 = VECTOR('',#4751,1.);
#4751 = DIRECTION('',(-0.,1.));
#4752 = ( GEOMETRIC_REPRESENTATION_CONTEXT(2) 
PARAMETRIC_REPRESENTATION_CONTEXT() REPRESENTATION_CONTEXT('2D SPACE',''
  ) );
#4753 = PCURVE('',#4174,#4754);
#4754 = DEFINITIONAL_REPRESENTATION('',(#4755),#4759);
#4755 = LINE('',#4756,#4757);
#4756 = CARTESIAN_POINT('',(10.070494947707,0.));
#4757 = VECTOR('',#4758,1.);
#4758 = DIRECTION('',(0.,-1.));
#4759 = ( GEOMETRIC_REPRESENTATION_CONTEXT(2) 
PARAMETRIC_REPRESENTATION_CONTEXT() REPRESENTATION_CONTEXT('2D SPACE',''
  ) );
#4760 = ORIENTED_EDGE('',*,*,#4186,.F.);
#4761 = ORIENTED_EDGE('',*,*,#4666,.F.);
#4762 = ADVANCED_FACE('',(#4763),#4032,.T.);
#4763 = FACE_BOUND('',#4764,.T.);
#4764 = EDGE_LOOP('',(#4765,#4789,#4810,#4811));
#4765 = ORIENTED_EDGE('',*,*,#4766,.T.);
#4766 = EDGE_CURVE('',#4639,#4767,#4769,.T.);
#4767 = VERTEX_POINT('',#4768);
#4768 = CARTESIAN_POINT('',(7.898922166857,-4.546424328408,7.51));
#4769 = SURFACE_CURVE('',#4770,(#4775,#4782),.PCURVE_S1.);
#4770 = CIRCLE('',#4771,1.);
#4771 = AXIS2_PLACEMENT_3D('',#4772,#4773,#4774);
#4772 = CARTESIAN_POINT('',(6.913724877158,-4.375,7.51));
#4773 = DIRECTION('',(0.,0.,1.));
#4774 = DIRECTION('',(0.,-1.,0.));
#4775 = PCURVE('',#4032,#4776);
#4776 = DEFINITIONAL_REPRESENTATION('',(#4777),#4781);
#4777 = LINE('',#4778,#4779);
#4778 = CARTESIAN_POINT('',(0.,1.7763568394E-15));
#4779 = VECTOR('',#4780,1.);
#4780 = DIRECTION('',(1.,0.));
#4781 = ( GEOMETRIC_REPRESENTATION_CONTEXT(2) 
PARAMETRIC_REPRESENTATION_CONTEXT() REPRESENTATION_CONTEXT('2D SPACE',''
  ) );
#4782 = PCURVE('',#4654,#4783);
#4783 = DEFINITIONAL_REPRESENTATION('',(#4784),#4788);
#4784 = CIRCLE('',#4785,1.);
#4785 = AXIS2_PLACEMENT_2D('',#4786,#4787);
#4786 = CARTESIAN_POINT('',(6.913724877158,-4.772303202364));
#4787 = DIRECTION('',(0.,-1.));
#4788 = ( GEOMETRIC_REPRESENTATION_CONTEXT(2) 
PARAMETRIC_REPRESENTATION_CONTEXT() REPRESENTATION_CONTEXT('2D SPACE',''
  ) );
#4789 = ORIENTED_EDGE('',*,*,#4790,.T.);
#4790 = EDGE_CURVE('',#4767,#4016,#4791,.T.);
#4791 = SURFACE_CURVE('',#4792,(#4796,#4803),.PCURVE_S1.);
#4792 = LINE('',#4793,#4794);
#4793 = CARTESIAN_POINT('',(7.898922166857,-4.546424328408,7.51));
#4794 = VECTOR('',#4795,1.);
#4795 = DIRECTION('',(0.,0.,1.));
#4796 = PCURVE('',#4032,#4797);
#4797 = DEFINITIONAL_REPRESENTATION('',(#4798),#4802);
#4798 = LINE('',#4799,#4800);
#4799 = CARTESIAN_POINT('',(1.398521109841,0.));
#4800 = VECTOR('',#4801,1.);
#4801 = DIRECTION('',(0.,1.));
#4802 = ( GEOMETRIC_REPRESENTATION_CONTEXT(2) 
PARAMETRIC_REPRESENTATION_CONTEXT() REPRESENTATION_CONTEXT('2D SPACE',''
  ) );
#4803 = PCURVE('',#4060,#4804);
#4804 = DEFINITIONAL_REPRESENTATION('',(#4805),#4809);
#4805 = LINE('',#4806,#4807);
#4806 = CARTESIAN_POINT('',(0.841025122842,0.));
#4807 = VECTOR('',#4808,1.);
#4808 = DIRECTION('',(0.,-1.));
#4809 = ( GEOMETRIC_REPRESENTATION_CONTEXT(2) 
PARAMETRIC_REPRESENTATION_CONTEXT() REPRESENTATION_CONTEXT('2D SPACE',''
  ) );
#4810 = ORIENTED_EDGE('',*,*,#4015,.F.);
#4811 = ORIENTED_EDGE('',*,*,#4688,.F.);
#4812 = ADVANCED_FACE('',(#4813),#4174,.F.);
#4813 = FACE_BOUND('',#4814,.F.);
#4814 = EDGE_LOOP('',(#4815,#4838,#4859,#4860));
#4815 = ORIENTED_EDGE('',*,*,#4816,.F.);
#4816 = EDGE_CURVE('',#4817,#4713,#4819,.T.);
#4817 = VERTEX_POINT('',#4818);
#4818 = CARTESIAN_POINT('',(-9.421422166857,4.203575671592,7.51));
#4819 = SURFACE_CURVE('',#4820,(#4824,#4831),.PCURVE_S1.);
#4820 = LINE('',#4821,#4822);
#4821 = CARTESIAN_POINT('',(-9.62525,5.375,7.51));
#4822 = VECTOR('',#4823,1.);
#4823 = DIRECTION('',(0.171424328408,-0.985197289699,0.));
#4824 = PCURVE('',#4174,#4825);
#4825 = DEFINITIONAL_REPRESENTATION('',(#4826),#4830);
#4826 = LINE('',#4827,#4828);
#4827 = CARTESIAN_POINT('',(0.,0.));
#4828 = VECTOR('',#4829,1.);
#4829 = DIRECTION('',(1.,0.));
#4830 = ( GEOMETRIC_REPRESENTATION_CONTEXT(2) 
PARAMETRIC_REPRESENTATION_CONTEXT() REPRESENTATION_CONTEXT('2D SPACE',''
  ) );
#4831 = PCURVE('',#4654,#4832);
#4832 = DEFINITIONAL_REPRESENTATION('',(#4833),#4837);
#4833 = LINE('',#4834,#4835);
#4834 = CARTESIAN_POINT('',(-9.62525,4.977696797636));
#4835 = VECTOR('',#4836,1.);
#4836 = DIRECTION('',(0.171424328408,-0.985197289699));
#4837 = ( GEOMETRIC_REPRESENTATION_CONTEXT(2) 
PARAMETRIC_REPRESENTATION_CONTEXT() REPRESENTATION_CONTEXT('2D SPACE',''
  ) );
#4838 = ORIENTED_EDGE('',*,*,#4839,.T.);
#4839 = EDGE_CURVE('',#4817,#4130,#4840,.T.);
#4840 = SURFACE_CURVE('',#4841,(#4845,#4852),.PCURVE_S1.);
#4841 = LINE('',#4842,#4843);
#4842 = CARTESIAN_POINT('',(-9.421422166857,4.203575671592,7.51));
#4843 = VECTOR('',#4844,1.);
#4844 = DIRECTION('',(0.,0.,1.));
#4845 = PCURVE('',#4174,#4846);
#4846 = DEFINITIONAL_REPRESENTATION('',(#4847),#4851);
#4847 = LINE('',#4848,#4849);
#4848 = CARTESIAN_POINT('',(1.189025122842,0.));
#4849 = VECTOR('',#4850,1.);
#4850 = DIRECTION('',(0.,-1.));
#4851 = ( GEOMETRIC_REPRESENTATION_CONTEXT(2) 
PARAMETRIC_REPRESENTATION_CONTEXT() REPRESENTATION_CONTEXT('2D SPACE',''
  ) );
#4852 = PCURVE('',#4146,#4853);
#4853 = DEFINITIONAL_REPRESENTATION('',(#4854),#4858);
#4854 = LINE('',#4855,#4856);
#4855 = CARTESIAN_POINT('',(1.743071543748,0.));
#4856 = VECTOR('',#4857,1.);
#4857 = DIRECTION('',(0.,1.));
#4858 = ( GEOMETRIC_REPRESENTATION_CONTEXT(2) 
PARAMETRIC_REPRESENTATION_CONTEXT() REPRESENTATION_CONTEXT('2D SPACE',''
  ) );
#4859 = ORIENTED_EDGE('',*,*,#4158,.T.);
#4860 = ORIENTED_EDGE('',*,*,#4740,.F.);
#4861 = ADVANCED_FACE('',(#4862),#4060,.F.);
#4862 = FACE_BOUND('',#4863,.F.);
#4863 = EDGE_LOOP('',(#4864,#4887,#4888,#4889));
#4864 = ORIENTED_EDGE('',*,*,#4865,.F.);
#4865 = EDGE_CURVE('',#4767,#4866,#4868,.T.);
#4866 = VERTEX_POINT('',#4867);
#4867 = CARTESIAN_POINT('',(9.421422166857,4.203575671592,7.51));
#4868 = SURFACE_CURVE('',#4869,(#4873,#4880),.PCURVE_S1.);
#4869 = LINE('',#4870,#4871);
#4870 = CARTESIAN_POINT('',(7.75475,-5.375,7.51));
#4871 = VECTOR('',#4872,1.);
#4872 = DIRECTION('',(0.171424328408,0.985197289699,0.));
#4873 = PCURVE('',#4060,#4874);
#4874 = DEFINITIONAL_REPRESENTATION('',(#4875),#4879);
#4875 = LINE('',#4876,#4877);
#4876 = CARTESIAN_POINT('',(0.,0.));
#4877 = VECTOR('',#4878,1.);
#4878 = DIRECTION('',(1.,0.));
#4879 = ( GEOMETRIC_REPRESENTATION_CONTEXT(2) 
PARAMETRIC_REPRESENTATION_CONTEXT() REPRESENTATION_CONTEXT('2D SPACE',''
  ) );
#4880 = PCURVE('',#4654,#4881);
#4881 = DEFINITIONAL_REPRESENTATION('',(#4882),#4886);
#4882 = LINE('',#4883,#4884);
#4883 = CARTESIAN_POINT('',(7.75475,-5.772303202364));
#4884 = VECTOR('',#4885,1.);
#4885 = DIRECTION('',(0.171424328408,0.985197289699));
#4886 = ( GEOMETRIC_REPRESENTATION_CONTEXT(2) 
PARAMETRIC_REPRESENTATION_CONTEXT() REPRESENTATION_CONTEXT('2D SPACE',''
  ) );
#4887 = ORIENTED_EDGE('',*,*,#4790,.T.);
#4888 = ORIENTED_EDGE('',*,*,#4044,.T.);
#4889 = ORIENTED_EDGE('',*,*,#4890,.F.);
#4890 = EDGE_CURVE('',#4866,#4045,#4891,.T.);
#4891 = SURFACE_CURVE('',#4892,(#4896,#4903),.PCURVE_S1.);
#4892 = LINE('',#4893,#4894);
#4893 = CARTESIAN_POINT('',(9.421422166857,4.203575671592,7.51));
#4894 = VECTOR('',#4895,1.);
#4895 = DIRECTION('',(0.,0.,1.));
#4896 = PCURVE('',#4060,#4897);
#4897 = DEFINITIONAL_REPRESENTATION('',(#4898),#4902);
#4898 = LINE('',#4899,#4900);
#4899 = CARTESIAN_POINT('',(9.722494947707,0.));
#4900 = VECTOR('',#4901,1.);
#4901 = DIRECTION('',(0.,-1.));
#4902 = ( GEOMETRIC_REPRESENTATION_CONTEXT(2) 
PARAMETRIC_REPRESENTATION_CONTEXT() REPRESENTATION_CONTEXT('2D SPACE',''
  ) );
#4903 = PCURVE('',#4089,#4904);
#4904 = DEFINITIONAL_REPRESENTATION('',(#4905),#4909);
#4905 = LINE('',#4906,#4907);
#4906 = CARTESIAN_POINT('',(0.,0.));
#4907 = VECTOR('',#4908,1.);
#4908 = DIRECTION('',(0.,1.));
#4909 = ( GEOMETRIC_REPRESENTATION_CONTEXT(2) 
PARAMETRIC_REPRESENTATION_CONTEXT() REPRESENTATION_CONTEXT('2D SPACE',''
  ) );
#4910 = ADVANCED_FACE('',(#4911),#4146,.T.);
#4911 = FACE_BOUND('',#4912,.T.);
#4912 = EDGE_LOOP('',(#4913,#4937,#4938,#4939));
#4913 = ORIENTED_EDGE('',*,*,#4914,.T.);
#4914 = EDGE_CURVE('',#4915,#4817,#4917,.T.);
#4915 = VERTEX_POINT('',#4916);
#4916 = CARTESIAN_POINT('',(-8.436224877158,5.375,7.51));
#4917 = SURFACE_CURVE('',#4918,(#4923,#4930),.PCURVE_S1.);
#4918 = CIRCLE('',#4919,1.);
#4919 = AXIS2_PLACEMENT_3D('',#4920,#4921,#4922);
#4920 = CARTESIAN_POINT('',(-8.436224877158,4.375,7.51));
#4921 = DIRECTION('',(0.,0.,1.));
#4922 = DIRECTION('',(0.,-1.,0.));
#4923 = PCURVE('',#4146,#4924);
#4924 = DEFINITIONAL_REPRESENTATION('',(#4925),#4929);
#4925 = LINE('',#4926,#4927);
#4926 = CARTESIAN_POINT('',(-3.14159265359,1.7763568394E-15));
#4927 = VECTOR('',#4928,1.);
#4928 = DIRECTION('',(1.,0.));
#4929 = ( GEOMETRIC_REPRESENTATION_CONTEXT(2) 
PARAMETRIC_REPRESENTATION_CONTEXT() REPRESENTATION_CONTEXT('2D SPACE',''
  ) );
#4930 = PCURVE('',#4654,#4931);
#4931 = DEFINITIONAL_REPRESENTATION('',(#4932),#4936);
#4932 = CIRCLE('',#4933,1.);
#4933 = AXIS2_PLACEMENT_2D('',#4934,#4935);
#4934 = CARTESIAN_POINT('',(-8.436224877158,3.977696797636));
#4935 = DIRECTION('',(0.,-1.));
#4936 = ( GEOMETRIC_REPRESENTATION_CONTEXT(2) 
PARAMETRIC_REPRESENTATION_CONTEXT() REPRESENTATION_CONTEXT('2D SPACE',''
  ) );
#4937 = ORIENTED_EDGE('',*,*,#4839,.T.);
#4938 = ORIENTED_EDGE('',*,*,#4129,.F.);
#4939 = ORIENTED_EDGE('',*,*,#4940,.F.);
#4940 = EDGE_CURVE('',#4915,#4102,#4941,.T.);
#4941 = SURFACE_CURVE('',#4942,(#4946,#4953),.PCURVE_S1.);
#4942 = LINE('',#4943,#4944);
#4943 = CARTESIAN_POINT('',(-8.436224877158,5.375,7.51));
#4944 = VECTOR('',#4945,1.);
#4945 = DIRECTION('',(0.,0.,1.));
#4946 = PCURVE('',#4146,#4947);
#4947 = DEFINITIONAL_REPRESENTATION('',(#4948),#4952);
#4948 = LINE('',#4949,#4950);
#4949 = CARTESIAN_POINT('',(0.,0.));
#4950 = VECTOR('',#4951,1.);
#4951 = DIRECTION('',(0.,1.));
#4952 = ( GEOMETRIC_REPRESENTATION_CONTEXT(2) 
PARAMETRIC_REPRESENTATION_CONTEXT() REPRESENTATION_CONTEXT('2D SPACE',''
  ) );
#4953 = PCURVE('',#4117,#4954);
#4954 = DEFINITIONAL_REPRESENTATION('',(#4955),#4959);
#4955 = LINE('',#4956,#4957);
#4956 = CARTESIAN_POINT('',(18.061474877158,0.));
#4957 = VECTOR('',#4958,1.);
#4958 = DIRECTION('',(0.,-1.));
#4959 = ( GEOMETRIC_REPRESENTATION_CONTEXT(2) 
PARAMETRIC_REPRESENTATION_CONTEXT() REPRESENTATION_CONTEXT('2D SPACE',''
  ) );
#4960 = ADVANCED_FACE('',(#4961),#4089,.T.);
#4961 = FACE_BOUND('',#4962,.T.);
#4962 = EDGE_LOOP('',(#4963,#4987,#5008,#5009));
#4963 = ORIENTED_EDGE('',*,*,#4964,.T.);
#4964 = EDGE_CURVE('',#4866,#4965,#4967,.T.);
#4965 = VERTEX_POINT('',#4966);
#4966 = CARTESIAN_POINT('',(8.436224877158,5.375,7.51));
#4967 = SURFACE_CURVE('',#4968,(#4973,#4980),.PCURVE_S1.);
#4968 = CIRCLE('',#4969,1.);
#4969 = AXIS2_PLACEMENT_3D('',#4970,#4971,#4972);
#4970 = CARTESIAN_POINT('',(8.436224877158,4.375,7.51));
#4971 = DIRECTION('',(0.,0.,1.));
#4972 = DIRECTION('',(0.,-1.,0.));
#4973 = PCURVE('',#4089,#4974);
#4974 = DEFINITIONAL_REPRESENTATION('',(#4975),#4979);
#4975 = LINE('',#4976,#4977);
#4976 = CARTESIAN_POINT('',(-1.398521109841,1.7763568394E-15));
#4977 = VECTOR('',#4978,1.);
#4978 = DIRECTION('',(1.,0.));
#4979 = ( GEOMETRIC_REPRESENTATION_CONTEXT(2) 
PARAMETRIC_REPRESENTATION_CONTEXT() REPRESENTATION_CONTEXT('2D SPACE',''
  ) );
#4980 = PCURVE('',#4654,#4981);
#4981 = DEFINITIONAL_REPRESENTATION('',(#4982),#4986);
#4982 = CIRCLE('',#4983,1.);
#4983 = AXIS2_PLACEMENT_2D('',#4984,#4985);
#4984 = CARTESIAN_POINT('',(8.436224877158,3.977696797636));
#4985 = DIRECTION('',(0.,-1.));
#4986 = ( GEOMETRIC_REPRESENTATION_CONTEXT(2) 
PARAMETRIC_REPRESENTATION_CONTEXT() REPRESENTATION_CONTEXT('2D SPACE',''
  ) );
#4987 = ORIENTED_EDGE('',*,*,#4988,.T.);
#4988 = EDGE_CURVE('',#4965,#4073,#4989,.T.);
#4989 = SURFACE_CURVE('',#4990,(#4994,#5001),.PCURVE_S1.);
#4990 = LINE('',#4991,#4992);
#4991 = CARTESIAN_POINT('',(8.436224877158,5.375,7.51));
#4992 = VECTOR('',#4993,1.);
#4993 = DIRECTION('',(0.,0.,1.));
#4994 = PCURVE('',#4089,#4995);
#4995 = DEFINITIONAL_REPRESENTATION('',(#4996),#5000);
#4996 = LINE('',#4997,#4998);
#4997 = CARTESIAN_POINT('',(1.743071543748,0.));
#4998 = VECTOR('',#4999,1.);
#4999 = DIRECTION('',(0.,1.));
#5000 = ( GEOMETRIC_REPRESENTATION_CONTEXT(2) 
PARAMETRIC_REPRESENTATION_CONTEXT() REPRESENTATION_CONTEXT('2D SPACE',''
  ) );
#5001 = PCURVE('',#4117,#5002);
#5002 = DEFINITIONAL_REPRESENTATION('',(#5003),#5007);
#5003 = LINE('',#5004,#5005);
#5004 = CARTESIAN_POINT('',(1.189025122842,0.));
#5005 = VECTOR('',#5006,1.);
#5006 = DIRECTION('',(0.,-1.));
#5007 = ( GEOMETRIC_REPRESENTATION_CONTEXT(2) 
PARAMETRIC_REPRESENTATION_CONTEXT() REPRESENTATION_CONTEXT('2D SPACE',''
  ) );
#5008 = ORIENTED_EDGE('',*,*,#4072,.F.);
#5009 = ORIENTED_EDGE('',*,*,#4890,.F.);
#5010 = ADVANCED_FACE('',(#5011),#4117,.F.);
#5011 = FACE_BOUND('',#5012,.F.);
#5012 = EDGE_LOOP('',(#5013,#5034,#5035,#5036));
#5013 = ORIENTED_EDGE('',*,*,#5014,.F.);
#5014 = EDGE_CURVE('',#4965,#4915,#5015,.T.);
#5015 = SURFACE_CURVE('',#5016,(#5020,#5027),.PCURVE_S1.);
#5016 = LINE('',#5017,#5018);
#5017 = CARTESIAN_POINT('',(9.62525,5.375,7.51));
#5018 = VECTOR('',#5019,1.);
#5019 = DIRECTION('',(-1.,0.,0.));
#5020 = PCURVE('',#4117,#5021);
#5021 = DEFINITIONAL_REPRESENTATION('',(#5022),#5026);
#5022 = LINE('',#5023,#5024);
#5023 = CARTESIAN_POINT('',(0.,-0.));
#5024 = VECTOR('',#5025,1.);
#5025 = DIRECTION('',(1.,0.));
#5026 = ( GEOMETRIC_REPRESENTATION_CONTEXT(2) 
PARAMETRIC_REPRESENTATION_CONTEXT() REPRESENTATION_CONTEXT('2D SPACE',''
  ) );
#5027 = PCURVE('',#4654,#5028);
#5028 = DEFINITIONAL_REPRESENTATION('',(#5029),#5033);
#5029 = LINE('',#5030,#5031);
#5030 = CARTESIAN_POINT('',(9.62525,4.977696797636));
#5031 = VECTOR('',#5032,1.);
#5032 = DIRECTION('',(-1.,0.));
#5033 = ( GEOMETRIC_REPRESENTATION_CONTEXT(2) 
PARAMETRIC_REPRESENTATION_CONTEXT() REPRESENTATION_CONTEXT('2D SPACE',''
  ) );
#5034 = ORIENTED_EDGE('',*,*,#4988,.T.);
#5035 = ORIENTED_EDGE('',*,*,#4101,.T.);
#5036 = ORIENTED_EDGE('',*,*,#4940,.F.);
#5037 = ADVANCED_FACE('',(#5038,#5272),#4654,.T.);
#5038 = FACE_BOUND('',#5039,.T.);
#5039 = EDGE_LOOP('',(#5040,#5070,#5099,#5127,#5156,#5184,#5213,#5241));
#5040 = ORIENTED_EDGE('',*,*,#5041,.T.);
#5041 = EDGE_CURVE('',#5042,#5044,#5046,.T.);
#5042 = VERTEX_POINT('',#5043);
#5043 = CARTESIAN_POINT('',(-7.349114877158,-5.89,7.51));
#5044 = VERTEX_POINT('',#5045);
#5045 = CARTESIAN_POINT('',(7.349114877158,-5.89,7.51));
#5046 = SURFACE_CURVE('',#5047,(#5051,#5058),.PCURVE_S1.);
#5047 = LINE('',#5048,#5049);
#5048 = CARTESIAN_POINT('',(-8.19014,-5.89,7.51));
#5049 = VECTOR('',#5050,1.);
#5050 = DIRECTION('',(1.,0.,0.));
#5051 = PCURVE('',#4654,#5052);
#5052 = DEFINITIONAL_REPRESENTATION('',(#5053),#5057);
#5053 = LINE('',#5054,#5055);
#5054 = CARTESIAN_POINT('',(-8.19014,-6.287303202364));
#5055 = VECTOR('',#5056,1.);
#5056 = DIRECTION('',(1.,0.));
#5057 = ( GEOMETRIC_REPRESENTATION_CONTEXT(2) 
PARAMETRIC_REPRESENTATION_CONTEXT() REPRESENTATION_CONTEXT('2D SPACE',''
  ) );
#5058 = PCURVE('',#5059,#5064);
#5059 = PLANE('',#5060);
#5060 = AXIS2_PLACEMENT_3D('',#5061,#5062,#5063);
#5061 = CARTESIAN_POINT('',(-8.19014,-5.89,7.02));
#5062 = DIRECTION('',(0.,1.,0.));
#5063 = DIRECTION('',(1.,0.,0.));
#5064 = DEFINITIONAL_REPRESENTATION('',(#5065),#5069);
#5065 = LINE('',#5066,#5067);
#5066 = CARTESIAN_POINT('',(0.,-0.49));
#5067 = VECTOR('',#5068,1.);
#5068 = DIRECTION('',(1.,0.));
#5069 = ( GEOMETRIC_REPRESENTATION_CONTEXT(2) 
PARAMETRIC_REPRESENTATION_CONTEXT() REPRESENTATION_CONTEXT('2D SPACE',''
  ) );
#5070 = ORIENTED_EDGE('',*,*,#5071,.T.);
#5071 = EDGE_CURVE('',#5044,#5072,#5074,.T.);
#5072 = VERTEX_POINT('',#5073);
#5073 = CARTESIAN_POINT('',(8.334312166857,-5.061424328408,7.51));
#5074 = SURFACE_CURVE('',#5075,(#5080,#5087),.PCURVE_S1.);
#5075 = CIRCLE('',#5076,1.);
#5076 = AXIS2_PLACEMENT_3D('',#5077,#5078,#5079);
#5077 = CARTESIAN_POINT('',(7.349114877158,-4.89,7.51));
#5078 = DIRECTION('',(0.,0.,1.));
#5079 = DIRECTION('',(0.,-1.,0.));
#5080 = PCURVE('',#4654,#5081);
#5081 = DEFINITIONAL_REPRESENTATION('',(#5082),#5086);
#5082 = CIRCLE('',#5083,1.);
#5083 = AXIS2_PLACEMENT_2D('',#5084,#5085);
#5084 = CARTESIAN_POINT('',(7.349114877158,-5.287303202364));
#5085 = DIRECTION('',(0.,-1.));
#5086 = ( GEOMETRIC_REPRESENTATION_CONTEXT(2) 
PARAMETRIC_REPRESENTATION_CONTEXT() REPRESENTATION_CONTEXT('2D SPACE',''
  ) );
#5087 = PCURVE('',#5088,#5093);
#5088 = CYLINDRICAL_SURFACE('',#5089,1.);
#5089 = AXIS2_PLACEMENT_3D('',#5090,#5091,#5092);
#5090 = CARTESIAN_POINT('',(7.349114877158,-4.89,7.02));
#5091 = DIRECTION('',(0.,0.,1.));
#5092 = DIRECTION('',(0.,-1.,0.));
#5093 = DEFINITIONAL_REPRESENTATION('',(#5094),#5098);
#5094 = LINE('',#5095,#5096);
#5095 = CARTESIAN_POINT('',(8.881784197001E-16,0.49));
#5096 = VECTOR('',#5097,1.);
#5097 = DIRECTION('',(1.,0.));
#5098 = ( GEOMETRIC_REPRESENTATION_CONTEXT(2) 
PARAMETRIC_REPRESENTATION_CONTEXT() REPRESENTATION_CONTEXT('2D SPACE',''
  ) );
#5099 = ORIENTED_EDGE('',*,*,#5100,.T.);
#5100 = EDGE_CURVE('',#5072,#5101,#5103,.T.);
#5101 = VERTEX_POINT('',#5102);
#5102 = CARTESIAN_POINT('',(10.036032166857,4.718575671592,7.51));
#5103 = SURFACE_CURVE('',#5104,(#5108,#5115),.PCURVE_S1.);
#5104 = LINE('',#5105,#5106);
#5105 = CARTESIAN_POINT('',(8.19014,-5.89,7.51));
#5106 = VECTOR('',#5107,1.);
#5107 = DIRECTION('',(0.171424328408,0.985197289699,0.));
#5108 = PCURVE('',#4654,#5109);
#5109 = DEFINITIONAL_REPRESENTATION('',(#5110),#5114);
#5110 = LINE('',#5111,#5112);
#5111 = CARTESIAN_POINT('',(8.19014,-6.287303202364));
#5112 = VECTOR('',#5113,1.);
#5113 = DIRECTION('',(0.171424328408,0.985197289699));
#5114 = ( GEOMETRIC_REPRESENTATION_CONTEXT(2) 
PARAMETRIC_REPRESENTATION_CONTEXT() REPRESENTATION_CONTEXT('2D SPACE',''
  ) );
#5115 = PCURVE('',#5116,#5121);
#5116 = PLANE('',#5117);
#5117 = AXIS2_PLACEMENT_3D('',#5118,#5119,#5120);
#5118 = CARTESIAN_POINT('',(8.19014,-5.89,7.02));
#5119 = DIRECTION('',(-0.985197289699,0.171424328408,0.));
#5120 = DIRECTION('',(0.171424328408,0.985197289699,0.));
#5121 = DEFINITIONAL_REPRESENTATION('',(#5122),#5126);
#5122 = LINE('',#5123,#5124);
#5123 = CARTESIAN_POINT('',(0.,-0.49));
#5124 = VECTOR('',#5125,1.);
#5125 = DIRECTION('',(1.,0.));
#5126 = ( GEOMETRIC_REPRESENTATION_CONTEXT(2) 
PARAMETRIC_REPRESENTATION_CONTEXT() REPRESENTATION_CONTEXT('2D SPACE',''
  ) );
#5127 = ORIENTED_EDGE('',*,*,#5128,.T.);
#5128 = EDGE_CURVE('',#5101,#5129,#5131,.T.);
#5129 = VERTEX_POINT('',#5130);
#5130 = CARTESIAN_POINT('',(9.050834877158,5.89,7.51));
#5131 = SURFACE_CURVE('',#5132,(#5137,#5144),.PCURVE_S1.);
#5132 = CIRCLE('',#5133,1.);
#5133 = AXIS2_PLACEMENT_3D('',#5134,#5135,#5136);
#5134 = CARTESIAN_POINT('',(9.050834877158,4.89,7.51));
#5135 = DIRECTION('',(0.,0.,1.));
#5136 = DIRECTION('',(0.,-1.,0.));
#5137 = PCURVE('',#4654,#5138);
#5138 = DEFINITIONAL_REPRESENTATION('',(#5139),#5143);
#5139 = CIRCLE('',#5140,1.);
#5140 = AXIS2_PLACEMENT_2D('',#5141,#5142);
#5141 = CARTESIAN_POINT('',(9.050834877158,4.492696797636));
#5142 = DIRECTION('',(0.,-1.));
#5143 = ( GEOMETRIC_REPRESENTATION_CONTEXT(2) 
PARAMETRIC_REPRESENTATION_CONTEXT() REPRESENTATION_CONTEXT('2D SPACE',''
  ) );
#5144 = PCURVE('',#5145,#5150);
#5145 = CYLINDRICAL_SURFACE('',#5146,1.);
#5146 = AXIS2_PLACEMENT_3D('',#5147,#5148,#5149);
#5147 = CARTESIAN_POINT('',(9.050834877158,4.89,7.02));
#5148 = DIRECTION('',(0.,0.,1.));
#5149 = DIRECTION('',(0.985197289699,-0.171424328408,0.));
#5150 = DEFINITIONAL_REPRESENTATION('',(#5151),#5155);
#5151 = LINE('',#5152,#5153);
#5152 = CARTESIAN_POINT('',(-1.398521109841,0.49));
#5153 = VECTOR('',#5154,1.);
#5154 = DIRECTION('',(1.,0.));
#5155 = ( GEOMETRIC_REPRESENTATION_CONTEXT(2) 
PARAMETRIC_REPRESENTATION_CONTEXT() REPRESENTATION_CONTEXT('2D SPACE',''
  ) );
#5156 = ORIENTED_EDGE('',*,*,#5157,.T.);
#5157 = EDGE_CURVE('',#5129,#5158,#5160,.T.);
#5158 = VERTEX_POINT('',#5159);
#5159 = CARTESIAN_POINT('',(-9.050834877158,5.89,7.51));
#5160 = SURFACE_CURVE('',#5161,(#5165,#5172),.PCURVE_S1.);
#5161 = LINE('',#5162,#5163);
#5162 = CARTESIAN_POINT('',(10.23986,5.89,7.51));
#5163 = VECTOR('',#5164,1.);
#5164 = DIRECTION('',(-1.,0.,0.));
#5165 = PCURVE('',#4654,#5166);
#5166 = DEFINITIONAL_REPRESENTATION('',(#5167),#5171);
#5167 = LINE('',#5168,#5169);
#5168 = CARTESIAN_POINT('',(10.23986,5.492696797636));
#5169 = VECTOR('',#5170,1.);
#5170 = DIRECTION('',(-1.,0.));
#5171 = ( GEOMETRIC_REPRESENTATION_CONTEXT(2) 
PARAMETRIC_REPRESENTATION_CONTEXT() REPRESENTATION_CONTEXT('2D SPACE',''
  ) );
#5172 = PCURVE('',#5173,#5178);
#5173 = PLANE('',#5174);
#5174 = AXIS2_PLACEMENT_3D('',#5175,#5176,#5177);
#5175 = CARTESIAN_POINT('',(10.23986,5.89,7.02));
#5176 = DIRECTION('',(0.,-1.,0.));
#5177 = DIRECTION('',(-1.,0.,0.));
#5178 = DEFINITIONAL_REPRESENTATION('',(#5179),#5183);
#5179 = LINE('',#5180,#5181);
#5180 = CARTESIAN_POINT('',(0.,-0.49));
#5181 = VECTOR('',#5182,1.);
#5182 = DIRECTION('',(1.,0.));
#5183 = ( GEOMETRIC_REPRESENTATION_CONTEXT(2) 
PARAMETRIC_REPRESENTATION_CONTEXT() REPRESENTATION_CONTEXT('2D SPACE',''
  ) );
#5184 = ORIENTED_EDGE('',*,*,#5185,.T.);
#5185 = EDGE_CURVE('',#5158,#5186,#5188,.T.);
#5186 = VERTEX_POINT('',#5187);
#5187 = CARTESIAN_POINT('',(-10.03603216685,4.718575671592,7.51));
#5188 = SURFACE_CURVE('',#5189,(#5194,#5201),.PCURVE_S1.);
#5189 = CIRCLE('',#5190,1.);
#5190 = AXIS2_PLACEMENT_3D('',#5191,#5192,#5193);
#5191 = CARTESIAN_POINT('',(-9.050834877158,4.89,7.51));
#5192 = DIRECTION('',(0.,0.,1.));
#5193 = DIRECTION('',(0.,-1.,0.));
#5194 = PCURVE('',#4654,#5195);
#5195 = DEFINITIONAL_REPRESENTATION('',(#5196),#5200);
#5196 = CIRCLE('',#5197,1.);
#5197 = AXIS2_PLACEMENT_2D('',#5198,#5199);
#5198 = CARTESIAN_POINT('',(-9.050834877158,4.492696797636));
#5199 = DIRECTION('',(0.,-1.));
#5200 = ( GEOMETRIC_REPRESENTATION_CONTEXT(2) 
PARAMETRIC_REPRESENTATION_CONTEXT() REPRESENTATION_CONTEXT('2D SPACE',''
  ) );
#5201 = PCURVE('',#5202,#5207);
#5202 = CYLINDRICAL_SURFACE('',#5203,1.);
#5203 = AXIS2_PLACEMENT_3D('',#5204,#5205,#5206);
#5204 = CARTESIAN_POINT('',(-9.050834877158,4.89,7.02));
#5205 = DIRECTION('',(0.,0.,1.));
#5206 = DIRECTION('',(-0.,1.,0.));
#5207 = DEFINITIONAL_REPRESENTATION('',(#5208),#5212);
#5208 = LINE('',#5209,#5210);
#5209 = CARTESIAN_POINT('',(-3.14159265359,0.49));
#5210 = VECTOR('',#5211,1.);
#5211 = DIRECTION('',(1.,0.));
#5212 = ( GEOMETRIC_REPRESENTATION_CONTEXT(2) 
PARAMETRIC_REPRESENTATION_CONTEXT() REPRESENTATION_CONTEXT('2D SPACE',''
  ) );
#5213 = ORIENTED_EDGE('',*,*,#5214,.T.);
#5214 = EDGE_CURVE('',#5186,#5215,#5217,.T.);
#5215 = VERTEX_POINT('',#5216);
#5216 = CARTESIAN_POINT('',(-8.334312166857,-5.061424328408,7.51));
#5217 = SURFACE_CURVE('',#5218,(#5222,#5229),.PCURVE_S1.);
#5218 = LINE('',#5219,#5220);
#5219 = CARTESIAN_POINT('',(-10.23986,5.89,7.51));
#5220 = VECTOR('',#5221,1.);
#5221 = DIRECTION('',(0.171424328408,-0.985197289699,0.));
#5222 = PCURVE('',#4654,#5223);
#5223 = DEFINITIONAL_REPRESENTATION('',(#5224),#5228);
#5224 = LINE('',#5225,#5226);
#5225 = CARTESIAN_POINT('',(-10.23986,5.492696797636));
#5226 = VECTOR('',#5227,1.);
#5227 = DIRECTION('',(0.171424328408,-0.985197289699));
#5228 = ( GEOMETRIC_REPRESENTATION_CONTEXT(2) 
PARAMETRIC_REPRESENTATION_CONTEXT() REPRESENTATION_CONTEXT('2D SPACE',''
  ) );
#5229 = PCURVE('',#5230,#5235);
#5230 = PLANE('',#5231);
#5231 = AXIS2_PLACEMENT_3D('',#5232,#5233,#5234);
#5232 = CARTESIAN_POINT('',(-10.23986,5.89,7.02));
#5233 = DIRECTION('',(0.985197289699,0.171424328408,-0.));
#5234 = DIRECTION('',(0.171424328408,-0.985197289699,0.));
#5235 = DEFINITIONAL_REPRESENTATION('',(#5236),#5240);
#5236 = LINE('',#5237,#5238);
#5237 = CARTESIAN_POINT('',(0.,-0.49));
#5238 = VECTOR('',#5239,1.);
#5239 = DIRECTION('',(1.,0.));
#5240 = ( GEOMETRIC_REPRESENTATION_CONTEXT(2) 
PARAMETRIC_REPRESENTATION_CONTEXT() REPRESENTATION_CONTEXT('2D SPACE',''
  ) );
#5241 = ORIENTED_EDGE('',*,*,#5242,.F.);
#5242 = EDGE_CURVE('',#5042,#5215,#5243,.T.);
#5243 = SURFACE_CURVE('',#5244,(#5249,#5260),.PCURVE_S1.);
#5244 = CIRCLE('',#5245,1.);
#5245 = AXIS2_PLACEMENT_3D('',#5246,#5247,#5248);
#5246 = CARTESIAN_POINT('',(-7.349114877158,-4.89,7.51));
#5247 = DIRECTION('',(-0.,-0.,-1.));
#5248 = DIRECTION('',(0.,-1.,0.));
#5249 = PCURVE('',#4654,#5250);
#5250 = DEFINITIONAL_REPRESENTATION('',(#5251),#5259);
#5251 = ( BOUNDED_CURVE() B_SPLINE_CURVE(2,(#5252,#5253,#5254,#5255,
#5256,#5257,#5258),.UNSPECIFIED.,.T.,.F.) B_SPLINE_CURVE_WITH_KNOTS((1,2
    ,2,2,2,1),(-2.094395102393,0.,2.094395102393,4.188790204786,
6.28318530718,8.377580409573),.UNSPECIFIED.) CURVE() 
GEOMETRIC_REPRESENTATION_ITEM() RATIONAL_B_SPLINE_CURVE((1.,0.5,1.,0.5,
1.,0.5,1.)) REPRESENTATION_ITEM('') );
#5252 = CARTESIAN_POINT('',(-7.349114877158,-6.287303202364));
#5253 = CARTESIAN_POINT('',(-9.081165684727,-6.287303202364));
#5254 = CARTESIAN_POINT('',(-8.215140280943,-4.787303202364));
#5255 = CARTESIAN_POINT('',(-7.349114877158,-3.287303202364));
#5256 = CARTESIAN_POINT('',(-6.483089473374,-4.787303202364));
#5257 = CARTESIAN_POINT('',(-5.617064069589,-6.287303202364));
#5258 = CARTESIAN_POINT('',(-7.349114877158,-6.287303202364));
#5259 = ( GEOMETRIC_REPRESENTATION_CONTEXT(2) 
PARAMETRIC_REPRESENTATION_CONTEXT() REPRESENTATION_CONTEXT('2D SPACE',''
  ) );
#5260 = PCURVE('',#5261,#5266);
#5261 = CYLINDRICAL_SURFACE('',#5262,1.);
#5262 = AXIS2_PLACEMENT_3D('',#5263,#5264,#5265);
#5263 = CARTESIAN_POINT('',(-7.349114877158,-4.89,7.02));
#5264 = DIRECTION('',(0.,0.,1.));
#5265 = DIRECTION('',(0.,-1.,0.));
#5266 = DEFINITIONAL_REPRESENTATION('',(#5267),#5271);
#5267 = LINE('',#5268,#5269);
#5268 = CARTESIAN_POINT('',(-0.,0.49));
#5269 = VECTOR('',#5270,1.);
#5270 = DIRECTION('',(-1.,0.));
#5271 = ( GEOMETRIC_REPRESENTATION_CONTEXT(2) 
PARAMETRIC_REPRESENTATION_CONTEXT() REPRESENTATION_CONTEXT('2D SPACE',''
  ) );
#5272 = FACE_BOUND('',#5273,.T.);
#5273 = EDGE_LOOP('',(#5274,#5275,#5276,#5277,#5278,#5279,#5280,#5281));
#5274 = ORIENTED_EDGE('',*,*,#4636,.F.);
#5275 = ORIENTED_EDGE('',*,*,#4712,.T.);
#5276 = ORIENTED_EDGE('',*,*,#4816,.F.);
#5277 = ORIENTED_EDGE('',*,*,#4914,.F.);
#5278 = ORIENTED_EDGE('',*,*,#5014,.F.);
#5279 = ORIENTED_EDGE('',*,*,#4964,.F.);
#5280 = ORIENTED_EDGE('',*,*,#4865,.F.);
#5281 = ORIENTED_EDGE('',*,*,#4766,.F.);
#5282 = ADVANCED_FACE('',(#5283),#5059,.F.);
#5283 = FACE_BOUND('',#5284,.F.);
#5284 = EDGE_LOOP('',(#5285,#5315,#5336,#5337));
#5285 = ORIENTED_EDGE('',*,*,#5286,.F.);
#5286 = EDGE_CURVE('',#5287,#5289,#5291,.T.);
#5287 = VERTEX_POINT('',#5288);
#5288 = CARTESIAN_POINT('',(-7.349114877158,-5.89,7.02));
#5289 = VERTEX_POINT('',#5290);
#5290 = CARTESIAN_POINT('',(7.349114877158,-5.89,7.02));
#5291 = SURFACE_CURVE('',#5292,(#5296,#5303),.PCURVE_S1.);
#5292 = LINE('',#5293,#5294);
#5293 = CARTESIAN_POINT('',(-8.19014,-5.89,7.02));
#5294 = VECTOR('',#5295,1.);
#5295 = DIRECTION('',(1.,0.,0.));
#5296 = PCURVE('',#5059,#5297);
#5297 = DEFINITIONAL_REPRESENTATION('',(#5298),#5302);
#5298 = LINE('',#5299,#5300);
#5299 = CARTESIAN_POINT('',(0.,0.));
#5300 = VECTOR('',#5301,1.);
#5301 = DIRECTION('',(1.,0.));
#5302 = ( GEOMETRIC_REPRESENTATION_CONTEXT(2) 
PARAMETRIC_REPRESENTATION_CONTEXT() REPRESENTATION_CONTEXT('2D SPACE',''
  ) );
#5303 = PCURVE('',#5304,#5309);
#5304 = PLANE('',#5305);
#5305 = AXIS2_PLACEMENT_3D('',#5306,#5307,#5308);
#5306 = CARTESIAN_POINT('',(0.,0.,7.02));
#5307 = DIRECTION('',(0.,0.,1.));
#5308 = DIRECTION('',(1.,0.,-0.));
#5309 = DEFINITIONAL_REPRESENTATION('',(#5310),#5314);
#5310 = LINE('',#5311,#5312);
#5311 = CARTESIAN_POINT('',(-8.19014,-5.89));
#5312 = VECTOR('',#5313,1.);
#5313 = DIRECTION('',(1.,0.));
#5314 = ( GEOMETRIC_REPRESENTATION_CONTEXT(2) 
PARAMETRIC_REPRESENTATION_CONTEXT() REPRESENTATION_CONTEXT('2D SPACE',''
  ) );
#5315 = ORIENTED_EDGE('',*,*,#5316,.T.);
#5316 = EDGE_CURVE('',#5287,#5042,#5317,.T.);
#5317 = SURFACE_CURVE('',#5318,(#5322,#5329),.PCURVE_S1.);
#5318 = LINE('',#5319,#5320);
#5319 = CARTESIAN_POINT('',(-7.349114877158,-5.89,7.02));
#5320 = VECTOR('',#5321,1.);
#5321 = DIRECTION('',(0.,0.,1.));
#5322 = PCURVE('',#5059,#5323);
#5323 = DEFINITIONAL_REPRESENTATION('',(#5324),#5328);
#5324 = LINE('',#5325,#5326);
#5325 = CARTESIAN_POINT('',(0.841025122842,0.));
#5326 = VECTOR('',#5327,1.);
#5327 = DIRECTION('',(0.,-1.));
#5328 = ( GEOMETRIC_REPRESENTATION_CONTEXT(2) 
PARAMETRIC_REPRESENTATION_CONTEXT() REPRESENTATION_CONTEXT('2D SPACE',''
  ) );
#5329 = PCURVE('',#5261,#5330);
#5330 = DEFINITIONAL_REPRESENTATION('',(#5331),#5335);
#5331 = LINE('',#5332,#5333);
#5332 = CARTESIAN_POINT('',(-0.,0.));
#5333 = VECTOR('',#5334,1.);
#5334 = DIRECTION('',(-0.,1.));
#5335 = ( GEOMETRIC_REPRESENTATION_CONTEXT(2) 
PARAMETRIC_REPRESENTATION_CONTEXT() REPRESENTATION_CONTEXT('2D SPACE',''
  ) );
#5336 = ORIENTED_EDGE('',*,*,#5041,.T.);
#5337 = ORIENTED_EDGE('',*,*,#5338,.F.);
#5338 = EDGE_CURVE('',#5289,#5044,#5339,.T.);
#5339 = SURFACE_CURVE('',#5340,(#5344,#5351),.PCURVE_S1.);
#5340 = LINE('',#5341,#5342);
#5341 = CARTESIAN_POINT('',(7.349114877158,-5.89,7.02));
#5342 = VECTOR('',#5343,1.);
#5343 = DIRECTION('',(0.,0.,1.));
#5344 = PCURVE('',#5059,#5345);
#5345 = DEFINITIONAL_REPRESENTATION('',(#5346),#5350);
#5346 = LINE('',#5347,#5348);
#5347 = CARTESIAN_POINT('',(15.539254877158,0.));
#5348 = VECTOR('',#5349,1.);
#5349 = DIRECTION('',(0.,-1.));
#5350 = ( GEOMETRIC_REPRESENTATION_CONTEXT(2) 
PARAMETRIC_REPRESENTATION_CONTEXT() REPRESENTATION_CONTEXT('2D SPACE',''
  ) );
#5351 = PCURVE('',#5088,#5352);
#5352 = DEFINITIONAL_REPRESENTATION('',(#5353),#5357);
#5353 = LINE('',#5354,#5355);
#5354 = CARTESIAN_POINT('',(0.,0.));
#5355 = VECTOR('',#5356,1.);
#5356 = DIRECTION('',(0.,1.));
#5357 = ( GEOMETRIC_REPRESENTATION_CONTEXT(2) 
PARAMETRIC_REPRESENTATION_CONTEXT() REPRESENTATION_CONTEXT('2D SPACE',''
  ) );
#5358 = ADVANCED_FACE('',(#5359),#5261,.T.);
#5359 = FACE_BOUND('',#5360,.F.);
#5360 = EDGE_LOOP('',(#5361,#5389,#5410,#5411));
#5361 = ORIENTED_EDGE('',*,*,#5362,.T.);
#5362 = EDGE_CURVE('',#5287,#5363,#5365,.T.);
#5363 = VERTEX_POINT('',#5364);
#5364 = CARTESIAN_POINT('',(-8.334312166857,-5.061424328408,7.02));
#5365 = SURFACE_CURVE('',#5366,(#5371,#5378),.PCURVE_S1.);
#5366 = CIRCLE('',#5367,1.);
#5367 = AXIS2_PLACEMENT_3D('',#5368,#5369,#5370);
#5368 = CARTESIAN_POINT('',(-7.349114877158,-4.89,7.02));
#5369 = DIRECTION('',(-0.,-0.,-1.));
#5370 = DIRECTION('',(0.,-1.,0.));
#5371 = PCURVE('',#5261,#5372);
#5372 = DEFINITIONAL_REPRESENTATION('',(#5373),#5377);
#5373 = LINE('',#5374,#5375);
#5374 = CARTESIAN_POINT('',(-0.,0.));
#5375 = VECTOR('',#5376,1.);
#5376 = DIRECTION('',(-1.,0.));
#5377 = ( GEOMETRIC_REPRESENTATION_CONTEXT(2) 
PARAMETRIC_REPRESENTATION_CONTEXT() REPRESENTATION_CONTEXT('2D SPACE',''
  ) );
#5378 = PCURVE('',#5304,#5379);
#5379 = DEFINITIONAL_REPRESENTATION('',(#5380),#5388);
#5380 = ( BOUNDED_CURVE() B_SPLINE_CURVE(2,(#5381,#5382,#5383,#5384,
#5385,#5386,#5387),.UNSPECIFIED.,.T.,.F.) B_SPLINE_CURVE_WITH_KNOTS((1,2
    ,2,2,2,1),(-2.094395102393,0.,2.094395102393,4.188790204786,
6.28318530718,8.377580409573),.UNSPECIFIED.) CURVE() 
GEOMETRIC_REPRESENTATION_ITEM() RATIONAL_B_SPLINE_CURVE((1.,0.5,1.,0.5,
1.,0.5,1.)) REPRESENTATION_ITEM('') );
#5381 = CARTESIAN_POINT('',(-7.349114877158,-5.89));
#5382 = CARTESIAN_POINT('',(-9.081165684727,-5.89));
#5383 = CARTESIAN_POINT('',(-8.215140280943,-4.39));
#5384 = CARTESIAN_POINT('',(-7.349114877158,-2.89));
#5385 = CARTESIAN_POINT('',(-6.483089473374,-4.39));
#5386 = CARTESIAN_POINT('',(-5.617064069589,-5.89));
#5387 = CARTESIAN_POINT('',(-7.349114877158,-5.89));
#5388 = ( GEOMETRIC_REPRESENTATION_CONTEXT(2) 
PARAMETRIC_REPRESENTATION_CONTEXT() REPRESENTATION_CONTEXT('2D SPACE',''
  ) );
#5389 = ORIENTED_EDGE('',*,*,#5390,.T.);
#5390 = EDGE_CURVE('',#5363,#5215,#5391,.T.);
#5391 = SURFACE_CURVE('',#5392,(#5396,#5403),.PCURVE_S1.);
#5392 = LINE('',#5393,#5394);
#5393 = CARTESIAN_POINT('',(-8.334312166857,-5.061424328408,7.02));
#5394 = VECTOR('',#5395,1.);
#5395 = DIRECTION('',(0.,0.,1.));
#5396 = PCURVE('',#5261,#5397);
#5397 = DEFINITIONAL_REPRESENTATION('',(#5398),#5402);
#5398 = LINE('',#5399,#5400);
#5399 = CARTESIAN_POINT('',(-1.398521109841,0.));
#5400 = VECTOR('',#5401,1.);
#5401 = DIRECTION('',(-0.,1.));
#5402 = ( GEOMETRIC_REPRESENTATION_CONTEXT(2) 
PARAMETRIC_REPRESENTATION_CONTEXT() REPRESENTATION_CONTEXT('2D SPACE',''
  ) );
#5403 = PCURVE('',#5230,#5404);
#5404 = DEFINITIONAL_REPRESENTATION('',(#5405),#5409);
#5405 = LINE('',#5406,#5407);
#5406 = CARTESIAN_POINT('',(11.115970824235,0.));
#5407 = VECTOR('',#5408,1.);
#5408 = DIRECTION('',(0.,-1.));
#5409 = ( GEOMETRIC_REPRESENTATION_CONTEXT(2) 
PARAMETRIC_REPRESENTATION_CONTEXT() REPRESENTATION_CONTEXT('2D SPACE',''
  ) );
#5410 = ORIENTED_EDGE('',*,*,#5242,.F.);
#5411 = ORIENTED_EDGE('',*,*,#5316,.F.);
#5412 = ADVANCED_FACE('',(#5413),#5088,.T.);
#5413 = FACE_BOUND('',#5414,.T.);
#5414 = EDGE_LOOP('',(#5415,#5439,#5460,#5461));
#5415 = ORIENTED_EDGE('',*,*,#5416,.T.);
#5416 = EDGE_CURVE('',#5289,#5417,#5419,.T.);
#5417 = VERTEX_POINT('',#5418);
#5418 = CARTESIAN_POINT('',(8.334312166857,-5.061424328408,7.02));
#5419 = SURFACE_CURVE('',#5420,(#5425,#5432),.PCURVE_S1.);
#5420 = CIRCLE('',#5421,1.);
#5421 = AXIS2_PLACEMENT_3D('',#5422,#5423,#5424);
#5422 = CARTESIAN_POINT('',(7.349114877158,-4.89,7.02));
#5423 = DIRECTION('',(0.,0.,1.));
#5424 = DIRECTION('',(0.,-1.,0.));
#5425 = PCURVE('',#5088,#5426);
#5426 = DEFINITIONAL_REPRESENTATION('',(#5427),#5431);
#5427 = LINE('',#5428,#5429);
#5428 = CARTESIAN_POINT('',(8.881784197001E-16,0.));
#5429 = VECTOR('',#5430,1.);
#5430 = DIRECTION('',(1.,0.));
#5431 = ( GEOMETRIC_REPRESENTATION_CONTEXT(2) 
PARAMETRIC_REPRESENTATION_CONTEXT() REPRESENTATION_CONTEXT('2D SPACE',''
  ) );
#5432 = PCURVE('',#5304,#5433);
#5433 = DEFINITIONAL_REPRESENTATION('',(#5434),#5438);
#5434 = CIRCLE('',#5435,1.);
#5435 = AXIS2_PLACEMENT_2D('',#5436,#5437);
#5436 = CARTESIAN_POINT('',(7.349114877158,-4.89));
#5437 = DIRECTION('',(0.,-1.));
#5438 = ( GEOMETRIC_REPRESENTATION_CONTEXT(2) 
PARAMETRIC_REPRESENTATION_CONTEXT() REPRESENTATION_CONTEXT('2D SPACE',''
  ) );
#5439 = ORIENTED_EDGE('',*,*,#5440,.T.);
#5440 = EDGE_CURVE('',#5417,#5072,#5441,.T.);
#5441 = SURFACE_CURVE('',#5442,(#5446,#5453),.PCURVE_S1.);
#5442 = LINE('',#5443,#5444);
#5443 = CARTESIAN_POINT('',(8.334312166857,-5.061424328408,7.02));
#5444 = VECTOR('',#5445,1.);
#5445 = DIRECTION('',(0.,0.,1.));
#5446 = PCURVE('',#5088,#5447);
#5447 = DEFINITIONAL_REPRESENTATION('',(#5448),#5452);
#5448 = LINE('',#5449,#5450);
#5449 = CARTESIAN_POINT('',(1.398521109841,0.));
#5450 = VECTOR('',#5451,1.);
#5451 = DIRECTION('',(0.,1.));
#5452 = ( GEOMETRIC_REPRESENTATION_CONTEXT(2) 
PARAMETRIC_REPRESENTATION_CONTEXT() REPRESENTATION_CONTEXT('2D SPACE',''
  ) );
#5453 = PCURVE('',#5116,#5454);
#5454 = DEFINITIONAL_REPRESENTATION('',(#5455),#5459);
#5455 = LINE('',#5456,#5457);
#5456 = CARTESIAN_POINT('',(0.841025122842,0.));
#5457 = VECTOR('',#5458,1.);
#5458 = DIRECTION('',(0.,-1.));
#5459 = ( GEOMETRIC_REPRESENTATION_CONTEXT(2) 
PARAMETRIC_REPRESENTATION_CONTEXT() REPRESENTATION_CONTEXT('2D SPACE',''
  ) );
#5460 = ORIENTED_EDGE('',*,*,#5071,.F.);
#5461 = ORIENTED_EDGE('',*,*,#5338,.F.);
#5462 = ADVANCED_FACE('',(#5463),#5230,.F.);
#5463 = FACE_BOUND('',#5464,.F.);
#5464 = EDGE_LOOP('',(#5465,#5488,#5509,#5510));
#5465 = ORIENTED_EDGE('',*,*,#5466,.F.);
#5466 = EDGE_CURVE('',#5467,#5363,#5469,.T.);
#5467 = VERTEX_POINT('',#5468);
#5468 = CARTESIAN_POINT('',(-10.03603216685,4.718575671592,7.02));
#5469 = SURFACE_CURVE('',#5470,(#5474,#5481),.PCURVE_S1.);
#5470 = LINE('',#5471,#5472);
#5471 = CARTESIAN_POINT('',(-10.23986,5.89,7.02));
#5472 = VECTOR('',#5473,1.);
#5473 = DIRECTION('',(0.171424328408,-0.985197289699,0.));
#5474 = PCURVE('',#5230,#5475);
#5475 = DEFINITIONAL_REPRESENTATION('',(#5476),#5480);
#5476 = LINE('',#5477,#5478);
#5477 = CARTESIAN_POINT('',(0.,0.));
#5478 = VECTOR('',#5479,1.);
#5479 = DIRECTION('',(1.,0.));
#5480 = ( GEOMETRIC_REPRESENTATION_CONTEXT(2) 
PARAMETRIC_REPRESENTATION_CONTEXT() REPRESENTATION_CONTEXT('2D SPACE',''
  ) );
#5481 = PCURVE('',#5304,#5482);
#5482 = DEFINITIONAL_REPRESENTATION('',(#5483),#5487);
#5483 = LINE('',#5484,#5485);
#5484 = CARTESIAN_POINT('',(-10.23986,5.89));
#5485 = VECTOR('',#5486,1.);
#5486 = DIRECTION('',(0.171424328408,-0.985197289699));
#5487 = ( GEOMETRIC_REPRESENTATION_CONTEXT(2) 
PARAMETRIC_REPRESENTATION_CONTEXT() REPRESENTATION_CONTEXT('2D SPACE',''
  ) );
#5488 = ORIENTED_EDGE('',*,*,#5489,.T.);
#5489 = EDGE_CURVE('',#5467,#5186,#5490,.T.);
#5490 = SURFACE_CURVE('',#5491,(#5495,#5502),.PCURVE_S1.);
#5491 = LINE('',#5492,#5493);
#5492 = CARTESIAN_POINT('',(-10.03603216685,4.718575671592,7.02));
#5493 = VECTOR('',#5494,1.);
#5494 = DIRECTION('',(0.,0.,1.));
#5495 = PCURVE('',#5230,#5496);
#5496 = DEFINITIONAL_REPRESENTATION('',(#5497),#5501);
#5497 = LINE('',#5498,#5499);
#5498 = CARTESIAN_POINT('',(1.189025122842,0.));
#5499 = VECTOR('',#5500,1.);
#5500 = DIRECTION('',(0.,-1.));
#5501 = ( GEOMETRIC_REPRESENTATION_CONTEXT(2) 
PARAMETRIC_REPRESENTATION_CONTEXT() REPRESENTATION_CONTEXT('2D SPACE',''
  ) );
#5502 = PCURVE('',#5202,#5503);
#5503 = DEFINITIONAL_REPRESENTATION('',(#5504),#5508);
#5504 = LINE('',#5505,#5506);
#5505 = CARTESIAN_POINT('',(1.743071543748,0.));
#5506 = VECTOR('',#5507,1.);
#5507 = DIRECTION('',(0.,1.));
#5508 = ( GEOMETRIC_REPRESENTATION_CONTEXT(2) 
PARAMETRIC_REPRESENTATION_CONTEXT() REPRESENTATION_CONTEXT('2D SPACE',''
  ) );
#5509 = ORIENTED_EDGE('',*,*,#5214,.T.);
#5510 = ORIENTED_EDGE('',*,*,#5390,.F.);
#5511 = ADVANCED_FACE('',(#5512),#5116,.F.);
#5512 = FACE_BOUND('',#5513,.F.);
#5513 = EDGE_LOOP('',(#5514,#5537,#5538,#5539));
#5514 = ORIENTED_EDGE('',*,*,#5515,.F.);
#5515 = EDGE_CURVE('',#5417,#5516,#5518,.T.);
#5516 = VERTEX_POINT('',#5517);
#5517 = CARTESIAN_POINT('',(10.036032166857,4.718575671592,7.02));
#5518 = SURFACE_CURVE('',#5519,(#5523,#5530),.PCURVE_S1.);
#5519 = LINE('',#5520,#5521);
#5520 = CARTESIAN_POINT('',(8.19014,-5.89,7.02));
#5521 = VECTOR('',#5522,1.);
#5522 = DIRECTION('',(0.171424328408,0.985197289699,0.));
#5523 = PCURVE('',#5116,#5524);
#5524 = DEFINITIONAL_REPRESENTATION('',(#5525),#5529);
#5525 = LINE('',#5526,#5527);
#5526 = CARTESIAN_POINT('',(0.,0.));
#5527 = VECTOR('',#5528,1.);
#5528 = DIRECTION('',(1.,0.));
#5529 = ( GEOMETRIC_REPRESENTATION_CONTEXT(2) 
PARAMETRIC_REPRESENTATION_CONTEXT() REPRESENTATION_CONTEXT('2D SPACE',''
  ) );
#5530 = PCURVE('',#5304,#5531);
#5531 = DEFINITIONAL_REPRESENTATION('',(#5532),#5536);
#5532 = LINE('',#5533,#5534);
#5533 = CARTESIAN_POINT('',(8.19014,-5.89));
#5534 = VECTOR('',#5535,1.);
#5535 = DIRECTION('',(0.171424328408,0.985197289699));
#5536 = ( GEOMETRIC_REPRESENTATION_CONTEXT(2) 
PARAMETRIC_REPRESENTATION_CONTEXT() REPRESENTATION_CONTEXT('2D SPACE',''
  ) );
#5537 = ORIENTED_EDGE('',*,*,#5440,.T.);
#5538 = ORIENTED_EDGE('',*,*,#5100,.T.);
#5539 = ORIENTED_EDGE('',*,*,#5540,.F.);
#5540 = EDGE_CURVE('',#5516,#5101,#5541,.T.);
#5541 = SURFACE_CURVE('',#5542,(#5546,#5553),.PCURVE_S1.);
#5542 = LINE('',#5543,#5544);
#5543 = CARTESIAN_POINT('',(10.036032166857,4.718575671592,7.02));
#5544 = VECTOR('',#5545,1.);
#5545 = DIRECTION('',(0.,0.,1.));
#5546 = PCURVE('',#5116,#5547);
#5547 = DEFINITIONAL_REPRESENTATION('',(#5548),#5552);
#5548 = LINE('',#5549,#5550);
#5549 = CARTESIAN_POINT('',(10.767970824235,0.));
#5550 = VECTOR('',#5551,1.);
#5551 = DIRECTION('',(0.,-1.));
#5552 = ( GEOMETRIC_REPRESENTATION_CONTEXT(2) 
PARAMETRIC_REPRESENTATION_CONTEXT() REPRESENTATION_CONTEXT('2D SPACE',''
  ) );
#5553 = PCURVE('',#5145,#5554);
#5554 = DEFINITIONAL_REPRESENTATION('',(#5555),#5559);
#5555 = LINE('',#5556,#5557);
#5556 = CARTESIAN_POINT('',(0.,0.));
#5557 = VECTOR('',#5558,1.);
#5558 = DIRECTION('',(0.,1.));
#5559 = ( GEOMETRIC_REPRESENTATION_CONTEXT(2) 
PARAMETRIC_REPRESENTATION_CONTEXT() REPRESENTATION_CONTEXT('2D SPACE',''
  ) );
#5560 = ADVANCED_FACE('',(#5561),#5202,.T.);
#5561 = FACE_BOUND('',#5562,.T.);
#5562 = EDGE_LOOP('',(#5563,#5587,#5588,#5589));
#5563 = ORIENTED_EDGE('',*,*,#5564,.T.);
#5564 = EDGE_CURVE('',#5565,#5467,#5567,.T.);
#5565 = VERTEX_POINT('',#5566);
#5566 = CARTESIAN_POINT('',(-9.050834877158,5.89,7.02));
#5567 = SURFACE_CURVE('',#5568,(#5573,#5580),.PCURVE_S1.);
#5568 = CIRCLE('',#5569,1.);
#5569 = AXIS2_PLACEMENT_3D('',#5570,#5571,#5572);
#5570 = CARTESIAN_POINT('',(-9.050834877158,4.89,7.02));
#5571 = DIRECTION('',(0.,0.,1.));
#5572 = DIRECTION('',(0.,-1.,0.));
#5573 = PCURVE('',#5202,#5574);
#5574 = DEFINITIONAL_REPRESENTATION('',(#5575),#5579);
#5575 = LINE('',#5576,#5577);
#5576 = CARTESIAN_POINT('',(-3.14159265359,0.));
#5577 = VECTOR('',#5578,1.);
#5578 = DIRECTION('',(1.,0.));
#5579 = ( GEOMETRIC_REPRESENTATION_CONTEXT(2) 
PARAMETRIC_REPRESENTATION_CONTEXT() REPRESENTATION_CONTEXT('2D SPACE',''
  ) );
#5580 = PCURVE('',#5304,#5581);
#5581 = DEFINITIONAL_REPRESENTATION('',(#5582),#5586);
#5582 = CIRCLE('',#5583,1.);
#5583 = AXIS2_PLACEMENT_2D('',#5584,#5585);
#5584 = CARTESIAN_POINT('',(-9.050834877158,4.89));
#5585 = DIRECTION('',(0.,-1.));
#5586 = ( GEOMETRIC_REPRESENTATION_CONTEXT(2) 
PARAMETRIC_REPRESENTATION_CONTEXT() REPRESENTATION_CONTEXT('2D SPACE',''
  ) );
#5587 = ORIENTED_EDGE('',*,*,#5489,.T.);
#5588 = ORIENTED_EDGE('',*,*,#5185,.F.);
#5589 = ORIENTED_EDGE('',*,*,#5590,.F.);
#5590 = EDGE_CURVE('',#5565,#5158,#5591,.T.);
#5591 = SURFACE_CURVE('',#5592,(#5596,#5603),.PCURVE_S1.);
#5592 = LINE('',#5593,#5594);
#5593 = CARTESIAN_POINT('',(-9.050834877158,5.89,7.02));
#5594 = VECTOR('',#5595,1.);
#5595 = DIRECTION('',(0.,0.,1.));
#5596 = PCURVE('',#5202,#5597);
#5597 = DEFINITIONAL_REPRESENTATION('',(#5598),#5602);
#5598 = LINE('',#5599,#5600);
#5599 = CARTESIAN_POINT('',(0.,0.));
#5600 = VECTOR('',#5601,1.);
#5601 = DIRECTION('',(0.,1.));
#5602 = ( GEOMETRIC_REPRESENTATION_CONTEXT(2) 
PARAMETRIC_REPRESENTATION_CONTEXT() REPRESENTATION_CONTEXT('2D SPACE',''
  ) );
#5603 = PCURVE('',#5173,#5604);
#5604 = DEFINITIONAL_REPRESENTATION('',(#5605),#5609);
#5605 = LINE('',#5606,#5607);
#5606 = CARTESIAN_POINT('',(19.290694877158,0.));
#5607 = VECTOR('',#5608,1.);
#5608 = DIRECTION('',(0.,-1.));
#5609 = ( GEOMETRIC_REPRESENTATION_CONTEXT(2) 
PARAMETRIC_REPRESENTATION_CONTEXT() REPRESENTATION_CONTEXT('2D SPACE',''
  ) );
#5610 = ADVANCED_FACE('',(#5611),#5145,.T.);
#5611 = FACE_BOUND('',#5612,.T.);
#5612 = EDGE_LOOP('',(#5613,#5637,#5658,#5659));
#5613 = ORIENTED_EDGE('',*,*,#5614,.T.);
#5614 = EDGE_CURVE('',#5516,#5615,#5617,.T.);
#5615 = VERTEX_POINT('',#5616);
#5616 = CARTESIAN_POINT('',(9.050834877158,5.89,7.02));
#5617 = SURFACE_CURVE('',#5618,(#5623,#5630),.PCURVE_S1.);
#5618 = CIRCLE('',#5619,1.);
#5619 = AXIS2_PLACEMENT_3D('',#5620,#5621,#5622);
#5620 = CARTESIAN_POINT('',(9.050834877158,4.89,7.02));
#5621 = DIRECTION('',(0.,0.,1.));
#5622 = DIRECTION('',(0.,-1.,0.));
#5623 = PCURVE('',#5145,#5624);
#5624 = DEFINITIONAL_REPRESENTATION('',(#5625),#5629);
#5625 = LINE('',#5626,#5627);
#5626 = CARTESIAN_POINT('',(-1.398521109841,0.));
#5627 = VECTOR('',#5628,1.);
#5628 = DIRECTION('',(1.,0.));
#5629 = ( GEOMETRIC_REPRESENTATION_CONTEXT(2) 
PARAMETRIC_REPRESENTATION_CONTEXT() REPRESENTATION_CONTEXT('2D SPACE',''
  ) );
#5630 = PCURVE('',#5304,#5631);
#5631 = DEFINITIONAL_REPRESENTATION('',(#5632),#5636);
#5632 = CIRCLE('',#5633,1.);
#5633 = AXIS2_PLACEMENT_2D('',#5634,#5635);
#5634 = CARTESIAN_POINT('',(9.050834877158,4.89));
#5635 = DIRECTION('',(0.,-1.));
#5636 = ( GEOMETRIC_REPRESENTATION_CONTEXT(2) 
PARAMETRIC_REPRESENTATION_CONTEXT() REPRESENTATION_CONTEXT('2D SPACE',''
  ) );
#5637 = ORIENTED_EDGE('',*,*,#5638,.T.);
#5638 = EDGE_CURVE('',#5615,#5129,#5639,.T.);
#5639 = SURFACE_CURVE('',#5640,(#5644,#5651),.PCURVE_S1.);
#5640 = LINE('',#5641,#5642);
#5641 = CARTESIAN_POINT('',(9.050834877158,5.89,7.02));
#5642 = VECTOR('',#5643,1.);
#5643 = DIRECTION('',(0.,0.,1.));
#5644 = PCURVE('',#5145,#5645);
#5645 = DEFINITIONAL_REPRESENTATION('',(#5646),#5650);
#5646 = LINE('',#5647,#5648);
#5647 = CARTESIAN_POINT('',(1.743071543748,0.));
#5648 = VECTOR('',#5649,1.);
#5649 = DIRECTION('',(0.,1.));
#5650 = ( GEOMETRIC_REPRESENTATION_CONTEXT(2) 
PARAMETRIC_REPRESENTATION_CONTEXT() REPRESENTATION_CONTEXT('2D SPACE',''
  ) );
#5651 = PCURVE('',#5173,#5652);
#5652 = DEFINITIONAL_REPRESENTATION('',(#5653),#5657);
#5653 = LINE('',#5654,#5655);
#5654 = CARTESIAN_POINT('',(1.189025122842,0.));
#5655 = VECTOR('',#5656,1.);
#5656 = DIRECTION('',(0.,-1.));
#5657 = ( GEOMETRIC_REPRESENTATION_CONTEXT(2) 
PARAMETRIC_REPRESENTATION_CONTEXT() REPRESENTATION_CONTEXT('2D SPACE',''
  ) );
#5658 = ORIENTED_EDGE('',*,*,#5128,.F.);
#5659 = ORIENTED_EDGE('',*,*,#5540,.F.);
#5660 = ADVANCED_FACE('',(#5661),#5173,.F.);
#5661 = FACE_BOUND('',#5662,.F.);
#5662 = EDGE_LOOP('',(#5663,#5684,#5685,#5686));
#5663 = ORIENTED_EDGE('',*,*,#5664,.F.);
#5664 = EDGE_CURVE('',#5615,#5565,#5665,.T.);
#5665 = SURFACE_CURVE('',#5666,(#5670,#5677),.PCURVE_S1.);
#5666 = LINE('',#5667,#5668);
#5667 = CARTESIAN_POINT('',(10.23986,5.89,7.02));
#5668 = VECTOR('',#5669,1.);
#5669 = DIRECTION('',(-1.,0.,0.));
#5670 = PCURVE('',#5173,#5671);
#5671 = DEFINITIONAL_REPRESENTATION('',(#5672),#5676);
#5672 = LINE('',#5673,#5674);
#5673 = CARTESIAN_POINT('',(0.,-0.));
#5674 = VECTOR('',#5675,1.);
#5675 = DIRECTION('',(1.,0.));
#5676 = ( GEOMETRIC_REPRESENTATION_CONTEXT(2) 
PARAMETRIC_REPRESENTATION_CONTEXT() REPRESENTATION_CONTEXT('2D SPACE',''
  ) );
#5677 = PCURVE('',#5304,#5678);
#5678 = DEFINITIONAL_REPRESENTATION('',(#5679),#5683);
#5679 = LINE('',#5680,#5681);
#5680 = CARTESIAN_POINT('',(10.23986,5.89));
#5681 = VECTOR('',#5682,1.);
#5682 = DIRECTION('',(-1.,0.));
#5683 = ( GEOMETRIC_REPRESENTATION_CONTEXT(2) 
PARAMETRIC_REPRESENTATION_CONTEXT() REPRESENTATION_CONTEXT('2D SPACE',''
  ) );
#5684 = ORIENTED_EDGE('',*,*,#5638,.T.);
#5685 = ORIENTED_EDGE('',*,*,#5157,.T.);
#5686 = ORIENTED_EDGE('',*,*,#5590,.F.);
#5687 = ADVANCED_FACE('',(#5688,#5922,#5953,#5963),#5304,.T.);
#5688 = FACE_BOUND('',#5689,.T.);
#5689 = EDGE_LOOP('',(#5690,#5720,#5749,#5777,#5806,#5834,#5863,#5891));
#5690 = ORIENTED_EDGE('',*,*,#5691,.T.);
#5691 = EDGE_CURVE('',#5692,#5694,#5696,.T.);
#5692 = VERTEX_POINT('',#5693);
#5693 = CARTESIAN_POINT('',(-14.505,-6.275,7.02));
#5694 = VERTEX_POINT('',#5695);
#5695 = CARTESIAN_POINT('',(14.505,-6.275,7.02));
#5696 = SURFACE_CURVE('',#5697,(#5701,#5708),.PCURVE_S1.);
#5697 = LINE('',#5698,#5699);
#5698 = CARTESIAN_POINT('',(-15.405,-6.275,7.02));
#5699 = VECTOR('',#5700,1.);
#5700 = DIRECTION('',(1.,0.,0.));
#5701 = PCURVE('',#5304,#5702);
#5702 = DEFINITIONAL_REPRESENTATION('',(#5703),#5707);
#5703 = LINE('',#5704,#5705);
#5704 = CARTESIAN_POINT('',(-15.405,-6.275));
#5705 = VECTOR('',#5706,1.);
#5706 = DIRECTION('',(1.,0.));
#5707 = ( GEOMETRIC_REPRESENTATION_CONTEXT(2) 
PARAMETRIC_REPRESENTATION_CONTEXT() REPRESENTATION_CONTEXT('2D SPACE',''
  ) );
#5708 = PCURVE('',#5709,#5714);
#5709 = PLANE('',#5710);
#5710 = AXIS2_PLACEMENT_3D('',#5711,#5712,#5713);
#5711 = CARTESIAN_POINT('',(-15.405,-6.275,5.98));
#5712 = DIRECTION('',(0.,1.,0.));
#5713 = DIRECTION('',(1.,0.,0.));
#5714 = DEFINITIONAL_REPRESENTATION('',(#5715),#5719);
#5715 = LINE('',#5716,#5717);
#5716 = CARTESIAN_POINT('',(0.,-1.04));
#5717 = VECTOR('',#5718,1.);
#5718 = DIRECTION('',(1.,0.));
#5719 = ( GEOMETRIC_REPRESENTATION_CONTEXT(2) 
PARAMETRIC_REPRESENTATION_CONTEXT() REPRESENTATION_CONTEXT('2D SPACE',''
  ) );
#5720 = ORIENTED_EDGE('',*,*,#5721,.T.);
#5721 = EDGE_CURVE('',#5694,#5722,#5724,.T.);
#5722 = VERTEX_POINT('',#5723);
#5723 = CARTESIAN_POINT('',(15.405,-5.375,7.02));
#5724 = SURFACE_CURVE('',#5725,(#5730,#5737),.PCURVE_S1.);
#5725 = CIRCLE('',#5726,0.9);
#5726 = AXIS2_PLACEMENT_3D('',#5727,#5728,#5729);
#5727 = CARTESIAN_POINT('',(14.505,-5.375,7.02));
#5728 = DIRECTION('',(0.,0.,1.));
#5729 = DIRECTION('',(0.,-1.,0.));
#5730 = PCURVE('',#5304,#5731);
#5731 = DEFINITIONAL_REPRESENTATION('',(#5732),#5736);
#5732 = CIRCLE('',#5733,0.9);
#5733 = AXIS2_PLACEMENT_2D('',#5734,#5735);
#5734 = CARTESIAN_POINT('',(14.505,-5.375));
#5735 = DIRECTION('',(0.,-1.));
#5736 = ( GEOMETRIC_REPRESENTATION_CONTEXT(2) 
PARAMETRIC_REPRESENTATION_CONTEXT() REPRESENTATION_CONTEXT('2D SPACE',''
  ) );
#5737 = PCURVE('',#5738,#5743);
#5738 = CYLINDRICAL_SURFACE('',#5739,0.9);
#5739 = AXIS2_PLACEMENT_3D('',#5740,#5741,#5742);
#5740 = CARTESIAN_POINT('',(14.505,-5.375,5.98));
#5741 = DIRECTION('',(0.,0.,1.));
#5742 = DIRECTION('',(0.,-1.,0.));
#5743 = DEFINITIONAL_REPRESENTATION('',(#5744),#5748);
#5744 = LINE('',#5745,#5746);
#5745 = CARTESIAN_POINT('',(0.,1.04));
#5746 = VECTOR('',#5747,1.);
#5747 = DIRECTION('',(1.,0.));
#5748 = ( GEOMETRIC_REPRESENTATION_CONTEXT(2) 
PARAMETRIC_REPRESENTATION_CONTEXT() REPRESENTATION_CONTEXT('2D SPACE',''
  ) );
#5749 = ORIENTED_EDGE('',*,*,#5750,.T.);
#5750 = EDGE_CURVE('',#5722,#5751,#5753,.T.);
#5751 = VERTEX_POINT('',#5752);
#5752 = CARTESIAN_POINT('',(15.405,5.375,7.02));
#5753 = SURFACE_CURVE('',#5754,(#5758,#5765),.PCURVE_S1.);
#5754 = LINE('',#5755,#5756);
#5755 = CARTESIAN_POINT('',(15.405,-6.275,7.02));
#5756 = VECTOR('',#5757,1.);
#5757 = DIRECTION('',(0.,1.,0.));
#5758 = PCURVE('',#5304,#5759);
#5759 = DEFINITIONAL_REPRESENTATION('',(#5760),#5764);
#5760 = LINE('',#5761,#5762);
#5761 = CARTESIAN_POINT('',(15.405,-6.275));
#5762 = VECTOR('',#5763,1.);
#5763 = DIRECTION('',(0.,1.));
#5764 = ( GEOMETRIC_REPRESENTATION_CONTEXT(2) 
PARAMETRIC_REPRESENTATION_CONTEXT() REPRESENTATION_CONTEXT('2D SPACE',''
  ) );
#5765 = PCURVE('',#5766,#5771);
#5766 = PLANE('',#5767);
#5767 = AXIS2_PLACEMENT_3D('',#5768,#5769,#5770);
#5768 = CARTESIAN_POINT('',(15.405,-6.275,5.98));
#5769 = DIRECTION('',(-1.,0.,0.));
#5770 = DIRECTION('',(0.,1.,0.));
#5771 = DEFINITIONAL_REPRESENTATION('',(#5772),#5776);
#5772 = LINE('',#5773,#5774);
#5773 = CARTESIAN_POINT('',(0.,-1.04));
#5774 = VECTOR('',#5775,1.);
#5775 = DIRECTION('',(1.,0.));
#5776 = ( GEOMETRIC_REPRESENTATION_CONTEXT(2) 
PARAMETRIC_REPRESENTATION_CONTEXT() REPRESENTATION_CONTEXT('2D SPACE',''
  ) );
#5777 = ORIENTED_EDGE('',*,*,#5778,.T.);
#5778 = EDGE_CURVE('',#5751,#5779,#5781,.T.);
#5779 = VERTEX_POINT('',#5780);
#5780 = CARTESIAN_POINT('',(14.505,6.275,7.02));
#5781 = SURFACE_CURVE('',#5782,(#5787,#5794),.PCURVE_S1.);
#5782 = CIRCLE('',#5783,0.9);
#5783 = AXIS2_PLACEMENT_3D('',#5784,#5785,#5786);
#5784 = CARTESIAN_POINT('',(14.505,5.375,7.02));
#5785 = DIRECTION('',(0.,0.,1.));
#5786 = DIRECTION('',(0.,-1.,0.));
#5787 = PCURVE('',#5304,#5788);
#5788 = DEFINITIONAL_REPRESENTATION('',(#5789),#5793);
#5789 = CIRCLE('',#5790,0.9);
#5790 = AXIS2_PLACEMENT_2D('',#5791,#5792);
#5791 = CARTESIAN_POINT('',(14.505,5.375));
#5792 = DIRECTION('',(0.,-1.));
#5793 = ( GEOMETRIC_REPRESENTATION_CONTEXT(2) 
PARAMETRIC_REPRESENTATION_CONTEXT() REPRESENTATION_CONTEXT('2D SPACE',''
  ) );
#5794 = PCURVE('',#5795,#5800);
#5795 = CYLINDRICAL_SURFACE('',#5796,0.9);
#5796 = AXIS2_PLACEMENT_3D('',#5797,#5798,#5799);
#5797 = CARTESIAN_POINT('',(14.505,5.375,5.98));
#5798 = DIRECTION('',(0.,0.,1.));
#5799 = DIRECTION('',(1.,0.,-0.));
#5800 = DEFINITIONAL_REPRESENTATION('',(#5801),#5805);
#5801 = LINE('',#5802,#5803);
#5802 = CARTESIAN_POINT('',(-1.570796326795,1.04));
#5803 = VECTOR('',#5804,1.);
#5804 = DIRECTION('',(1.,0.));
#5805 = ( GEOMETRIC_REPRESENTATION_CONTEXT(2) 
PARAMETRIC_REPRESENTATION_CONTEXT() REPRESENTATION_CONTEXT('2D SPACE',''
  ) );
#5806 = ORIENTED_EDGE('',*,*,#5807,.T.);
#5807 = EDGE_CURVE('',#5779,#5808,#5810,.T.);
#5808 = VERTEX_POINT('',#5809);
#5809 = CARTESIAN_POINT('',(-14.505,6.275,7.02));
#5810 = SURFACE_CURVE('',#5811,(#5815,#5822),.PCURVE_S1.);
#5811 = LINE('',#5812,#5813);
#5812 = CARTESIAN_POINT('',(15.405,6.275,7.02));
#5813 = VECTOR('',#5814,1.);
#5814 = DIRECTION('',(-1.,0.,0.));
#5815 = PCURVE('',#5304,#5816);
#5816 = DEFINITIONAL_REPRESENTATION('',(#5817),#5821);
#5817 = LINE('',#5818,#5819);
#5818 = CARTESIAN_POINT('',(15.405,6.275));
#5819 = VECTOR('',#5820,1.);
#5820 = DIRECTION('',(-1.,0.));
#5821 = ( GEOMETRIC_REPRESENTATION_CONTEXT(2) 
PARAMETRIC_REPRESENTATION_CONTEXT() REPRESENTATION_CONTEXT('2D SPACE',''
  ) );
#5822 = PCURVE('',#5823,#5828);
#5823 = PLANE('',#5824);
#5824 = AXIS2_PLACEMENT_3D('',#5825,#5826,#5827);
#5825 = CARTESIAN_POINT('',(15.405,6.275,5.98));
#5826 = DIRECTION('',(0.,-1.,0.));
#5827 = DIRECTION('',(-1.,0.,0.));
#5828 = DEFINITIONAL_REPRESENTATION('',(#5829),#5833);
#5829 = LINE('',#5830,#5831);
#5830 = CARTESIAN_POINT('',(0.,-1.04));
#5831 = VECTOR('',#5832,1.);
#5832 = DIRECTION('',(1.,0.));
#5833 = ( GEOMETRIC_REPRESENTATION_CONTEXT(2) 
PARAMETRIC_REPRESENTATION_CONTEXT() REPRESENTATION_CONTEXT('2D SPACE',''
  ) );
#5834 = ORIENTED_EDGE('',*,*,#5835,.T.);
#5835 = EDGE_CURVE('',#5808,#5836,#5838,.T.);
#5836 = VERTEX_POINT('',#5837);
#5837 = CARTESIAN_POINT('',(-15.405,5.375,7.02));
#5838 = SURFACE_CURVE('',#5839,(#5844,#5851),.PCURVE_S1.);
#5839 = CIRCLE('',#5840,0.9);
#5840 = AXIS2_PLACEMENT_3D('',#5841,#5842,#5843);
#5841 = CARTESIAN_POINT('',(-14.505,5.375,7.02));
#5842 = DIRECTION('',(0.,0.,1.));
#5843 = DIRECTION('',(0.,-1.,0.));
#5844 = PCURVE('',#5304,#5845);
#5845 = DEFINITIONAL_REPRESENTATION('',(#5846),#5850);
#5846 = CIRCLE('',#5847,0.9);
#5847 = AXIS2_PLACEMENT_2D('',#5848,#5849);
#5848 = CARTESIAN_POINT('',(-14.505,5.375));
#5849 = DIRECTION('',(0.,-1.));
#5850 = ( GEOMETRIC_REPRESENTATION_CONTEXT(2) 
PARAMETRIC_REPRESENTATION_CONTEXT() REPRESENTATION_CONTEXT('2D SPACE',''
  ) );
#5851 = PCURVE('',#5852,#5857);
#5852 = CYLINDRICAL_SURFACE('',#5853,0.9);
#5853 = AXIS2_PLACEMENT_3D('',#5854,#5855,#5856);
#5854 = CARTESIAN_POINT('',(-14.505,5.375,5.98));
#5855 = DIRECTION('',(0.,0.,1.));
#5856 = DIRECTION('',(-0.,1.,0.));
#5857 = DEFINITIONAL_REPRESENTATION('',(#5858),#5862);
#5858 = LINE('',#5859,#5860);
#5859 = CARTESIAN_POINT('',(-3.14159265359,1.04));
#5860 = VECTOR('',#5861,1.);
#5861 = DIRECTION('',(1.,0.));
#5862 = ( GEOMETRIC_REPRESENTATION_CONTEXT(2) 
PARAMETRIC_REPRESENTATION_CONTEXT() REPRESENTATION_CONTEXT('2D SPACE',''
  ) );
#5863 = ORIENTED_EDGE('',*,*,#5864,.T.);
#5864 = EDGE_CURVE('',#5836,#5865,#5867,.T.);
#5865 = VERTEX_POINT('',#5866);
#5866 = CARTESIAN_POINT('',(-15.405,-5.375,7.02));
#5867 = SURFACE_CURVE('',#5868,(#5872,#5879),.PCURVE_S1.);
#5868 = LINE('',#5869,#5870);
#5869 = CARTESIAN_POINT('',(-15.405,6.275,7.02));
#5870 = VECTOR('',#5871,1.);
#5871 = DIRECTION('',(0.,-1.,0.));
#5872 = PCURVE('',#5304,#5873);
#5873 = DEFINITIONAL_REPRESENTATION('',(#5874),#5878);
#5874 = LINE('',#5875,#5876);
#5875 = CARTESIAN_POINT('',(-15.405,6.275));
#5876 = VECTOR('',#5877,1.);
#5877 = DIRECTION('',(0.,-1.));
#5878 = ( GEOMETRIC_REPRESENTATION_CONTEXT(2) 
PARAMETRIC_REPRESENTATION_CONTEXT() REPRESENTATION_CONTEXT('2D SPACE',''
  ) );
#5879 = PCURVE('',#5880,#5885);
#5880 = PLANE('',#5881);
#5881 = AXIS2_PLACEMENT_3D('',#5882,#5883,#5884);
#5882 = CARTESIAN_POINT('',(-15.405,6.275,5.98));
#5883 = DIRECTION('',(1.,0.,-0.));
#5884 = DIRECTION('',(0.,-1.,0.));
#5885 = DEFINITIONAL_REPRESENTATION('',(#5886),#5890);
#5886 = LINE('',#5887,#5888);
#5887 = CARTESIAN_POINT('',(0.,-1.04));
#5888 = VECTOR('',#5889,1.);
#5889 = DIRECTION('',(1.,0.));
#5890 = ( GEOMETRIC_REPRESENTATION_CONTEXT(2) 
PARAMETRIC_REPRESENTATION_CONTEXT() REPRESENTATION_CONTEXT('2D SPACE',''
  ) );
#5891 = ORIENTED_EDGE('',*,*,#5892,.F.);
#5892 = EDGE_CURVE('',#5692,#5865,#5893,.T.);
#5893 = SURFACE_CURVE('',#5894,(#5899,#5910),.PCURVE_S1.);
#5894 = CIRCLE('',#5895,0.9);
#5895 = AXIS2_PLACEMENT_3D('',#5896,#5897,#5898);
#5896 = CARTESIAN_POINT('',(-14.505,-5.375,7.02));
#5897 = DIRECTION('',(-0.,-0.,-1.));
#5898 = DIRECTION('',(0.,-1.,0.));
#5899 = PCURVE('',#5304,#5900);
#5900 = DEFINITIONAL_REPRESENTATION('',(#5901),#5909);
#5901 = ( BOUNDED_CURVE() B_SPLINE_CURVE(2,(#5902,#5903,#5904,#5905,
#5906,#5907,#5908),.UNSPECIFIED.,.T.,.F.) B_SPLINE_CURVE_WITH_KNOTS((1,2
    ,2,2,2,1),(-2.094395102393,0.,2.094395102393,4.188790204786,
6.28318530718,8.377580409573),.UNSPECIFIED.) CURVE() 
GEOMETRIC_REPRESENTATION_ITEM() RATIONAL_B_SPLINE_CURVE((1.,0.5,1.,0.5,
1.,0.5,1.)) REPRESENTATION_ITEM('') );
#5902 = CARTESIAN_POINT('',(-14.505,-6.275));
#5903 = CARTESIAN_POINT('',(-16.06384572681,-6.275));
#5904 = CARTESIAN_POINT('',(-15.2844228634,-4.925));
#5905 = CARTESIAN_POINT('',(-14.505,-3.575));
#5906 = CARTESIAN_POINT('',(-13.72557713659,-4.925));
#5907 = CARTESIAN_POINT('',(-12.94615427318,-6.275));
#5908 = CARTESIAN_POINT('',(-14.505,-6.275));
#5909 = ( GEOMETRIC_REPRESENTATION_CONTEXT(2) 
PARAMETRIC_REPRESENTATION_CONTEXT() REPRESENTATION_CONTEXT('2D SPACE',''
  ) );
#5910 = PCURVE('',#5911,#5916);
#5911 = CYLINDRICAL_SURFACE('',#5912,0.9);
#5912 = AXIS2_PLACEMENT_3D('',#5913,#5914,#5915);
#5913 = CARTESIAN_POINT('',(-14.505,-5.375,5.98));
#5914 = DIRECTION('',(0.,0.,1.));
#5915 = DIRECTION('',(0.,-1.,0.));
#5916 = DEFINITIONAL_REPRESENTATION('',(#5917),#5921);
#5917 = LINE('',#5918,#5919);
#5918 = CARTESIAN_POINT('',(-0.,1.04));
#5919 = VECTOR('',#5920,1.);
#5920 = DIRECTION('',(-1.,0.));
#5921 = ( GEOMETRIC_REPRESENTATION_CONTEXT(2) 
PARAMETRIC_REPRESENTATION_CONTEXT() REPRESENTATION_CONTEXT('2D SPACE',''
  ) );
#5922 = FACE_BOUND('',#5923,.T.);
#5923 = EDGE_LOOP('',(#5924));
#5924 = ORIENTED_EDGE('',*,*,#5925,.F.);
#5925 = EDGE_CURVE('',#5926,#5926,#5928,.T.);
#5926 = VERTEX_POINT('',#5927);
#5927 = CARTESIAN_POINT('',(-10.995,-3.673940397442E-16,7.02));
#5928 = SURFACE_CURVE('',#5929,(#5934,#5941),.PCURVE_S1.);
#5929 = CIRCLE('',#5930,1.5);
#5930 = AXIS2_PLACEMENT_3D('',#5931,#5932,#5933);
#5931 = CARTESIAN_POINT('',(-12.495,0.,7.02));
#5932 = DIRECTION('',(0.,0.,1.));
#5933 = DIRECTION('',(1.,0.,-0.));
#5934 = PCURVE('',#5304,#5935);
#5935 = DEFINITIONAL_REPRESENTATION('',(#5936),#5940);
#5936 = CIRCLE('',#5937,1.5);
#5937 = AXIS2_PLACEMENT_2D('',#5938,#5939);
#5938 = CARTESIAN_POINT('',(-12.495,0.));
#5939 = DIRECTION('',(1.,0.));
#5940 = ( GEOMETRIC_REPRESENTATION_CONTEXT(2) 
PARAMETRIC_REPRESENTATION_CONTEXT() REPRESENTATION_CONTEXT('2D SPACE',''
  ) );
#5941 = PCURVE('',#5942,#5947);
#5942 = CYLINDRICAL_SURFACE('',#5943,1.5);
#5943 = AXIS2_PLACEMENT_3D('',#5944,#5945,#5946);
#5944 = CARTESIAN_POINT('',(-12.495,0.,5.88));
#5945 = DIRECTION('',(0.,0.,1.));
#5946 = DIRECTION('',(1.,0.,-0.));
#5947 = DEFINITIONAL_REPRESENTATION('',(#5948),#5952);
#5948 = LINE('',#5949,#5950);
#5949 = CARTESIAN_POINT('',(0.,1.14));
#5950 = VECTOR('',#5951,1.);
#5951 = DIRECTION('',(1.,0.));
#5952 = ( GEOMETRIC_REPRESENTATION_CONTEXT(2) 
PARAMETRIC_REPRESENTATION_CONTEXT() REPRESENTATION_CONTEXT('2D SPACE',''
  ) );
#5953 = FACE_BOUND('',#5954,.T.);
#5954 = EDGE_LOOP('',(#5955,#5956,#5957,#5958,#5959,#5960,#5961,#5962));
#5955 = ORIENTED_EDGE('',*,*,#5286,.F.);
#5956 = ORIENTED_EDGE('',*,*,#5362,.T.);
#5957 = ORIENTED_EDGE('',*,*,#5466,.F.);
#5958 = ORIENTED_EDGE('',*,*,#5564,.F.);
#5959 = ORIENTED_EDGE('',*,*,#5664,.F.);
#5960 = ORIENTED_EDGE('',*,*,#5614,.F.);
#5961 = ORIENTED_EDGE('',*,*,#5515,.F.);
#5962 = ORIENTED_EDGE('',*,*,#5416,.F.);
#5963 = FACE_BOUND('',#5964,.T.);
#5964 = EDGE_LOOP('',(#5965));
#5965 = ORIENTED_EDGE('',*,*,#5966,.F.);
#5966 = EDGE_CURVE('',#5967,#5967,#5969,.T.);
#5967 = VERTEX_POINT('',#5968);
#5968 = CARTESIAN_POINT('',(13.995,-3.673940397442E-16,7.02));
#5969 = SURFACE_CURVE('',#5970,(#5975,#5982),.PCURVE_S1.);
#5970 = CIRCLE('',#5971,1.5);
#5971 = AXIS2_PLACEMENT_3D('',#5972,#5973,#5974);
#5972 = CARTESIAN_POINT('',(12.495,0.,7.02));
#5973 = DIRECTION('',(0.,0.,1.));
#5974 = DIRECTION('',(1.,0.,-0.));
#5975 = PCURVE('',#5304,#5976);
#5976 = DEFINITIONAL_REPRESENTATION('',(#5977),#5981);
#5977 = CIRCLE('',#5978,1.5);
#5978 = AXIS2_PLACEMENT_2D('',#5979,#5980);
#5979 = CARTESIAN_POINT('',(12.495,0.));
#5980 = DIRECTION('',(1.,0.));
#5981 = ( GEOMETRIC_REPRESENTATION_CONTEXT(2) 
PARAMETRIC_REPRESENTATION_CONTEXT() REPRESENTATION_CONTEXT('2D SPACE',''
  ) );
#5982 = PCURVE('',#5983,#5988);
#5983 = CYLINDRICAL_SURFACE('',#5984,1.5);
#5984 = AXIS2_PLACEMENT_3D('',#5985,#5986,#5987);
#5985 = CARTESIAN_POINT('',(12.495,0.,5.88));
#5986 = DIRECTION('',(0.,0.,1.));
#5987 = DIRECTION('',(1.,0.,-0.));
#5988 = DEFINITIONAL_REPRESENTATION('',(#5989),#5993);
#5989 = LINE('',#5990,#5991);
#5990 = CARTESIAN_POINT('',(0.,1.14));
#5991 = VECTOR('',#5992,1.);
#5992 = DIRECTION('',(1.,0.));
#5993 = ( GEOMETRIC_REPRESENTATION_CONTEXT(2) 
PARAMETRIC_REPRESENTATION_CONTEXT() REPRESENTATION_CONTEXT('2D SPACE',''
  ) );
#5994 = ADVANCED_FACE('',(#5995),#5709,.F.);
#5995 = FACE_BOUND('',#5996,.F.);
#5996 = EDGE_LOOP('',(#5997,#6027,#6048,#6049));
#5997 = ORIENTED_EDGE('',*,*,#5998,.F.);
#5998 = EDGE_CURVE('',#5999,#6001,#6003,.T.);
#5999 = VERTEX_POINT('',#6000);
#6000 = CARTESIAN_POINT('',(-14.505,-6.275,5.98));
#6001 = VERTEX_POINT('',#6002);
#6002 = CARTESIAN_POINT('',(14.505,-6.275,5.98));
#6003 = SURFACE_CURVE('',#6004,(#6008,#6015),.PCURVE_S1.);
#6004 = LINE('',#6005,#6006);
#6005 = CARTESIAN_POINT('',(-15.405,-6.275,5.98));
#6006 = VECTOR('',#6007,1.);
#6007 = DIRECTION('',(1.,0.,0.));
#6008 = PCURVE('',#5709,#6009);
#6009 = DEFINITIONAL_REPRESENTATION('',(#6010),#6014);
#6010 = LINE('',#6011,#6012);
#6011 = CARTESIAN_POINT('',(0.,0.));
#6012 = VECTOR('',#6013,1.);
#6013 = DIRECTION('',(1.,0.));
#6014 = ( GEOMETRIC_REPRESENTATION_CONTEXT(2) 
PARAMETRIC_REPRESENTATION_CONTEXT() REPRESENTATION_CONTEXT('2D SPACE',''
  ) );
#6015 = PCURVE('',#6016,#6021);
#6016 = PLANE('',#6017);
#6017 = AXIS2_PLACEMENT_3D('',#6018,#6019,#6020);
#6018 = CARTESIAN_POINT('',(0.,0.,5.98));
#6019 = DIRECTION('',(0.,0.,1.));
#6020 = DIRECTION('',(1.,0.,-0.));
#6021 = DEFINITIONAL_REPRESENTATION('',(#6022),#6026);
#6022 = LINE('',#6023,#6024);
#6023 = CARTESIAN_POINT('',(-15.405,-6.275));
#6024 = VECTOR('',#6025,1.);
#6025 = DIRECTION('',(1.,0.));
#6026 = ( GEOMETRIC_REPRESENTATION_CONTEXT(2) 
PARAMETRIC_REPRESENTATION_CONTEXT() REPRESENTATION_CONTEXT('2D SPACE',''
  ) );
#6027 = ORIENTED_EDGE('',*,*,#6028,.T.);
#6028 = EDGE_CURVE('',#5999,#5692,#6029,.T.);
#6029 = SURFACE_CURVE('',#6030,(#6034,#6041),.PCURVE_S1.);
#6030 = LINE('',#6031,#6032);
#6031 = CARTESIAN_POINT('',(-14.505,-6.275,5.98));
#6032 = VECTOR('',#6033,1.);
#6033 = DIRECTION('',(0.,0.,1.));
#6034 = PCURVE('',#5709,#6035);
#6035 = DEFINITIONAL_REPRESENTATION('',(#6036),#6040);
#6036 = LINE('',#6037,#6038);
#6037 = CARTESIAN_POINT('',(0.9,0.));
#6038 = VECTOR('',#6039,1.);
#6039 = DIRECTION('',(0.,-1.));
#6040 = ( GEOMETRIC_REPRESENTATION_CONTEXT(2) 
PARAMETRIC_REPRESENTATION_CONTEXT() REPRESENTATION_CONTEXT('2D SPACE',''
  ) );
#6041 = PCURVE('',#5911,#6042);
#6042 = DEFINITIONAL_REPRESENTATION('',(#6043),#6047);
#6043 = LINE('',#6044,#6045);
#6044 = CARTESIAN_POINT('',(-0.,0.));
#6045 = VECTOR('',#6046,1.);
#6046 = DIRECTION('',(-0.,1.));
#6047 = ( GEOMETRIC_REPRESENTATION_CONTEXT(2) 
PARAMETRIC_REPRESENTATION_CONTEXT() REPRESENTATION_CONTEXT('2D SPACE',''
  ) );
#6048 = ORIENTED_EDGE('',*,*,#5691,.T.);
#6049 = ORIENTED_EDGE('',*,*,#6050,.F.);
#6050 = EDGE_CURVE('',#6001,#5694,#6051,.T.);
#6051 = SURFACE_CURVE('',#6052,(#6056,#6063),.PCURVE_S1.);
#6052 = LINE('',#6053,#6054);
#6053 = CARTESIAN_POINT('',(14.505,-6.275,5.98));
#6054 = VECTOR('',#6055,1.);
#6055 = DIRECTION('',(0.,0.,1.));
#6056 = PCURVE('',#5709,#6057);
#6057 = DEFINITIONAL_REPRESENTATION('',(#6058),#6062);
#6058 = LINE('',#6059,#6060);
#6059 = CARTESIAN_POINT('',(29.91,0.));
#6060 = VECTOR('',#6061,1.);
#6061 = DIRECTION('',(0.,-1.));
#6062 = ( GEOMETRIC_REPRESENTATION_CONTEXT(2) 
PARAMETRIC_REPRESENTATION_CONTEXT() REPRESENTATION_CONTEXT('2D SPACE',''
  ) );
#6063 = PCURVE('',#5738,#6064);
#6064 = DEFINITIONAL_REPRESENTATION('',(#6065),#6069);
#6065 = LINE('',#6066,#6067);
#6066 = CARTESIAN_POINT('',(0.,0.));
#6067 = VECTOR('',#6068,1.);
#6068 = DIRECTION('',(0.,1.));
#6069 = ( GEOMETRIC_REPRESENTATION_CONTEXT(2) 
PARAMETRIC_REPRESENTATION_CONTEXT() REPRESENTATION_CONTEXT('2D SPACE',''
  ) );
#6070 = ADVANCED_FACE('',(#6071),#5911,.T.);
#6071 = FACE_BOUND('',#6072,.F.);
#6072 = EDGE_LOOP('',(#6073,#6101,#6122,#6123));
#6073 = ORIENTED_EDGE('',*,*,#6074,.T.);
#6074 = EDGE_CURVE('',#5999,#6075,#6077,.T.);
#6075 = VERTEX_POINT('',#6076);
#6076 = CARTESIAN_POINT('',(-15.405,-5.375,5.98));
#6077 = SURFACE_CURVE('',#6078,(#6083,#6090),.PCURVE_S1.);
#6078 = CIRCLE('',#6079,0.9);
#6079 = AXIS2_PLACEMENT_3D('',#6080,#6081,#6082);
#6080 = CARTESIAN_POINT('',(-14.505,-5.375,5.98));
#6081 = DIRECTION('',(-0.,-0.,-1.));
#6082 = DIRECTION('',(0.,-1.,0.));
#6083 = PCURVE('',#5911,#6084);
#6084 = DEFINITIONAL_REPRESENTATION('',(#6085),#6089);
#6085 = LINE('',#6086,#6087);
#6086 = CARTESIAN_POINT('',(-0.,-1.7763568394E-15));
#6087 = VECTOR('',#6088,1.);
#6088 = DIRECTION('',(-1.,0.));
#6089 = ( GEOMETRIC_REPRESENTATION_CONTEXT(2) 
PARAMETRIC_REPRESENTATION_CONTEXT() REPRESENTATION_CONTEXT('2D SPACE',''
  ) );
#6090 = PCURVE('',#6016,#6091);
#6091 = DEFINITIONAL_REPRESENTATION('',(#6092),#6100);
#6092 = ( BOUNDED_CURVE() B_SPLINE_CURVE(2,(#6093,#6094,#6095,#6096,
#6097,#6098,#6099),.UNSPECIFIED.,.T.,.F.) B_SPLINE_CURVE_WITH_KNOTS((1,2
    ,2,2,2,1),(-2.094395102393,0.,2.094395102393,4.188790204786,
6.28318530718,8.377580409573),.UNSPECIFIED.) CURVE() 
GEOMETRIC_REPRESENTATION_ITEM() RATIONAL_B_SPLINE_CURVE((1.,0.5,1.,0.5,
1.,0.5,1.)) REPRESENTATION_ITEM('') );
#6093 = CARTESIAN_POINT('',(-14.505,-6.275));
#6094 = CARTESIAN_POINT('',(-16.06384572681,-6.275));
#6095 = CARTESIAN_POINT('',(-15.2844228634,-4.925));
#6096 = CARTESIAN_POINT('',(-14.505,-3.575));
#6097 = CARTESIAN_POINT('',(-13.72557713659,-4.925));
#6098 = CARTESIAN_POINT('',(-12.94615427318,-6.275));
#6099 = CARTESIAN_POINT('',(-14.505,-6.275));
#6100 = ( GEOMETRIC_REPRESENTATION_CONTEXT(2) 
PARAMETRIC_REPRESENTATION_CONTEXT() REPRESENTATION_CONTEXT('2D SPACE',''
  ) );
#6101 = ORIENTED_EDGE('',*,*,#6102,.T.);
#6102 = EDGE_CURVE('',#6075,#5865,#6103,.T.);
#6103 = SURFACE_CURVE('',#6104,(#6108,#6115),.PCURVE_S1.);
#6104 = LINE('',#6105,#6106);
#6105 = CARTESIAN_POINT('',(-15.405,-5.375,5.98));
#6106 = VECTOR('',#6107,1.);
#6107 = DIRECTION('',(0.,0.,1.));
#6108 = PCURVE('',#5911,#6109);
#6109 = DEFINITIONAL_REPRESENTATION('',(#6110),#6114);
#6110 = LINE('',#6111,#6112);
#6111 = CARTESIAN_POINT('',(-1.570796326795,0.));
#6112 = VECTOR('',#6113,1.);
#6113 = DIRECTION('',(-0.,1.));
#6114 = ( GEOMETRIC_REPRESENTATION_CONTEXT(2) 
PARAMETRIC_REPRESENTATION_CONTEXT() REPRESENTATION_CONTEXT('2D SPACE',''
  ) );
#6115 = PCURVE('',#5880,#6116);
#6116 = DEFINITIONAL_REPRESENTATION('',(#6117),#6121);
#6117 = LINE('',#6118,#6119);
#6118 = CARTESIAN_POINT('',(11.65,0.));
#6119 = VECTOR('',#6120,1.);
#6120 = DIRECTION('',(0.,-1.));
#6121 = ( GEOMETRIC_REPRESENTATION_CONTEXT(2) 
PARAMETRIC_REPRESENTATION_CONTEXT() REPRESENTATION_CONTEXT('2D SPACE',''
  ) );
#6122 = ORIENTED_EDGE('',*,*,#5892,.F.);
#6123 = ORIENTED_EDGE('',*,*,#6028,.F.);
#6124 = ADVANCED_FACE('',(#6125),#5738,.T.);
#6125 = FACE_BOUND('',#6126,.T.);
#6126 = EDGE_LOOP('',(#6127,#6151,#6172,#6173));
#6127 = ORIENTED_EDGE('',*,*,#6128,.T.);
#6128 = EDGE_CURVE('',#6001,#6129,#6131,.T.);
#6129 = VERTEX_POINT('',#6130);
#6130 = CARTESIAN_POINT('',(15.405,-5.375,5.98));
#6131 = SURFACE_CURVE('',#6132,(#6137,#6144),.PCURVE_S1.);
#6132 = CIRCLE('',#6133,0.9);
#6133 = AXIS2_PLACEMENT_3D('',#6134,#6135,#6136);
#6134 = CARTESIAN_POINT('',(14.505,-5.375,5.98));
#6135 = DIRECTION('',(0.,0.,1.));
#6136 = DIRECTION('',(0.,-1.,0.));
#6137 = PCURVE('',#5738,#6138);
#6138 = DEFINITIONAL_REPRESENTATION('',(#6139),#6143);
#6139 = LINE('',#6140,#6141);
#6140 = CARTESIAN_POINT('',(0.,-1.7763568394E-15));
#6141 = VECTOR('',#6142,1.);
#6142 = DIRECTION('',(1.,0.));
#6143 = ( GEOMETRIC_REPRESENTATION_CONTEXT(2) 
PARAMETRIC_REPRESENTATION_CONTEXT() REPRESENTATION_CONTEXT('2D SPACE',''
  ) );
#6144 = PCURVE('',#6016,#6145);
#6145 = DEFINITIONAL_REPRESENTATION('',(#6146),#6150);
#6146 = CIRCLE('',#6147,0.9);
#6147 = AXIS2_PLACEMENT_2D('',#6148,#6149);
#6148 = CARTESIAN_POINT('',(14.505,-5.375));
#6149 = DIRECTION('',(0.,-1.));
#6150 = ( GEOMETRIC_REPRESENTATION_CONTEXT(2) 
PARAMETRIC_REPRESENTATION_CONTEXT() REPRESENTATION_CONTEXT('2D SPACE',''
  ) );
#6151 = ORIENTED_EDGE('',*,*,#6152,.T.);
#6152 = EDGE_CURVE('',#6129,#5722,#6153,.T.);
#6153 = SURFACE_CURVE('',#6154,(#6158,#6165),.PCURVE_S1.);
#6154 = LINE('',#6155,#6156);
#6155 = CARTESIAN_POINT('',(15.405,-5.375,5.98));
#6156 = VECTOR('',#6157,1.);
#6157 = DIRECTION('',(0.,0.,1.));
#6158 = PCURVE('',#5738,#6159);
#6159 = DEFINITIONAL_REPRESENTATION('',(#6160),#6164);
#6160 = LINE('',#6161,#6162);
#6161 = CARTESIAN_POINT('',(1.570796326795,0.));
#6162 = VECTOR('',#6163,1.);
#6163 = DIRECTION('',(0.,1.));
#6164 = ( GEOMETRIC_REPRESENTATION_CONTEXT(2) 
PARAMETRIC_REPRESENTATION_CONTEXT() REPRESENTATION_CONTEXT('2D SPACE',''
  ) );
#6165 = PCURVE('',#5766,#6166);
#6166 = DEFINITIONAL_REPRESENTATION('',(#6167),#6171);
#6167 = LINE('',#6168,#6169);
#6168 = CARTESIAN_POINT('',(0.9,0.));
#6169 = VECTOR('',#6170,1.);
#6170 = DIRECTION('',(0.,-1.));
#6171 = ( GEOMETRIC_REPRESENTATION_CONTEXT(2) 
PARAMETRIC_REPRESENTATION_CONTEXT() REPRESENTATION_CONTEXT('2D SPACE',''
  ) );
#6172 = ORIENTED_EDGE('',*,*,#5721,.F.);
#6173 = ORIENTED_EDGE('',*,*,#6050,.F.);
#6174 = ADVANCED_FACE('',(#6175),#5880,.F.);
#6175 = FACE_BOUND('',#6176,.F.);
#6176 = EDGE_LOOP('',(#6177,#6200,#6221,#6222));
#6177 = ORIENTED_EDGE('',*,*,#6178,.F.);
#6178 = EDGE_CURVE('',#6179,#6075,#6181,.T.);
#6179 = VERTEX_POINT('',#6180);
#6180 = CARTESIAN_POINT('',(-15.405,5.375,5.98));
#6181 = SURFACE_CURVE('',#6182,(#6186,#6193),.PCURVE_S1.);
#6182 = LINE('',#6183,#6184);
#6183 = CARTESIAN_POINT('',(-15.405,6.275,5.98));
#6184 = VECTOR('',#6185,1.);
#6185 = DIRECTION('',(0.,-1.,0.));
#6186 = PCURVE('',#5880,#6187);
#6187 = DEFINITIONAL_REPRESENTATION('',(#6188),#6192);
#6188 = LINE('',#6189,#6190);
#6189 = CARTESIAN_POINT('',(0.,0.));
#6190 = VECTOR('',#6191,1.);
#6191 = DIRECTION('',(1.,0.));
#6192 = ( GEOMETRIC_REPRESENTATION_CONTEXT(2) 
PARAMETRIC_REPRESENTATION_CONTEXT() REPRESENTATION_CONTEXT('2D SPACE',''
  ) );
#6193 = PCURVE('',#6016,#6194);
#6194 = DEFINITIONAL_REPRESENTATION('',(#6195),#6199);
#6195 = LINE('',#6196,#6197);
#6196 = CARTESIAN_POINT('',(-15.405,6.275));
#6197 = VECTOR('',#6198,1.);
#6198 = DIRECTION('',(0.,-1.));
#6199 = ( GEOMETRIC_REPRESENTATION_CONTEXT(2) 
PARAMETRIC_REPRESENTATION_CONTEXT() REPRESENTATION_CONTEXT('2D SPACE',''
  ) );
#6200 = ORIENTED_EDGE('',*,*,#6201,.T.);
#6201 = EDGE_CURVE('',#6179,#5836,#6202,.T.);
#6202 = SURFACE_CURVE('',#6203,(#6207,#6214),.PCURVE_S1.);
#6203 = LINE('',#6204,#6205);
#6204 = CARTESIAN_POINT('',(-15.405,5.375,5.98));
#6205 = VECTOR('',#6206,1.);
#6206 = DIRECTION('',(0.,0.,1.));
#6207 = PCURVE('',#5880,#6208);
#6208 = DEFINITIONAL_REPRESENTATION('',(#6209),#6213);
#6209 = LINE('',#6210,#6211);
#6210 = CARTESIAN_POINT('',(0.9,0.));
#6211 = VECTOR('',#6212,1.);
#6212 = DIRECTION('',(0.,-1.));
#6213 = ( GEOMETRIC_REPRESENTATION_CONTEXT(2) 
PARAMETRIC_REPRESENTATION_CONTEXT() REPRESENTATION_CONTEXT('2D SPACE',''
  ) );
#6214 = PCURVE('',#5852,#6215);
#6215 = DEFINITIONAL_REPRESENTATION('',(#6216),#6220);
#6216 = LINE('',#6217,#6218);
#6217 = CARTESIAN_POINT('',(1.570796326795,0.));
#6218 = VECTOR('',#6219,1.);
#6219 = DIRECTION('',(0.,1.));
#6220 = ( GEOMETRIC_REPRESENTATION_CONTEXT(2) 
PARAMETRIC_REPRESENTATION_CONTEXT() REPRESENTATION_CONTEXT('2D SPACE',''
  ) );
#6221 = ORIENTED_EDGE('',*,*,#5864,.T.);
#6222 = ORIENTED_EDGE('',*,*,#6102,.F.);
#6223 = ADVANCED_FACE('',(#6224),#5766,.F.);
#6224 = FACE_BOUND('',#6225,.F.);
#6225 = EDGE_LOOP('',(#6226,#6249,#6250,#6251));
#6226 = ORIENTED_EDGE('',*,*,#6227,.F.);
#6227 = EDGE_CURVE('',#6129,#6228,#6230,.T.);
#6228 = VERTEX_POINT('',#6229);
#6229 = CARTESIAN_POINT('',(15.405,5.375,5.98));
#6230 = SURFACE_CURVE('',#6231,(#6235,#6242),.PCURVE_S1.);
#6231 = LINE('',#6232,#6233);
#6232 = CARTESIAN_POINT('',(15.405,-6.275,5.98));
#6233 = VECTOR('',#6234,1.);
#6234 = DIRECTION('',(0.,1.,0.));
#6235 = PCURVE('',#5766,#6236);
#6236 = DEFINITIONAL_REPRESENTATION('',(#6237),#6241);
#6237 = LINE('',#6238,#6239);
#6238 = CARTESIAN_POINT('',(0.,0.));
#6239 = VECTOR('',#6240,1.);
#6240 = DIRECTION('',(1.,0.));
#6241 = ( GEOMETRIC_REPRESENTATION_CONTEXT(2) 
PARAMETRIC_REPRESENTATION_CONTEXT() REPRESENTATION_CONTEXT('2D SPACE',''
  ) );
#6242 = PCURVE('',#6016,#6243);
#6243 = DEFINITIONAL_REPRESENTATION('',(#6244),#6248);
#6244 = LINE('',#6245,#6246);
#6245 = CARTESIAN_POINT('',(15.405,-6.275));
#6246 = VECTOR('',#6247,1.);
#6247 = DIRECTION('',(0.,1.));
#6248 = ( GEOMETRIC_REPRESENTATION_CONTEXT(2) 
PARAMETRIC_REPRESENTATION_CONTEXT() REPRESENTATION_CONTEXT('2D SPACE',''
  ) );
#6249 = ORIENTED_EDGE('',*,*,#6152,.T.);
#6250 = ORIENTED_EDGE('',*,*,#5750,.T.);
#6251 = ORIENTED_EDGE('',*,*,#6252,.F.);
#6252 = EDGE_CURVE('',#6228,#5751,#6253,.T.);
#6253 = SURFACE_CURVE('',#6254,(#6258,#6265),.PCURVE_S1.);
#6254 = LINE('',#6255,#6256);
#6255 = CARTESIAN_POINT('',(15.405,5.375,5.98));
#6256 = VECTOR('',#6257,1.);
#6257 = DIRECTION('',(0.,0.,1.));
#6258 = PCURVE('',#5766,#6259);
#6259 = DEFINITIONAL_REPRESENTATION('',(#6260),#6264);
#6260 = LINE('',#6261,#6262);
#6261 = CARTESIAN_POINT('',(11.65,0.));
#6262 = VECTOR('',#6263,1.);
#6263 = DIRECTION('',(0.,-1.));
#6264 = ( GEOMETRIC_REPRESENTATION_CONTEXT(2) 
PARAMETRIC_REPRESENTATION_CONTEXT() REPRESENTATION_CONTEXT('2D SPACE',''
  ) );
#6265 = PCURVE('',#5795,#6266);
#6266 = DEFINITIONAL_REPRESENTATION('',(#6267),#6271);
#6267 = LINE('',#6268,#6269);
#6268 = CARTESIAN_POINT('',(0.,0.));
#6269 = VECTOR('',#6270,1.);
#6270 = DIRECTION('',(0.,1.));
#6271 = ( GEOMETRIC_REPRESENTATION_CONTEXT(2) 
PARAMETRIC_REPRESENTATION_CONTEXT() REPRESENTATION_CONTEXT('2D SPACE',''
  ) );
#6272 = ADVANCED_FACE('',(#6273),#5852,.T.);
#6273 = FACE_BOUND('',#6274,.T.);
#6274 = EDGE_LOOP('',(#6275,#6299,#6300,#6301));
#6275 = ORIENTED_EDGE('',*,*,#6276,.T.);
#6276 = EDGE_CURVE('',#6277,#6179,#6279,.T.);
#6277 = VERTEX_POINT('',#6278);
#6278 = CARTESIAN_POINT('',(-14.505,6.275,5.98));
#6279 = SURFACE_CURVE('',#6280,(#6285,#6292),.PCURVE_S1.);
#6280 = CIRCLE('',#6281,0.9);
#6281 = AXIS2_PLACEMENT_3D('',#6282,#6283,#6284);
#6282 = CARTESIAN_POINT('',(-14.505,5.375,5.98));
#6283 = DIRECTION('',(0.,0.,1.));
#6284 = DIRECTION('',(0.,-1.,0.));
#6285 = PCURVE('',#5852,#6286);
#6286 = DEFINITIONAL_REPRESENTATION('',(#6287),#6291);
#6287 = LINE('',#6288,#6289);
#6288 = CARTESIAN_POINT('',(-3.14159265359,-1.7763568394E-15));
#6289 = VECTOR('',#6290,1.);
#6290 = DIRECTION('',(1.,0.));
#6291 = ( GEOMETRIC_REPRESENTATION_CONTEXT(2) 
PARAMETRIC_REPRESENTATION_CONTEXT() REPRESENTATION_CONTEXT('2D SPACE',''
  ) );
#6292 = PCURVE('',#6016,#6293);
#6293 = DEFINITIONAL_REPRESENTATION('',(#6294),#6298);
#6294 = CIRCLE('',#6295,0.9);
#6295 = AXIS2_PLACEMENT_2D('',#6296,#6297);
#6296 = CARTESIAN_POINT('',(-14.505,5.375));
#6297 = DIRECTION('',(0.,-1.));
#6298 = ( GEOMETRIC_REPRESENTATION_CONTEXT(2) 
PARAMETRIC_REPRESENTATION_CONTEXT() REPRESENTATION_CONTEXT('2D SPACE',''
  ) );
#6299 = ORIENTED_EDGE('',*,*,#6201,.T.);
#6300 = ORIENTED_EDGE('',*,*,#5835,.F.);
#6301 = ORIENTED_EDGE('',*,*,#6302,.F.);
#6302 = EDGE_CURVE('',#6277,#5808,#6303,.T.);
#6303 = SURFACE_CURVE('',#6304,(#6308,#6315),.PCURVE_S1.);
#6304 = LINE('',#6305,#6306);
#6305 = CARTESIAN_POINT('',(-14.505,6.275,5.98));
#6306 = VECTOR('',#6307,1.);
#6307 = DIRECTION('',(0.,0.,1.));
#6308 = PCURVE('',#5852,#6309);
#6309 = DEFINITIONAL_REPRESENTATION('',(#6310),#6314);
#6310 = LINE('',#6311,#6312);
#6311 = CARTESIAN_POINT('',(0.,0.));
#6312 = VECTOR('',#6313,1.);
#6313 = DIRECTION('',(0.,1.));
#6314 = ( GEOMETRIC_REPRESENTATION_CONTEXT(2) 
PARAMETRIC_REPRESENTATION_CONTEXT() REPRESENTATION_CONTEXT('2D SPACE',''
  ) );
#6315 = PCURVE('',#5823,#6316);
#6316 = DEFINITIONAL_REPRESENTATION('',(#6317),#6321);
#6317 = LINE('',#6318,#6319);
#6318 = CARTESIAN_POINT('',(29.91,0.));
#6319 = VECTOR('',#6320,1.);
#6320 = DIRECTION('',(0.,-1.));
#6321 = ( GEOMETRIC_REPRESENTATION_CONTEXT(2) 
PARAMETRIC_REPRESENTATION_CONTEXT() REPRESENTATION_CONTEXT('2D SPACE',''
  ) );
#6322 = ADVANCED_FACE('',(#6323),#5795,.T.);
#6323 = FACE_BOUND('',#6324,.T.);
#6324 = EDGE_LOOP('',(#6325,#6349,#6370,#6371));
#6325 = ORIENTED_EDGE('',*,*,#6326,.T.);
#6326 = EDGE_CURVE('',#6228,#6327,#6329,.T.);
#6327 = VERTEX_POINT('',#6328);
#6328 = CARTESIAN_POINT('',(14.505,6.275,5.98));
#6329 = SURFACE_CURVE('',#6330,(#6335,#6342),.PCURVE_S1.);
#6330 = CIRCLE('',#6331,0.9);
#6331 = AXIS2_PLACEMENT_3D('',#6332,#6333,#6334);
#6332 = CARTESIAN_POINT('',(14.505,5.375,5.98));
#6333 = DIRECTION('',(0.,0.,1.));
#6334 = DIRECTION('',(0.,-1.,0.));
#6335 = PCURVE('',#5795,#6336);
#6336 = DEFINITIONAL_REPRESENTATION('',(#6337),#6341);
#6337 = LINE('',#6338,#6339);
#6338 = CARTESIAN_POINT('',(-1.570796326795,-1.7763568394E-15));
#6339 = VECTOR('',#6340,1.);
#6340 = DIRECTION('',(1.,0.));
#6341 = ( GEOMETRIC_REPRESENTATION_CONTEXT(2) 
PARAMETRIC_REPRESENTATION_CONTEXT() REPRESENTATION_CONTEXT('2D SPACE',''
  ) );
#6342 = PCURVE('',#6016,#6343);
#6343 = DEFINITIONAL_REPRESENTATION('',(#6344),#6348);
#6344 = CIRCLE('',#6345,0.9);
#6345 = AXIS2_PLACEMENT_2D('',#6346,#6347);
#6346 = CARTESIAN_POINT('',(14.505,5.375));
#6347 = DIRECTION('',(0.,-1.));
#6348 = ( GEOMETRIC_REPRESENTATION_CONTEXT(2) 
PARAMETRIC_REPRESENTATION_CONTEXT() REPRESENTATION_CONTEXT('2D SPACE',''
  ) );
#6349 = ORIENTED_EDGE('',*,*,#6350,.T.);
#6350 = EDGE_CURVE('',#6327,#5779,#6351,.T.);
#6351 = SURFACE_CURVE('',#6352,(#6356,#6363),.PCURVE_S1.);
#6352 = LINE('',#6353,#6354);
#6353 = CARTESIAN_POINT('',(14.505,6.275,5.98));
#6354 = VECTOR('',#6355,1.);
#6355 = DIRECTION('',(0.,0.,1.));
#6356 = PCURVE('',#5795,#6357);
#6357 = DEFINITIONAL_REPRESENTATION('',(#6358),#6362);
#6358 = LINE('',#6359,#6360);
#6359 = CARTESIAN_POINT('',(1.570796326795,0.));
#6360 = VECTOR('',#6361,1.);
#6361 = DIRECTION('',(0.,1.));
#6362 = ( GEOMETRIC_REPRESENTATION_CONTEXT(2) 
PARAMETRIC_REPRESENTATION_CONTEXT() REPRESENTATION_CONTEXT('2D SPACE',''
  ) );
#6363 = PCURVE('',#5823,#6364);
#6364 = DEFINITIONAL_REPRESENTATION('',(#6365),#6369);
#6365 = LINE('',#6366,#6367);
#6366 = CARTESIAN_POINT('',(0.9,0.));
#6367 = VECTOR('',#6368,1.);
#6368 = DIRECTION('',(0.,-1.));
#6369 = ( GEOMETRIC_REPRESENTATION_CONTEXT(2) 
PARAMETRIC_REPRESENTATION_CONTEXT() REPRESENTATION_CONTEXT('2D SPACE',''
  ) );
#6370 = ORIENTED_EDGE('',*,*,#5778,.F.);
#6371 = ORIENTED_EDGE('',*,*,#6252,.F.);
#6372 = ADVANCED_FACE('',(#6373),#5823,.F.);
#6373 = FACE_BOUND('',#6374,.F.);
#6374 = EDGE_LOOP('',(#6375,#6396,#6397,#6398));
#6375 = ORIENTED_EDGE('',*,*,#6376,.F.);
#6376 = EDGE_CURVE('',#6327,#6277,#6377,.T.);
#6377 = SURFACE_CURVE('',#6378,(#6382,#6389),.PCURVE_S1.);
#6378 = LINE('',#6379,#6380);
#6379 = CARTESIAN_POINT('',(15.405,6.275,5.98));
#6380 = VECTOR('',#6381,1.);
#6381 = DIRECTION('',(-1.,0.,0.));
#6382 = PCURVE('',#5823,#6383);
#6383 = DEFINITIONAL_REPRESENTATION('',(#6384),#6388);
#6384 = LINE('',#6385,#6386);
#6385 = CARTESIAN_POINT('',(0.,-0.));
#6386 = VECTOR('',#6387,1.);
#6387 = DIRECTION('',(1.,0.));
#6388 = ( GEOMETRIC_REPRESENTATION_CONTEXT(2) 
PARAMETRIC_REPRESENTATION_CONTEXT() REPRESENTATION_CONTEXT('2D SPACE',''
  ) );
#6389 = PCURVE('',#6016,#6390);
#6390 = DEFINITIONAL_REPRESENTATION('',(#6391),#6395);
#6391 = LINE('',#6392,#6393);
#6392 = CARTESIAN_POINT('',(15.405,6.275));
#6393 = VECTOR('',#6394,1.);
#6394 = DIRECTION('',(-1.,0.));
#6395 = ( GEOMETRIC_REPRESENTATION_CONTEXT(2) 
PARAMETRIC_REPRESENTATION_CONTEXT() REPRESENTATION_CONTEXT('2D SPACE',''
  ) );
#6396 = ORIENTED_EDGE('',*,*,#6350,.T.);
#6397 = ORIENTED_EDGE('',*,*,#5807,.T.);
#6398 = ORIENTED_EDGE('',*,*,#6302,.F.);
#6399 = ADVANCED_FACE('',(#6400),#5942,.F.);
#6400 = FACE_BOUND('',#6401,.F.);
#6401 = EDGE_LOOP('',(#6402,#6403,#6426,#6448));
#6402 = ORIENTED_EDGE('',*,*,#5925,.F.);
#6403 = ORIENTED_EDGE('',*,*,#6404,.F.);
#6404 = EDGE_CURVE('',#6405,#5926,#6407,.T.);
#6405 = VERTEX_POINT('',#6406);
#6406 = CARTESIAN_POINT('',(-10.995,-3.673940397442E-16,5.98));
#6407 = SEAM_CURVE('',#6408,(#6412,#6419),.PCURVE_S1.);
#6408 = LINE('',#6409,#6410);
#6409 = CARTESIAN_POINT('',(-10.995,-3.673940397442E-16,5.88));
#6410 = VECTOR('',#6411,1.);
#6411 = DIRECTION('',(0.,0.,1.));
#6412 = PCURVE('',#5942,#6413);
#6413 = DEFINITIONAL_REPRESENTATION('',(#6414),#6418);
#6414 = LINE('',#6415,#6416);
#6415 = CARTESIAN_POINT('',(6.28318530718,-0.));
#6416 = VECTOR('',#6417,1.);
#6417 = DIRECTION('',(0.,1.));
#6418 = ( GEOMETRIC_REPRESENTATION_CONTEXT(2) 
PARAMETRIC_REPRESENTATION_CONTEXT() REPRESENTATION_CONTEXT('2D SPACE',''
  ) );
#6419 = PCURVE('',#5942,#6420);
#6420 = DEFINITIONAL_REPRESENTATION('',(#6421),#6425);
#6421 = LINE('',#6422,#6423);
#6422 = CARTESIAN_POINT('',(0.,-0.));
#6423 = VECTOR('',#6424,1.);
#6424 = DIRECTION('',(0.,1.));
#6425 = ( GEOMETRIC_REPRESENTATION_CONTEXT(2) 
PARAMETRIC_REPRESENTATION_CONTEXT() REPRESENTATION_CONTEXT('2D SPACE',''
  ) );
#6426 = ORIENTED_EDGE('',*,*,#6427,.T.);
#6427 = EDGE_CURVE('',#6405,#6405,#6428,.T.);
#6428 = SURFACE_CURVE('',#6429,(#6434,#6441),.PCURVE_S1.);
#6429 = CIRCLE('',#6430,1.5);
#6430 = AXIS2_PLACEMENT_3D('',#6431,#6432,#6433);
#6431 = CARTESIAN_POINT('',(-12.495,0.,5.98));
#6432 = DIRECTION('',(0.,0.,1.));
#6433 = DIRECTION('',(1.,0.,-0.));
#6434 = PCURVE('',#5942,#6435);
#6435 = DEFINITIONAL_REPRESENTATION('',(#6436),#6440);
#6436 = LINE('',#6437,#6438);
#6437 = CARTESIAN_POINT('',(0.,1.E-01));
#6438 = VECTOR('',#6439,1.);
#6439 = DIRECTION('',(1.,0.));
#6440 = ( GEOMETRIC_REPRESENTATION_CONTEXT(2) 
PARAMETRIC_REPRESENTATION_CONTEXT() REPRESENTATION_CONTEXT('2D SPACE',''
  ) );
#6441 = PCURVE('',#6016,#6442);
#6442 = DEFINITIONAL_REPRESENTATION('',(#6443),#6447);
#6443 = CIRCLE('',#6444,1.5);
#6444 = AXIS2_PLACEMENT_2D('',#6445,#6446);
#6445 = CARTESIAN_POINT('',(-12.495,0.));
#6446 = DIRECTION('',(1.,0.));
#6447 = ( GEOMETRIC_REPRESENTATION_CONTEXT(2) 
PARAMETRIC_REPRESENTATION_CONTEXT() REPRESENTATION_CONTEXT('2D SPACE',''
  ) );
#6448 = ORIENTED_EDGE('',*,*,#6404,.T.);
#6449 = ADVANCED_FACE('',(#6450),#5983,.F.);
#6450 = FACE_BOUND('',#6451,.F.);
#6451 = EDGE_LOOP('',(#6452,#6453,#6476,#6498));
#6452 = ORIENTED_EDGE('',*,*,#5966,.F.);
#6453 = ORIENTED_EDGE('',*,*,#6454,.F.);
#6454 = EDGE_CURVE('',#6455,#5967,#6457,.T.);
#6455 = VERTEX_POINT('',#6456);
#6456 = CARTESIAN_POINT('',(13.995,-3.673940397442E-16,5.98));
#6457 = SEAM_CURVE('',#6458,(#6462,#6469),.PCURVE_S1.);
#6458 = LINE('',#6459,#6460);
#6459 = CARTESIAN_POINT('',(13.995,-3.673940397442E-16,5.88));
#6460 = VECTOR('',#6461,1.);
#6461 = DIRECTION('',(0.,0.,1.));
#6462 = PCURVE('',#5983,#6463);
#6463 = DEFINITIONAL_REPRESENTATION('',(#6464),#6468);
#6464 = LINE('',#6465,#6466);
#6465 = CARTESIAN_POINT('',(6.28318530718,-0.));
#6466 = VECTOR('',#6467,1.);
#6467 = DIRECTION('',(0.,1.));
#6468 = ( GEOMETRIC_REPRESENTATION_CONTEXT(2) 
PARAMETRIC_REPRESENTATION_CONTEXT() REPRESENTATION_CONTEXT('2D SPACE',''
  ) );
#6469 = PCURVE('',#5983,#6470);
#6470 = DEFINITIONAL_REPRESENTATION('',(#6471),#6475);
#6471 = LINE('',#6472,#6473);
#6472 = CARTESIAN_POINT('',(0.,-0.));
#6473 = VECTOR('',#6474,1.);
#6474 = DIRECTION('',(0.,1.));
#6475 = ( GEOMETRIC_REPRESENTATION_CONTEXT(2) 
PARAMETRIC_REPRESENTATION_CONTEXT() REPRESENTATION_CONTEXT('2D SPACE',''
  ) );
#6476 = ORIENTED_EDGE('',*,*,#6477,.T.);
#6477 = EDGE_CURVE('',#6455,#6455,#6478,.T.);
#6478 = SURFACE_CURVE('',#6479,(#6484,#6491),.PCURVE_S1.);
#6479 = CIRCLE('',#6480,1.5);
#6480 = AXIS2_PLACEMENT_3D('',#6481,#6482,#6483);
#6481 = CARTESIAN_POINT('',(12.495,0.,5.98));
#6482 = DIRECTION('',(0.,0.,1.));
#6483 = DIRECTION('',(1.,0.,-0.));
#6484 = PCURVE('',#5983,#6485);
#6485 = DEFINITIONAL_REPRESENTATION('',(#6486),#6490);
#6486 = LINE('',#6487,#6488);
#6487 = CARTESIAN_POINT('',(0.,1.E-01));
#6488 = VECTOR('',#6489,1.);
#6489 = DIRECTION('',(1.,0.));
#6490 = ( GEOMETRIC_REPRESENTATION_CONTEXT(2) 
PARAMETRIC_REPRESENTATION_CONTEXT() REPRESENTATION_CONTEXT('2D SPACE',''
  ) );
#6491 = PCURVE('',#6016,#6492);
#6492 = DEFINITIONAL_REPRESENTATION('',(#6493),#6497);
#6493 = CIRCLE('',#6494,1.5);
#6494 = AXIS2_PLACEMENT_2D('',#6495,#6496);
#6495 = CARTESIAN_POINT('',(12.495,0.));
#6496 = DIRECTION('',(1.,0.));
#6497 = ( GEOMETRIC_REPRESENTATION_CONTEXT(2) 
PARAMETRIC_REPRESENTATION_CONTEXT() REPRESENTATION_CONTEXT('2D SPACE',''
  ) );
#6498 = ORIENTED_EDGE('',*,*,#6454,.T.);
#6499 = ADVANCED_FACE('',(#6500,#6510,#6513,#6747),#6016,.F.);
#6500 = FACE_BOUND('',#6501,.F.);
#6501 = EDGE_LOOP('',(#6502,#6503,#6504,#6505,#6506,#6507,#6508,#6509));
#6502 = ORIENTED_EDGE('',*,*,#5998,.T.);
#6503 = ORIENTED_EDGE('',*,*,#6128,.T.);
#6504 = ORIENTED_EDGE('',*,*,#6227,.T.);
#6505 = ORIENTED_EDGE('',*,*,#6326,.T.);
#6506 = ORIENTED_EDGE('',*,*,#6376,.T.);
#6507 = ORIENTED_EDGE('',*,*,#6276,.T.);
#6508 = ORIENTED_EDGE('',*,*,#6178,.T.);
#6509 = ORIENTED_EDGE('',*,*,#6074,.F.);
#6510 = FACE_BOUND('',#6511,.F.);
#6511 = EDGE_LOOP('',(#6512));
#6512 = ORIENTED_EDGE('',*,*,#6427,.F.);
#6513 = FACE_BOUND('',#6514,.F.);
#6514 = EDGE_LOOP('',(#6515,#6545,#6578,#6606,#6635,#6663,#6692,#6720));
#6515 = ORIENTED_EDGE('',*,*,#6516,.F.);
#6516 = EDGE_CURVE('',#6517,#6519,#6521,.T.);
#6517 = VERTEX_POINT('',#6518);
#6518 = CARTESIAN_POINT('',(-6.527714877158,-4.49,5.98));
#6519 = VERTEX_POINT('',#6520);
#6520 = CARTESIAN_POINT('',(6.527714877158,-4.49,5.98));
#6521 = SURFACE_CURVE('',#6522,(#6526,#6533),.PCURVE_S1.);
#6522 = LINE('',#6523,#6524);
#6523 = CARTESIAN_POINT('',(-7.36874,-4.49,5.98));
#6524 = VECTOR('',#6525,1.);
#6525 = DIRECTION('',(1.,0.,0.));
#6526 = PCURVE('',#6016,#6527);
#6527 = DEFINITIONAL_REPRESENTATION('',(#6528),#6532);
#6528 = LINE('',#6529,#6530);
#6529 = CARTESIAN_POINT('',(-7.36874,-4.49));
#6530 = VECTOR('',#6531,1.);
#6531 = DIRECTION('',(1.,0.));
#6532 = ( GEOMETRIC_REPRESENTATION_CONTEXT(2) 
PARAMETRIC_REPRESENTATION_CONTEXT() REPRESENTATION_CONTEXT('2D SPACE',''
  ) );
#6533 = PCURVE('',#6534,#6539);
#6534 = PLANE('',#6535);
#6535 = AXIS2_PLACEMENT_3D('',#6536,#6537,#6538);
#6536 = CARTESIAN_POINT('',(-7.36874,-4.49,5.49));
#6537 = DIRECTION('',(0.,1.,0.));
#6538 = DIRECTION('',(1.,0.,0.));
#6539 = DEFINITIONAL_REPRESENTATION('',(#6540),#6544);
#6540 = LINE('',#6541,#6542);
#6541 = CARTESIAN_POINT('',(0.,-0.49));
#6542 = VECTOR('',#6543,1.);
#6543 = DIRECTION('',(1.,0.));
#6544 = ( GEOMETRIC_REPRESENTATION_CONTEXT(2) 
PARAMETRIC_REPRESENTATION_CONTEXT() REPRESENTATION_CONTEXT('2D SPACE',''
  ) );
#6545 = ORIENTED_EDGE('',*,*,#6546,.T.);
#6546 = EDGE_CURVE('',#6517,#6547,#6549,.T.);
#6547 = VERTEX_POINT('',#6548);
#6548 = CARTESIAN_POINT('',(-7.512912166857,-3.661424328408,5.98));
#6549 = SURFACE_CURVE('',#6550,(#6555,#6566),.PCURVE_S1.);
#6550 = CIRCLE('',#6551,1.);
#6551 = AXIS2_PLACEMENT_3D('',#6552,#6553,#6554);
#6552 = CARTESIAN_POINT('',(-6.527714877158,-3.49,5.98));
#6553 = DIRECTION('',(-0.,-0.,-1.));
#6554 = DIRECTION('',(0.,-1.,0.));
#6555 = PCURVE('',#6016,#6556);
#6556 = DEFINITIONAL_REPRESENTATION('',(#6557),#6565);
#6557 = ( BOUNDED_CURVE() B_SPLINE_CURVE(2,(#6558,#6559,#6560,#6561,
#6562,#6563,#6564),.UNSPECIFIED.,.T.,.F.) B_SPLINE_CURVE_WITH_KNOTS((1,2
    ,2,2,2,1),(-2.094395102393,0.,2.094395102393,4.188790204786,
6.28318530718,8.377580409573),.UNSPECIFIED.) CURVE() 
GEOMETRIC_REPRESENTATION_ITEM() RATIONAL_B_SPLINE_CURVE((1.,0.5,1.,0.5,
1.,0.5,1.)) REPRESENTATION_ITEM('') );
#6558 = CARTESIAN_POINT('',(-6.527714877158,-4.49));
#6559 = CARTESIAN_POINT('',(-8.259765684727,-4.49));
#6560 = CARTESIAN_POINT('',(-7.393740280943,-2.99));
#6561 = CARTESIAN_POINT('',(-6.527714877158,-1.49));
#6562 = CARTESIAN_POINT('',(-5.661689473374,-2.99));
#6563 = CARTESIAN_POINT('',(-4.795664069589,-4.49));
#6564 = CARTESIAN_POINT('',(-6.527714877158,-4.49));
#6565 = ( GEOMETRIC_REPRESENTATION_CONTEXT(2) 
PARAMETRIC_REPRESENTATION_CONTEXT() REPRESENTATION_CONTEXT('2D SPACE',''
  ) );
#6566 = PCURVE('',#6567,#6572);
#6567 = CYLINDRICAL_SURFACE('',#6568,1.);
#6568 = AXIS2_PLACEMENT_3D('',#6569,#6570,#6571);
#6569 = CARTESIAN_POINT('',(-6.527714877158,-3.49,5.49));
#6570 = DIRECTION('',(0.,0.,1.));
#6571 = DIRECTION('',(0.,-1.,0.));
#6572 = DEFINITIONAL_REPRESENTATION('',(#6573),#6577);
#6573 = LINE('',#6574,#6575);
#6574 = CARTESIAN_POINT('',(-0.,0.49));
#6575 = VECTOR('',#6576,1.);
#6576 = DIRECTION('',(-1.,0.));
#6577 = ( GEOMETRIC_REPRESENTATION_CONTEXT(2) 
PARAMETRIC_REPRESENTATION_CONTEXT() REPRESENTATION_CONTEXT('2D SPACE',''
  ) );
#6578 = ORIENTED_EDGE('',*,*,#6579,.F.);
#6579 = EDGE_CURVE('',#6580,#6547,#6582,.T.);
#6580 = VERTEX_POINT('',#6581);
#6581 = CARTESIAN_POINT('',(-8.727432166857,3.318575671592,5.98));
#6582 = SURFACE_CURVE('',#6583,(#6587,#6594),.PCURVE_S1.);
#6583 = LINE('',#6584,#6585);
#6584 = CARTESIAN_POINT('',(-8.93126,4.49,5.98));
#6585 = VECTOR('',#6586,1.);
#6586 = DIRECTION('',(0.171424328408,-0.985197289699,0.));
#6587 = PCURVE('',#6016,#6588);
#6588 = DEFINITIONAL_REPRESENTATION('',(#6589),#6593);
#6589 = LINE('',#6590,#6591);
#6590 = CARTESIAN_POINT('',(-8.93126,4.49));
#6591 = VECTOR('',#6592,1.);
#6592 = DIRECTION('',(0.171424328408,-0.985197289699));
#6593 = ( GEOMETRIC_REPRESENTATION_CONTEXT(2) 
PARAMETRIC_REPRESENTATION_CONTEXT() REPRESENTATION_CONTEXT('2D SPACE',''
  ) );
#6594 = PCURVE('',#6595,#6600);
#6595 = PLANE('',#6596);
#6596 = AXIS2_PLACEMENT_3D('',#6597,#6598,#6599);
#6597 = CARTESIAN_POINT('',(-8.93126,4.49,5.49));
#6598 = DIRECTION('',(0.985197289699,0.171424328408,-0.));
#6599 = DIRECTION('',(0.171424328408,-0.985197289699,0.));
#6600 = DEFINITIONAL_REPRESENTATION('',(#6601),#6605);
#6601 = LINE('',#6602,#6603);
#6602 = CARTESIAN_POINT('',(0.,-0.49));
#6603 = VECTOR('',#6604,1.);
#6604 = DIRECTION('',(1.,0.));
#6605 = ( GEOMETRIC_REPRESENTATION_CONTEXT(2) 
PARAMETRIC_REPRESENTATION_CONTEXT() REPRESENTATION_CONTEXT('2D SPACE',''
  ) );
#6606 = ORIENTED_EDGE('',*,*,#6607,.F.);
#6607 = EDGE_CURVE('',#6608,#6580,#6610,.T.);
#6608 = VERTEX_POINT('',#6609);
#6609 = CARTESIAN_POINT('',(-7.742234877158,4.49,5.98));
#6610 = SURFACE_CURVE('',#6611,(#6616,#6623),.PCURVE_S1.);
#6611 = CIRCLE('',#6612,1.);
#6612 = AXIS2_PLACEMENT_3D('',#6613,#6614,#6615);
#6613 = CARTESIAN_POINT('',(-7.742234877158,3.49,5.98));
#6614 = DIRECTION('',(0.,0.,1.));
#6615 = DIRECTION('',(0.,-1.,0.));
#6616 = PCURVE('',#6016,#6617);
#6617 = DEFINITIONAL_REPRESENTATION('',(#6618),#6622);
#6618 = CIRCLE('',#6619,1.);
#6619 = AXIS2_PLACEMENT_2D('',#6620,#6621);
#6620 = CARTESIAN_POINT('',(-7.742234877158,3.49));
#6621 = DIRECTION('',(0.,-1.));
#6622 = ( GEOMETRIC_REPRESENTATION_CONTEXT(2) 
PARAMETRIC_REPRESENTATION_CONTEXT() REPRESENTATION_CONTEXT('2D SPACE',''
  ) );
#6623 = PCURVE('',#6624,#6629);
#6624 = CYLINDRICAL_SURFACE('',#6625,1.);
#6625 = AXIS2_PLACEMENT_3D('',#6626,#6627,#6628);
#6626 = CARTESIAN_POINT('',(-7.742234877158,3.49,5.49));
#6627 = DIRECTION('',(0.,0.,1.));
#6628 = DIRECTION('',(-0.,1.,0.));
#6629 = DEFINITIONAL_REPRESENTATION('',(#6630),#6634);
#6630 = LINE('',#6631,#6632);
#6631 = CARTESIAN_POINT('',(-3.14159265359,0.49));
#6632 = VECTOR('',#6633,1.);
#6633 = DIRECTION('',(1.,0.));
#6634 = ( GEOMETRIC_REPRESENTATION_CONTEXT(2) 
PARAMETRIC_REPRESENTATION_CONTEXT() REPRESENTATION_CONTEXT('2D SPACE',''
  ) );
#6635 = ORIENTED_EDGE('',*,*,#6636,.F.);
#6636 = EDGE_CURVE('',#6637,#6608,#6639,.T.);
#6637 = VERTEX_POINT('',#6638);
#6638 = CARTESIAN_POINT('',(7.742234877158,4.49,5.98));
#6639 = SURFACE_CURVE('',#6640,(#6644,#6651),.PCURVE_S1.);
#6640 = LINE('',#6641,#6642);
#6641 = CARTESIAN_POINT('',(8.93126,4.49,5.98));
#6642 = VECTOR('',#6643,1.);
#6643 = DIRECTION('',(-1.,0.,0.));
#6644 = PCURVE('',#6016,#6645);
#6645 = DEFINITIONAL_REPRESENTATION('',(#6646),#6650);
#6646 = LINE('',#6647,#6648);
#6647 = CARTESIAN_POINT('',(8.93126,4.49));
#6648 = VECTOR('',#6649,1.);
#6649 = DIRECTION('',(-1.,0.));
#6650 = ( GEOMETRIC_REPRESENTATION_CONTEXT(2) 
PARAMETRIC_REPRESENTATION_CONTEXT() REPRESENTATION_CONTEXT('2D SPACE',''
  ) );
#6651 = PCURVE('',#6652,#6657);
#6652 = PLANE('',#6653);
#6653 = AXIS2_PLACEMENT_3D('',#6654,#6655,#6656);
#6654 = CARTESIAN_POINT('',(8.93126,4.49,5.49));
#6655 = DIRECTION('',(0.,-1.,0.));
#6656 = DIRECTION('',(-1.,0.,0.));
#6657 = DEFINITIONAL_REPRESENTATION('',(#6658),#6662);
#6658 = LINE('',#6659,#6660);
#6659 = CARTESIAN_POINT('',(0.,-0.49));
#6660 = VECTOR('',#6661,1.);
#6661 = DIRECTION('',(1.,0.));
#6662 = ( GEOMETRIC_REPRESENTATION_CONTEXT(2) 
PARAMETRIC_REPRESENTATION_CONTEXT() REPRESENTATION_CONTEXT('2D SPACE',''
  ) );
#6663 = ORIENTED_EDGE('',*,*,#6664,.F.);
#6664 = EDGE_CURVE('',#6665,#6637,#6667,.T.);
#6665 = VERTEX_POINT('',#6666);
#6666 = CARTESIAN_POINT('',(8.727432166857,3.318575671592,5.98));
#6667 = SURFACE_CURVE('',#6668,(#6673,#6680),.PCURVE_S1.);
#6668 = CIRCLE('',#6669,1.);
#6669 = AXIS2_PLACEMENT_3D('',#6670,#6671,#6672);
#6670 = CARTESIAN_POINT('',(7.742234877158,3.49,5.98));
#6671 = DIRECTION('',(0.,0.,1.));
#6672 = DIRECTION('',(0.,-1.,0.));
#6673 = PCURVE('',#6016,#6674);
#6674 = DEFINITIONAL_REPRESENTATION('',(#6675),#6679);
#6675 = CIRCLE('',#6676,1.);
#6676 = AXIS2_PLACEMENT_2D('',#6677,#6678);
#6677 = CARTESIAN_POINT('',(7.742234877158,3.49));
#6678 = DIRECTION('',(0.,-1.));
#6679 = ( GEOMETRIC_REPRESENTATION_CONTEXT(2) 
PARAMETRIC_REPRESENTATION_CONTEXT() REPRESENTATION_CONTEXT('2D SPACE',''
  ) );
#6680 = PCURVE('',#6681,#6686);
#6681 = CYLINDRICAL_SURFACE('',#6682,1.);
#6682 = AXIS2_PLACEMENT_3D('',#6683,#6684,#6685);
#6683 = CARTESIAN_POINT('',(7.742234877158,3.49,5.49));
#6684 = DIRECTION('',(0.,0.,1.));
#6685 = DIRECTION('',(0.985197289699,-0.171424328408,0.));
#6686 = DEFINITIONAL_REPRESENTATION('',(#6687),#6691);
#6687 = LINE('',#6688,#6689);
#6688 = CARTESIAN_POINT('',(-1.398521109841,0.49));
#6689 = VECTOR('',#6690,1.);
#6690 = DIRECTION('',(1.,0.));
#6691 = ( GEOMETRIC_REPRESENTATION_CONTEXT(2) 
PARAMETRIC_REPRESENTATION_CONTEXT() REPRESENTATION_CONTEXT('2D SPACE',''
  ) );
#6692 = ORIENTED_EDGE('',*,*,#6693,.F.);
#6693 = EDGE_CURVE('',#6694,#6665,#6696,.T.);
#6694 = VERTEX_POINT('',#6695);
#6695 = CARTESIAN_POINT('',(7.512912166857,-3.661424328408,5.98));
#6696 = SURFACE_CURVE('',#6697,(#6701,#6708),.PCURVE_S1.);
#6697 = LINE('',#6698,#6699);
#6698 = CARTESIAN_POINT('',(7.36874,-4.49,5.98));
#6699 = VECTOR('',#6700,1.);
#6700 = DIRECTION('',(0.171424328408,0.985197289699,0.));
#6701 = PCURVE('',#6016,#6702);
#6702 = DEFINITIONAL_REPRESENTATION('',(#6703),#6707);
#6703 = LINE('',#6704,#6705);
#6704 = CARTESIAN_POINT('',(7.36874,-4.49));
#6705 = VECTOR('',#6706,1.);
#6706 = DIRECTION('',(0.171424328408,0.985197289699));
#6707 = ( GEOMETRIC_REPRESENTATION_CONTEXT(2) 
PARAMETRIC_REPRESENTATION_CONTEXT() REPRESENTATION_CONTEXT('2D SPACE',''
  ) );
#6708 = PCURVE('',#6709,#6714);
#6709 = PLANE('',#6710);
#6710 = AXIS2_PLACEMENT_3D('',#6711,#6712,#6713);
#6711 = CARTESIAN_POINT('',(7.36874,-4.49,5.49));
#6712 = DIRECTION('',(-0.985197289699,0.171424328408,0.));
#6713 = DIRECTION('',(0.171424328408,0.985197289699,0.));
#6714 = DEFINITIONAL_REPRESENTATION('',(#6715),#6719);
#6715 = LINE('',#6716,#6717);
#6716 = CARTESIAN_POINT('',(0.,-0.49));
#6717 = VECTOR('',#6718,1.);
#6718 = DIRECTION('',(1.,0.));
#6719 = ( GEOMETRIC_REPRESENTATION_CONTEXT(2) 
PARAMETRIC_REPRESENTATION_CONTEXT() REPRESENTATION_CONTEXT('2D SPACE',''
  ) );
#6720 = ORIENTED_EDGE('',*,*,#6721,.F.);
#6721 = EDGE_CURVE('',#6519,#6694,#6722,.T.);
#6722 = SURFACE_CURVE('',#6723,(#6728,#6735),.PCURVE_S1.);
#6723 = CIRCLE('',#6724,1.);
#6724 = AXIS2_PLACEMENT_3D('',#6725,#6726,#6727);
#6725 = CARTESIAN_POINT('',(6.527714877158,-3.49,5.98));
#6726 = DIRECTION('',(0.,0.,1.));
#6727 = DIRECTION('',(0.,-1.,0.));
#6728 = PCURVE('',#6016,#6729);
#6729 = DEFINITIONAL_REPRESENTATION('',(#6730),#6734);
#6730 = CIRCLE('',#6731,1.);
#6731 = AXIS2_PLACEMENT_2D('',#6732,#6733);
#6732 = CARTESIAN_POINT('',(6.527714877158,-3.49));
#6733 = DIRECTION('',(0.,-1.));
#6734 = ( GEOMETRIC_REPRESENTATION_CONTEXT(2) 
PARAMETRIC_REPRESENTATION_CONTEXT() REPRESENTATION_CONTEXT('2D SPACE',''
  ) );
#6735 = PCURVE('',#6736,#6741);
#6736 = CYLINDRICAL_SURFACE('',#6737,1.);
#6737 = AXIS2_PLACEMENT_3D('',#6738,#6739,#6740);
#6738 = CARTESIAN_POINT('',(6.527714877158,-3.49,5.49));
#6739 = DIRECTION('',(0.,0.,1.));
#6740 = DIRECTION('',(0.,-1.,0.));
#6741 = DEFINITIONAL_REPRESENTATION('',(#6742),#6746);
#6742 = LINE('',#6743,#6744);
#6743 = CARTESIAN_POINT('',(0.,0.49));
#6744 = VECTOR('',#6745,1.);
#6745 = DIRECTION('',(1.,0.));
#6746 = ( GEOMETRIC_REPRESENTATION_CONTEXT(2) 
PARAMETRIC_REPRESENTATION_CONTEXT() REPRESENTATION_CONTEXT('2D SPACE',''
  ) );
#6747 = FACE_BOUND('',#6748,.F.);
#6748 = EDGE_LOOP('',(#6749));
#6749 = ORIENTED_EDGE('',*,*,#6477,.F.);
#6750 = ADVANCED_FACE('',(#6751),#6534,.F.);
#6751 = FACE_BOUND('',#6752,.F.);
#6752 = EDGE_LOOP('',(#6753,#6783,#6804,#6805));
#6753 = ORIENTED_EDGE('',*,*,#6754,.F.);
#6754 = EDGE_CURVE('',#6755,#6757,#6759,.T.);
#6755 = VERTEX_POINT('',#6756);
#6756 = CARTESIAN_POINT('',(-6.527714877158,-4.49,5.49));
#6757 = VERTEX_POINT('',#6758);
#6758 = CARTESIAN_POINT('',(6.527714877158,-4.49,5.49));
#6759 = SURFACE_CURVE('',#6760,(#6764,#6771),.PCURVE_S1.);
#6760 = LINE('',#6761,#6762);
#6761 = CARTESIAN_POINT('',(-7.36874,-4.49,5.49));
#6762 = VECTOR('',#6763,1.);
#6763 = DIRECTION('',(1.,0.,0.));
#6764 = PCURVE('',#6534,#6765);
#6765 = DEFINITIONAL_REPRESENTATION('',(#6766),#6770);
#6766 = LINE('',#6767,#6768);
#6767 = CARTESIAN_POINT('',(0.,0.));
#6768 = VECTOR('',#6769,1.);
#6769 = DIRECTION('',(1.,0.));
#6770 = ( GEOMETRIC_REPRESENTATION_CONTEXT(2) 
PARAMETRIC_REPRESENTATION_CONTEXT() REPRESENTATION_CONTEXT('2D SPACE',''
  ) );
#6771 = PCURVE('',#6772,#6777);
#6772 = PLANE('',#6773);
#6773 = AXIS2_PLACEMENT_3D('',#6774,#6775,#6776);
#6774 = CARTESIAN_POINT('',(-1.397884744689E-16,0.276047032738,5.49));
#6775 = DIRECTION('',(0.,0.,1.));
#6776 = DIRECTION('',(1.,0.,-0.));
#6777 = DEFINITIONAL_REPRESENTATION('',(#6778),#6782);
#6778 = LINE('',#6779,#6780);
#6779 = CARTESIAN_POINT('',(-7.36874,-4.766047032738));
#6780 = VECTOR('',#6781,1.);
#6781 = DIRECTION('',(1.,0.));
#6782 = ( GEOMETRIC_REPRESENTATION_CONTEXT(2) 
PARAMETRIC_REPRESENTATION_CONTEXT() REPRESENTATION_CONTEXT('2D SPACE',''
  ) );
#6783 = ORIENTED_EDGE('',*,*,#6784,.T.);
#6784 = EDGE_CURVE('',#6755,#6517,#6785,.T.);
#6785 = SURFACE_CURVE('',#6786,(#6790,#6797),.PCURVE_S1.);
#6786 = LINE('',#6787,#6788);
#6787 = CARTESIAN_POINT('',(-6.527714877158,-4.49,5.49));
#6788 = VECTOR('',#6789,1.);
#6789 = DIRECTION('',(0.,0.,1.));
#6790 = PCURVE('',#6534,#6791);
#6791 = DEFINITIONAL_REPRESENTATION('',(#6792),#6796);
#6792 = LINE('',#6793,#6794);
#6793 = CARTESIAN_POINT('',(0.841025122842,0.));
#6794 = VECTOR('',#6795,1.);
#6795 = DIRECTION('',(0.,-1.));
#6796 = ( GEOMETRIC_REPRESENTATION_CONTEXT(2) 
PARAMETRIC_REPRESENTATION_CONTEXT() REPRESENTATION_CONTEXT('2D SPACE',''
  ) );
#6797 = PCURVE('',#6567,#6798);
#6798 = DEFINITIONAL_REPRESENTATION('',(#6799),#6803);
#6799 = LINE('',#6800,#6801);
#6800 = CARTESIAN_POINT('',(-0.,0.));
#6801 = VECTOR('',#6802,1.);
#6802 = DIRECTION('',(-0.,1.));
#6803 = ( GEOMETRIC_REPRESENTATION_CONTEXT(2) 
PARAMETRIC_REPRESENTATION_CONTEXT() REPRESENTATION_CONTEXT('2D SPACE',''
  ) );
#6804 = ORIENTED_EDGE('',*,*,#6516,.T.);
#6805 = ORIENTED_EDGE('',*,*,#6806,.F.);
#6806 = EDGE_CURVE('',#6757,#6519,#6807,.T.);
#6807 = SURFACE_CURVE('',#6808,(#6812,#6819),.PCURVE_S1.);
#6808 = LINE('',#6809,#6810);
#6809 = CARTESIAN_POINT('',(6.527714877158,-4.49,5.49));
#6810 = VECTOR('',#6811,1.);
#6811 = DIRECTION('',(0.,0.,1.));
#6812 = PCURVE('',#6534,#6813);
#6813 = DEFINITIONAL_REPRESENTATION('',(#6814),#6818);
#6814 = LINE('',#6815,#6816);
#6815 = CARTESIAN_POINT('',(13.896454877158,0.));
#6816 = VECTOR('',#6817,1.);
#6817 = DIRECTION('',(0.,-1.));
#6818 = ( GEOMETRIC_REPRESENTATION_CONTEXT(2) 
PARAMETRIC_REPRESENTATION_CONTEXT() REPRESENTATION_CONTEXT('2D SPACE',''
  ) );
#6819 = PCURVE('',#6736,#6820);
#6820 = DEFINITIONAL_REPRESENTATION('',(#6821),#6825);
#6821 = LINE('',#6822,#6823);
#6822 = CARTESIAN_POINT('',(0.,0.));
#6823 = VECTOR('',#6824,1.);
#6824 = DIRECTION('',(0.,1.));
#6825 = ( GEOMETRIC_REPRESENTATION_CONTEXT(2) 
PARAMETRIC_REPRESENTATION_CONTEXT() REPRESENTATION_CONTEXT('2D SPACE',''
  ) );
#6826 = ADVANCED_FACE('',(#6827),#6567,.T.);
#6827 = FACE_BOUND('',#6828,.F.);
#6828 = EDGE_LOOP('',(#6829,#6857,#6878,#6879));
#6829 = ORIENTED_EDGE('',*,*,#6830,.T.);
#6830 = EDGE_CURVE('',#6755,#6831,#6833,.T.);
#6831 = VERTEX_POINT('',#6832);
#6832 = CARTESIAN_POINT('',(-7.512912166857,-3.661424328408,5.49));
#6833 = SURFACE_CURVE('',#6834,(#6839,#6846),.PCURVE_S1.);
#6834 = CIRCLE('',#6835,1.);
#6835 = AXIS2_PLACEMENT_3D('',#6836,#6837,#6838);
#6836 = CARTESIAN_POINT('',(-6.527714877158,-3.49,5.49));
#6837 = DIRECTION('',(-0.,-0.,-1.));
#6838 = DIRECTION('',(0.,-1.,0.));
#6839 = PCURVE('',#6567,#6840);
#6840 = DEFINITIONAL_REPRESENTATION('',(#6841),#6845);
#6841 = LINE('',#6842,#6843);
#6842 = CARTESIAN_POINT('',(-0.,-1.7763568394E-15));
#6843 = VECTOR('',#6844,1.);
#6844 = DIRECTION('',(-1.,0.));
#6845 = ( GEOMETRIC_REPRESENTATION_CONTEXT(2) 
PARAMETRIC_REPRESENTATION_CONTEXT() REPRESENTATION_CONTEXT('2D SPACE',''
  ) );
#6846 = PCURVE('',#6772,#6847);
#6847 = DEFINITIONAL_REPRESENTATION('',(#6848),#6856);
#6848 = ( BOUNDED_CURVE() B_SPLINE_CURVE(2,(#6849,#6850,#6851,#6852,
#6853,#6854,#6855),.UNSPECIFIED.,.T.,.F.) B_SPLINE_CURVE_WITH_KNOTS((1,2
    ,2,2,2,1),(-2.094395102393,0.,2.094395102393,4.188790204786,
6.28318530718,8.377580409573),.UNSPECIFIED.) CURVE() 
GEOMETRIC_REPRESENTATION_ITEM() RATIONAL_B_SPLINE_CURVE((1.,0.5,1.,0.5,
1.,0.5,1.)) REPRESENTATION_ITEM('') );
#6849 = CARTESIAN_POINT('',(-6.527714877158,-4.766047032738));
#6850 = CARTESIAN_POINT('',(-8.259765684727,-4.766047032738));
#6851 = CARTESIAN_POINT('',(-7.393740280943,-3.266047032738));
#6852 = CARTESIAN_POINT('',(-6.527714877158,-1.766047032738));
#6853 = CARTESIAN_POINT('',(-5.661689473374,-3.266047032738));
#6854 = CARTESIAN_POINT('',(-4.795664069589,-4.766047032738));
#6855 = CARTESIAN_POINT('',(-6.527714877158,-4.766047032738));
#6856 = ( GEOMETRIC_REPRESENTATION_CONTEXT(2) 
PARAMETRIC_REPRESENTATION_CONTEXT() REPRESENTATION_CONTEXT('2D SPACE',''
  ) );
#6857 = ORIENTED_EDGE('',*,*,#6858,.T.);
#6858 = EDGE_CURVE('',#6831,#6547,#6859,.T.);
#6859 = SURFACE_CURVE('',#6860,(#6864,#6871),.PCURVE_S1.);
#6860 = LINE('',#6861,#6862);
#6861 = CARTESIAN_POINT('',(-7.512912166857,-3.661424328408,5.49));
#6862 = VECTOR('',#6863,1.);
#6863 = DIRECTION('',(0.,0.,1.));
#6864 = PCURVE('',#6567,#6865);
#6865 = DEFINITIONAL_REPRESENTATION('',(#6866),#6870);
#6866 = LINE('',#6867,#6868);
#6867 = CARTESIAN_POINT('',(-1.398521109841,0.));
#6868 = VECTOR('',#6869,1.);
#6869 = DIRECTION('',(-0.,1.));
#6870 = ( GEOMETRIC_REPRESENTATION_CONTEXT(2) 
PARAMETRIC_REPRESENTATION_CONTEXT() REPRESENTATION_CONTEXT('2D SPACE',''
  ) );
#6871 = PCURVE('',#6595,#6872);
#6872 = DEFINITIONAL_REPRESENTATION('',(#6873),#6877);
#6873 = LINE('',#6874,#6875);
#6874 = CARTESIAN_POINT('',(8.273900480278,0.));
#6875 = VECTOR('',#6876,1.);
#6876 = DIRECTION('',(0.,-1.));
#6877 = ( GEOMETRIC_REPRESENTATION_CONTEXT(2) 
PARAMETRIC_REPRESENTATION_CONTEXT() REPRESENTATION_CONTEXT('2D SPACE',''
  ) );
#6878 = ORIENTED_EDGE('',*,*,#6546,.F.);
#6879 = ORIENTED_EDGE('',*,*,#6784,.F.);
#6880 = ADVANCED_FACE('',(#6881),#6736,.T.);
#6881 = FACE_BOUND('',#6882,.T.);
#6882 = EDGE_LOOP('',(#6883,#6907,#6928,#6929));
#6883 = ORIENTED_EDGE('',*,*,#6884,.T.);
#6884 = EDGE_CURVE('',#6757,#6885,#6887,.T.);
#6885 = VERTEX_POINT('',#6886);
#6886 = CARTESIAN_POINT('',(7.512912166857,-3.661424328408,5.49));
#6887 = SURFACE_CURVE('',#6888,(#6893,#6900),.PCURVE_S1.);
#6888 = CIRCLE('',#6889,1.);
#6889 = AXIS2_PLACEMENT_3D('',#6890,#6891,#6892);
#6890 = CARTESIAN_POINT('',(6.527714877158,-3.49,5.49));
#6891 = DIRECTION('',(0.,0.,1.));
#6892 = DIRECTION('',(0.,-1.,0.));
#6893 = PCURVE('',#6736,#6894);
#6894 = DEFINITIONAL_REPRESENTATION('',(#6895),#6899);
#6895 = LINE('',#6896,#6897);
#6896 = CARTESIAN_POINT('',(0.,-1.7763568394E-15));
#6897 = VECTOR('',#6898,1.);
#6898 = DIRECTION('',(1.,0.));
#6899 = ( GEOMETRIC_REPRESENTATION_CONTEXT(2) 
PARAMETRIC_REPRESENTATION_CONTEXT() REPRESENTATION_CONTEXT('2D SPACE',''
  ) );
#6900 = PCURVE('',#6772,#6901);
#6901 = DEFINITIONAL_REPRESENTATION('',(#6902),#6906);
#6902 = CIRCLE('',#6903,1.);
#6903 = AXIS2_PLACEMENT_2D('',#6904,#6905);
#6904 = CARTESIAN_POINT('',(6.527714877158,-3.766047032738));
#6905 = DIRECTION('',(0.,-1.));
#6906 = ( GEOMETRIC_REPRESENTATION_CONTEXT(2) 
PARAMETRIC_REPRESENTATION_CONTEXT() REPRESENTATION_CONTEXT('2D SPACE',''
  ) );
#6907 = ORIENTED_EDGE('',*,*,#6908,.T.);
#6908 = EDGE_CURVE('',#6885,#6694,#6909,.T.);
#6909 = SURFACE_CURVE('',#6910,(#6914,#6921),.PCURVE_S1.);
#6910 = LINE('',#6911,#6912);
#6911 = CARTESIAN_POINT('',(7.512912166857,-3.661424328408,5.49));
#6912 = VECTOR('',#6913,1.);
#6913 = DIRECTION('',(0.,0.,1.));
#6914 = PCURVE('',#6736,#6915);
#6915 = DEFINITIONAL_REPRESENTATION('',(#6916),#6920);
#6916 = LINE('',#6917,#6918);
#6917 = CARTESIAN_POINT('',(1.398521109841,0.));
#6918 = VECTOR('',#6919,1.);
#6919 = DIRECTION('',(0.,1.));
#6920 = ( GEOMETRIC_REPRESENTATION_CONTEXT(2) 
PARAMETRIC_REPRESENTATION_CONTEXT() REPRESENTATION_CONTEXT('2D SPACE',''
  ) );
#6921 = PCURVE('',#6709,#6922);
#6922 = DEFINITIONAL_REPRESENTATION('',(#6923),#6927);
#6923 = LINE('',#6924,#6925);
#6924 = CARTESIAN_POINT('',(0.841025122842,0.));
#6925 = VECTOR('',#6926,1.);
#6926 = DIRECTION('',(0.,-1.));
#6927 = ( GEOMETRIC_REPRESENTATION_CONTEXT(2) 
PARAMETRIC_REPRESENTATION_CONTEXT() REPRESENTATION_CONTEXT('2D SPACE',''
  ) );
#6928 = ORIENTED_EDGE('',*,*,#6721,.F.);
#6929 = ORIENTED_EDGE('',*,*,#6806,.F.);
#6930 = ADVANCED_FACE('',(#6931),#6595,.F.);
#6931 = FACE_BOUND('',#6932,.F.);
#6932 = EDGE_LOOP('',(#6933,#6956,#6977,#6978));
#6933 = ORIENTED_EDGE('',*,*,#6934,.F.);
#6934 = EDGE_CURVE('',#6935,#6831,#6937,.T.);
#6935 = VERTEX_POINT('',#6936);
#6936 = CARTESIAN_POINT('',(-8.727432166857,3.318575671592,5.49));
#6937 = SURFACE_CURVE('',#6938,(#6942,#6949),.PCURVE_S1.);
#6938 = LINE('',#6939,#6940);
#6939 = CARTESIAN_POINT('',(-8.93126,4.49,5.49));
#6940 = VECTOR('',#6941,1.);
#6941 = DIRECTION('',(0.171424328408,-0.985197289699,0.));
#6942 = PCURVE('',#6595,#6943);
#6943 = DEFINITIONAL_REPRESENTATION('',(#6944),#6948);
#6944 = LINE('',#6945,#6946);
#6945 = CARTESIAN_POINT('',(0.,0.));
#6946 = VECTOR('',#6947,1.);
#6947 = DIRECTION('',(1.,0.));
#6948 = ( GEOMETRIC_REPRESENTATION_CONTEXT(2) 
PARAMETRIC_REPRESENTATION_CONTEXT() REPRESENTATION_CONTEXT('2D SPACE',''
  ) );
#6949 = PCURVE('',#6772,#6950);
#6950 = DEFINITIONAL_REPRESENTATION('',(#6951),#6955);
#6951 = LINE('',#6952,#6953);
#6952 = CARTESIAN_POINT('',(-8.93126,4.213952967262));
#6953 = VECTOR('',#6954,1.);
#6954 = DIRECTION('',(0.171424328408,-0.985197289699));
#6955 = ( GEOMETRIC_REPRESENTATION_CONTEXT(2) 
PARAMETRIC_REPRESENTATION_CONTEXT() REPRESENTATION_CONTEXT('2D SPACE',''
  ) );
#6956 = ORIENTED_EDGE('',*,*,#6957,.T.);
#6957 = EDGE_CURVE('',#6935,#6580,#6958,.T.);
#6958 = SURFACE_CURVE('',#6959,(#6963,#6970),.PCURVE_S1.);
#6959 = LINE('',#6960,#6961);
#6960 = CARTESIAN_POINT('',(-8.727432166857,3.318575671592,5.49));
#6961 = VECTOR('',#6962,1.);
#6962 = DIRECTION('',(0.,0.,1.));
#6963 = PCURVE('',#6595,#6964);
#6964 = DEFINITIONAL_REPRESENTATION('',(#6965),#6969);
#6965 = LINE('',#6966,#6967);
#6966 = CARTESIAN_POINT('',(1.189025122842,0.));
#6967 = VECTOR('',#6968,1.);
#6968 = DIRECTION('',(0.,-1.));
#6969 = ( GEOMETRIC_REPRESENTATION_CONTEXT(2) 
PARAMETRIC_REPRESENTATION_CONTEXT() REPRESENTATION_CONTEXT('2D SPACE',''
  ) );
#6970 = PCURVE('',#6624,#6971);
#6971 = DEFINITIONAL_REPRESENTATION('',(#6972),#6976);
#6972 = LINE('',#6973,#6974);
#6973 = CARTESIAN_POINT('',(1.743071543748,0.));
#6974 = VECTOR('',#6975,1.);
#6975 = DIRECTION('',(0.,1.));
#6976 = ( GEOMETRIC_REPRESENTATION_CONTEXT(2) 
PARAMETRIC_REPRESENTATION_CONTEXT() REPRESENTATION_CONTEXT('2D SPACE',''
  ) );
#6977 = ORIENTED_EDGE('',*,*,#6579,.T.);
#6978 = ORIENTED_EDGE('',*,*,#6858,.F.);
#6979 = ADVANCED_FACE('',(#6980),#6709,.F.);
#6980 = FACE_BOUND('',#6981,.F.);
#6981 = EDGE_LOOP('',(#6982,#7005,#7006,#7007));
#6982 = ORIENTED_EDGE('',*,*,#6983,.F.);
#6983 = EDGE_CURVE('',#6885,#6984,#6986,.T.);
#6984 = VERTEX_POINT('',#6985);
#6985 = CARTESIAN_POINT('',(8.727432166857,3.318575671592,5.49));
#6986 = SURFACE_CURVE('',#6987,(#6991,#6998),.PCURVE_S1.);
#6987 = LINE('',#6988,#6989);
#6988 = CARTESIAN_POINT('',(7.36874,-4.49,5.49));
#6989 = VECTOR('',#6990,1.);
#6990 = DIRECTION('',(0.171424328408,0.985197289699,0.));
#6991 = PCURVE('',#6709,#6992);
#6992 = DEFINITIONAL_REPRESENTATION('',(#6993),#6997);
#6993 = LINE('',#6994,#6995);
#6994 = CARTESIAN_POINT('',(0.,0.));
#6995 = VECTOR('',#6996,1.);
#6996 = DIRECTION('',(1.,0.));
#6997 = ( GEOMETRIC_REPRESENTATION_CONTEXT(2) 
PARAMETRIC_REPRESENTATION_CONTEXT() REPRESENTATION_CONTEXT('2D SPACE',''
  ) );
#6998 = PCURVE('',#6772,#6999);
#6999 = DEFINITIONAL_REPRESENTATION('',(#7000),#7004);
#7000 = LINE('',#7001,#7002);
#7001 = CARTESIAN_POINT('',(7.36874,-4.766047032738));
#7002 = VECTOR('',#7003,1.);
#7003 = DIRECTION('',(0.171424328408,0.985197289699));
#7004 = ( GEOMETRIC_REPRESENTATION_CONTEXT(2) 
PARAMETRIC_REPRESENTATION_CONTEXT() REPRESENTATION_CONTEXT('2D SPACE',''
  ) );
#7005 = ORIENTED_EDGE('',*,*,#6908,.T.);
#7006 = ORIENTED_EDGE('',*,*,#6693,.T.);
#7007 = ORIENTED_EDGE('',*,*,#7008,.F.);
#7008 = EDGE_CURVE('',#6984,#6665,#7009,.T.);
#7009 = SURFACE_CURVE('',#7010,(#7014,#7021),.PCURVE_S1.);
#7010 = LINE('',#7011,#7012);
#7011 = CARTESIAN_POINT('',(8.727432166857,3.318575671592,5.49));
#7012 = VECTOR('',#7013,1.);
#7013 = DIRECTION('',(0.,0.,1.));
#7014 = PCURVE('',#6709,#7015);
#7015 = DEFINITIONAL_REPRESENTATION('',(#7016),#7020);
#7016 = LINE('',#7017,#7018);
#7017 = CARTESIAN_POINT('',(7.925900480278,0.));
#7018 = VECTOR('',#7019,1.);
#7019 = DIRECTION('',(0.,-1.));
#7020 = ( GEOMETRIC_REPRESENTATION_CONTEXT(2) 
PARAMETRIC_REPRESENTATION_CONTEXT() REPRESENTATION_CONTEXT('2D SPACE',''
  ) );
#7021 = PCURVE('',#6681,#7022);
#7022 = DEFINITIONAL_REPRESENTATION('',(#7023),#7027);
#7023 = LINE('',#7024,#7025);
#7024 = CARTESIAN_POINT('',(0.,0.));
#7025 = VECTOR('',#7026,1.);
#7026 = DIRECTION('',(0.,1.));
#7027 = ( GEOMETRIC_REPRESENTATION_CONTEXT(2) 
PARAMETRIC_REPRESENTATION_CONTEXT() REPRESENTATION_CONTEXT('2D SPACE',''
  ) );
#7028 = ADVANCED_FACE('',(#7029),#6624,.T.);
#7029 = FACE_BOUND('',#7030,.T.);
#7030 = EDGE_LOOP('',(#7031,#7055,#7056,#7057));
#7031 = ORIENTED_EDGE('',*,*,#7032,.T.);
#7032 = EDGE_CURVE('',#7033,#6935,#7035,.T.);
#7033 = VERTEX_POINT('',#7034);
#7034 = CARTESIAN_POINT('',(-7.742234877158,4.49,5.49));
#7035 = SURFACE_CURVE('',#7036,(#7041,#7048),.PCURVE_S1.);
#7036 = CIRCLE('',#7037,1.);
#7037 = AXIS2_PLACEMENT_3D('',#7038,#7039,#7040);
#7038 = CARTESIAN_POINT('',(-7.742234877158,3.49,5.49));
#7039 = DIRECTION('',(0.,0.,1.));
#7040 = DIRECTION('',(0.,-1.,0.));
#7041 = PCURVE('',#6624,#7042);
#7042 = DEFINITIONAL_REPRESENTATION('',(#7043),#7047);
#7043 = LINE('',#7044,#7045);
#7044 = CARTESIAN_POINT('',(-3.14159265359,-1.7763568394E-15));
#7045 = VECTOR('',#7046,1.);
#7046 = DIRECTION('',(1.,0.));
#7047 = ( GEOMETRIC_REPRESENTATION_CONTEXT(2) 
PARAMETRIC_REPRESENTATION_CONTEXT() REPRESENTATION_CONTEXT('2D SPACE',''
  ) );
#7048 = PCURVE('',#6772,#7049);
#7049 = DEFINITIONAL_REPRESENTATION('',(#7050),#7054);
#7050 = CIRCLE('',#7051,1.);
#7051 = AXIS2_PLACEMENT_2D('',#7052,#7053);
#7052 = CARTESIAN_POINT('',(-7.742234877158,3.213952967262));
#7053 = DIRECTION('',(0.,-1.));
#7054 = ( GEOMETRIC_REPRESENTATION_CONTEXT(2) 
PARAMETRIC_REPRESENTATION_CONTEXT() REPRESENTATION_CONTEXT('2D SPACE',''
  ) );
#7055 = ORIENTED_EDGE('',*,*,#6957,.T.);
#7056 = ORIENTED_EDGE('',*,*,#6607,.F.);
#7057 = ORIENTED_EDGE('',*,*,#7058,.F.);
#7058 = EDGE_CURVE('',#7033,#6608,#7059,.T.);
#7059 = SURFACE_CURVE('',#7060,(#7064,#7071),.PCURVE_S1.);
#7060 = LINE('',#7061,#7062);
#7061 = CARTESIAN_POINT('',(-7.742234877158,4.49,5.49));
#7062 = VECTOR('',#7063,1.);
#7063 = DIRECTION('',(0.,0.,1.));
#7064 = PCURVE('',#6624,#7065);
#7065 = DEFINITIONAL_REPRESENTATION('',(#7066),#7070);
#7066 = LINE('',#7067,#7068);
#7067 = CARTESIAN_POINT('',(0.,0.));
#7068 = VECTOR('',#7069,1.);
#7069 = DIRECTION('',(0.,1.));
#7070 = ( GEOMETRIC_REPRESENTATION_CONTEXT(2) 
PARAMETRIC_REPRESENTATION_CONTEXT() REPRESENTATION_CONTEXT('2D SPACE',''
  ) );
#7071 = PCURVE('',#6652,#7072);
#7072 = DEFINITIONAL_REPRESENTATION('',(#7073),#7077);
#7073 = LINE('',#7074,#7075);
#7074 = CARTESIAN_POINT('',(16.673494877158,0.));
#7075 = VECTOR('',#7076,1.);
#7076 = DIRECTION('',(0.,-1.));
#7077 = ( GEOMETRIC_REPRESENTATION_CONTEXT(2) 
PARAMETRIC_REPRESENTATION_CONTEXT() REPRESENTATION_CONTEXT('2D SPACE',''
  ) );
#7078 = ADVANCED_FACE('',(#7079),#6681,.T.);
#7079 = FACE_BOUND('',#7080,.T.);
#7080 = EDGE_LOOP('',(#7081,#7105,#7126,#7127));
#7081 = ORIENTED_EDGE('',*,*,#7082,.T.);
#7082 = EDGE_CURVE('',#6984,#7083,#7085,.T.);
#7083 = VERTEX_POINT('',#7084);
#7084 = CARTESIAN_POINT('',(7.742234877158,4.49,5.49));
#7085 = SURFACE_CURVE('',#7086,(#7091,#7098),.PCURVE_S1.);
#7086 = CIRCLE('',#7087,1.);
#7087 = AXIS2_PLACEMENT_3D('',#7088,#7089,#7090);
#7088 = CARTESIAN_POINT('',(7.742234877158,3.49,5.49));
#7089 = DIRECTION('',(0.,0.,1.));
#7090 = DIRECTION('',(0.,-1.,0.));
#7091 = PCURVE('',#6681,#7092);
#7092 = DEFINITIONAL_REPRESENTATION('',(#7093),#7097);
#7093 = LINE('',#7094,#7095);
#7094 = CARTESIAN_POINT('',(-1.398521109841,-1.7763568394E-15));
#7095 = VECTOR('',#7096,1.);
#7096 = DIRECTION('',(1.,0.));
#7097 = ( GEOMETRIC_REPRESENTATION_CONTEXT(2) 
PARAMETRIC_REPRESENTATION_CONTEXT() REPRESENTATION_CONTEXT('2D SPACE',''
  ) );
#7098 = PCURVE('',#6772,#7099);
#7099 = DEFINITIONAL_REPRESENTATION('',(#7100),#7104);
#7100 = CIRCLE('',#7101,1.);
#7101 = AXIS2_PLACEMENT_2D('',#7102,#7103);
#7102 = CARTESIAN_POINT('',(7.742234877158,3.213952967262));
#7103 = DIRECTION('',(0.,-1.));
#7104 = ( GEOMETRIC_REPRESENTATION_CONTEXT(2) 
PARAMETRIC_REPRESENTATION_CONTEXT() REPRESENTATION_CONTEXT('2D SPACE',''
  ) );
#7105 = ORIENTED_EDGE('',*,*,#7106,.T.);
#7106 = EDGE_CURVE('',#7083,#6637,#7107,.T.);
#7107 = SURFACE_CURVE('',#7108,(#7112,#7119),.PCURVE_S1.);
#7108 = LINE('',#7109,#7110);
#7109 = CARTESIAN_POINT('',(7.742234877158,4.49,5.49));
#7110 = VECTOR('',#7111,1.);
#7111 = DIRECTION('',(0.,0.,1.));
#7112 = PCURVE('',#6681,#7113);
#7113 = DEFINITIONAL_REPRESENTATION('',(#7114),#7118);
#7114 = LINE('',#7115,#7116);
#7115 = CARTESIAN_POINT('',(1.743071543748,0.));
#7116 = VECTOR('',#7117,1.);
#7117 = DIRECTION('',(0.,1.));
#7118 = ( GEOMETRIC_REPRESENTATION_CONTEXT(2) 
PARAMETRIC_REPRESENTATION_CONTEXT() REPRESENTATION_CONTEXT('2D SPACE',''
  ) );
#7119 = PCURVE('',#6652,#7120);
#7120 = DEFINITIONAL_REPRESENTATION('',(#7121),#7125);
#7121 = LINE('',#7122,#7123);
#7122 = CARTESIAN_POINT('',(1.189025122842,0.));
#7123 = VECTOR('',#7124,1.);
#7124 = DIRECTION('',(0.,-1.));
#7125 = ( GEOMETRIC_REPRESENTATION_CONTEXT(2) 
PARAMETRIC_REPRESENTATION_CONTEXT() REPRESENTATION_CONTEXT('2D SPACE',''
  ) );
#7126 = ORIENTED_EDGE('',*,*,#6664,.F.);
#7127 = ORIENTED_EDGE('',*,*,#7008,.F.);
#7128 = ADVANCED_FACE('',(#7129),#6652,.F.);
#7129 = FACE_BOUND('',#7130,.F.);
#7130 = EDGE_LOOP('',(#7131,#7152,#7153,#7154));
#7131 = ORIENTED_EDGE('',*,*,#7132,.F.);
#7132 = EDGE_CURVE('',#7083,#7033,#7133,.T.);
#7133 = SURFACE_CURVE('',#7134,(#7138,#7145),.PCURVE_S1.);
#7134 = LINE('',#7135,#7136);
#7135 = CARTESIAN_POINT('',(8.93126,4.49,5.49));
#7136 = VECTOR('',#7137,1.);
#7137 = DIRECTION('',(-1.,0.,0.));
#7138 = PCURVE('',#6652,#7139);
#7139 = DEFINITIONAL_REPRESENTATION('',(#7140),#7144);
#7140 = LINE('',#7141,#7142);
#7141 = CARTESIAN_POINT('',(0.,-0.));
#7142 = VECTOR('',#7143,1.);
#7143 = DIRECTION('',(1.,0.));
#7144 = ( GEOMETRIC_REPRESENTATION_CONTEXT(2) 
PARAMETRIC_REPRESENTATION_CONTEXT() REPRESENTATION_CONTEXT('2D SPACE',''
  ) );
#7145 = PCURVE('',#6772,#7146);
#7146 = DEFINITIONAL_REPRESENTATION('',(#7147),#7151);
#7147 = LINE('',#7148,#7149);
#7148 = CARTESIAN_POINT('',(8.93126,4.213952967262));
#7149 = VECTOR('',#7150,1.);
#7150 = DIRECTION('',(-1.,0.));
#7151 = ( GEOMETRIC_REPRESENTATION_CONTEXT(2) 
PARAMETRIC_REPRESENTATION_CONTEXT() REPRESENTATION_CONTEXT('2D SPACE',''
  ) );
#7152 = ORIENTED_EDGE('',*,*,#7106,.T.);
#7153 = ORIENTED_EDGE('',*,*,#6636,.T.);
#7154 = ORIENTED_EDGE('',*,*,#7058,.F.);
#7155 = ADVANCED_FACE('',(#7156,#7166),#6772,.F.);
#7156 = FACE_BOUND('',#7157,.F.);
#7157 = EDGE_LOOP('',(#7158,#7159,#7160,#7161,#7162,#7163,#7164,#7165));
#7158 = ORIENTED_EDGE('',*,*,#6754,.T.);
#7159 = ORIENTED_EDGE('',*,*,#6884,.T.);
#7160 = ORIENTED_EDGE('',*,*,#6983,.T.);
#7161 = ORIENTED_EDGE('',*,*,#7082,.T.);
#7162 = ORIENTED_EDGE('',*,*,#7132,.T.);
#7163 = ORIENTED_EDGE('',*,*,#7032,.T.);
#7164 = ORIENTED_EDGE('',*,*,#6934,.T.);
#7165 = ORIENTED_EDGE('',*,*,#6830,.F.);
#7166 = FACE_BOUND('',#7167,.F.);
#7167 = EDGE_LOOP('',(#7168,#7198,#7231,#7259,#7288,#7316,#7345,#7373));
#7168 = ORIENTED_EDGE('',*,*,#7169,.F.);
#7169 = EDGE_CURVE('',#7170,#7172,#7174,.T.);
#7170 = VERTEX_POINT('',#7171);
#7171 = CARTESIAN_POINT('',(-6.138414877158,-3.94,5.49));
#7172 = VERTEX_POINT('',#7173);
#7173 = CARTESIAN_POINT('',(6.138414877158,-3.94,5.49));
#7174 = SURFACE_CURVE('',#7175,(#7179,#7186),.PCURVE_S1.);
#7175 = LINE('',#7176,#7177);
#7176 = CARTESIAN_POINT('',(-6.97944,-3.94,5.49));
#7177 = VECTOR('',#7178,1.);
#7178 = DIRECTION('',(1.,0.,0.));
#7179 = PCURVE('',#6772,#7180);
#7180 = DEFINITIONAL_REPRESENTATION('',(#7181),#7185);
#7181 = LINE('',#7182,#7183);
#7182 = CARTESIAN_POINT('',(-6.97944,-4.216047032738));
#7183 = VECTOR('',#7184,1.);
#7184 = DIRECTION('',(1.,0.));
#7185 = ( GEOMETRIC_REPRESENTATION_CONTEXT(2) 
PARAMETRIC_REPRESENTATION_CONTEXT() REPRESENTATION_CONTEXT('2D SPACE',''
  ) );
#7186 = PCURVE('',#7187,#7192);
#7187 = PLANE('',#7188);
#7188 = AXIS2_PLACEMENT_3D('',#7189,#7190,#7191);
#7189 = CARTESIAN_POINT('',(-6.97944,-3.94,0.));
#7190 = DIRECTION('',(0.,1.,0.));
#7191 = DIRECTION('',(1.,0.,0.));
#7192 = DEFINITIONAL_REPRESENTATION('',(#7193),#7197);
#7193 = LINE('',#7194,#7195);
#7194 = CARTESIAN_POINT('',(0.,-5.49));
#7195 = VECTOR('',#7196,1.);
#7196 = DIRECTION('',(1.,0.));
#7197 = ( GEOMETRIC_REPRESENTATION_CONTEXT(2) 
PARAMETRIC_REPRESENTATION_CONTEXT() REPRESENTATION_CONTEXT('2D SPACE',''
  ) );
#7198 = ORIENTED_EDGE('',*,*,#7199,.T.);
#7199 = EDGE_CURVE('',#7170,#7200,#7202,.T.);
#7200 = VERTEX_POINT('',#7201);
#7201 = CARTESIAN_POINT('',(-7.123612166857,-3.111424328408,5.49));
#7202 = SURFACE_CURVE('',#7203,(#7208,#7219),.PCURVE_S1.);
#7203 = CIRCLE('',#7204,1.);
#7204 = AXIS2_PLACEMENT_3D('',#7205,#7206,#7207);
#7205 = CARTESIAN_POINT('',(-6.138414877158,-2.94,5.49));
#7206 = DIRECTION('',(-0.,-0.,-1.));
#7207 = DIRECTION('',(0.,-1.,0.));
#7208 = PCURVE('',#6772,#7209);
#7209 = DEFINITIONAL_REPRESENTATION('',(#7210),#7218);
#7210 = ( BOUNDED_CURVE() B_SPLINE_CURVE(2,(#7211,#7212,#7213,#7214,
#7215,#7216,#7217),.UNSPECIFIED.,.T.,.F.) B_SPLINE_CURVE_WITH_KNOTS((1,2
    ,2,2,2,1),(-2.094395102393,0.,2.094395102393,4.188790204786,
6.28318530718,8.377580409573),.UNSPECIFIED.) CURVE() 
GEOMETRIC_REPRESENTATION_ITEM() RATIONAL_B_SPLINE_CURVE((1.,0.5,1.,0.5,
1.,0.5,1.)) REPRESENTATION_ITEM('') );
#7211 = CARTESIAN_POINT('',(-6.138414877158,-4.216047032738));
#7212 = CARTESIAN_POINT('',(-7.870465684727,-4.216047032738));
#7213 = CARTESIAN_POINT('',(-7.004440280943,-2.716047032738));
#7214 = CARTESIAN_POINT('',(-6.138414877158,-1.216047032738));
#7215 = CARTESIAN_POINT('',(-5.272389473374,-2.716047032738));
#7216 = CARTESIAN_POINT('',(-4.406364069589,-4.216047032738));
#7217 = CARTESIAN_POINT('',(-6.138414877158,-4.216047032738));
#7218 = ( GEOMETRIC_REPRESENTATION_CONTEXT(2) 
PARAMETRIC_REPRESENTATION_CONTEXT() REPRESENTATION_CONTEXT('2D SPACE',''
  ) );
#7219 = PCURVE('',#7220,#7225);
#7220 = CYLINDRICAL_SURFACE('',#7221,1.);
#7221 = AXIS2_PLACEMENT_3D('',#7222,#7223,#7224);
#7222 = CARTESIAN_POINT('',(-6.138414877158,-2.94,0.));
#7223 = DIRECTION('',(0.,0.,1.));
#7224 = DIRECTION('',(0.,-1.,0.));
#7225 = DEFINITIONAL_REPRESENTATION('',(#7226),#7230);
#7226 = LINE('',#7227,#7228);
#7227 = CARTESIAN_POINT('',(-0.,5.49));
#7228 = VECTOR('',#7229,1.);
#7229 = DIRECTION('',(-1.,0.));
#7230 = ( GEOMETRIC_REPRESENTATION_CONTEXT(2) 
PARAMETRIC_REPRESENTATION_CONTEXT() REPRESENTATION_CONTEXT('2D SPACE',''
  ) );
#7231 = ORIENTED_EDGE('',*,*,#7232,.F.);
#7232 = EDGE_CURVE('',#7233,#7200,#7235,.T.);
#7233 = VERTEX_POINT('',#7234);
#7234 = CARTESIAN_POINT('',(-8.146732166857,2.768575671592,5.49));
#7235 = SURFACE_CURVE('',#7236,(#7240,#7247),.PCURVE_S1.);
#7236 = LINE('',#7237,#7238);
#7237 = CARTESIAN_POINT('',(-8.35056,3.94,5.49));
#7238 = VECTOR('',#7239,1.);
#7239 = DIRECTION('',(0.171424328408,-0.985197289699,0.));
#7240 = PCURVE('',#6772,#7241);
#7241 = DEFINITIONAL_REPRESENTATION('',(#7242),#7246);
#7242 = LINE('',#7243,#7244);
#7243 = CARTESIAN_POINT('',(-8.35056,3.663952967262));
#7244 = VECTOR('',#7245,1.);
#7245 = DIRECTION('',(0.171424328408,-0.985197289699));
#7246 = ( GEOMETRIC_REPRESENTATION_CONTEXT(2) 
PARAMETRIC_REPRESENTATION_CONTEXT() REPRESENTATION_CONTEXT('2D SPACE',''
  ) );
#7247 = PCURVE('',#7248,#7253);
#7248 = PLANE('',#7249);
#7249 = AXIS2_PLACEMENT_3D('',#7250,#7251,#7252);
#7250 = CARTESIAN_POINT('',(-8.35056,3.94,0.));
#7251 = DIRECTION('',(0.985197289699,0.171424328408,-0.));
#7252 = DIRECTION('',(0.171424328408,-0.985197289699,0.));
#7253 = DEFINITIONAL_REPRESENTATION('',(#7254),#7258);
#7254 = LINE('',#7255,#7256);
#7255 = CARTESIAN_POINT('',(0.,-5.49));
#7256 = VECTOR('',#7257,1.);
#7257 = DIRECTION('',(1.,0.));
#7258 = ( GEOMETRIC_REPRESENTATION_CONTEXT(2) 
PARAMETRIC_REPRESENTATION_CONTEXT() REPRESENTATION_CONTEXT('2D SPACE',''
  ) );
#7259 = ORIENTED_EDGE('',*,*,#7260,.F.);
#7260 = EDGE_CURVE('',#7261,#7233,#7263,.T.);
#7261 = VERTEX_POINT('',#7262);
#7262 = CARTESIAN_POINT('',(-7.161534877158,3.94,5.49));
#7263 = SURFACE_CURVE('',#7264,(#7269,#7276),.PCURVE_S1.);
#7264 = CIRCLE('',#7265,1.);
#7265 = AXIS2_PLACEMENT_3D('',#7266,#7267,#7268);
#7266 = CARTESIAN_POINT('',(-7.161534877158,2.94,5.49));
#7267 = DIRECTION('',(0.,0.,1.));
#7268 = DIRECTION('',(0.,-1.,0.));
#7269 = PCURVE('',#6772,#7270);
#7270 = DEFINITIONAL_REPRESENTATION('',(#7271),#7275);
#7271 = CIRCLE('',#7272,1.);
#7272 = AXIS2_PLACEMENT_2D('',#7273,#7274);
#7273 = CARTESIAN_POINT('',(-7.161534877158,2.663952967262));
#7274 = DIRECTION('',(0.,-1.));
#7275 = ( GEOMETRIC_REPRESENTATION_CONTEXT(2) 
PARAMETRIC_REPRESENTATION_CONTEXT() REPRESENTATION_CONTEXT('2D SPACE',''
  ) );
#7276 = PCURVE('',#7277,#7282);
#7277 = CYLINDRICAL_SURFACE('',#7278,1.);
#7278 = AXIS2_PLACEMENT_3D('',#7279,#7280,#7281);
#7279 = CARTESIAN_POINT('',(-7.161534877158,2.94,0.));
#7280 = DIRECTION('',(0.,0.,1.));
#7281 = DIRECTION('',(-0.,1.,0.));
#7282 = DEFINITIONAL_REPRESENTATION('',(#7283),#7287);
#7283 = LINE('',#7284,#7285);
#7284 = CARTESIAN_POINT('',(-3.14159265359,5.49));
#7285 = VECTOR('',#7286,1.);
#7286 = DIRECTION('',(1.,0.));
#7287 = ( GEOMETRIC_REPRESENTATION_CONTEXT(2) 
PARAMETRIC_REPRESENTATION_CONTEXT() REPRESENTATION_CONTEXT('2D SPACE',''
  ) );
#7288 = ORIENTED_EDGE('',*,*,#7289,.F.);
#7289 = EDGE_CURVE('',#7290,#7261,#7292,.T.);
#7290 = VERTEX_POINT('',#7291);
#7291 = CARTESIAN_POINT('',(7.161534877158,3.94,5.49));
#7292 = SURFACE_CURVE('',#7293,(#7297,#7304),.PCURVE_S1.);
#7293 = LINE('',#7294,#7295);
#7294 = CARTESIAN_POINT('',(8.35056,3.94,5.49));
#7295 = VECTOR('',#7296,1.);
#7296 = DIRECTION('',(-1.,0.,0.));
#7297 = PCURVE('',#6772,#7298);
#7298 = DEFINITIONAL_REPRESENTATION('',(#7299),#7303);
#7299 = LINE('',#7300,#7301);
#7300 = CARTESIAN_POINT('',(8.35056,3.663952967262));
#7301 = VECTOR('',#7302,1.);
#7302 = DIRECTION('',(-1.,0.));
#7303 = ( GEOMETRIC_REPRESENTATION_CONTEXT(2) 
PARAMETRIC_REPRESENTATION_CONTEXT() REPRESENTATION_CONTEXT('2D SPACE',''
  ) );
#7304 = PCURVE('',#7305,#7310);
#7305 = PLANE('',#7306);
#7306 = AXIS2_PLACEMENT_3D('',#7307,#7308,#7309);
#7307 = CARTESIAN_POINT('',(8.35056,3.94,0.));
#7308 = DIRECTION('',(0.,-1.,0.));
#7309 = DIRECTION('',(-1.,0.,0.));
#7310 = DEFINITIONAL_REPRESENTATION('',(#7311),#7315);
#7311 = LINE('',#7312,#7313);
#7312 = CARTESIAN_POINT('',(0.,-5.49));
#7313 = VECTOR('',#7314,1.);
#7314 = DIRECTION('',(1.,0.));
#7315 = ( GEOMETRIC_REPRESENTATION_CONTEXT(2) 
PARAMETRIC_REPRESENTATION_CONTEXT() REPRESENTATION_CONTEXT('2D SPACE',''
  ) );
#7316 = ORIENTED_EDGE('',*,*,#7317,.F.);
#7317 = EDGE_CURVE('',#7318,#7290,#7320,.T.);
#7318 = VERTEX_POINT('',#7319);
#7319 = CARTESIAN_POINT('',(8.146732166857,2.768575671592,5.49));
#7320 = SURFACE_CURVE('',#7321,(#7326,#7333),.PCURVE_S1.);
#7321 = CIRCLE('',#7322,1.);
#7322 = AXIS2_PLACEMENT_3D('',#7323,#7324,#7325);
#7323 = CARTESIAN_POINT('',(7.161534877158,2.94,5.49));
#7324 = DIRECTION('',(0.,0.,1.));
#7325 = DIRECTION('',(0.,-1.,0.));
#7326 = PCURVE('',#6772,#7327);
#7327 = DEFINITIONAL_REPRESENTATION('',(#7328),#7332);
#7328 = CIRCLE('',#7329,1.);
#7329 = AXIS2_PLACEMENT_2D('',#7330,#7331);
#7330 = CARTESIAN_POINT('',(7.161534877158,2.663952967262));
#7331 = DIRECTION('',(0.,-1.));
#7332 = ( GEOMETRIC_REPRESENTATION_CONTEXT(2) 
PARAMETRIC_REPRESENTATION_CONTEXT() REPRESENTATION_CONTEXT('2D SPACE',''
  ) );
#7333 = PCURVE('',#7334,#7339);
#7334 = CYLINDRICAL_SURFACE('',#7335,1.);
#7335 = AXIS2_PLACEMENT_3D('',#7336,#7337,#7338);
#7336 = CARTESIAN_POINT('',(7.161534877158,2.94,0.));
#7337 = DIRECTION('',(0.,0.,1.));
#7338 = DIRECTION('',(0.985197289699,-0.171424328408,0.));
#7339 = DEFINITIONAL_REPRESENTATION('',(#7340),#7344);
#7340 = LINE('',#7341,#7342);
#7341 = CARTESIAN_POINT('',(-1.398521109841,5.49));
#7342 = VECTOR('',#7343,1.);
#7343 = DIRECTION('',(1.,0.));
#7344 = ( GEOMETRIC_REPRESENTATION_CONTEXT(2) 
PARAMETRIC_REPRESENTATION_CONTEXT() REPRESENTATION_CONTEXT('2D SPACE',''
  ) );
#7345 = ORIENTED_EDGE('',*,*,#7346,.F.);
#7346 = EDGE_CURVE('',#7347,#7318,#7349,.T.);
#7347 = VERTEX_POINT('',#7348);
#7348 = CARTESIAN_POINT('',(7.123612166857,-3.111424328408,5.49));
#7349 = SURFACE_CURVE('',#7350,(#7354,#7361),.PCURVE_S1.);
#7350 = LINE('',#7351,#7352);
#7351 = CARTESIAN_POINT('',(6.97944,-3.94,5.49));
#7352 = VECTOR('',#7353,1.);
#7353 = DIRECTION('',(0.171424328408,0.985197289699,0.));
#7354 = PCURVE('',#6772,#7355);
#7355 = DEFINITIONAL_REPRESENTATION('',(#7356),#7360);
#7356 = LINE('',#7357,#7358);
#7357 = CARTESIAN_POINT('',(6.97944,-4.216047032738));
#7358 = VECTOR('',#7359,1.);
#7359 = DIRECTION('',(0.171424328408,0.985197289699));
#7360 = ( GEOMETRIC_REPRESENTATION_CONTEXT(2) 
PARAMETRIC_REPRESENTATION_CONTEXT() REPRESENTATION_CONTEXT('2D SPACE',''
  ) );
#7361 = PCURVE('',#7362,#7367);
#7362 = PLANE('',#7363);
#7363 = AXIS2_PLACEMENT_3D('',#7364,#7365,#7366);
#7364 = CARTESIAN_POINT('',(6.97944,-3.94,0.));
#7365 = DIRECTION('',(-0.985197289699,0.171424328408,0.));
#7366 = DIRECTION('',(0.171424328408,0.985197289699,0.));
#7367 = DEFINITIONAL_REPRESENTATION('',(#7368),#7372);
#7368 = LINE('',#7369,#7370);
#7369 = CARTESIAN_POINT('',(0.,-5.49));
#7370 = VECTOR('',#7371,1.);
#7371 = DIRECTION('',(1.,0.));
#7372 = ( GEOMETRIC_REPRESENTATION_CONTEXT(2) 
PARAMETRIC_REPRESENTATION_CONTEXT() REPRESENTATION_CONTEXT('2D SPACE',''
  ) );
#7373 = ORIENTED_EDGE('',*,*,#7374,.F.);
#7374 = EDGE_CURVE('',#7172,#7347,#7375,.T.);
#7375 = SURFACE_CURVE('',#7376,(#7381,#7388),.PCURVE_S1.);
#7376 = CIRCLE('',#7377,1.);
#7377 = AXIS2_PLACEMENT_3D('',#7378,#7379,#7380);
#7378 = CARTESIAN_POINT('',(6.138414877158,-2.94,5.49));
#7379 = DIRECTION('',(0.,0.,1.));
#7380 = DIRECTION('',(0.,-1.,0.));
#7381 = PCURVE('',#6772,#7382);
#7382 = DEFINITIONAL_REPRESENTATION('',(#7383),#7387);
#7383 = CIRCLE('',#7384,1.);
#7384 = AXIS2_PLACEMENT_2D('',#7385,#7386);
#7385 = CARTESIAN_POINT('',(6.138414877158,-3.216047032738));
#7386 = DIRECTION('',(0.,-1.));
#7387 = ( GEOMETRIC_REPRESENTATION_CONTEXT(2) 
PARAMETRIC_REPRESENTATION_CONTEXT() REPRESENTATION_CONTEXT('2D SPACE',''
  ) );
#7388 = PCURVE('',#7389,#7394);
#7389 = CYLINDRICAL_SURFACE('',#7390,1.);
#7390 = AXIS2_PLACEMENT_3D('',#7391,#7392,#7393);
#7391 = CARTESIAN_POINT('',(6.138414877158,-2.94,0.));
#7392 = DIRECTION('',(0.,0.,1.));
#7393 = DIRECTION('',(0.,-1.,0.));
#7394 = DEFINITIONAL_REPRESENTATION('',(#7395),#7399);
#7395 = LINE('',#7396,#7397);
#7396 = CARTESIAN_POINT('',(0.,5.49));
#7397 = VECTOR('',#7398,1.);
#7398 = DIRECTION('',(1.,0.));
#7399 = ( GEOMETRIC_REPRESENTATION_CONTEXT(2) 
PARAMETRIC_REPRESENTATION_CONTEXT() REPRESENTATION_CONTEXT('2D SPACE',''
  ) );
#7400 = ADVANCED_FACE('',(#7401),#7187,.F.);
#7401 = FACE_BOUND('',#7402,.F.);
#7402 = EDGE_LOOP('',(#7403,#7433,#7454,#7455));
#7403 = ORIENTED_EDGE('',*,*,#7404,.F.);
#7404 = EDGE_CURVE('',#7405,#7407,#7409,.T.);
#7405 = VERTEX_POINT('',#7406);
#7406 = CARTESIAN_POINT('',(-6.138414877158,-3.94,0.));
#7407 = VERTEX_POINT('',#7408);
#7408 = CARTESIAN_POINT('',(6.138414877158,-3.94,0.));
#7409 = SURFACE_CURVE('',#7410,(#7414,#7421),.PCURVE_S1.);
#7410 = LINE('',#7411,#7412);
#7411 = CARTESIAN_POINT('',(-6.97944,-3.94,0.));
#7412 = VECTOR('',#7413,1.);
#7413 = DIRECTION('',(1.,0.,0.));
#7414 = PCURVE('',#7187,#7415);
#7415 = DEFINITIONAL_REPRESENTATION('',(#7416),#7420);
#7416 = LINE('',#7417,#7418);
#7417 = CARTESIAN_POINT('',(0.,0.));
#7418 = VECTOR('',#7419,1.);
#7419 = DIRECTION('',(1.,0.));
#7420 = ( GEOMETRIC_REPRESENTATION_CONTEXT(2) 
PARAMETRIC_REPRESENTATION_CONTEXT() REPRESENTATION_CONTEXT('2D SPACE',''
  ) );
#7421 = PCURVE('',#7422,#7427);
#7422 = PLANE('',#7423);
#7423 = AXIS2_PLACEMENT_3D('',#7424,#7425,#7426);
#7424 = CARTESIAN_POINT('',(-3.807284241801E-16,0.2315723869,0.));
#7425 = DIRECTION('',(0.,0.,1.));
#7426 = DIRECTION('',(1.,0.,-0.));
#7427 = DEFINITIONAL_REPRESENTATION('',(#7428),#7432);
#7428 = LINE('',#7429,#7430);
#7429 = CARTESIAN_POINT('',(-6.97944,-4.1715723869));
#7430 = VECTOR('',#7431,1.);
#7431 = DIRECTION('',(1.,0.));
#7432 = ( GEOMETRIC_REPRESENTATION_CONTEXT(2) 
PARAMETRIC_REPRESENTATION_CONTEXT() REPRESENTATION_CONTEXT('2D SPACE',''
  ) );
#7433 = ORIENTED_EDGE('',*,*,#7434,.T.);
#7434 = EDGE_CURVE('',#7405,#7170,#7435,.T.);
#7435 = SURFACE_CURVE('',#7436,(#7440,#7447),.PCURVE_S1.);
#7436 = LINE('',#7437,#7438);
#7437 = CARTESIAN_POINT('',(-6.138414877158,-3.94,0.));
#7438 = VECTOR('',#7439,1.);
#7439 = DIRECTION('',(0.,0.,1.));
#7440 = PCURVE('',#7187,#7441);
#7441 = DEFINITIONAL_REPRESENTATION('',(#7442),#7446);
#7442 = LINE('',#7443,#7444);
#7443 = CARTESIAN_POINT('',(0.841025122842,0.));
#7444 = VECTOR('',#7445,1.);
#7445 = DIRECTION('',(0.,-1.));
#7446 = ( GEOMETRIC_REPRESENTATION_CONTEXT(2) 
PARAMETRIC_REPRESENTATION_CONTEXT() REPRESENTATION_CONTEXT('2D SPACE',''
  ) );
#7447 = PCURVE('',#7220,#7448);
#7448 = DEFINITIONAL_REPRESENTATION('',(#7449),#7453);
#7449 = LINE('',#7450,#7451);
#7450 = CARTESIAN_POINT('',(-0.,0.));
#7451 = VECTOR('',#7452,1.);
#7452 = DIRECTION('',(-0.,1.));
#7453 = ( GEOMETRIC_REPRESENTATION_CONTEXT(2) 
PARAMETRIC_REPRESENTATION_CONTEXT() REPRESENTATION_CONTEXT('2D SPACE',''
  ) );
#7454 = ORIENTED_EDGE('',*,*,#7169,.T.);
#7455 = ORIENTED_EDGE('',*,*,#7456,.F.);
#7456 = EDGE_CURVE('',#7407,#7172,#7457,.T.);
#7457 = SURFACE_CURVE('',#7458,(#7462,#7469),.PCURVE_S1.);
#7458 = LINE('',#7459,#7460);
#7459 = CARTESIAN_POINT('',(6.138414877158,-3.94,0.));
#7460 = VECTOR('',#7461,1.);
#7461 = DIRECTION('',(0.,0.,1.));
#7462 = PCURVE('',#7187,#7463);
#7463 = DEFINITIONAL_REPRESENTATION('',(#7464),#7468);
#7464 = LINE('',#7465,#7466);
#7465 = CARTESIAN_POINT('',(13.117854877158,0.));
#7466 = VECTOR('',#7467,1.);
#7467 = DIRECTION('',(0.,-1.));
#7468 = ( GEOMETRIC_REPRESENTATION_CONTEXT(2) 
PARAMETRIC_REPRESENTATION_CONTEXT() REPRESENTATION_CONTEXT('2D SPACE',''
  ) );
#7469 = PCURVE('',#7389,#7470);
#7470 = DEFINITIONAL_REPRESENTATION('',(#7471),#7475);
#7471 = LINE('',#7472,#7473);
#7472 = CARTESIAN_POINT('',(0.,0.));
#7473 = VECTOR('',#7474,1.);
#7474 = DIRECTION('',(0.,1.));
#7475 = ( GEOMETRIC_REPRESENTATION_CONTEXT(2) 
PARAMETRIC_REPRESENTATION_CONTEXT() REPRESENTATION_CONTEXT('2D SPACE',''
  ) );
#7476 = ADVANCED_FACE('',(#7477),#7389,.T.);
#7477 = FACE_BOUND('',#7478,.T.);
#7478 = EDGE_LOOP('',(#7479,#7503,#7524,#7525));
#7479 = ORIENTED_EDGE('',*,*,#7480,.T.);
#7480 = EDGE_CURVE('',#7407,#7481,#7483,.T.);
#7481 = VERTEX_POINT('',#7482);
#7482 = CARTESIAN_POINT('',(7.123612166857,-3.111424328408,0.));
#7483 = SURFACE_CURVE('',#7484,(#7489,#7496),.PCURVE_S1.);
#7484 = CIRCLE('',#7485,1.);
#7485 = AXIS2_PLACEMENT_3D('',#7486,#7487,#7488);
#7486 = CARTESIAN_POINT('',(6.138414877158,-2.94,0.));
#7487 = DIRECTION('',(0.,0.,1.));
#7488 = DIRECTION('',(0.,-1.,0.));
#7489 = PCURVE('',#7389,#7490);
#7490 = DEFINITIONAL_REPRESENTATION('',(#7491),#7495);
#7491 = LINE('',#7492,#7493);
#7492 = CARTESIAN_POINT('',(0.,0.));
#7493 = VECTOR('',#7494,1.);
#7494 = DIRECTION('',(1.,0.));
#7495 = ( GEOMETRIC_REPRESENTATION_CONTEXT(2) 
PARAMETRIC_REPRESENTATION_CONTEXT() REPRESENTATION_CONTEXT('2D SPACE',''
  ) );
#7496 = PCURVE('',#7422,#7497);
#7497 = DEFINITIONAL_REPRESENTATION('',(#7498),#7502);
#7498 = CIRCLE('',#7499,1.);
#7499 = AXIS2_PLACEMENT_2D('',#7500,#7501);
#7500 = CARTESIAN_POINT('',(6.138414877158,-3.1715723869));
#7501 = DIRECTION('',(0.,-1.));
#7502 = ( GEOMETRIC_REPRESENTATION_CONTEXT(2) 
PARAMETRIC_REPRESENTATION_CONTEXT() REPRESENTATION_CONTEXT('2D SPACE',''
  ) );
#7503 = ORIENTED_EDGE('',*,*,#7504,.T.);
#7504 = EDGE_CURVE('',#7481,#7347,#7505,.T.);
#7505 = SURFACE_CURVE('',#7506,(#7510,#7517),.PCURVE_S1.);
#7506 = LINE('',#7507,#7508);
#7507 = CARTESIAN_POINT('',(7.123612166857,-3.111424328408,0.));
#7508 = VECTOR('',#7509,1.);
#7509 = DIRECTION('',(0.,0.,1.));
#7510 = PCURVE('',#7389,#7511);
#7511 = DEFINITIONAL_REPRESENTATION('',(#7512),#7516);
#7512 = LINE('',#7513,#7514);
#7513 = CARTESIAN_POINT('',(1.398521109841,0.));
#7514 = VECTOR('',#7515,1.);
#7515 = DIRECTION('',(0.,1.));
#7516 = ( GEOMETRIC_REPRESENTATION_CONTEXT(2) 
PARAMETRIC_REPRESENTATION_CONTEXT() REPRESENTATION_CONTEXT('2D SPACE',''
  ) );
#7517 = PCURVE('',#7362,#7518);
#7518 = DEFINITIONAL_REPRESENTATION('',(#7519),#7523);
#7519 = LINE('',#7520,#7521);
#7520 = CARTESIAN_POINT('',(0.841025122842,0.));
#7521 = VECTOR('',#7522,1.);
#7522 = DIRECTION('',(0.,-1.));
#7523 = ( GEOMETRIC_REPRESENTATION_CONTEXT(2) 
PARAMETRIC_REPRESENTATION_CONTEXT() REPRESENTATION_CONTEXT('2D SPACE',''
  ) );
#7524 = ORIENTED_EDGE('',*,*,#7374,.F.);
#7525 = ORIENTED_EDGE('',*,*,#7456,.F.);
#7526 = ADVANCED_FACE('',(#7527),#7362,.F.);
#7527 = FACE_BOUND('',#7528,.F.);
#7528 = EDGE_LOOP('',(#7529,#7552,#7553,#7554));
#7529 = ORIENTED_EDGE('',*,*,#7530,.F.);
#7530 = EDGE_CURVE('',#7481,#7531,#7533,.T.);
#7531 = VERTEX_POINT('',#7532);
#7532 = CARTESIAN_POINT('',(8.146732166857,2.768575671592,0.));
#7533 = SURFACE_CURVE('',#7534,(#7538,#7545),.PCURVE_S1.);
#7534 = LINE('',#7535,#7536);
#7535 = CARTESIAN_POINT('',(6.97944,-3.94,0.));
#7536 = VECTOR('',#7537,1.);
#7537 = DIRECTION('',(0.171424328408,0.985197289699,0.));
#7538 = PCURVE('',#7362,#7539);
#7539 = DEFINITIONAL_REPRESENTATION('',(#7540),#7544);
#7540 = LINE('',#7541,#7542);
#7541 = CARTESIAN_POINT('',(0.,0.));
#7542 = VECTOR('',#7543,1.);
#7543 = DIRECTION('',(1.,0.));
#7544 = ( GEOMETRIC_REPRESENTATION_CONTEXT(2) 
PARAMETRIC_REPRESENTATION_CONTEXT() REPRESENTATION_CONTEXT('2D SPACE',''
  ) );
#7545 = PCURVE('',#7422,#7546);
#7546 = DEFINITIONAL_REPRESENTATION('',(#7547),#7551);
#7547 = LINE('',#7548,#7549);
#7548 = CARTESIAN_POINT('',(6.97944,-4.1715723869));
#7549 = VECTOR('',#7550,1.);
#7550 = DIRECTION('',(0.171424328408,0.985197289699));
#7551 = ( GEOMETRIC_REPRESENTATION_CONTEXT(2) 
PARAMETRIC_REPRESENTATION_CONTEXT() REPRESENTATION_CONTEXT('2D SPACE',''
  ) );
#7552 = ORIENTED_EDGE('',*,*,#7504,.T.);
#7553 = ORIENTED_EDGE('',*,*,#7346,.T.);
#7554 = ORIENTED_EDGE('',*,*,#7555,.F.);
#7555 = EDGE_CURVE('',#7531,#7318,#7556,.T.);
#7556 = SURFACE_CURVE('',#7557,(#7561,#7568),.PCURVE_S1.);
#7557 = LINE('',#7558,#7559);
#7558 = CARTESIAN_POINT('',(8.146732166857,2.768575671592,0.));
#7559 = VECTOR('',#7560,1.);
#7560 = DIRECTION('',(0.,0.,1.));
#7561 = PCURVE('',#7362,#7562);
#7562 = DEFINITIONAL_REPRESENTATION('',(#7563),#7567);
#7563 = LINE('',#7564,#7565);
#7564 = CARTESIAN_POINT('',(6.809372845152,0.));
#7565 = VECTOR('',#7566,1.);
#7566 = DIRECTION('',(0.,-1.));
#7567 = ( GEOMETRIC_REPRESENTATION_CONTEXT(2) 
PARAMETRIC_REPRESENTATION_CONTEXT() REPRESENTATION_CONTEXT('2D SPACE',''
  ) );
#7568 = PCURVE('',#7334,#7569);
#7569 = DEFINITIONAL_REPRESENTATION('',(#7570),#7574);
#7570 = LINE('',#7571,#7572);
#7571 = CARTESIAN_POINT('',(0.,0.));
#7572 = VECTOR('',#7573,1.);
#7573 = DIRECTION('',(0.,1.));
#7574 = ( GEOMETRIC_REPRESENTATION_CONTEXT(2) 
PARAMETRIC_REPRESENTATION_CONTEXT() REPRESENTATION_CONTEXT('2D SPACE',''
  ) );
#7575 = ADVANCED_FACE('',(#7576),#7334,.T.);
#7576 = FACE_BOUND('',#7577,.T.);
#7577 = EDGE_LOOP('',(#7578,#7602,#7623,#7624));
#7578 = ORIENTED_EDGE('',*,*,#7579,.T.);
#7579 = EDGE_CURVE('',#7531,#7580,#7582,.T.);
#7580 = VERTEX_POINT('',#7581);
#7581 = CARTESIAN_POINT('',(7.161534877158,3.94,0.));
#7582 = SURFACE_CURVE('',#7583,(#7588,#7595),.PCURVE_S1.);
#7583 = CIRCLE('',#7584,1.);
#7584 = AXIS2_PLACEMENT_3D('',#7585,#7586,#7587);
#7585 = CARTESIAN_POINT('',(7.161534877158,2.94,0.));
#7586 = DIRECTION('',(0.,0.,1.));
#7587 = DIRECTION('',(0.,-1.,0.));
#7588 = PCURVE('',#7334,#7589);
#7589 = DEFINITIONAL_REPRESENTATION('',(#7590),#7594);
#7590 = LINE('',#7591,#7592);
#7591 = CARTESIAN_POINT('',(-1.398521109841,0.));
#7592 = VECTOR('',#7593,1.);
#7593 = DIRECTION('',(1.,0.));
#7594 = ( GEOMETRIC_REPRESENTATION_CONTEXT(2) 
PARAMETRIC_REPRESENTATION_CONTEXT() REPRESENTATION_CONTEXT('2D SPACE',''
  ) );
#7595 = PCURVE('',#7422,#7596);
#7596 = DEFINITIONAL_REPRESENTATION('',(#7597),#7601);
#7597 = CIRCLE('',#7598,1.);
#7598 = AXIS2_PLACEMENT_2D('',#7599,#7600);
#7599 = CARTESIAN_POINT('',(7.161534877158,2.7084276131));
#7600 = DIRECTION('',(0.,-1.));
#7601 = ( GEOMETRIC_REPRESENTATION_CONTEXT(2) 
PARAMETRIC_REPRESENTATION_CONTEXT() REPRESENTATION_CONTEXT('2D SPACE',''
  ) );
#7602 = ORIENTED_EDGE('',*,*,#7603,.T.);
#7603 = EDGE_CURVE('',#7580,#7290,#7604,.T.);
#7604 = SURFACE_CURVE('',#7605,(#7609,#7616),.PCURVE_S1.);
#7605 = LINE('',#7606,#7607);
#7606 = CARTESIAN_POINT('',(7.161534877158,3.94,0.));
#7607 = VECTOR('',#7608,1.);
#7608 = DIRECTION('',(0.,0.,1.));
#7609 = PCURVE('',#7334,#7610);
#7610 = DEFINITIONAL_REPRESENTATION('',(#7611),#7615);
#7611 = LINE('',#7612,#7613);
#7612 = CARTESIAN_POINT('',(1.743071543748,0.));
#7613 = VECTOR('',#7614,1.);
#7614 = DIRECTION('',(0.,1.));
#7615 = ( GEOMETRIC_REPRESENTATION_CONTEXT(2) 
PARAMETRIC_REPRESENTATION_CONTEXT() REPRESENTATION_CONTEXT('2D SPACE',''
  ) );
#7616 = PCURVE('',#7305,#7617);
#7617 = DEFINITIONAL_REPRESENTATION('',(#7618),#7622);
#7618 = LINE('',#7619,#7620);
#7619 = CARTESIAN_POINT('',(1.189025122842,0.));
#7620 = VECTOR('',#7621,1.);
#7621 = DIRECTION('',(0.,-1.));
#7622 = ( GEOMETRIC_REPRESENTATION_CONTEXT(2) 
PARAMETRIC_REPRESENTATION_CONTEXT() REPRESENTATION_CONTEXT('2D SPACE',''
  ) );
#7623 = ORIENTED_EDGE('',*,*,#7317,.F.);
#7624 = ORIENTED_EDGE('',*,*,#7555,.F.);
#7625 = ADVANCED_FACE('',(#7626),#7305,.F.);
#7626 = FACE_BOUND('',#7627,.F.);
#7627 = EDGE_LOOP('',(#7628,#7651,#7652,#7653));
#7628 = ORIENTED_EDGE('',*,*,#7629,.F.);
#7629 = EDGE_CURVE('',#7580,#7630,#7632,.T.);
#7630 = VERTEX_POINT('',#7631);
#7631 = CARTESIAN_POINT('',(-7.161534877158,3.94,0.));
#7632 = SURFACE_CURVE('',#7633,(#7637,#7644),.PCURVE_S1.);
#7633 = LINE('',#7634,#7635);
#7634 = CARTESIAN_POINT('',(8.35056,3.94,0.));
#7635 = VECTOR('',#7636,1.);
#7636 = DIRECTION('',(-1.,0.,0.));
#7637 = PCURVE('',#7305,#7638);
#7638 = DEFINITIONAL_REPRESENTATION('',(#7639),#7643);
#7639 = LINE('',#7640,#7641);
#7640 = CARTESIAN_POINT('',(0.,-0.));
#7641 = VECTOR('',#7642,1.);
#7642 = DIRECTION('',(1.,0.));
#7643 = ( GEOMETRIC_REPRESENTATION_CONTEXT(2) 
PARAMETRIC_REPRESENTATION_CONTEXT() REPRESENTATION_CONTEXT('2D SPACE',''
  ) );
#7644 = PCURVE('',#7422,#7645);
#7645 = DEFINITIONAL_REPRESENTATION('',(#7646),#7650);
#7646 = LINE('',#7647,#7648);
#7647 = CARTESIAN_POINT('',(8.35056,3.7084276131));
#7648 = VECTOR('',#7649,1.);
#7649 = DIRECTION('',(-1.,0.));
#7650 = ( GEOMETRIC_REPRESENTATION_CONTEXT(2) 
PARAMETRIC_REPRESENTATION_CONTEXT() REPRESENTATION_CONTEXT('2D SPACE',''
  ) );
#7651 = ORIENTED_EDGE('',*,*,#7603,.T.);
#7652 = ORIENTED_EDGE('',*,*,#7289,.T.);
#7653 = ORIENTED_EDGE('',*,*,#7654,.F.);
#7654 = EDGE_CURVE('',#7630,#7261,#7655,.T.);
#7655 = SURFACE_CURVE('',#7656,(#7660,#7667),.PCURVE_S1.);
#7656 = LINE('',#7657,#7658);
#7657 = CARTESIAN_POINT('',(-7.161534877158,3.94,0.));
#7658 = VECTOR('',#7659,1.);
#7659 = DIRECTION('',(0.,0.,1.));
#7660 = PCURVE('',#7305,#7661);
#7661 = DEFINITIONAL_REPRESENTATION('',(#7662),#7666);
#7662 = LINE('',#7663,#7664);
#7663 = CARTESIAN_POINT('',(15.512094877158,0.));
#7664 = VECTOR('',#7665,1.);
#7665 = DIRECTION('',(0.,-1.));
#7666 = ( GEOMETRIC_REPRESENTATION_CONTEXT(2) 
PARAMETRIC_REPRESENTATION_CONTEXT() REPRESENTATION_CONTEXT('2D SPACE',''
  ) );
#7667 = PCURVE('',#7277,#7668);
#7668 = DEFINITIONAL_REPRESENTATION('',(#7669),#7673);
#7669 = LINE('',#7670,#7671);
#7670 = CARTESIAN_POINT('',(0.,0.));
#7671 = VECTOR('',#7672,1.);
#7672 = DIRECTION('',(0.,1.));
#7673 = ( GEOMETRIC_REPRESENTATION_CONTEXT(2) 
PARAMETRIC_REPRESENTATION_CONTEXT() REPRESENTATION_CONTEXT('2D SPACE',''
  ) );
#7674 = ADVANCED_FACE('',(#7675),#7277,.T.);
#7675 = FACE_BOUND('',#7676,.T.);
#7676 = EDGE_LOOP('',(#7677,#7701,#7722,#7723));
#7677 = ORIENTED_EDGE('',*,*,#7678,.T.);
#7678 = EDGE_CURVE('',#7630,#7679,#7681,.T.);
#7679 = VERTEX_POINT('',#7680);
#7680 = CARTESIAN_POINT('',(-8.146732166857,2.768575671592,0.));
#7681 = SURFACE_CURVE('',#7682,(#7687,#7694),.PCURVE_S1.);
#7682 = CIRCLE('',#7683,1.);
#7683 = AXIS2_PLACEMENT_3D('',#7684,#7685,#7686);
#7684 = CARTESIAN_POINT('',(-7.161534877158,2.94,0.));
#7685 = DIRECTION('',(0.,0.,1.));
#7686 = DIRECTION('',(0.,-1.,0.));
#7687 = PCURVE('',#7277,#7688);
#7688 = DEFINITIONAL_REPRESENTATION('',(#7689),#7693);
#7689 = LINE('',#7690,#7691);
#7690 = CARTESIAN_POINT('',(-3.14159265359,0.));
#7691 = VECTOR('',#7692,1.);
#7692 = DIRECTION('',(1.,0.));
#7693 = ( GEOMETRIC_REPRESENTATION_CONTEXT(2) 
PARAMETRIC_REPRESENTATION_CONTEXT() REPRESENTATION_CONTEXT('2D SPACE',''
  ) );
#7694 = PCURVE('',#7422,#7695);
#7695 = DEFINITIONAL_REPRESENTATION('',(#7696),#7700);
#7696 = CIRCLE('',#7697,1.);
#7697 = AXIS2_PLACEMENT_2D('',#7698,#7699);
#7698 = CARTESIAN_POINT('',(-7.161534877158,2.7084276131));
#7699 = DIRECTION('',(0.,-1.));
#7700 = ( GEOMETRIC_REPRESENTATION_CONTEXT(2) 
PARAMETRIC_REPRESENTATION_CONTEXT() REPRESENTATION_CONTEXT('2D SPACE',''
  ) );
#7701 = ORIENTED_EDGE('',*,*,#7702,.T.);
#7702 = EDGE_CURVE('',#7679,#7233,#7703,.T.);
#7703 = SURFACE_CURVE('',#7704,(#7708,#7715),.PCURVE_S1.);
#7704 = LINE('',#7705,#7706);
#7705 = CARTESIAN_POINT('',(-8.146732166857,2.768575671592,0.));
#7706 = VECTOR('',#7707,1.);
#7707 = DIRECTION('',(0.,0.,1.));
#7708 = PCURVE('',#7277,#7709);
#7709 = DEFINITIONAL_REPRESENTATION('',(#7710),#7714);
#7710 = LINE('',#7711,#7712);
#7711 = CARTESIAN_POINT('',(1.743071543748,0.));
#7712 = VECTOR('',#7713,1.);
#7713 = DIRECTION('',(0.,1.));
#7714 = ( GEOMETRIC_REPRESENTATION_CONTEXT(2) 
PARAMETRIC_REPRESENTATION_CONTEXT() REPRESENTATION_CONTEXT('2D SPACE',''
  ) );
#7715 = PCURVE('',#7248,#7716);
#7716 = DEFINITIONAL_REPRESENTATION('',(#7717),#7721);
#7717 = LINE('',#7718,#7719);
#7718 = CARTESIAN_POINT('',(1.189025122842,0.));
#7719 = VECTOR('',#7720,1.);
#7720 = DIRECTION('',(0.,-1.));
#7721 = ( GEOMETRIC_REPRESENTATION_CONTEXT(2) 
PARAMETRIC_REPRESENTATION_CONTEXT() REPRESENTATION_CONTEXT('2D SPACE',''
  ) );
#7722 = ORIENTED_EDGE('',*,*,#7260,.F.);
#7723 = ORIENTED_EDGE('',*,*,#7654,.F.);
#7724 = ADVANCED_FACE('',(#7725),#7248,.F.);
#7725 = FACE_BOUND('',#7726,.F.);
#7726 = EDGE_LOOP('',(#7727,#7750,#7751,#7752));
#7727 = ORIENTED_EDGE('',*,*,#7728,.F.);
#7728 = EDGE_CURVE('',#7679,#7729,#7731,.T.);
#7729 = VERTEX_POINT('',#7730);
#7730 = CARTESIAN_POINT('',(-7.123612166857,-3.111424328408,0.));
#7731 = SURFACE_CURVE('',#7732,(#7736,#7743),.PCURVE_S1.);
#7732 = LINE('',#7733,#7734);
#7733 = CARTESIAN_POINT('',(-8.35056,3.94,0.));
#7734 = VECTOR('',#7735,1.);
#7735 = DIRECTION('',(0.171424328408,-0.985197289699,0.));
#7736 = PCURVE('',#7248,#7737);
#7737 = DEFINITIONAL_REPRESENTATION('',(#7738),#7742);
#7738 = LINE('',#7739,#7740);
#7739 = CARTESIAN_POINT('',(0.,0.));
#7740 = VECTOR('',#7741,1.);
#7741 = DIRECTION('',(1.,0.));
#7742 = ( GEOMETRIC_REPRESENTATION_CONTEXT(2) 
PARAMETRIC_REPRESENTATION_CONTEXT() REPRESENTATION_CONTEXT('2D SPACE',''
  ) );
#7743 = PCURVE('',#7422,#7744);
#7744 = DEFINITIONAL_REPRESENTATION('',(#7745),#7749);
#7745 = LINE('',#7746,#7747);
#7746 = CARTESIAN_POINT('',(-8.35056,3.7084276131));
#7747 = VECTOR('',#7748,1.);
#7748 = DIRECTION('',(0.171424328408,-0.985197289699));
#7749 = ( GEOMETRIC_REPRESENTATION_CONTEXT(2) 
PARAMETRIC_REPRESENTATION_CONTEXT() REPRESENTATION_CONTEXT('2D SPACE',''
  ) );
#7750 = ORIENTED_EDGE('',*,*,#7702,.T.);
#7751 = ORIENTED_EDGE('',*,*,#7232,.T.);
#7752 = ORIENTED_EDGE('',*,*,#7753,.F.);
#7753 = EDGE_CURVE('',#7729,#7200,#7754,.T.);
#7754 = SURFACE_CURVE('',#7755,(#7759,#7766),.PCURVE_S1.);
#7755 = LINE('',#7756,#7757);
#7756 = CARTESIAN_POINT('',(-7.123612166857,-3.111424328408,0.));
#7757 = VECTOR('',#7758,1.);
#7758 = DIRECTION('',(0.,0.,1.));
#7759 = PCURVE('',#7248,#7760);
#7760 = DEFINITIONAL_REPRESENTATION('',(#7761),#7765);
#7761 = LINE('',#7762,#7763);
#7762 = CARTESIAN_POINT('',(7.157372845152,0.));
#7763 = VECTOR('',#7764,1.);
#7764 = DIRECTION('',(0.,-1.));
#7765 = ( GEOMETRIC_REPRESENTATION_CONTEXT(2) 
PARAMETRIC_REPRESENTATION_CONTEXT() REPRESENTATION_CONTEXT('2D SPACE',''
  ) );
#7766 = PCURVE('',#7220,#7767);
#7767 = DEFINITIONAL_REPRESENTATION('',(#7768),#7772);
#7768 = LINE('',#7769,#7770);
#7769 = CARTESIAN_POINT('',(-1.398521109841,0.));
#7770 = VECTOR('',#7771,1.);
#7771 = DIRECTION('',(-0.,1.));
#7772 = ( GEOMETRIC_REPRESENTATION_CONTEXT(2) 
PARAMETRIC_REPRESENTATION_CONTEXT() REPRESENTATION_CONTEXT('2D SPACE',''
  ) );
#7773 = ADVANCED_FACE('',(#7774),#7220,.T.);
#7774 = FACE_BOUND('',#7775,.F.);
#7775 = EDGE_LOOP('',(#7776,#7802,#7803,#7804));
#7776 = ORIENTED_EDGE('',*,*,#7777,.T.);
#7777 = EDGE_CURVE('',#7405,#7729,#7778,.T.);
#7778 = SURFACE_CURVE('',#7779,(#7784,#7791),.PCURVE_S1.);
#7779 = CIRCLE('',#7780,1.);
#7780 = AXIS2_PLACEMENT_3D('',#7781,#7782,#7783);
#7781 = CARTESIAN_POINT('',(-6.138414877158,-2.94,0.));
#7782 = DIRECTION('',(-0.,-0.,-1.));
#7783 = DIRECTION('',(0.,-1.,0.));
#7784 = PCURVE('',#7220,#7785);
#7785 = DEFINITIONAL_REPRESENTATION('',(#7786),#7790);
#7786 = LINE('',#7787,#7788);
#7787 = CARTESIAN_POINT('',(-0.,0.));
#7788 = VECTOR('',#7789,1.);
#7789 = DIRECTION('',(-1.,0.));
#7790 = ( GEOMETRIC_REPRESENTATION_CONTEXT(2) 
PARAMETRIC_REPRESENTATION_CONTEXT() REPRESENTATION_CONTEXT('2D SPACE',''
  ) );
#7791 = PCURVE('',#7422,#7792);
#7792 = DEFINITIONAL_REPRESENTATION('',(#7793),#7801);
#7793 = ( BOUNDED_CURVE() B_SPLINE_CURVE(2,(#7794,#7795,#7796,#7797,
#7798,#7799,#7800),.UNSPECIFIED.,.T.,.F.) B_SPLINE_CURVE_WITH_KNOTS((1,2
    ,2,2,2,1),(-2.094395102393,0.,2.094395102393,4.188790204786,
6.28318530718,8.377580409573),.UNSPECIFIED.) CURVE() 
GEOMETRIC_REPRESENTATION_ITEM() RATIONAL_B_SPLINE_CURVE((1.,0.5,1.,0.5,
1.,0.5,1.)) REPRESENTATION_ITEM('') );
#7794 = CARTESIAN_POINT('',(-6.138414877158,-4.1715723869));
#7795 = CARTESIAN_POINT('',(-7.870465684727,-4.1715723869));
#7796 = CARTESIAN_POINT('',(-7.004440280943,-2.6715723869));
#7797 = CARTESIAN_POINT('',(-6.138414877158,-1.1715723869));
#7798 = CARTESIAN_POINT('',(-5.272389473374,-2.6715723869));
#7799 = CARTESIAN_POINT('',(-4.406364069589,-4.1715723869));
#7800 = CARTESIAN_POINT('',(-6.138414877158,-4.1715723869));
#7801 = ( GEOMETRIC_REPRESENTATION_CONTEXT(2) 
PARAMETRIC_REPRESENTATION_CONTEXT() REPRESENTATION_CONTEXT('2D SPACE',''
  ) );
#7802 = ORIENTED_EDGE('',*,*,#7753,.T.);
#7803 = ORIENTED_EDGE('',*,*,#7199,.F.);
#7804 = ORIENTED_EDGE('',*,*,#7434,.F.);
#7805 = ADVANCED_FACE('',(#7806,#7816),#7422,.F.);
#7806 = FACE_BOUND('',#7807,.F.);
#7807 = EDGE_LOOP('',(#7808,#7809,#7810,#7811,#7812,#7813,#7814,#7815));
#7808 = ORIENTED_EDGE('',*,*,#7404,.T.);
#7809 = ORIENTED_EDGE('',*,*,#7480,.T.);
#7810 = ORIENTED_EDGE('',*,*,#7530,.T.);
#7811 = ORIENTED_EDGE('',*,*,#7579,.T.);
#7812 = ORIENTED_EDGE('',*,*,#7629,.T.);
#7813 = ORIENTED_EDGE('',*,*,#7678,.T.);
#7814 = ORIENTED_EDGE('',*,*,#7728,.T.);
#7815 = ORIENTED_EDGE('',*,*,#7777,.F.);
#7816 = FACE_BOUND('',#7817,.F.);
#7817 = EDGE_LOOP('',(#7818,#7849,#7875,#7904,#7930,#7959,#7985,#8014));
#7818 = ORIENTED_EDGE('',*,*,#7819,.F.);
#7819 = EDGE_CURVE('',#7820,#7822,#7824,.T.);
#7820 = VERTEX_POINT('',#7821);
#7821 = CARTESIAN_POINT('',(5.841879901727,-3.45,0.));
#7822 = VERTEX_POINT('',#7823);
#7823 = CARTESIAN_POINT('',(6.630037733486,-2.787139462726,0.));
#7824 = SURFACE_CURVE('',#7825,(#7830,#7837),.PCURVE_S1.);
#7825 = CIRCLE('',#7826,0.8);
#7826 = AXIS2_PLACEMENT_3D('',#7827,#7828,#7829);
#7827 = CARTESIAN_POINT('',(5.841879901727,-2.65,0.));
#7828 = DIRECTION('',(0.,0.,1.));
#7829 = DIRECTION('',(0.,-1.,0.));
#7830 = PCURVE('',#7422,#7831);
#7831 = DEFINITIONAL_REPRESENTATION('',(#7832),#7836);
#7832 = CIRCLE('',#7833,0.8);
#7833 = AXIS2_PLACEMENT_2D('',#7834,#7835);
#7834 = CARTESIAN_POINT('',(5.841879901727,-2.8815723869));
#7835 = DIRECTION('',(0.,-1.));
#7836 = ( GEOMETRIC_REPRESENTATION_CONTEXT(2) 
PARAMETRIC_REPRESENTATION_CONTEXT() REPRESENTATION_CONTEXT('2D SPACE',''
  ) );
#7837 = PCURVE('',#7838,#7843);
#7838 = CYLINDRICAL_SURFACE('',#7839,0.8);
#7839 = AXIS2_PLACEMENT_3D('',#7840,#7841,#7842);
#7840 = CARTESIAN_POINT('',(5.841879901727,-2.65,-0.2));
#7841 = DIRECTION('',(0.,0.,1.));
#7842 = DIRECTION('',(0.,-1.,0.));
#7843 = DEFINITIONAL_REPRESENTATION('',(#7844),#7848);
#7844 = LINE('',#7845,#7846);
#7845 = CARTESIAN_POINT('',(0.,0.2));
#7846 = VECTOR('',#7847,1.);
#7847 = DIRECTION('',(1.,0.));
#7848 = ( GEOMETRIC_REPRESENTATION_CONTEXT(2) 
PARAMETRIC_REPRESENTATION_CONTEXT() REPRESENTATION_CONTEXT('2D SPACE',''
  ) );
#7849 = ORIENTED_EDGE('',*,*,#7850,.T.);
#7850 = EDGE_CURVE('',#7820,#7851,#7853,.T.);
#7851 = VERTEX_POINT('',#7852);
#7852 = CARTESIAN_POINT('',(-5.841879901727,-3.45,0.));
#7853 = SURFACE_CURVE('',#7854,(#7858,#7864),.PCURVE_S1.);
#7854 = LINE('',#7855,#7856);
#7855 = CARTESIAN_POINT('',(-3.25735,-3.45,0.));
#7856 = VECTOR('',#7857,1.);
#7857 = DIRECTION('',(-1.,0.,0.));
#7858 = PCURVE('',#7422,#7859);
#7859 = DEFINITIONAL_REPRESENTATION('',(#7860),#7863);
#7860 = B_SPLINE_CURVE_WITH_KNOTS('',1,(#7861,#7862),.UNSPECIFIED.,.F.,
  .F.,(2,2),(-9.099229901727,2.584529901727),.PIECEWISE_BEZIER_KNOTS.);
#7861 = CARTESIAN_POINT('',(5.841879901727,-3.6815723869));
#7862 = CARTESIAN_POINT('',(-5.841879901727,-3.6815723869));
#7863 = ( GEOMETRIC_REPRESENTATION_CONTEXT(2) 
PARAMETRIC_REPRESENTATION_CONTEXT() REPRESENTATION_CONTEXT('2D SPACE',''
  ) );
#7864 = PCURVE('',#7865,#7870);
#7865 = PLANE('',#7866);
#7866 = AXIS2_PLACEMENT_3D('',#7867,#7868,#7869);
#7867 = CARTESIAN_POINT('',(-6.5147,-3.45,-0.2));
#7868 = DIRECTION('',(0.,1.,0.));
#7869 = DIRECTION('',(1.,0.,0.));
#7870 = DEFINITIONAL_REPRESENTATION('',(#7871),#7874);
#7871 = B_SPLINE_CURVE_WITH_KNOTS('',1,(#7872,#7873),.UNSPECIFIED.,.F.,
  .F.,(2,2),(-9.099229901727,2.584529901727),.PIECEWISE_BEZIER_KNOTS.);
#7872 = CARTESIAN_POINT('',(12.356579901727,-0.2));
#7873 = CARTESIAN_POINT('',(0.672820098273,-0.2));
#7874 = ( GEOMETRIC_REPRESENTATION_CONTEXT(2) 
PARAMETRIC_REPRESENTATION_CONTEXT() REPRESENTATION_CONTEXT('2D SPACE',''
  ) );
#7875 = ORIENTED_EDGE('',*,*,#7876,.F.);
#7876 = EDGE_CURVE('',#7877,#7851,#7879,.T.);
#7877 = VERTEX_POINT('',#7878);
#7878 = CARTESIAN_POINT('',(-6.630037733486,-2.787139462726,0.));
#7879 = SURFACE_CURVE('',#7880,(#7885,#7892),.PCURVE_S1.);
#7880 = CIRCLE('',#7881,0.8);
#7881 = AXIS2_PLACEMENT_3D('',#7882,#7883,#7884);
#7882 = CARTESIAN_POINT('',(-5.841879901727,-2.65,0.));
#7883 = DIRECTION('',(0.,0.,1.));
#7884 = DIRECTION('',(0.,-1.,0.));
#7885 = PCURVE('',#7422,#7886);
#7886 = DEFINITIONAL_REPRESENTATION('',(#7887),#7891);
#7887 = CIRCLE('',#7888,0.8);
#7888 = AXIS2_PLACEMENT_2D('',#7889,#7890);
#7889 = CARTESIAN_POINT('',(-5.841879901727,-2.8815723869));
#7890 = DIRECTION('',(0.,-1.));
#7891 = ( GEOMETRIC_REPRESENTATION_CONTEXT(2) 
PARAMETRIC_REPRESENTATION_CONTEXT() REPRESENTATION_CONTEXT('2D SPACE',''
  ) );
#7892 = PCURVE('',#7893,#7898);
#7893 = CYLINDRICAL_SURFACE('',#7894,0.8);
#7894 = AXIS2_PLACEMENT_3D('',#7895,#7896,#7897);
#7895 = CARTESIAN_POINT('',(-5.841879901727,-2.65,-0.2));
#7896 = DIRECTION('',(0.,0.,1.));
#7897 = DIRECTION('',(0.,-1.,0.));
#7898 = DEFINITIONAL_REPRESENTATION('',(#7899),#7903);
#7899 = LINE('',#7900,#7901);
#7900 = CARTESIAN_POINT('',(-6.28318530718,0.2));
#7901 = VECTOR('',#7902,1.);
#7902 = DIRECTION('',(1.,-0.));
#7903 = ( GEOMETRIC_REPRESENTATION_CONTEXT(2) 
PARAMETRIC_REPRESENTATION_CONTEXT() REPRESENTATION_CONTEXT('2D SPACE',''
  ) );
#7904 = ORIENTED_EDGE('',*,*,#7905,.T.);
#7905 = EDGE_CURVE('',#7877,#7906,#7908,.T.);
#7906 = VERTEX_POINT('',#7907);
#7907 = CARTESIAN_POINT('',(-7.552237733486,2.512860537274,0.));
#7908 = SURFACE_CURVE('',#7909,(#7913,#7919),.PCURVE_S1.);
#7909 = LINE('',#7910,#7911);
#7910 = CARTESIAN_POINT('',(-7.330162994246,1.236568932451,
    2.22044604925E-17));
#7911 = VECTOR('',#7912,1.);
#7912 = DIRECTION('',(-0.171424328408,0.985197289699,0.));
#7913 = PCURVE('',#7422,#7914);
#7914 = DEFINITIONAL_REPRESENTATION('',(#7915),#7918);
#7915 = B_SPLINE_CURVE_WITH_KNOTS('',1,(#7916,#7917),.UNSPECIFIED.,.F.,
  .F.,(2,2),(-4.084165108094,1.295468042967),.PIECEWISE_BEZIER_KNOTS.);
#7916 = CARTESIAN_POINT('',(-6.630037733486,-3.018711849626));
#7917 = CARTESIAN_POINT('',(-7.552237733486,2.281288150374));
#7918 = ( GEOMETRIC_REPRESENTATION_CONTEXT(2) 
PARAMETRIC_REPRESENTATION_CONTEXT() REPRESENTATION_CONTEXT('2D SPACE',''
  ) );
#7919 = PCURVE('',#7920,#7925);
#7920 = PLANE('',#7921);
#7921 = AXIS2_PLACEMENT_3D('',#7922,#7923,#7924);
#7922 = CARTESIAN_POINT('',(-7.7153,3.45,-0.2));
#7923 = DIRECTION('',(0.985197289699,0.171424328408,-0.));
#7924 = DIRECTION('',(0.171424328408,-0.985197289699,0.));
#7925 = DEFINITIONAL_REPRESENTATION('',(#7926),#7929);
#7926 = B_SPLINE_CURVE_WITH_KNOTS('',1,(#7927,#7928),.UNSPECIFIED.,.F.,
  .F.,(2,2),(-4.084165108094,1.295468042967),.PIECEWISE_BEZIER_KNOTS.);
#7927 = CARTESIAN_POINT('',(6.330853249335,-0.2));
#7928 = CARTESIAN_POINT('',(0.951220098273,-0.2));
#7929 = ( GEOMETRIC_REPRESENTATION_CONTEXT(2) 
PARAMETRIC_REPRESENTATION_CONTEXT() REPRESENTATION_CONTEXT('2D SPACE',''
  ) );
#7930 = ORIENTED_EDGE('',*,*,#7931,.F.);
#7931 = EDGE_CURVE('',#7932,#7906,#7934,.T.);
#7932 = VERTEX_POINT('',#7933);
#7933 = CARTESIAN_POINT('',(-6.764079901727,3.45,0.));
#7934 = SURFACE_CURVE('',#7935,(#7940,#7947),.PCURVE_S1.);
#7935 = CIRCLE('',#7936,0.8);
#7936 = AXIS2_PLACEMENT_3D('',#7937,#7938,#7939);
#7937 = CARTESIAN_POINT('',(-6.764079901727,2.65,0.));
#7938 = DIRECTION('',(0.,0.,1.));
#7939 = DIRECTION('',(-0.,1.,0.));
#7940 = PCURVE('',#7422,#7941);
#7941 = DEFINITIONAL_REPRESENTATION('',(#7942),#7946);
#7942 = CIRCLE('',#7943,0.8);
#7943 = AXIS2_PLACEMENT_2D('',#7944,#7945);
#7944 = CARTESIAN_POINT('',(-6.764079901727,2.4184276131));
#7945 = DIRECTION('',(0.,1.));
#7946 = ( GEOMETRIC_REPRESENTATION_CONTEXT(2) 
PARAMETRIC_REPRESENTATION_CONTEXT() REPRESENTATION_CONTEXT('2D SPACE',''
  ) );
#7947 = PCURVE('',#7948,#7953);
#7948 = CYLINDRICAL_SURFACE('',#7949,0.8);
#7949 = AXIS2_PLACEMENT_3D('',#7950,#7951,#7952);
#7950 = CARTESIAN_POINT('',(-6.764079901727,2.65,-0.2));
#7951 = DIRECTION('',(0.,0.,1.));
#7952 = DIRECTION('',(-0.,1.,0.));
#7953 = DEFINITIONAL_REPRESENTATION('',(#7954),#7958);
#7954 = LINE('',#7955,#7956);
#7955 = CARTESIAN_POINT('',(0.,0.2));
#7956 = VECTOR('',#7957,1.);
#7957 = DIRECTION('',(1.,0.));
#7958 = ( GEOMETRIC_REPRESENTATION_CONTEXT(2) 
PARAMETRIC_REPRESENTATION_CONTEXT() REPRESENTATION_CONTEXT('2D SPACE',''
  ) );
#7959 = ORIENTED_EDGE('',*,*,#7960,.T.);
#7960 = EDGE_CURVE('',#7932,#7961,#7963,.T.);
#7961 = VERTEX_POINT('',#7962);
#7962 = CARTESIAN_POINT('',(6.764079901727,3.45,0.));
#7963 = SURFACE_CURVE('',#7964,(#7968,#7974),.PCURVE_S1.);
#7964 = LINE('',#7965,#7966);
#7965 = CARTESIAN_POINT('',(3.85765,3.45,0.));
#7966 = VECTOR('',#7967,1.);
#7967 = DIRECTION('',(1.,0.,-0.));
#7968 = PCURVE('',#7422,#7969);
#7969 = DEFINITIONAL_REPRESENTATION('',(#7970),#7973);
#7970 = B_SPLINE_CURVE_WITH_KNOTS('',1,(#7971,#7972),.UNSPECIFIED.,.F.,
  .F.,(2,2),(-10.62172990172,2.906429901727),.PIECEWISE_BEZIER_KNOTS.);
#7971 = CARTESIAN_POINT('',(-6.764079901727,3.2184276131));
#7972 = CARTESIAN_POINT('',(6.764079901727,3.2184276131));
#7973 = ( GEOMETRIC_REPRESENTATION_CONTEXT(2) 
PARAMETRIC_REPRESENTATION_CONTEXT() REPRESENTATION_CONTEXT('2D SPACE',''
  ) );
#7974 = PCURVE('',#7975,#7980);
#7975 = PLANE('',#7976);
#7976 = AXIS2_PLACEMENT_3D('',#7977,#7978,#7979);
#7977 = CARTESIAN_POINT('',(7.7153,3.45,-0.2));
#7978 = DIRECTION('',(0.,-1.,0.));
#7979 = DIRECTION('',(-1.,0.,0.));
#7980 = DEFINITIONAL_REPRESENTATION('',(#7981),#7984);
#7981 = B_SPLINE_CURVE_WITH_KNOTS('',1,(#7982,#7983),.UNSPECIFIED.,.F.,
  .F.,(2,2),(-10.62172990172,2.906429901727),.PIECEWISE_BEZIER_KNOTS.);
#7982 = CARTESIAN_POINT('',(14.479379901727,-0.2));
#7983 = CARTESIAN_POINT('',(0.951220098273,-0.2));
#7984 = ( GEOMETRIC_REPRESENTATION_CONTEXT(2) 
PARAMETRIC_REPRESENTATION_CONTEXT() REPRESENTATION_CONTEXT('2D SPACE',''
  ) );
#7985 = ORIENTED_EDGE('',*,*,#7986,.F.);
#7986 = EDGE_CURVE('',#7987,#7961,#7989,.T.);
#7987 = VERTEX_POINT('',#7988);
#7988 = CARTESIAN_POINT('',(7.552237733486,2.512860537274,0.));
#7989 = SURFACE_CURVE('',#7990,(#7995,#8002),.PCURVE_S1.);
#7990 = CIRCLE('',#7991,0.8);
#7991 = AXIS2_PLACEMENT_3D('',#7992,#7993,#7994);
#7992 = CARTESIAN_POINT('',(6.764079901727,2.65,0.));
#7993 = DIRECTION('',(0.,0.,1.));
#7994 = DIRECTION('',(0.985197289699,-0.171424328408,0.));
#7995 = PCURVE('',#7422,#7996);
#7996 = DEFINITIONAL_REPRESENTATION('',(#7997),#8001);
#7997 = CIRCLE('',#7998,0.8);
#7998 = AXIS2_PLACEMENT_2D('',#7999,#8000);
#7999 = CARTESIAN_POINT('',(6.764079901727,2.4184276131));
#8000 = DIRECTION('',(0.985197289699,-0.171424328408));
#8001 = ( GEOMETRIC_REPRESENTATION_CONTEXT(2) 
PARAMETRIC_REPRESENTATION_CONTEXT() REPRESENTATION_CONTEXT('2D SPACE',''
  ) );
#8002 = PCURVE('',#8003,#8008);
#8003 = CYLINDRICAL_SURFACE('',#8004,0.8);
#8004 = AXIS2_PLACEMENT_3D('',#8005,#8006,#8007);
#8005 = CARTESIAN_POINT('',(6.764079901727,2.65,-0.2));
#8006 = DIRECTION('',(0.,0.,1.));
#8007 = DIRECTION('',(0.985197289699,-0.171424328408,0.));
#8008 = DEFINITIONAL_REPRESENTATION('',(#8009),#8013);
#8009 = LINE('',#8010,#8011);
#8010 = CARTESIAN_POINT('',(1.071391249563E-17,0.2));
#8011 = VECTOR('',#8012,1.);
#8012 = DIRECTION('',(1.,0.));
#8013 = ( GEOMETRIC_REPRESENTATION_CONTEXT(2) 
PARAMETRIC_REPRESENTATION_CONTEXT() REPRESENTATION_CONTEXT('2D SPACE',''
  ) );
#8014 = ORIENTED_EDGE('',*,*,#8015,.T.);
#8015 = EDGE_CURVE('',#7987,#7822,#8016,.T.);
#8016 = SURFACE_CURVE('',#8017,(#8021,#8027),.PCURVE_S1.);
#8017 = LINE('',#8018,#8019);
#8018 = CARTESIAN_POINT('',(6.729862994246,-2.213431067549,
    2.22044604925E-17));
#8019 = VECTOR('',#8020,1.);
#8020 = DIRECTION('',(-0.171424328408,-0.985197289699,0.));
#8021 = PCURVE('',#7422,#8022);
#8022 = DEFINITIONAL_REPRESENTATION('',(#8023),#8026);
#8023 = B_SPLINE_CURVE_WITH_KNOTS('',1,(#8024,#8025),.UNSPECIFIED.,.F.,
  .F.,(2,2),(-4.797304716771,0.58232843429),.PIECEWISE_BEZIER_KNOTS.);
#8024 = CARTESIAN_POINT('',(7.552237733486,2.281288150374));
#8025 = CARTESIAN_POINT('',(6.630037733486,-3.018711849626));
#8026 = ( GEOMETRIC_REPRESENTATION_CONTEXT(2) 
PARAMETRIC_REPRESENTATION_CONTEXT() REPRESENTATION_CONTEXT('2D SPACE',''
  ) );
#8027 = PCURVE('',#8028,#8033);
#8028 = PLANE('',#8029);
#8029 = AXIS2_PLACEMENT_3D('',#8030,#8031,#8032);
#8030 = CARTESIAN_POINT('',(6.5147,-3.45,-0.2));
#8031 = DIRECTION('',(-0.985197289699,0.171424328408,0.));
#8032 = DIRECTION('',(0.171424328408,0.985197289699,0.));
#8033 = DEFINITIONAL_REPRESENTATION('',(#8034),#8037);
#8034 = B_SPLINE_CURVE_WITH_KNOTS('',1,(#8035,#8036),.UNSPECIFIED.,.F.,
  .F.,(2,2),(-4.797304716771,0.58232843429),.PIECEWISE_BEZIER_KNOTS.);
#8035 = CARTESIAN_POINT('',(6.052453249335,-0.2));
#8036 = CARTESIAN_POINT('',(0.672820098273,-0.2));
#8037 = ( GEOMETRIC_REPRESENTATION_CONTEXT(2) 
PARAMETRIC_REPRESENTATION_CONTEXT() REPRESENTATION_CONTEXT('2D SPACE',''
  ) );
#8038 = ADVANCED_FACE('',(#8039),#7838,.F.);
#8039 = FACE_BOUND('',#8040,.F.);
#8040 = EDGE_LOOP('',(#8041,#8064,#8065,#8088));
#8041 = ORIENTED_EDGE('',*,*,#8042,.F.);
#8042 = EDGE_CURVE('',#7820,#8043,#8045,.T.);
#8043 = VERTEX_POINT('',#8044);
#8044 = CARTESIAN_POINT('',(5.841879901727,-3.45,0.4));
#8045 = SURFACE_CURVE('',#8046,(#8050,#8057),.PCURVE_S1.);
#8046 = LINE('',#8047,#8048);
#8047 = CARTESIAN_POINT('',(5.841879901727,-3.45,-0.2));
#8048 = VECTOR('',#8049,1.);
#8049 = DIRECTION('',(0.,0.,1.));
#8050 = PCURVE('',#7838,#8051);
#8051 = DEFINITIONAL_REPRESENTATION('',(#8052),#8056);
#8052 = LINE('',#8053,#8054);
#8053 = CARTESIAN_POINT('',(0.,0.));
#8054 = VECTOR('',#8055,1.);
#8055 = DIRECTION('',(0.,1.));
#8056 = ( GEOMETRIC_REPRESENTATION_CONTEXT(2) 
PARAMETRIC_REPRESENTATION_CONTEXT() REPRESENTATION_CONTEXT('2D SPACE',''
  ) );
#8057 = PCURVE('',#7865,#8058);
#8058 = DEFINITIONAL_REPRESENTATION('',(#8059),#8063);
#8059 = LINE('',#8060,#8061);
#8060 = CARTESIAN_POINT('',(12.356579901727,0.));
#8061 = VECTOR('',#8062,1.);
#8062 = DIRECTION('',(0.,-1.));
#8063 = ( GEOMETRIC_REPRESENTATION_CONTEXT(2) 
PARAMETRIC_REPRESENTATION_CONTEXT() REPRESENTATION_CONTEXT('2D SPACE',''
  ) );
#8064 = ORIENTED_EDGE('',*,*,#7819,.T.);
#8065 = ORIENTED_EDGE('',*,*,#8066,.T.);
#8066 = EDGE_CURVE('',#7822,#8067,#8069,.T.);
#8067 = VERTEX_POINT('',#8068);
#8068 = CARTESIAN_POINT('',(6.630037733486,-2.787139462726,0.4));
#8069 = SURFACE_CURVE('',#8070,(#8074,#8081),.PCURVE_S1.);
#8070 = LINE('',#8071,#8072);
#8071 = CARTESIAN_POINT('',(6.630037733486,-2.787139462726,-0.2));
#8072 = VECTOR('',#8073,1.);
#8073 = DIRECTION('',(0.,0.,1.));
#8074 = PCURVE('',#7838,#8075);
#8075 = DEFINITIONAL_REPRESENTATION('',(#8076),#8080);
#8076 = LINE('',#8077,#8078);
#8077 = CARTESIAN_POINT('',(1.398521109841,0.));
#8078 = VECTOR('',#8079,1.);
#8079 = DIRECTION('',(0.,1.));
#8080 = ( GEOMETRIC_REPRESENTATION_CONTEXT(2) 
PARAMETRIC_REPRESENTATION_CONTEXT() REPRESENTATION_CONTEXT('2D SPACE',''
  ) );
#8081 = PCURVE('',#8028,#8082);
#8082 = DEFINITIONAL_REPRESENTATION('',(#8083),#8087);
#8083 = LINE('',#8084,#8085);
#8084 = CARTESIAN_POINT('',(0.672820098273,0.));
#8085 = VECTOR('',#8086,1.);
#8086 = DIRECTION('',(0.,-1.));
#8087 = ( GEOMETRIC_REPRESENTATION_CONTEXT(2) 
PARAMETRIC_REPRESENTATION_CONTEXT() REPRESENTATION_CONTEXT('2D SPACE',''
  ) );
#8088 = ORIENTED_EDGE('',*,*,#8089,.F.);
#8089 = EDGE_CURVE('',#8043,#8067,#8090,.T.);
#8090 = SURFACE_CURVE('',#8091,(#8096,#8103),.PCURVE_S1.);
#8091 = CIRCLE('',#8092,0.8);
#8092 = AXIS2_PLACEMENT_3D('',#8093,#8094,#8095);
#8093 = CARTESIAN_POINT('',(5.841879901727,-2.65,0.4));
#8094 = DIRECTION('',(0.,0.,1.));
#8095 = DIRECTION('',(0.,-1.,0.));
#8096 = PCURVE('',#7838,#8097);
#8097 = DEFINITIONAL_REPRESENTATION('',(#8098),#8102);
#8098 = LINE('',#8099,#8100);
#8099 = CARTESIAN_POINT('',(0.,0.6));
#8100 = VECTOR('',#8101,1.);
#8101 = DIRECTION('',(1.,0.));
#8102 = ( GEOMETRIC_REPRESENTATION_CONTEXT(2) 
PARAMETRIC_REPRESENTATION_CONTEXT() REPRESENTATION_CONTEXT('2D SPACE',''
  ) );
#8103 = PCURVE('',#8104,#8109);
#8104 = PLANE('',#8105);
#8105 = AXIS2_PLACEMENT_3D('',#8106,#8107,#8108);
#8106 = CARTESIAN_POINT('',(8.365753820925E-17,0.195070816631,0.4));
#8107 = DIRECTION('',(0.,0.,1.));
#8108 = DIRECTION('',(1.,0.,-0.));
#8109 = DEFINITIONAL_REPRESENTATION('',(#8110),#8114);
#8110 = CIRCLE('',#8111,0.8);
#8111 = AXIS2_PLACEMENT_2D('',#8112,#8113);
#8112 = CARTESIAN_POINT('',(5.841879901727,-2.845070816631));
#8113 = DIRECTION('',(0.,-1.));
#8114 = ( GEOMETRIC_REPRESENTATION_CONTEXT(2) 
PARAMETRIC_REPRESENTATION_CONTEXT() REPRESENTATION_CONTEXT('2D SPACE',''
  ) );
#8115 = ADVANCED_FACE('',(#8116),#8028,.T.);
#8116 = FACE_BOUND('',#8117,.T.);
#8117 = EDGE_LOOP('',(#8118,#8119,#8120,#8143));
#8118 = ORIENTED_EDGE('',*,*,#8015,.T.);
#8119 = ORIENTED_EDGE('',*,*,#8066,.T.);
#8120 = ORIENTED_EDGE('',*,*,#8121,.T.);
#8121 = EDGE_CURVE('',#8067,#8122,#8124,.T.);
#8122 = VERTEX_POINT('',#8123);
#8123 = CARTESIAN_POINT('',(7.552237733486,2.512860537274,0.4));
#8124 = SURFACE_CURVE('',#8125,(#8129,#8136),.PCURVE_S1.);
#8125 = LINE('',#8126,#8127);
#8126 = CARTESIAN_POINT('',(6.5147,-3.45,0.4));
#8127 = VECTOR('',#8128,1.);
#8128 = DIRECTION('',(0.171424328408,0.985197289699,0.));
#8129 = PCURVE('',#8028,#8130);
#8130 = DEFINITIONAL_REPRESENTATION('',(#8131),#8135);
#8131 = LINE('',#8132,#8133);
#8132 = CARTESIAN_POINT('',(0.,-0.6));
#8133 = VECTOR('',#8134,1.);
#8134 = DIRECTION('',(1.,0.));
#8135 = ( GEOMETRIC_REPRESENTATION_CONTEXT(2) 
PARAMETRIC_REPRESENTATION_CONTEXT() REPRESENTATION_CONTEXT('2D SPACE',''
  ) );
#8136 = PCURVE('',#8104,#8137);
#8137 = DEFINITIONAL_REPRESENTATION('',(#8138),#8142);
#8138 = LINE('',#8139,#8140);
#8139 = CARTESIAN_POINT('',(6.5147,-3.645070816631));
#8140 = VECTOR('',#8141,1.);
#8141 = DIRECTION('',(0.171424328408,0.985197289699));
#8142 = ( GEOMETRIC_REPRESENTATION_CONTEXT(2) 
PARAMETRIC_REPRESENTATION_CONTEXT() REPRESENTATION_CONTEXT('2D SPACE',''
  ) );
#8143 = ORIENTED_EDGE('',*,*,#8144,.F.);
#8144 = EDGE_CURVE('',#7987,#8122,#8145,.T.);
#8145 = SURFACE_CURVE('',#8146,(#8150,#8157),.PCURVE_S1.);
#8146 = LINE('',#8147,#8148);
#8147 = CARTESIAN_POINT('',(7.552237733486,2.512860537274,-0.2));
#8148 = VECTOR('',#8149,1.);
#8149 = DIRECTION('',(0.,0.,1.));
#8150 = PCURVE('',#8028,#8151);
#8151 = DEFINITIONAL_REPRESENTATION('',(#8152),#8156);
#8152 = LINE('',#8153,#8154);
#8153 = CARTESIAN_POINT('',(6.052453249335,0.));
#8154 = VECTOR('',#8155,1.);
#8155 = DIRECTION('',(0.,-1.));
#8156 = ( GEOMETRIC_REPRESENTATION_CONTEXT(2) 
PARAMETRIC_REPRESENTATION_CONTEXT() REPRESENTATION_CONTEXT('2D SPACE',''
  ) );
#8157 = PCURVE('',#8003,#8158);
#8158 = DEFINITIONAL_REPRESENTATION('',(#8159),#8163);
#8159 = LINE('',#8160,#8161);
#8160 = CARTESIAN_POINT('',(0.,0.));
#8161 = VECTOR('',#8162,1.);
#8162 = DIRECTION('',(0.,1.));
#8163 = ( GEOMETRIC_REPRESENTATION_CONTEXT(2) 
PARAMETRIC_REPRESENTATION_CONTEXT() REPRESENTATION_CONTEXT('2D SPACE',''
  ) );
#8164 = ADVANCED_FACE('',(#8165),#8003,.F.);
#8165 = FACE_BOUND('',#8166,.F.);
#8166 = EDGE_LOOP('',(#8167,#8168,#8169,#8192));
#8167 = ORIENTED_EDGE('',*,*,#8144,.F.);
#8168 = ORIENTED_EDGE('',*,*,#7986,.T.);
#8169 = ORIENTED_EDGE('',*,*,#8170,.T.);
#8170 = EDGE_CURVE('',#7961,#8171,#8173,.T.);
#8171 = VERTEX_POINT('',#8172);
#8172 = CARTESIAN_POINT('',(6.764079901727,3.45,0.4));
#8173 = SURFACE_CURVE('',#8174,(#8178,#8185),.PCURVE_S1.);
#8174 = LINE('',#8175,#8176);
#8175 = CARTESIAN_POINT('',(6.764079901727,3.45,-0.2));
#8176 = VECTOR('',#8177,1.);
#8177 = DIRECTION('',(0.,0.,1.));
#8178 = PCURVE('',#8003,#8179);
#8179 = DEFINITIONAL_REPRESENTATION('',(#8180),#8184);
#8180 = LINE('',#8181,#8182);
#8181 = CARTESIAN_POINT('',(1.743071543748,0.));
#8182 = VECTOR('',#8183,1.);
#8183 = DIRECTION('',(0.,1.));
#8184 = ( GEOMETRIC_REPRESENTATION_CONTEXT(2) 
PARAMETRIC_REPRESENTATION_CONTEXT() REPRESENTATION_CONTEXT('2D SPACE',''
  ) );
#8185 = PCURVE('',#7975,#8186);
#8186 = DEFINITIONAL_REPRESENTATION('',(#8187),#8191);
#8187 = LINE('',#8188,#8189);
#8188 = CARTESIAN_POINT('',(0.951220098273,0.));
#8189 = VECTOR('',#8190,1.);
#8190 = DIRECTION('',(0.,-1.));
#8191 = ( GEOMETRIC_REPRESENTATION_CONTEXT(2) 
PARAMETRIC_REPRESENTATION_CONTEXT() REPRESENTATION_CONTEXT('2D SPACE',''
  ) );
#8192 = ORIENTED_EDGE('',*,*,#8193,.F.);
#8193 = EDGE_CURVE('',#8122,#8171,#8194,.T.);
#8194 = SURFACE_CURVE('',#8195,(#8200,#8207),.PCURVE_S1.);
#8195 = CIRCLE('',#8196,0.8);
#8196 = AXIS2_PLACEMENT_3D('',#8197,#8198,#8199);
#8197 = CARTESIAN_POINT('',(6.764079901727,2.65,0.4));
#8198 = DIRECTION('',(0.,0.,1.));
#8199 = DIRECTION('',(0.,-1.,0.));
#8200 = PCURVE('',#8003,#8201);
#8201 = DEFINITIONAL_REPRESENTATION('',(#8202),#8206);
#8202 = LINE('',#8203,#8204);
#8203 = CARTESIAN_POINT('',(-1.398521109841,0.6));
#8204 = VECTOR('',#8205,1.);
#8205 = DIRECTION('',(1.,0.));
#8206 = ( GEOMETRIC_REPRESENTATION_CONTEXT(2) 
PARAMETRIC_REPRESENTATION_CONTEXT() REPRESENTATION_CONTEXT('2D SPACE',''
  ) );
#8207 = PCURVE('',#8104,#8208);
#8208 = DEFINITIONAL_REPRESENTATION('',(#8209),#8213);
#8209 = CIRCLE('',#8210,0.8);
#8210 = AXIS2_PLACEMENT_2D('',#8211,#8212);
#8211 = CARTESIAN_POINT('',(6.764079901727,2.454929183369));
#8212 = DIRECTION('',(0.,-1.));
#8213 = ( GEOMETRIC_REPRESENTATION_CONTEXT(2) 
PARAMETRIC_REPRESENTATION_CONTEXT() REPRESENTATION_CONTEXT('2D SPACE',''
  ) );
#8214 = ADVANCED_FACE('',(#8215),#7975,.T.);
#8215 = FACE_BOUND('',#8216,.T.);
#8216 = EDGE_LOOP('',(#8217,#8218,#8219,#8242));
#8217 = ORIENTED_EDGE('',*,*,#7960,.T.);
#8218 = ORIENTED_EDGE('',*,*,#8170,.T.);
#8219 = ORIENTED_EDGE('',*,*,#8220,.T.);
#8220 = EDGE_CURVE('',#8171,#8221,#8223,.T.);
#8221 = VERTEX_POINT('',#8222);
#8222 = CARTESIAN_POINT('',(-6.764079901727,3.45,0.4));
#8223 = SURFACE_CURVE('',#8224,(#8228,#8235),.PCURVE_S1.);
#8224 = LINE('',#8225,#8226);
#8225 = CARTESIAN_POINT('',(7.7153,3.45,0.4));
#8226 = VECTOR('',#8227,1.);
#8227 = DIRECTION('',(-1.,0.,0.));
#8228 = PCURVE('',#7975,#8229);
#8229 = DEFINITIONAL_REPRESENTATION('',(#8230),#8234);
#8230 = LINE('',#8231,#8232);
#8231 = CARTESIAN_POINT('',(0.,-0.6));
#8232 = VECTOR('',#8233,1.);
#8233 = DIRECTION('',(1.,0.));
#8234 = ( GEOMETRIC_REPRESENTATION_CONTEXT(2) 
PARAMETRIC_REPRESENTATION_CONTEXT() REPRESENTATION_CONTEXT('2D SPACE',''
  ) );
#8235 = PCURVE('',#8104,#8236);
#8236 = DEFINITIONAL_REPRESENTATION('',(#8237),#8241);
#8237 = LINE('',#8238,#8239);
#8238 = CARTESIAN_POINT('',(7.7153,3.254929183369));
#8239 = VECTOR('',#8240,1.);
#8240 = DIRECTION('',(-1.,0.));
#8241 = ( GEOMETRIC_REPRESENTATION_CONTEXT(2) 
PARAMETRIC_REPRESENTATION_CONTEXT() REPRESENTATION_CONTEXT('2D SPACE',''
  ) );
#8242 = ORIENTED_EDGE('',*,*,#8243,.F.);
#8243 = EDGE_CURVE('',#7932,#8221,#8244,.T.);
#8244 = SURFACE_CURVE('',#8245,(#8249,#8256),.PCURVE_S1.);
#8245 = LINE('',#8246,#8247);
#8246 = CARTESIAN_POINT('',(-6.764079901727,3.45,-0.2));
#8247 = VECTOR('',#8248,1.);
#8248 = DIRECTION('',(0.,0.,1.));
#8249 = PCURVE('',#7975,#8250);
#8250 = DEFINITIONAL_REPRESENTATION('',(#8251),#8255);
#8251 = LINE('',#8252,#8253);
#8252 = CARTESIAN_POINT('',(14.479379901727,0.));
#8253 = VECTOR('',#8254,1.);
#8254 = DIRECTION('',(0.,-1.));
#8255 = ( GEOMETRIC_REPRESENTATION_CONTEXT(2) 
PARAMETRIC_REPRESENTATION_CONTEXT() REPRESENTATION_CONTEXT('2D SPACE',''
  ) );
#8256 = PCURVE('',#7948,#8257);
#8257 = DEFINITIONAL_REPRESENTATION('',(#8258),#8262);
#8258 = LINE('',#8259,#8260);
#8259 = CARTESIAN_POINT('',(0.,0.));
#8260 = VECTOR('',#8261,1.);
#8261 = DIRECTION('',(0.,1.));
#8262 = ( GEOMETRIC_REPRESENTATION_CONTEXT(2) 
PARAMETRIC_REPRESENTATION_CONTEXT() REPRESENTATION_CONTEXT('2D SPACE',''
  ) );
#8263 = ADVANCED_FACE('',(#8264),#7948,.F.);
#8264 = FACE_BOUND('',#8265,.F.);
#8265 = EDGE_LOOP('',(#8266,#8267,#8268,#8291));
#8266 = ORIENTED_EDGE('',*,*,#8243,.F.);
#8267 = ORIENTED_EDGE('',*,*,#7931,.T.);
#8268 = ORIENTED_EDGE('',*,*,#8269,.T.);
#8269 = EDGE_CURVE('',#7906,#8270,#8272,.T.);
#8270 = VERTEX_POINT('',#8271);
#8271 = CARTESIAN_POINT('',(-7.552237733486,2.512860537274,0.4));
#8272 = SURFACE_CURVE('',#8273,(#8277,#8284),.PCURVE_S1.);
#8273 = LINE('',#8274,#8275);
#8274 = CARTESIAN_POINT('',(-7.552237733486,2.512860537274,-0.2));
#8275 = VECTOR('',#8276,1.);
#8276 = DIRECTION('',(0.,0.,1.));
#8277 = PCURVE('',#7948,#8278);
#8278 = DEFINITIONAL_REPRESENTATION('',(#8279),#8283);
#8279 = LINE('',#8280,#8281);
#8280 = CARTESIAN_POINT('',(1.743071543748,0.));
#8281 = VECTOR('',#8282,1.);
#8282 = DIRECTION('',(0.,1.));
#8283 = ( GEOMETRIC_REPRESENTATION_CONTEXT(2) 
PARAMETRIC_REPRESENTATION_CONTEXT() REPRESENTATION_CONTEXT('2D SPACE',''
  ) );
#8284 = PCURVE('',#7920,#8285);
#8285 = DEFINITIONAL_REPRESENTATION('',(#8286),#8290);
#8286 = LINE('',#8287,#8288);
#8287 = CARTESIAN_POINT('',(0.951220098273,0.));
#8288 = VECTOR('',#8289,1.);
#8289 = DIRECTION('',(0.,-1.));
#8290 = ( GEOMETRIC_REPRESENTATION_CONTEXT(2) 
PARAMETRIC_REPRESENTATION_CONTEXT() REPRESENTATION_CONTEXT('2D SPACE',''
  ) );
#8291 = ORIENTED_EDGE('',*,*,#8292,.F.);
#8292 = EDGE_CURVE('',#8221,#8270,#8293,.T.);
#8293 = SURFACE_CURVE('',#8294,(#8299,#8306),.PCURVE_S1.);
#8294 = CIRCLE('',#8295,0.8);
#8295 = AXIS2_PLACEMENT_3D('',#8296,#8297,#8298);
#8296 = CARTESIAN_POINT('',(-6.764079901727,2.65,0.4));
#8297 = DIRECTION('',(0.,0.,1.));
#8298 = DIRECTION('',(0.,-1.,0.));
#8299 = PCURVE('',#7948,#8300);
#8300 = DEFINITIONAL_REPRESENTATION('',(#8301),#8305);
#8301 = LINE('',#8302,#8303);
#8302 = CARTESIAN_POINT('',(-3.14159265359,0.6));
#8303 = VECTOR('',#8304,1.);
#8304 = DIRECTION('',(1.,0.));
#8305 = ( GEOMETRIC_REPRESENTATION_CONTEXT(2) 
PARAMETRIC_REPRESENTATION_CONTEXT() REPRESENTATION_CONTEXT('2D SPACE',''
  ) );
#8306 = PCURVE('',#8104,#8307);
#8307 = DEFINITIONAL_REPRESENTATION('',(#8308),#8312);
#8308 = CIRCLE('',#8309,0.8);
#8309 = AXIS2_PLACEMENT_2D('',#8310,#8311);
#8310 = CARTESIAN_POINT('',(-6.764079901727,2.454929183369));
#8311 = DIRECTION('',(0.,-1.));
#8312 = ( GEOMETRIC_REPRESENTATION_CONTEXT(2) 
PARAMETRIC_REPRESENTATION_CONTEXT() REPRESENTATION_CONTEXT('2D SPACE',''
  ) );
#8313 = ADVANCED_FACE('',(#8314),#7920,.T.);
#8314 = FACE_BOUND('',#8315,.T.);
#8315 = EDGE_LOOP('',(#8316,#8317,#8318,#8341));
#8316 = ORIENTED_EDGE('',*,*,#7905,.T.);
#8317 = ORIENTED_EDGE('',*,*,#8269,.T.);
#8318 = ORIENTED_EDGE('',*,*,#8319,.T.);
#8319 = EDGE_CURVE('',#8270,#8320,#8322,.T.);
#8320 = VERTEX_POINT('',#8321);
#8321 = CARTESIAN_POINT('',(-6.630037733486,-2.787139462726,0.4));
#8322 = SURFACE_CURVE('',#8323,(#8327,#8334),.PCURVE_S1.);
#8323 = LINE('',#8324,#8325);
#8324 = CARTESIAN_POINT('',(-7.7153,3.45,0.4));
#8325 = VECTOR('',#8326,1.);
#8326 = DIRECTION('',(0.171424328408,-0.985197289699,0.));
#8327 = PCURVE('',#7920,#8328);
#8328 = DEFINITIONAL_REPRESENTATION('',(#8329),#8333);
#8329 = LINE('',#8330,#8331);
#8330 = CARTESIAN_POINT('',(0.,-0.6));
#8331 = VECTOR('',#8332,1.);
#8332 = DIRECTION('',(1.,0.));
#8333 = ( GEOMETRIC_REPRESENTATION_CONTEXT(2) 
PARAMETRIC_REPRESENTATION_CONTEXT() REPRESENTATION_CONTEXT('2D SPACE',''
  ) );
#8334 = PCURVE('',#8104,#8335);
#8335 = DEFINITIONAL_REPRESENTATION('',(#8336),#8340);
#8336 = LINE('',#8337,#8338);
#8337 = CARTESIAN_POINT('',(-7.7153,3.254929183369));
#8338 = VECTOR('',#8339,1.);
#8339 = DIRECTION('',(0.171424328408,-0.985197289699));
#8340 = ( GEOMETRIC_REPRESENTATION_CONTEXT(2) 
PARAMETRIC_REPRESENTATION_CONTEXT() REPRESENTATION_CONTEXT('2D SPACE',''
  ) );
#8341 = ORIENTED_EDGE('',*,*,#8342,.F.);
#8342 = EDGE_CURVE('',#7877,#8320,#8343,.T.);
#8343 = SURFACE_CURVE('',#8344,(#8348,#8355),.PCURVE_S1.);
#8344 = LINE('',#8345,#8346);
#8345 = CARTESIAN_POINT('',(-6.630037733486,-2.787139462726,-0.2));
#8346 = VECTOR('',#8347,1.);
#8347 = DIRECTION('',(0.,0.,1.));
#8348 = PCURVE('',#7920,#8349);
#8349 = DEFINITIONAL_REPRESENTATION('',(#8350),#8354);
#8350 = LINE('',#8351,#8352);
#8351 = CARTESIAN_POINT('',(6.330853249335,0.));
#8352 = VECTOR('',#8353,1.);
#8353 = DIRECTION('',(0.,-1.));
#8354 = ( GEOMETRIC_REPRESENTATION_CONTEXT(2) 
PARAMETRIC_REPRESENTATION_CONTEXT() REPRESENTATION_CONTEXT('2D SPACE',''
  ) );
#8355 = PCURVE('',#7893,#8356);
#8356 = DEFINITIONAL_REPRESENTATION('',(#8357),#8361);
#8357 = LINE('',#8358,#8359);
#8358 = CARTESIAN_POINT('',(-1.398521109841,0.));
#8359 = VECTOR('',#8360,1.);
#8360 = DIRECTION('',(-0.,1.));
#8361 = ( GEOMETRIC_REPRESENTATION_CONTEXT(2) 
PARAMETRIC_REPRESENTATION_CONTEXT() REPRESENTATION_CONTEXT('2D SPACE',''
  ) );
#8362 = ADVANCED_FACE('',(#8363),#7893,.F.);
#8363 = FACE_BOUND('',#8364,.T.);
#8364 = EDGE_LOOP('',(#8365,#8388,#8389,#8390));
#8365 = ORIENTED_EDGE('',*,*,#8366,.F.);
#8366 = EDGE_CURVE('',#7851,#8367,#8369,.T.);
#8367 = VERTEX_POINT('',#8368);
#8368 = CARTESIAN_POINT('',(-5.841879901727,-3.45,0.4));
#8369 = SURFACE_CURVE('',#8370,(#8374,#8381),.PCURVE_S1.);
#8370 = LINE('',#8371,#8372);
#8371 = CARTESIAN_POINT('',(-5.841879901727,-3.45,-0.2));
#8372 = VECTOR('',#8373,1.);
#8373 = DIRECTION('',(0.,0.,1.));
#8374 = PCURVE('',#7893,#8375);
#8375 = DEFINITIONAL_REPRESENTATION('',(#8376),#8380);
#8376 = LINE('',#8377,#8378);
#8377 = CARTESIAN_POINT('',(-0.,0.));
#8378 = VECTOR('',#8379,1.);
#8379 = DIRECTION('',(-0.,1.));
#8380 = ( GEOMETRIC_REPRESENTATION_CONTEXT(2) 
PARAMETRIC_REPRESENTATION_CONTEXT() REPRESENTATION_CONTEXT('2D SPACE',''
  ) );
#8381 = PCURVE('',#7865,#8382);
#8382 = DEFINITIONAL_REPRESENTATION('',(#8383),#8387);
#8383 = LINE('',#8384,#8385);
#8384 = CARTESIAN_POINT('',(0.672820098273,0.));
#8385 = VECTOR('',#8386,1.);
#8386 = DIRECTION('',(0.,-1.));
#8387 = ( GEOMETRIC_REPRESENTATION_CONTEXT(2) 
PARAMETRIC_REPRESENTATION_CONTEXT() REPRESENTATION_CONTEXT('2D SPACE',''
  ) );
#8388 = ORIENTED_EDGE('',*,*,#7876,.F.);
#8389 = ORIENTED_EDGE('',*,*,#8342,.T.);
#8390 = ORIENTED_EDGE('',*,*,#8391,.F.);
#8391 = EDGE_CURVE('',#8367,#8320,#8392,.T.);
#8392 = SURFACE_CURVE('',#8393,(#8398,#8405),.PCURVE_S1.);
#8393 = CIRCLE('',#8394,0.8);
#8394 = AXIS2_PLACEMENT_3D('',#8395,#8396,#8397);
#8395 = CARTESIAN_POINT('',(-5.841879901727,-2.65,0.4));
#8396 = DIRECTION('',(-0.,-0.,-1.));
#8397 = DIRECTION('',(0.,-1.,0.));
#8398 = PCURVE('',#7893,#8399);
#8399 = DEFINITIONAL_REPRESENTATION('',(#8400),#8404);
#8400 = LINE('',#8401,#8402);
#8401 = CARTESIAN_POINT('',(-0.,0.6));
#8402 = VECTOR('',#8403,1.);
#8403 = DIRECTION('',(-1.,0.));
#8404 = ( GEOMETRIC_REPRESENTATION_CONTEXT(2) 
PARAMETRIC_REPRESENTATION_CONTEXT() REPRESENTATION_CONTEXT('2D SPACE',''
  ) );
#8405 = PCURVE('',#8104,#8406);
#8406 = DEFINITIONAL_REPRESENTATION('',(#8407),#8415);
#8407 = ( BOUNDED_CURVE() B_SPLINE_CURVE(2,(#8408,#8409,#8410,#8411,
#8412,#8413,#8414),.UNSPECIFIED.,.T.,.F.) B_SPLINE_CURVE_WITH_KNOTS((1,2
    ,2,2,2,1),(-2.094395102393,0.,2.094395102393,4.188790204786,
6.28318530718,8.377580409573),.UNSPECIFIED.) CURVE() 
GEOMETRIC_REPRESENTATION_ITEM() RATIONAL_B_SPLINE_CURVE((1.,0.5,1.,0.5,
1.,0.5,1.)) REPRESENTATION_ITEM('') );
#8408 = CARTESIAN_POINT('',(-5.841879901727,-3.645070816631));
#8409 = CARTESIAN_POINT('',(-7.227520547782,-3.645070816631));
#8410 = CARTESIAN_POINT('',(-6.534700224754,-2.445070816631));
#8411 = CARTESIAN_POINT('',(-5.841879901727,-1.245070816631));
#8412 = CARTESIAN_POINT('',(-5.149059578699,-2.445070816631));
#8413 = CARTESIAN_POINT('',(-4.456239255671,-3.645070816631));
#8414 = CARTESIAN_POINT('',(-5.841879901727,-3.645070816631));
#8415 = ( GEOMETRIC_REPRESENTATION_CONTEXT(2) 
PARAMETRIC_REPRESENTATION_CONTEXT() REPRESENTATION_CONTEXT('2D SPACE',''
  ) );
#8416 = ADVANCED_FACE('',(#8417),#7865,.T.);
#8417 = FACE_BOUND('',#8418,.T.);
#8418 = EDGE_LOOP('',(#8419,#8420,#8421,#8442));
#8419 = ORIENTED_EDGE('',*,*,#7850,.T.);
#8420 = ORIENTED_EDGE('',*,*,#8366,.T.);
#8421 = ORIENTED_EDGE('',*,*,#8422,.T.);
#8422 = EDGE_CURVE('',#8367,#8043,#8423,.T.);
#8423 = SURFACE_CURVE('',#8424,(#8428,#8435),.PCURVE_S1.);
#8424 = LINE('',#8425,#8426);
#8425 = CARTESIAN_POINT('',(-6.5147,-3.45,0.4));
#8426 = VECTOR('',#8427,1.);
#8427 = DIRECTION('',(1.,0.,0.));
#8428 = PCURVE('',#7865,#8429);
#8429 = DEFINITIONAL_REPRESENTATION('',(#8430),#8434);
#8430 = LINE('',#8431,#8432);
#8431 = CARTESIAN_POINT('',(0.,-0.6));
#8432 = VECTOR('',#8433,1.);
#8433 = DIRECTION('',(1.,0.));
#8434 = ( GEOMETRIC_REPRESENTATION_CONTEXT(2) 
PARAMETRIC_REPRESENTATION_CONTEXT() REPRESENTATION_CONTEXT('2D SPACE',''
  ) );
#8435 = PCURVE('',#8104,#8436);
#8436 = DEFINITIONAL_REPRESENTATION('',(#8437),#8441);
#8437 = LINE('',#8438,#8439);
#8438 = CARTESIAN_POINT('',(-6.5147,-3.645070816631));
#8439 = VECTOR('',#8440,1.);
#8440 = DIRECTION('',(1.,0.));
#8441 = ( GEOMETRIC_REPRESENTATION_CONTEXT(2) 
PARAMETRIC_REPRESENTATION_CONTEXT() REPRESENTATION_CONTEXT('2D SPACE',''
  ) );
#8442 = ORIENTED_EDGE('',*,*,#8042,.F.);
#8443 = ADVANCED_FACE('',(#8444,#8454,#8485,#8516,#8547,#8578,#8609,
    #8640,#8671,#8702,#8733,#8764,#8795,#8826,#8857,#8888),#8104,.F.);
#8444 = FACE_BOUND('',#8445,.F.);
#8445 = EDGE_LOOP('',(#8446,#8447,#8448,#8449,#8450,#8451,#8452,#8453));
#8446 = ORIENTED_EDGE('',*,*,#8422,.T.);
#8447 = ORIENTED_EDGE('',*,*,#8089,.T.);
#8448 = ORIENTED_EDGE('',*,*,#8121,.T.);
#8449 = ORIENTED_EDGE('',*,*,#8193,.T.);
#8450 = ORIENTED_EDGE('',*,*,#8220,.T.);
#8451 = ORIENTED_EDGE('',*,*,#8292,.T.);
#8452 = ORIENTED_EDGE('',*,*,#8319,.T.);
#8453 = ORIENTED_EDGE('',*,*,#8391,.F.);
#8454 = FACE_BOUND('',#8455,.F.);
#8455 = EDGE_LOOP('',(#8456));
#8456 = ORIENTED_EDGE('',*,*,#8457,.F.);
#8457 = EDGE_CURVE('',#8458,#8458,#8460,.T.);
#8458 = VERTEX_POINT('',#8459);
#8459 = CARTESIAN_POINT('',(-4.7561,-1.981,0.4));
#8460 = SURFACE_CURVE('',#8461,(#8466,#8473),.PCURVE_S1.);
#8461 = CIRCLE('',#8462,0.3874);
#8462 = AXIS2_PLACEMENT_3D('',#8463,#8464,#8465);
#8463 = CARTESIAN_POINT('',(-5.1435,-1.981,0.4));
#8464 = DIRECTION('',(0.,0.,1.));
#8465 = DIRECTION('',(1.,0.,-0.));
#8466 = PCURVE('',#8104,#8467);
#8467 = DEFINITIONAL_REPRESENTATION('',(#8468),#8472);
#8468 = CIRCLE('',#8469,0.3874);
#8469 = AXIS2_PLACEMENT_2D('',#8470,#8471);
#8470 = CARTESIAN_POINT('',(-5.1435,-2.176070816631));
#8471 = DIRECTION('',(1.,0.));
#8472 = ( GEOMETRIC_REPRESENTATION_CONTEXT(2) 
PARAMETRIC_REPRESENTATION_CONTEXT() REPRESENTATION_CONTEXT('2D SPACE',''
  ) );
#8473 = PCURVE('',#8474,#8479);
#8474 = CYLINDRICAL_SURFACE('',#8475,0.3874);
#8475 = AXIS2_PLACEMENT_3D('',#8476,#8477,#8478);
#8476 = CARTESIAN_POINT('',(-5.1435,-1.981,0.3));
#8477 = DIRECTION('',(0.,0.,1.));
#8478 = DIRECTION('',(1.,0.,-0.));
#8479 = DEFINITIONAL_REPRESENTATION('',(#8480),#8484);
#8480 = LINE('',#8481,#8482);
#8481 = CARTESIAN_POINT('',(0.,0.1));
#8482 = VECTOR('',#8483,1.);
#8483 = DIRECTION('',(1.,0.));
#8484 = ( GEOMETRIC_REPRESENTATION_CONTEXT(2) 
PARAMETRIC_REPRESENTATION_CONTEXT() REPRESENTATION_CONTEXT('2D SPACE',''
  ) );
#8485 = FACE_BOUND('',#8486,.F.);
#8486 = EDGE_LOOP('',(#8487));
#8487 = ORIENTED_EDGE('',*,*,#8488,.F.);
#8488 = EDGE_CURVE('',#8489,#8489,#8491,.T.);
#8489 = VERTEX_POINT('',#8490);
#8490 = CARTESIAN_POINT('',(-2.4701,-1.981,0.4));
#8491 = SURFACE_CURVE('',#8492,(#8497,#8504),.PCURVE_S1.);
#8492 = CIRCLE('',#8493,0.3874);
#8493 = AXIS2_PLACEMENT_3D('',#8494,#8495,#8496);
#8494 = CARTESIAN_POINT('',(-2.8575,-1.981,0.4));
#8495 = DIRECTION('',(0.,0.,1.));
#8496 = DIRECTION('',(1.,0.,-0.));
#8497 = PCURVE('',#8104,#8498);
#8498 = DEFINITIONAL_REPRESENTATION('',(#8499),#8503);
#8499 = CIRCLE('',#8500,0.3874);
#8500 = AXIS2_PLACEMENT_2D('',#8501,#8502);
#8501 = CARTESIAN_POINT('',(-2.8575,-2.176070816631));
#8502 = DIRECTION('',(1.,0.));
#8503 = ( GEOMETRIC_REPRESENTATION_CONTEXT(2) 
PARAMETRIC_REPRESENTATION_CONTEXT() REPRESENTATION_CONTEXT('2D SPACE',''
  ) );
#8504 = PCURVE('',#8505,#8510);
#8505 = CYLINDRICAL_SURFACE('',#8506,0.3874);
#8506 = AXIS2_PLACEMENT_3D('',#8507,#8508,#8509);
#8507 = CARTESIAN_POINT('',(-2.8575,-1.981,0.3));
#8508 = DIRECTION('',(0.,0.,1.));
#8509 = DIRECTION('',(1.,0.,-0.));
#8510 = DEFINITIONAL_REPRESENTATION('',(#8511),#8515);
#8511 = LINE('',#8512,#8513);
#8512 = CARTESIAN_POINT('',(0.,0.1));
#8513 = VECTOR('',#8514,1.);
#8514 = DIRECTION('',(1.,0.));
#8515 = ( GEOMETRIC_REPRESENTATION_CONTEXT(2) 
PARAMETRIC_REPRESENTATION_CONTEXT() REPRESENTATION_CONTEXT('2D SPACE',''
  ) );
#8516 = FACE_BOUND('',#8517,.F.);
#8517 = EDGE_LOOP('',(#8518));
#8518 = ORIENTED_EDGE('',*,*,#8519,.F.);
#8519 = EDGE_CURVE('',#8520,#8520,#8522,.T.);
#8520 = VERTEX_POINT('',#8521);
#8521 = CARTESIAN_POINT('',(-0.1841,-1.981,0.4));
#8522 = SURFACE_CURVE('',#8523,(#8528,#8535),.PCURVE_S1.);
#8523 = CIRCLE('',#8524,0.3874);
#8524 = AXIS2_PLACEMENT_3D('',#8525,#8526,#8527);
#8525 = CARTESIAN_POINT('',(-0.5715,-1.981,0.4));
#8526 = DIRECTION('',(0.,0.,1.));
#8527 = DIRECTION('',(1.,0.,-0.));
#8528 = PCURVE('',#8104,#8529);
#8529 = DEFINITIONAL_REPRESENTATION('',(#8530),#8534);
#8530 = CIRCLE('',#8531,0.3874);
#8531 = AXIS2_PLACEMENT_2D('',#8532,#8533);
#8532 = CARTESIAN_POINT('',(-0.5715,-2.176070816631));
#8533 = DIRECTION('',(1.,0.));
#8534 = ( GEOMETRIC_REPRESENTATION_CONTEXT(2) 
PARAMETRIC_REPRESENTATION_CONTEXT() REPRESENTATION_CONTEXT('2D SPACE',''
  ) );
#8535 = PCURVE('',#8536,#8541);
#8536 = CYLINDRICAL_SURFACE('',#8537,0.3874);
#8537 = AXIS2_PLACEMENT_3D('',#8538,#8539,#8540);
#8538 = CARTESIAN_POINT('',(-0.5715,-1.981,0.3));
#8539 = DIRECTION('',(0.,0.,1.));
#8540 = DIRECTION('',(1.,0.,-0.));
#8541 = DEFINITIONAL_REPRESENTATION('',(#8542),#8546);
#8542 = LINE('',#8543,#8544);
#8543 = CARTESIAN_POINT('',(0.,0.1));
#8544 = VECTOR('',#8545,1.);
#8545 = DIRECTION('',(1.,0.));
#8546 = ( GEOMETRIC_REPRESENTATION_CONTEXT(2) 
PARAMETRIC_REPRESENTATION_CONTEXT() REPRESENTATION_CONTEXT('2D SPACE',''
  ) );
#8547 = FACE_BOUND('',#8548,.F.);
#8548 = EDGE_LOOP('',(#8549));
#8549 = ORIENTED_EDGE('',*,*,#8550,.F.);
#8550 = EDGE_CURVE('',#8551,#8551,#8553,.T.);
#8551 = VERTEX_POINT('',#8552);
#8552 = CARTESIAN_POINT('',(2.1019,-1.981,0.4));
#8553 = SURFACE_CURVE('',#8554,(#8559,#8566),.PCURVE_S1.);
#8554 = CIRCLE('',#8555,0.3874);
#8555 = AXIS2_PLACEMENT_3D('',#8556,#8557,#8558);
#8556 = CARTESIAN_POINT('',(1.7145,-1.981,0.4));
#8557 = DIRECTION('',(0.,0.,1.));
#8558 = DIRECTION('',(1.,0.,-0.));
#8559 = PCURVE('',#8104,#8560);
#8560 = DEFINITIONAL_REPRESENTATION('',(#8561),#8565);
#8561 = CIRCLE('',#8562,0.3874);
#8562 = AXIS2_PLACEMENT_2D('',#8563,#8564);
#8563 = CARTESIAN_POINT('',(1.7145,-2.176070816631));
#8564 = DIRECTION('',(1.,0.));
#8565 = ( GEOMETRIC_REPRESENTATION_CONTEXT(2) 
PARAMETRIC_REPRESENTATION_CONTEXT() REPRESENTATION_CONTEXT('2D SPACE',''
  ) );
#8566 = PCURVE('',#8567,#8572);
#8567 = CYLINDRICAL_SURFACE('',#8568,0.3874);
#8568 = AXIS2_PLACEMENT_3D('',#8569,#8570,#8571);
#8569 = CARTESIAN_POINT('',(1.7145,-1.981,0.3));
#8570 = DIRECTION('',(0.,0.,1.));
#8571 = DIRECTION('',(1.,0.,-0.));
#8572 = DEFINITIONAL_REPRESENTATION('',(#8573),#8577);
#8573 = LINE('',#8574,#8575);
#8574 = CARTESIAN_POINT('',(0.,0.1));
#8575 = VECTOR('',#8576,1.);
#8576 = DIRECTION('',(1.,0.));
#8577 = ( GEOMETRIC_REPRESENTATION_CONTEXT(2) 
PARAMETRIC_REPRESENTATION_CONTEXT() REPRESENTATION_CONTEXT('2D SPACE',''
  ) );
#8578 = FACE_BOUND('',#8579,.F.);
#8579 = EDGE_LOOP('',(#8580));
#8580 = ORIENTED_EDGE('',*,*,#8581,.F.);
#8581 = EDGE_CURVE('',#8582,#8582,#8584,.T.);
#8582 = VERTEX_POINT('',#8583);
#8583 = CARTESIAN_POINT('',(4.3879,-1.981,0.4));
#8584 = SURFACE_CURVE('',#8585,(#8590,#8597),.PCURVE_S1.);
#8585 = CIRCLE('',#8586,0.3874);
#8586 = AXIS2_PLACEMENT_3D('',#8587,#8588,#8589);
#8587 = CARTESIAN_POINT('',(4.0005,-1.981,0.4));
#8588 = DIRECTION('',(0.,0.,1.));
#8589 = DIRECTION('',(1.,0.,-0.));
#8590 = PCURVE('',#8104,#8591);
#8591 = DEFINITIONAL_REPRESENTATION('',(#8592),#8596);
#8592 = CIRCLE('',#8593,0.3874);
#8593 = AXIS2_PLACEMENT_2D('',#8594,#8595);
#8594 = CARTESIAN_POINT('',(4.0005,-2.176070816631));
#8595 = DIRECTION('',(1.,0.));
#8596 = ( GEOMETRIC_REPRESENTATION_CONTEXT(2) 
PARAMETRIC_REPRESENTATION_CONTEXT() REPRESENTATION_CONTEXT('2D SPACE',''
  ) );
#8597 = PCURVE('',#8598,#8603);
#8598 = CYLINDRICAL_SURFACE('',#8599,0.3874);
#8599 = AXIS2_PLACEMENT_3D('',#8600,#8601,#8602);
#8600 = CARTESIAN_POINT('',(4.0005,-1.981,0.3));
#8601 = DIRECTION('',(0.,0.,1.));
#8602 = DIRECTION('',(1.,0.,-0.));
#8603 = DEFINITIONAL_REPRESENTATION('',(#8604),#8608);
#8604 = LINE('',#8605,#8606);
#8605 = CARTESIAN_POINT('',(0.,0.1));
#8606 = VECTOR('',#8607,1.);
#8607 = DIRECTION('',(1.,0.));
#8608 = ( GEOMETRIC_REPRESENTATION_CONTEXT(2) 
PARAMETRIC_REPRESENTATION_CONTEXT() REPRESENTATION_CONTEXT('2D SPACE',''
  ) );
#8609 = FACE_BOUND('',#8610,.F.);
#8610 = EDGE_LOOP('',(#8611));
#8611 = ORIENTED_EDGE('',*,*,#8612,.F.);
#8612 = EDGE_CURVE('',#8613,#8613,#8615,.T.);
#8613 = VERTEX_POINT('',#8614);
#8614 = CARTESIAN_POINT('',(-3.6131,-9.488563399794E-17,0.4));
#8615 = SURFACE_CURVE('',#8616,(#8621,#8628),.PCURVE_S1.);
#8616 = CIRCLE('',#8617,0.3874);
#8617 = AXIS2_PLACEMENT_3D('',#8618,#8619,#8620);
#8618 = CARTESIAN_POINT('',(-4.0005,0.,0.4));
#8619 = DIRECTION('',(0.,0.,1.));
#8620 = DIRECTION('',(1.,0.,-0.));
#8621 = PCURVE('',#8104,#8622);
#8622 = DEFINITIONAL_REPRESENTATION('',(#8623),#8627);
#8623 = CIRCLE('',#8624,0.3874);
#8624 = AXIS2_PLACEMENT_2D('',#8625,#8626);
#8625 = CARTESIAN_POINT('',(-4.0005,-0.195070816631));
#8626 = DIRECTION('',(1.,0.));
#8627 = ( GEOMETRIC_REPRESENTATION_CONTEXT(2) 
PARAMETRIC_REPRESENTATION_CONTEXT() REPRESENTATION_CONTEXT('2D SPACE',''
  ) );
#8628 = PCURVE('',#8629,#8634);
#8629 = CYLINDRICAL_SURFACE('',#8630,0.3874);
#8630 = AXIS2_PLACEMENT_3D('',#8631,#8632,#8633);
#8631 = CARTESIAN_POINT('',(-4.0005,0.,0.3));
#8632 = DIRECTION('',(0.,0.,1.));
#8633 = DIRECTION('',(1.,0.,-0.));
#8634 = DEFINITIONAL_REPRESENTATION('',(#8635),#8639);
#8635 = LINE('',#8636,#8637);
#8636 = CARTESIAN_POINT('',(0.,0.1));
#8637 = VECTOR('',#8638,1.);
#8638 = DIRECTION('',(1.,0.));
#8639 = ( GEOMETRIC_REPRESENTATION_CONTEXT(2) 
PARAMETRIC_REPRESENTATION_CONTEXT() REPRESENTATION_CONTEXT('2D SPACE',''
  ) );
#8640 = FACE_BOUND('',#8641,.F.);
#8641 = EDGE_LOOP('',(#8642));
#8642 = ORIENTED_EDGE('',*,*,#8643,.F.);
#8643 = EDGE_CURVE('',#8644,#8644,#8646,.T.);
#8644 = VERTEX_POINT('',#8645);
#8645 = CARTESIAN_POINT('',(-1.3271,-9.488563399794E-17,0.4));
#8646 = SURFACE_CURVE('',#8647,(#8652,#8659),.PCURVE_S1.);
#8647 = CIRCLE('',#8648,0.3874);
#8648 = AXIS2_PLACEMENT_3D('',#8649,#8650,#8651);
#8649 = CARTESIAN_POINT('',(-1.7145,0.,0.4));
#8650 = DIRECTION('',(0.,0.,1.));
#8651 = DIRECTION('',(1.,0.,-0.));
#8652 = PCURVE('',#8104,#8653);
#8653 = DEFINITIONAL_REPRESENTATION('',(#8654),#8658);
#8654 = CIRCLE('',#8655,0.3874);
#8655 = AXIS2_PLACEMENT_2D('',#8656,#8657);
#8656 = CARTESIAN_POINT('',(-1.7145,-0.195070816631));
#8657 = DIRECTION('',(1.,0.));
#8658 = ( GEOMETRIC_REPRESENTATION_CONTEXT(2) 
PARAMETRIC_REPRESENTATION_CONTEXT() REPRESENTATION_CONTEXT('2D SPACE',''
  ) );
#8659 = PCURVE('',#8660,#8665);
#8660 = CYLINDRICAL_SURFACE('',#8661,0.3874);
#8661 = AXIS2_PLACEMENT_3D('',#8662,#8663,#8664);
#8662 = CARTESIAN_POINT('',(-1.7145,0.,0.3));
#8663 = DIRECTION('',(0.,0.,1.));
#8664 = DIRECTION('',(1.,0.,-0.));
#8665 = DEFINITIONAL_REPRESENTATION('',(#8666),#8670);
#8666 = LINE('',#8667,#8668);
#8667 = CARTESIAN_POINT('',(0.,0.1));
#8668 = VECTOR('',#8669,1.);
#8669 = DIRECTION('',(1.,0.));
#8670 = ( GEOMETRIC_REPRESENTATION_CONTEXT(2) 
PARAMETRIC_REPRESENTATION_CONTEXT() REPRESENTATION_CONTEXT('2D SPACE',''
  ) );
#8671 = FACE_BOUND('',#8672,.F.);
#8672 = EDGE_LOOP('',(#8673));
#8673 = ORIENTED_EDGE('',*,*,#8674,.F.);
#8674 = EDGE_CURVE('',#8675,#8675,#8677,.T.);
#8675 = VERTEX_POINT('',#8676);
#8676 = CARTESIAN_POINT('',(-4.7561,1.981,0.4));
#8677 = SURFACE_CURVE('',#8678,(#8683,#8690),.PCURVE_S1.);
#8678 = CIRCLE('',#8679,0.3874);
#8679 = AXIS2_PLACEMENT_3D('',#8680,#8681,#8682);
#8680 = CARTESIAN_POINT('',(-5.1435,1.981,0.4));
#8681 = DIRECTION('',(0.,0.,1.));
#8682 = DIRECTION('',(1.,0.,-0.));
#8683 = PCURVE('',#8104,#8684);
#8684 = DEFINITIONAL_REPRESENTATION('',(#8685),#8689);
#8685 = CIRCLE('',#8686,0.3874);
#8686 = AXIS2_PLACEMENT_2D('',#8687,#8688);
#8687 = CARTESIAN_POINT('',(-5.1435,1.785929183369));
#8688 = DIRECTION('',(1.,0.));
#8689 = ( GEOMETRIC_REPRESENTATION_CONTEXT(2) 
PARAMETRIC_REPRESENTATION_CONTEXT() REPRESENTATION_CONTEXT('2D SPACE',''
  ) );
#8690 = PCURVE('',#8691,#8696);
#8691 = CYLINDRICAL_SURFACE('',#8692,0.3874);
#8692 = AXIS2_PLACEMENT_3D('',#8693,#8694,#8695);
#8693 = CARTESIAN_POINT('',(-5.1435,1.981,0.3));
#8694 = DIRECTION('',(0.,0.,1.));
#8695 = DIRECTION('',(1.,0.,-0.));
#8696 = DEFINITIONAL_REPRESENTATION('',(#8697),#8701);
#8697 = LINE('',#8698,#8699);
#8698 = CARTESIAN_POINT('',(0.,0.1));
#8699 = VECTOR('',#8700,1.);
#8700 = DIRECTION('',(1.,0.));
#8701 = ( GEOMETRIC_REPRESENTATION_CONTEXT(2) 
PARAMETRIC_REPRESENTATION_CONTEXT() REPRESENTATION_CONTEXT('2D SPACE',''
  ) );
#8702 = FACE_BOUND('',#8703,.F.);
#8703 = EDGE_LOOP('',(#8704));
#8704 = ORIENTED_EDGE('',*,*,#8705,.F.);
#8705 = EDGE_CURVE('',#8706,#8706,#8708,.T.);
#8706 = VERTEX_POINT('',#8707);
#8707 = CARTESIAN_POINT('',(-2.4701,1.981,0.4));
#8708 = SURFACE_CURVE('',#8709,(#8714,#8721),.PCURVE_S1.);
#8709 = CIRCLE('',#8710,0.3874);
#8710 = AXIS2_PLACEMENT_3D('',#8711,#8712,#8713);
#8711 = CARTESIAN_POINT('',(-2.8575,1.981,0.4));
#8712 = DIRECTION('',(0.,0.,1.));
#8713 = DIRECTION('',(1.,0.,-0.));
#8714 = PCURVE('',#8104,#8715);
#8715 = DEFINITIONAL_REPRESENTATION('',(#8716),#8720);
#8716 = CIRCLE('',#8717,0.3874);
#8717 = AXIS2_PLACEMENT_2D('',#8718,#8719);
#8718 = CARTESIAN_POINT('',(-2.8575,1.785929183369));
#8719 = DIRECTION('',(1.,0.));
#8720 = ( GEOMETRIC_REPRESENTATION_CONTEXT(2) 
PARAMETRIC_REPRESENTATION_CONTEXT() REPRESENTATION_CONTEXT('2D SPACE',''
  ) );
#8721 = PCURVE('',#8722,#8727);
#8722 = CYLINDRICAL_SURFACE('',#8723,0.3874);
#8723 = AXIS2_PLACEMENT_3D('',#8724,#8725,#8726);
#8724 = CARTESIAN_POINT('',(-2.8575,1.981,0.3));
#8725 = DIRECTION('',(0.,0.,1.));
#8726 = DIRECTION('',(1.,0.,-0.));
#8727 = DEFINITIONAL_REPRESENTATION('',(#8728),#8732);
#8728 = LINE('',#8729,#8730);
#8729 = CARTESIAN_POINT('',(0.,0.1));
#8730 = VECTOR('',#8731,1.);
#8731 = DIRECTION('',(1.,0.));
#8732 = ( GEOMETRIC_REPRESENTATION_CONTEXT(2) 
PARAMETRIC_REPRESENTATION_CONTEXT() REPRESENTATION_CONTEXT('2D SPACE',''
  ) );
#8733 = FACE_BOUND('',#8734,.F.);
#8734 = EDGE_LOOP('',(#8735));
#8735 = ORIENTED_EDGE('',*,*,#8736,.F.);
#8736 = EDGE_CURVE('',#8737,#8737,#8739,.T.);
#8737 = VERTEX_POINT('',#8738);
#8738 = CARTESIAN_POINT('',(-0.1841,1.981,0.4));
#8739 = SURFACE_CURVE('',#8740,(#8745,#8752),.PCURVE_S1.);
#8740 = CIRCLE('',#8741,0.3874);
#8741 = AXIS2_PLACEMENT_3D('',#8742,#8743,#8744);
#8742 = CARTESIAN_POINT('',(-0.5715,1.981,0.4));
#8743 = DIRECTION('',(0.,0.,1.));
#8744 = DIRECTION('',(1.,0.,-0.));
#8745 = PCURVE('',#8104,#8746);
#8746 = DEFINITIONAL_REPRESENTATION('',(#8747),#8751);
#8747 = CIRCLE('',#8748,0.3874);
#8748 = AXIS2_PLACEMENT_2D('',#8749,#8750);
#8749 = CARTESIAN_POINT('',(-0.5715,1.785929183369));
#8750 = DIRECTION('',(1.,0.));
#8751 = ( GEOMETRIC_REPRESENTATION_CONTEXT(2) 
PARAMETRIC_REPRESENTATION_CONTEXT() REPRESENTATION_CONTEXT('2D SPACE',''
  ) );
#8752 = PCURVE('',#8753,#8758);
#8753 = CYLINDRICAL_SURFACE('',#8754,0.3874);
#8754 = AXIS2_PLACEMENT_3D('',#8755,#8756,#8757);
#8755 = CARTESIAN_POINT('',(-0.5715,1.981,0.3));
#8756 = DIRECTION('',(0.,0.,1.));
#8757 = DIRECTION('',(1.,0.,-0.));
#8758 = DEFINITIONAL_REPRESENTATION('',(#8759),#8763);
#8759 = LINE('',#8760,#8761);
#8760 = CARTESIAN_POINT('',(0.,0.1));
#8761 = VECTOR('',#8762,1.);
#8762 = DIRECTION('',(1.,0.));
#8763 = ( GEOMETRIC_REPRESENTATION_CONTEXT(2) 
PARAMETRIC_REPRESENTATION_CONTEXT() REPRESENTATION_CONTEXT('2D SPACE',''
  ) );
#8764 = FACE_BOUND('',#8765,.F.);
#8765 = EDGE_LOOP('',(#8766));
#8766 = ORIENTED_EDGE('',*,*,#8767,.F.);
#8767 = EDGE_CURVE('',#8768,#8768,#8770,.T.);
#8768 = VERTEX_POINT('',#8769);
#8769 = CARTESIAN_POINT('',(0.9589,-9.488563399794E-17,0.4));
#8770 = SURFACE_CURVE('',#8771,(#8776,#8783),.PCURVE_S1.);
#8771 = CIRCLE('',#8772,0.3874);
#8772 = AXIS2_PLACEMENT_3D('',#8773,#8774,#8775);
#8773 = CARTESIAN_POINT('',(0.5715,0.,0.4));
#8774 = DIRECTION('',(0.,0.,1.));
#8775 = DIRECTION('',(1.,0.,-0.));
#8776 = PCURVE('',#8104,#8777);
#8777 = DEFINITIONAL_REPRESENTATION('',(#8778),#8782);
#8778 = CIRCLE('',#8779,0.3874);
#8779 = AXIS2_PLACEMENT_2D('',#8780,#8781);
#8780 = CARTESIAN_POINT('',(0.5715,-0.195070816631));
#8781 = DIRECTION('',(1.,0.));
#8782 = ( GEOMETRIC_REPRESENTATION_CONTEXT(2) 
PARAMETRIC_REPRESENTATION_CONTEXT() REPRESENTATION_CONTEXT('2D SPACE',''
  ) );
#8783 = PCURVE('',#8784,#8789);
#8784 = CYLINDRICAL_SURFACE('',#8785,0.3874);
#8785 = AXIS2_PLACEMENT_3D('',#8786,#8787,#8788);
#8786 = CARTESIAN_POINT('',(0.5715,0.,0.3));
#8787 = DIRECTION('',(0.,0.,1.));
#8788 = DIRECTION('',(1.,0.,-0.));
#8789 = DEFINITIONAL_REPRESENTATION('',(#8790),#8794);
#8790 = LINE('',#8791,#8792);
#8791 = CARTESIAN_POINT('',(0.,0.1));
#8792 = VECTOR('',#8793,1.);
#8793 = DIRECTION('',(1.,0.));
#8794 = ( GEOMETRIC_REPRESENTATION_CONTEXT(2) 
PARAMETRIC_REPRESENTATION_CONTEXT() REPRESENTATION_CONTEXT('2D SPACE',''
  ) );
#8795 = FACE_BOUND('',#8796,.F.);
#8796 = EDGE_LOOP('',(#8797));
#8797 = ORIENTED_EDGE('',*,*,#8798,.F.);
#8798 = EDGE_CURVE('',#8799,#8799,#8801,.T.);
#8799 = VERTEX_POINT('',#8800);
#8800 = CARTESIAN_POINT('',(3.2449,-9.488563399794E-17,0.4));
#8801 = SURFACE_CURVE('',#8802,(#8807,#8814),.PCURVE_S1.);
#8802 = CIRCLE('',#8803,0.3874);
#8803 = AXIS2_PLACEMENT_3D('',#8804,#8805,#8806);
#8804 = CARTESIAN_POINT('',(2.8575,0.,0.4));
#8805 = DIRECTION('',(0.,0.,1.));
#8806 = DIRECTION('',(1.,0.,-0.));
#8807 = PCURVE('',#8104,#8808);
#8808 = DEFINITIONAL_REPRESENTATION('',(#8809),#8813);
#8809 = CIRCLE('',#8810,0.3874);
#8810 = AXIS2_PLACEMENT_2D('',#8811,#8812);
#8811 = CARTESIAN_POINT('',(2.8575,-0.195070816631));
#8812 = DIRECTION('',(1.,0.));
#8813 = ( GEOMETRIC_REPRESENTATION_CONTEXT(2) 
PARAMETRIC_REPRESENTATION_CONTEXT() REPRESENTATION_CONTEXT('2D SPACE',''
  ) );
#8814 = PCURVE('',#8815,#8820);
#8815 = CYLINDRICAL_SURFACE('',#8816,0.3874);
#8816 = AXIS2_PLACEMENT_3D('',#8817,#8818,#8819);
#8817 = CARTESIAN_POINT('',(2.8575,0.,0.3));
#8818 = DIRECTION('',(0.,0.,1.));
#8819 = DIRECTION('',(1.,0.,-0.));
#8820 = DEFINITIONAL_REPRESENTATION('',(#8821),#8825);
#8821 = LINE('',#8822,#8823);
#8822 = CARTESIAN_POINT('',(0.,0.1));
#8823 = VECTOR('',#8824,1.);
#8824 = DIRECTION('',(1.,0.));
#8825 = ( GEOMETRIC_REPRESENTATION_CONTEXT(2) 
PARAMETRIC_REPRESENTATION_CONTEXT() REPRESENTATION_CONTEXT('2D SPACE',''
  ) );
#8826 = FACE_BOUND('',#8827,.F.);
#8827 = EDGE_LOOP('',(#8828));
#8828 = ORIENTED_EDGE('',*,*,#8829,.F.);
#8829 = EDGE_CURVE('',#8830,#8830,#8832,.T.);
#8830 = VERTEX_POINT('',#8831);
#8831 = CARTESIAN_POINT('',(5.5309,-9.488563399794E-17,0.4));
#8832 = SURFACE_CURVE('',#8833,(#8838,#8845),.PCURVE_S1.);
#8833 = CIRCLE('',#8834,0.3874);
#8834 = AXIS2_PLACEMENT_3D('',#8835,#8836,#8837);
#8835 = CARTESIAN_POINT('',(5.1435,0.,0.4));
#8836 = DIRECTION('',(0.,0.,1.));
#8837 = DIRECTION('',(1.,0.,-0.));
#8838 = PCURVE('',#8104,#8839);
#8839 = DEFINITIONAL_REPRESENTATION('',(#8840),#8844);
#8840 = CIRCLE('',#8841,0.3874);
#8841 = AXIS2_PLACEMENT_2D('',#8842,#8843);
#8842 = CARTESIAN_POINT('',(5.1435,-0.195070816631));
#8843 = DIRECTION('',(1.,0.));
#8844 = ( GEOMETRIC_REPRESENTATION_CONTEXT(2) 
PARAMETRIC_REPRESENTATION_CONTEXT() REPRESENTATION_CONTEXT('2D SPACE',''
  ) );
#8845 = PCURVE('',#8846,#8851);
#8846 = CYLINDRICAL_SURFACE('',#8847,0.3874);
#8847 = AXIS2_PLACEMENT_3D('',#8848,#8849,#8850);
#8848 = CARTESIAN_POINT('',(5.1435,0.,0.3));
#8849 = DIRECTION('',(0.,0.,1.));
#8850 = DIRECTION('',(1.,0.,-0.));
#8851 = DEFINITIONAL_REPRESENTATION('',(#8852),#8856);
#8852 = LINE('',#8853,#8854);
#8853 = CARTESIAN_POINT('',(0.,0.1));
#8854 = VECTOR('',#8855,1.);
#8855 = DIRECTION('',(1.,0.));
#8856 = ( GEOMETRIC_REPRESENTATION_CONTEXT(2) 
PARAMETRIC_REPRESENTATION_CONTEXT() REPRESENTATION_CONTEXT('2D SPACE',''
  ) );
#8857 = FACE_BOUND('',#8858,.F.);
#8858 = EDGE_LOOP('',(#8859));
#8859 = ORIENTED_EDGE('',*,*,#8860,.F.);
#8860 = EDGE_CURVE('',#8861,#8861,#8863,.T.);
#8861 = VERTEX_POINT('',#8862);
#8862 = CARTESIAN_POINT('',(2.1019,1.981,0.4));
#8863 = SURFACE_CURVE('',#8864,(#8869,#8876),.PCURVE_S1.);
#8864 = CIRCLE('',#8865,0.3874);
#8865 = AXIS2_PLACEMENT_3D('',#8866,#8867,#8868);
#8866 = CARTESIAN_POINT('',(1.7145,1.981,0.4));
#8867 = DIRECTION('',(0.,0.,1.));
#8868 = DIRECTION('',(1.,0.,-0.));
#8869 = PCURVE('',#8104,#8870);
#8870 = DEFINITIONAL_REPRESENTATION('',(#8871),#8875);
#8871 = CIRCLE('',#8872,0.3874);
#8872 = AXIS2_PLACEMENT_2D('',#8873,#8874);
#8873 = CARTESIAN_POINT('',(1.7145,1.785929183369));
#8874 = DIRECTION('',(1.,0.));
#8875 = ( GEOMETRIC_REPRESENTATION_CONTEXT(2) 
PARAMETRIC_REPRESENTATION_CONTEXT() REPRESENTATION_CONTEXT('2D SPACE',''
  ) );
#8876 = PCURVE('',#8877,#8882);
#8877 = CYLINDRICAL_SURFACE('',#8878,0.3874);
#8878 = AXIS2_PLACEMENT_3D('',#8879,#8880,#8881);
#8879 = CARTESIAN_POINT('',(1.7145,1.981,0.3));
#8880 = DIRECTION('',(0.,0.,1.));
#8881 = DIRECTION('',(1.,0.,-0.));
#8882 = DEFINITIONAL_REPRESENTATION('',(#8883),#8887);
#8883 = LINE('',#8884,#8885);
#8884 = CARTESIAN_POINT('',(0.,0.1));
#8885 = VECTOR('',#8886,1.);
#8886 = DIRECTION('',(1.,0.));
#8887 = ( GEOMETRIC_REPRESENTATION_CONTEXT(2) 
PARAMETRIC_REPRESENTATION_CONTEXT() REPRESENTATION_CONTEXT('2D SPACE',''
  ) );
#8888 = FACE_BOUND('',#8889,.F.);
#8889 = EDGE_LOOP('',(#8890));
#8890 = ORIENTED_EDGE('',*,*,#8891,.F.);
#8891 = EDGE_CURVE('',#8892,#8892,#8894,.T.);
#8892 = VERTEX_POINT('',#8893);
#8893 = CARTESIAN_POINT('',(4.3879,1.981,0.4));
#8894 = SURFACE_CURVE('',#8895,(#8900,#8907),.PCURVE_S1.);
#8895 = CIRCLE('',#8896,0.3874);
#8896 = AXIS2_PLACEMENT_3D('',#8897,#8898,#8899);
#8897 = CARTESIAN_POINT('',(4.0005,1.981,0.4));
#8898 = DIRECTION('',(0.,0.,1.));
#8899 = DIRECTION('',(1.,0.,-0.));
#8900 = PCURVE('',#8104,#8901);
#8901 = DEFINITIONAL_REPRESENTATION('',(#8902),#8906);
#8902 = CIRCLE('',#8903,0.3874);
#8903 = AXIS2_PLACEMENT_2D('',#8904,#8905);
#8904 = CARTESIAN_POINT('',(4.0005,1.785929183369));
#8905 = DIRECTION('',(1.,0.));
#8906 = ( GEOMETRIC_REPRESENTATION_CONTEXT(2) 
PARAMETRIC_REPRESENTATION_CONTEXT() REPRESENTATION_CONTEXT('2D SPACE',''
  ) );
#8907 = PCURVE('',#8908,#8913);
#8908 = CYLINDRICAL_SURFACE('',#8909,0.3874);
#8909 = AXIS2_PLACEMENT_3D('',#8910,#8911,#8912);
#8910 = CARTESIAN_POINT('',(4.0005,1.981,0.3));
#8911 = DIRECTION('',(0.,0.,1.));
#8912 = DIRECTION('',(1.,0.,-0.));
#8913 = DEFINITIONAL_REPRESENTATION('',(#8914),#8918);
#8914 = LINE('',#8915,#8916);
#8915 = CARTESIAN_POINT('',(0.,0.1));
#8916 = VECTOR('',#8917,1.);
#8917 = DIRECTION('',(1.,0.));
#8918 = ( GEOMETRIC_REPRESENTATION_CONTEXT(2) 
PARAMETRIC_REPRESENTATION_CONTEXT() REPRESENTATION_CONTEXT('2D SPACE',''
  ) );
#8919 = ADVANCED_FACE('',(#8920),#8474,.F.);
#8920 = FACE_BOUND('',#8921,.F.);
#8921 = EDGE_LOOP('',(#8922,#8945,#8972,#8973));
#8922 = ORIENTED_EDGE('',*,*,#8923,.T.);
#8923 = EDGE_CURVE('',#8458,#8924,#8926,.T.);
#8924 = VERTEX_POINT('',#8925);
#8925 = CARTESIAN_POINT('',(-4.7561,-1.981,5.4));
#8926 = SEAM_CURVE('',#8927,(#8931,#8938),.PCURVE_S1.);
#8927 = LINE('',#8928,#8929);
#8928 = CARTESIAN_POINT('',(-4.7561,-1.981,0.3));
#8929 = VECTOR('',#8930,1.);
#8930 = DIRECTION('',(0.,0.,1.));
#8931 = PCURVE('',#8474,#8932);
#8932 = DEFINITIONAL_REPRESENTATION('',(#8933),#8937);
#8933 = LINE('',#8934,#8935);
#8934 = CARTESIAN_POINT('',(6.28318530718,-0.));
#8935 = VECTOR('',#8936,1.);
#8936 = DIRECTION('',(0.,1.));
#8937 = ( GEOMETRIC_REPRESENTATION_CONTEXT(2) 
PARAMETRIC_REPRESENTATION_CONTEXT() REPRESENTATION_CONTEXT('2D SPACE',''
  ) );
#8938 = PCURVE('',#8474,#8939);
#8939 = DEFINITIONAL_REPRESENTATION('',(#8940),#8944);
#8940 = LINE('',#8941,#8942);
#8941 = CARTESIAN_POINT('',(0.,-0.));
#8942 = VECTOR('',#8943,1.);
#8943 = DIRECTION('',(0.,1.));
#8944 = ( GEOMETRIC_REPRESENTATION_CONTEXT(2) 
PARAMETRIC_REPRESENTATION_CONTEXT() REPRESENTATION_CONTEXT('2D SPACE',''
  ) );
#8945 = ORIENTED_EDGE('',*,*,#8946,.F.);
#8946 = EDGE_CURVE('',#8924,#8924,#8947,.T.);
#8947 = SURFACE_CURVE('',#8948,(#8953,#8960),.PCURVE_S1.);
#8948 = CIRCLE('',#8949,0.3874);
#8949 = AXIS2_PLACEMENT_3D('',#8950,#8951,#8952);
#8950 = CARTESIAN_POINT('',(-5.1435,-1.981,5.4));
#8951 = DIRECTION('',(0.,0.,1.));
#8952 = DIRECTION('',(1.,0.,-0.));
#8953 = PCURVE('',#8474,#8954);
#8954 = DEFINITIONAL_REPRESENTATION('',(#8955),#8959);
#8955 = LINE('',#8956,#8957);
#8956 = CARTESIAN_POINT('',(0.,5.1));
#8957 = VECTOR('',#8958,1.);
#8958 = DIRECTION('',(1.,0.));
#8959 = ( GEOMETRIC_REPRESENTATION_CONTEXT(2) 
PARAMETRIC_REPRESENTATION_CONTEXT() REPRESENTATION_CONTEXT('2D SPACE',''
  ) );
#8960 = PCURVE('',#8961,#8966);
#8961 = PLANE('',#8962);
#8962 = AXIS2_PLACEMENT_3D('',#8963,#8964,#8965);
#8963 = CARTESIAN_POINT('',(-5.1435,-1.981,5.4));
#8964 = DIRECTION('',(0.,0.,1.));
#8965 = DIRECTION('',(1.,0.,-0.));
#8966 = DEFINITIONAL_REPRESENTATION('',(#8967),#8971);
#8967 = CIRCLE('',#8968,0.3874);
#8968 = AXIS2_PLACEMENT_2D('',#8969,#8970);
#8969 = CARTESIAN_POINT('',(0.,0.));
#8970 = DIRECTION('',(1.,0.));
#8971 = ( GEOMETRIC_REPRESENTATION_CONTEXT(2) 
PARAMETRIC_REPRESENTATION_CONTEXT() REPRESENTATION_CONTEXT('2D SPACE',''
  ) );
#8972 = ORIENTED_EDGE('',*,*,#8923,.F.);
#8973 = ORIENTED_EDGE('',*,*,#8457,.T.);
#8974 = ADVANCED_FACE('',(#8975),#8505,.F.);
#8975 = FACE_BOUND('',#8976,.F.);
#8976 = EDGE_LOOP('',(#8977,#9000,#9027,#9028));
#8977 = ORIENTED_EDGE('',*,*,#8978,.T.);
#8978 = EDGE_CURVE('',#8489,#8979,#8981,.T.);
#8979 = VERTEX_POINT('',#8980);
#8980 = CARTESIAN_POINT('',(-2.4701,-1.981,5.4));
#8981 = SEAM_CURVE('',#8982,(#8986,#8993),.PCURVE_S1.);
#8982 = LINE('',#8983,#8984);
#8983 = CARTESIAN_POINT('',(-2.4701,-1.981,0.3));
#8984 = VECTOR('',#8985,1.);
#8985 = DIRECTION('',(0.,0.,1.));
#8986 = PCURVE('',#8505,#8987);
#8987 = DEFINITIONAL_REPRESENTATION('',(#8988),#8992);
#8988 = LINE('',#8989,#8990);
#8989 = CARTESIAN_POINT('',(6.28318530718,-0.));
#8990 = VECTOR('',#8991,1.);
#8991 = DIRECTION('',(0.,1.));
#8992 = ( GEOMETRIC_REPRESENTATION_CONTEXT(2) 
PARAMETRIC_REPRESENTATION_CONTEXT() REPRESENTATION_CONTEXT('2D SPACE',''
  ) );
#8993 = PCURVE('',#8505,#8994);
#8994 = DEFINITIONAL_REPRESENTATION('',(#8995),#8999);
#8995 = LINE('',#8996,#8997);
#8996 = CARTESIAN_POINT('',(0.,-0.));
#8997 = VECTOR('',#8998,1.);
#8998 = DIRECTION('',(0.,1.));
#8999 = ( GEOMETRIC_REPRESENTATION_CONTEXT(2) 
PARAMETRIC_REPRESENTATION_CONTEXT() REPRESENTATION_CONTEXT('2D SPACE',''
  ) );
#9000 = ORIENTED_EDGE('',*,*,#9001,.F.);
#9001 = EDGE_CURVE('',#8979,#8979,#9002,.T.);
#9002 = SURFACE_CURVE('',#9003,(#9008,#9015),.PCURVE_S1.);
#9003 = CIRCLE('',#9004,0.3874);
#9004 = AXIS2_PLACEMENT_3D('',#9005,#9006,#9007);
#9005 = CARTESIAN_POINT('',(-2.8575,-1.981,5.4));
#9006 = DIRECTION('',(0.,0.,1.));
#9007 = DIRECTION('',(1.,0.,-0.));
#9008 = PCURVE('',#8505,#9009);
#9009 = DEFINITIONAL_REPRESENTATION('',(#9010),#9014);
#9010 = LINE('',#9011,#9012);
#9011 = CARTESIAN_POINT('',(0.,5.1));
#9012 = VECTOR('',#9013,1.);
#9013 = DIRECTION('',(1.,0.));
#9014 = ( GEOMETRIC_REPRESENTATION_CONTEXT(2) 
PARAMETRIC_REPRESENTATION_CONTEXT() REPRESENTATION_CONTEXT('2D SPACE',''
  ) );
#9015 = PCURVE('',#9016,#9021);
#9016 = PLANE('',#9017);
#9017 = AXIS2_PLACEMENT_3D('',#9018,#9019,#9020);
#9018 = CARTESIAN_POINT('',(-2.8575,-1.981,5.4));
#9019 = DIRECTION('',(0.,0.,1.));
#9020 = DIRECTION('',(1.,0.,-0.));
#9021 = DEFINITIONAL_REPRESENTATION('',(#9022),#9026);
#9022 = CIRCLE('',#9023,0.3874);
#9023 = AXIS2_PLACEMENT_2D('',#9024,#9025);
#9024 = CARTESIAN_POINT('',(0.,0.));
#9025 = DIRECTION('',(1.,0.));
#9026 = ( GEOMETRIC_REPRESENTATION_CONTEXT(2) 
PARAMETRIC_REPRESENTATION_CONTEXT() REPRESENTATION_CONTEXT('2D SPACE',''
  ) );
#9027 = ORIENTED_EDGE('',*,*,#8978,.F.);
#9028 = ORIENTED_EDGE('',*,*,#8488,.T.);
#9029 = ADVANCED_FACE('',(#9030),#8536,.F.);
#9030 = FACE_BOUND('',#9031,.F.);
#9031 = EDGE_LOOP('',(#9032,#9055,#9082,#9083));
#9032 = ORIENTED_EDGE('',*,*,#9033,.T.);
#9033 = EDGE_CURVE('',#8520,#9034,#9036,.T.);
#9034 = VERTEX_POINT('',#9035);
#9035 = CARTESIAN_POINT('',(-0.1841,-1.981,5.4));
#9036 = SEAM_CURVE('',#9037,(#9041,#9048),.PCURVE_S1.);
#9037 = LINE('',#9038,#9039);
#9038 = CARTESIAN_POINT('',(-0.1841,-1.981,0.3));
#9039 = VECTOR('',#9040,1.);
#9040 = DIRECTION('',(0.,0.,1.));
#9041 = PCURVE('',#8536,#9042);
#9042 = DEFINITIONAL_REPRESENTATION('',(#9043),#9047);
#9043 = LINE('',#9044,#9045);
#9044 = CARTESIAN_POINT('',(6.28318530718,-0.));
#9045 = VECTOR('',#9046,1.);
#9046 = DIRECTION('',(0.,1.));
#9047 = ( GEOMETRIC_REPRESENTATION_CONTEXT(2) 
PARAMETRIC_REPRESENTATION_CONTEXT() REPRESENTATION_CONTEXT('2D SPACE',''
  ) );
#9048 = PCURVE('',#8536,#9049);
#9049 = DEFINITIONAL_REPRESENTATION('',(#9050),#9054);
#9050 = LINE('',#9051,#9052);
#9051 = CARTESIAN_POINT('',(0.,-0.));
#9052 = VECTOR('',#9053,1.);
#9053 = DIRECTION('',(0.,1.));
#9054 = ( GEOMETRIC_REPRESENTATION_CONTEXT(2) 
PARAMETRIC_REPRESENTATION_CONTEXT() REPRESENTATION_CONTEXT('2D SPACE',''
  ) );
#9055 = ORIENTED_EDGE('',*,*,#9056,.F.);
#9056 = EDGE_CURVE('',#9034,#9034,#9057,.T.);
#9057 = SURFACE_CURVE('',#9058,(#9063,#9070),.PCURVE_S1.);
#9058 = CIRCLE('',#9059,0.3874);
#9059 = AXIS2_PLACEMENT_3D('',#9060,#9061,#9062);
#9060 = CARTESIAN_POINT('',(-0.5715,-1.981,5.4));
#9061 = DIRECTION('',(0.,0.,1.));
#9062 = DIRECTION('',(1.,0.,-0.));
#9063 = PCURVE('',#8536,#9064);
#9064 = DEFINITIONAL_REPRESENTATION('',(#9065),#9069);
#9065 = LINE('',#9066,#9067);
#9066 = CARTESIAN_POINT('',(0.,5.1));
#9067 = VECTOR('',#9068,1.);
#9068 = DIRECTION('',(1.,0.));
#9069 = ( GEOMETRIC_REPRESENTATION_CONTEXT(2) 
PARAMETRIC_REPRESENTATION_CONTEXT() REPRESENTATION_CONTEXT('2D SPACE',''
  ) );
#9070 = PCURVE('',#9071,#9076);
#9071 = PLANE('',#9072);
#9072 = AXIS2_PLACEMENT_3D('',#9073,#9074,#9075);
#9073 = CARTESIAN_POINT('',(-0.5715,-1.981,5.4));
#9074 = DIRECTION('',(0.,0.,1.));
#9075 = DIRECTION('',(1.,0.,-0.));
#9076 = DEFINITIONAL_REPRESENTATION('',(#9077),#9081);
#9077 = CIRCLE('',#9078,0.3874);
#9078 = AXIS2_PLACEMENT_2D('',#9079,#9080);
#9079 = CARTESIAN_POINT('',(0.,0.));
#9080 = DIRECTION('',(1.,0.));
#9081 = ( GEOMETRIC_REPRESENTATION_CONTEXT(2) 
PARAMETRIC_REPRESENTATION_CONTEXT() REPRESENTATION_CONTEXT('2D SPACE',''
  ) );
#9082 = ORIENTED_EDGE('',*,*,#9033,.F.);
#9083 = ORIENTED_EDGE('',*,*,#8519,.T.);
#9084 = ADVANCED_FACE('',(#9085),#8567,.F.);
#9085 = FACE_BOUND('',#9086,.F.);
#9086 = EDGE_LOOP('',(#9087,#9110,#9137,#9138));
#9087 = ORIENTED_EDGE('',*,*,#9088,.T.);
#9088 = EDGE_CURVE('',#8551,#9089,#9091,.T.);
#9089 = VERTEX_POINT('',#9090);
#9090 = CARTESIAN_POINT('',(2.1019,-1.981,5.4));
#9091 = SEAM_CURVE('',#9092,(#9096,#9103),.PCURVE_S1.);
#9092 = LINE('',#9093,#9094);
#9093 = CARTESIAN_POINT('',(2.1019,-1.981,0.3));
#9094 = VECTOR('',#9095,1.);
#9095 = DIRECTION('',(0.,0.,1.));
#9096 = PCURVE('',#8567,#9097);
#9097 = DEFINITIONAL_REPRESENTATION('',(#9098),#9102);
#9098 = LINE('',#9099,#9100);
#9099 = CARTESIAN_POINT('',(6.28318530718,-0.));
#9100 = VECTOR('',#9101,1.);
#9101 = DIRECTION('',(0.,1.));
#9102 = ( GEOMETRIC_REPRESENTATION_CONTEXT(2) 
PARAMETRIC_REPRESENTATION_CONTEXT() REPRESENTATION_CONTEXT('2D SPACE',''
  ) );
#9103 = PCURVE('',#8567,#9104);
#9104 = DEFINITIONAL_REPRESENTATION('',(#9105),#9109);
#9105 = LINE('',#9106,#9107);
#9106 = CARTESIAN_POINT('',(0.,-0.));
#9107 = VECTOR('',#9108,1.);
#9108 = DIRECTION('',(0.,1.));
#9109 = ( GEOMETRIC_REPRESENTATION_CONTEXT(2) 
PARAMETRIC_REPRESENTATION_CONTEXT() REPRESENTATION_CONTEXT('2D SPACE',''
  ) );
#9110 = ORIENTED_EDGE('',*,*,#9111,.F.);
#9111 = EDGE_CURVE('',#9089,#9089,#9112,.T.);
#9112 = SURFACE_CURVE('',#9113,(#9118,#9125),.PCURVE_S1.);
#9113 = CIRCLE('',#9114,0.3874);
#9114 = AXIS2_PLACEMENT_3D('',#9115,#9116,#9117);
#9115 = CARTESIAN_POINT('',(1.7145,-1.981,5.4));
#9116 = DIRECTION('',(0.,0.,1.));
#9117 = DIRECTION('',(1.,0.,-0.));
#9118 = PCURVE('',#8567,#9119);
#9119 = DEFINITIONAL_REPRESENTATION('',(#9120),#9124);
#9120 = LINE('',#9121,#9122);
#9121 = CARTESIAN_POINT('',(0.,5.1));
#9122 = VECTOR('',#9123,1.);
#9123 = DIRECTION('',(1.,0.));
#9124 = ( GEOMETRIC_REPRESENTATION_CONTEXT(2) 
PARAMETRIC_REPRESENTATION_CONTEXT() REPRESENTATION_CONTEXT('2D SPACE',''
  ) );
#9125 = PCURVE('',#9126,#9131);
#9126 = PLANE('',#9127);
#9127 = AXIS2_PLACEMENT_3D('',#9128,#9129,#9130);
#9128 = CARTESIAN_POINT('',(1.7145,-1.981,5.4));
#9129 = DIRECTION('',(0.,0.,1.));
#9130 = DIRECTION('',(1.,0.,-0.));
#9131 = DEFINITIONAL_REPRESENTATION('',(#9132),#9136);
#9132 = CIRCLE('',#9133,0.3874);
#9133 = AXIS2_PLACEMENT_2D('',#9134,#9135);
#9134 = CARTESIAN_POINT('',(0.,0.));
#9135 = DIRECTION('',(1.,0.));
#9136 = ( GEOMETRIC_REPRESENTATION_CONTEXT(2) 
PARAMETRIC_REPRESENTATION_CONTEXT() REPRESENTATION_CONTEXT('2D SPACE',''
  ) );
#9137 = ORIENTED_EDGE('',*,*,#9088,.F.);
#9138 = ORIENTED_EDGE('',*,*,#8550,.T.);
#9139 = ADVANCED_FACE('',(#9140),#8598,.F.);
#9140 = FACE_BOUND('',#9141,.F.);
#9141 = EDGE_LOOP('',(#9142,#9165,#9192,#9193));
#9142 = ORIENTED_EDGE('',*,*,#9143,.T.);
#9143 = EDGE_CURVE('',#8582,#9144,#9146,.T.);
#9144 = VERTEX_POINT('',#9145);
#9145 = CARTESIAN_POINT('',(4.3879,-1.981,5.4));
#9146 = SEAM_CURVE('',#9147,(#9151,#9158),.PCURVE_S1.);
#9147 = LINE('',#9148,#9149);
#9148 = CARTESIAN_POINT('',(4.3879,-1.981,0.3));
#9149 = VECTOR('',#9150,1.);
#9150 = DIRECTION('',(0.,0.,1.));
#9151 = PCURVE('',#8598,#9152);
#9152 = DEFINITIONAL_REPRESENTATION('',(#9153),#9157);
#9153 = LINE('',#9154,#9155);
#9154 = CARTESIAN_POINT('',(6.28318530718,-0.));
#9155 = VECTOR('',#9156,1.);
#9156 = DIRECTION('',(0.,1.));
#9157 = ( GEOMETRIC_REPRESENTATION_CONTEXT(2) 
PARAMETRIC_REPRESENTATION_CONTEXT() REPRESENTATION_CONTEXT('2D SPACE',''
  ) );
#9158 = PCURVE('',#8598,#9159);
#9159 = DEFINITIONAL_REPRESENTATION('',(#9160),#9164);
#9160 = LINE('',#9161,#9162);
#9161 = CARTESIAN_POINT('',(0.,-0.));
#9162 = VECTOR('',#9163,1.);
#9163 = DIRECTION('',(0.,1.));
#9164 = ( GEOMETRIC_REPRESENTATION_CONTEXT(2) 
PARAMETRIC_REPRESENTATION_CONTEXT() REPRESENTATION_CONTEXT('2D SPACE',''
  ) );
#9165 = ORIENTED_EDGE('',*,*,#9166,.F.);
#9166 = EDGE_CURVE('',#9144,#9144,#9167,.T.);
#9167 = SURFACE_CURVE('',#9168,(#9173,#9180),.PCURVE_S1.);
#9168 = CIRCLE('',#9169,0.3874);
#9169 = AXIS2_PLACEMENT_3D('',#9170,#9171,#9172);
#9170 = CARTESIAN_POINT('',(4.0005,-1.981,5.4));
#9171 = DIRECTION('',(0.,0.,1.));
#9172 = DIRECTION('',(1.,0.,-0.));
#9173 = PCURVE('',#8598,#9174);
#9174 = DEFINITIONAL_REPRESENTATION('',(#9175),#9179);
#9175 = LINE('',#9176,#9177);
#9176 = CARTESIAN_POINT('',(0.,5.1));
#9177 = VECTOR('',#9178,1.);
#9178 = DIRECTION('',(1.,0.));
#9179 = ( GEOMETRIC_REPRESENTATION_CONTEXT(2) 
PARAMETRIC_REPRESENTATION_CONTEXT() REPRESENTATION_CONTEXT('2D SPACE',''
  ) );
#9180 = PCURVE('',#9181,#9186);
#9181 = PLANE('',#9182);
#9182 = AXIS2_PLACEMENT_3D('',#9183,#9184,#9185);
#9183 = CARTESIAN_POINT('',(4.0005,-1.981,5.4));
#9184 = DIRECTION('',(0.,0.,1.));
#9185 = DIRECTION('',(1.,0.,-0.));
#9186 = DEFINITIONAL_REPRESENTATION('',(#9187),#9191);
#9187 = CIRCLE('',#9188,0.3874);
#9188 = AXIS2_PLACEMENT_2D('',#9189,#9190);
#9189 = CARTESIAN_POINT('',(0.,0.));
#9190 = DIRECTION('',(1.,0.));
#9191 = ( GEOMETRIC_REPRESENTATION_CONTEXT(2) 
PARAMETRIC_REPRESENTATION_CONTEXT() REPRESENTATION_CONTEXT('2D SPACE',''
  ) );
#9192 = ORIENTED_EDGE('',*,*,#9143,.F.);
#9193 = ORIENTED_EDGE('',*,*,#8581,.T.);
#9194 = ADVANCED_FACE('',(#9195),#8629,.F.);
#9195 = FACE_BOUND('',#9196,.F.);
#9196 = EDGE_LOOP('',(#9197,#9220,#9247,#9248));
#9197 = ORIENTED_EDGE('',*,*,#9198,.T.);
#9198 = EDGE_CURVE('',#8613,#9199,#9201,.T.);
#9199 = VERTEX_POINT('',#9200);
#9200 = CARTESIAN_POINT('',(-3.6131,-9.488563399794E-17,5.4));
#9201 = SEAM_CURVE('',#9202,(#9206,#9213),.PCURVE_S1.);
#9202 = LINE('',#9203,#9204);
#9203 = CARTESIAN_POINT('',(-3.6131,-9.488563399794E-17,0.3));
#9204 = VECTOR('',#9205,1.);
#9205 = DIRECTION('',(0.,0.,1.));
#9206 = PCURVE('',#8629,#9207);
#9207 = DEFINITIONAL_REPRESENTATION('',(#9208),#9212);
#9208 = LINE('',#9209,#9210);
#9209 = CARTESIAN_POINT('',(6.28318530718,-0.));
#9210 = VECTOR('',#9211,1.);
#9211 = DIRECTION('',(0.,1.));
#9212 = ( GEOMETRIC_REPRESENTATION_CONTEXT(2) 
PARAMETRIC_REPRESENTATION_CONTEXT() REPRESENTATION_CONTEXT('2D SPACE',''
  ) );
#9213 = PCURVE('',#8629,#9214);
#9214 = DEFINITIONAL_REPRESENTATION('',(#9215),#9219);
#9215 = LINE('',#9216,#9217);
#9216 = CARTESIAN_POINT('',(0.,-0.));
#9217 = VECTOR('',#9218,1.);
#9218 = DIRECTION('',(0.,1.));
#9219 = ( GEOMETRIC_REPRESENTATION_CONTEXT(2) 
PARAMETRIC_REPRESENTATION_CONTEXT() REPRESENTATION_CONTEXT('2D SPACE',''
  ) );
#9220 = ORIENTED_EDGE('',*,*,#9221,.F.);
#9221 = EDGE_CURVE('',#9199,#9199,#9222,.T.);
#9222 = SURFACE_CURVE('',#9223,(#9228,#9235),.PCURVE_S1.);
#9223 = CIRCLE('',#9224,0.3874);
#9224 = AXIS2_PLACEMENT_3D('',#9225,#9226,#9227);
#9225 = CARTESIAN_POINT('',(-4.0005,0.,5.4));
#9226 = DIRECTION('',(0.,0.,1.));
#9227 = DIRECTION('',(1.,0.,-0.));
#9228 = PCURVE('',#8629,#9229);
#9229 = DEFINITIONAL_REPRESENTATION('',(#9230),#9234);
#9230 = LINE('',#9231,#9232);
#9231 = CARTESIAN_POINT('',(0.,5.1));
#9232 = VECTOR('',#9233,1.);
#9233 = DIRECTION('',(1.,0.));
#9234 = ( GEOMETRIC_REPRESENTATION_CONTEXT(2) 
PARAMETRIC_REPRESENTATION_CONTEXT() REPRESENTATION_CONTEXT('2D SPACE',''
  ) );
#9235 = PCURVE('',#9236,#9241);
#9236 = PLANE('',#9237);
#9237 = AXIS2_PLACEMENT_3D('',#9238,#9239,#9240);
#9238 = CARTESIAN_POINT('',(-4.0005,0.,5.4));
#9239 = DIRECTION('',(0.,0.,1.));
#9240 = DIRECTION('',(1.,0.,-0.));
#9241 = DEFINITIONAL_REPRESENTATION('',(#9242),#9246);
#9242 = CIRCLE('',#9243,0.3874);
#9243 = AXIS2_PLACEMENT_2D('',#9244,#9245);
#9244 = CARTESIAN_POINT('',(0.,0.));
#9245 = DIRECTION('',(1.,0.));
#9246 = ( GEOMETRIC_REPRESENTATION_CONTEXT(2) 
PARAMETRIC_REPRESENTATION_CONTEXT() REPRESENTATION_CONTEXT('2D SPACE',''
  ) );
#9247 = ORIENTED_EDGE('',*,*,#9198,.F.);
#9248 = ORIENTED_EDGE('',*,*,#8612,.T.);
#9249 = ADVANCED_FACE('',(#9250),#8660,.F.);
#9250 = FACE_BOUND('',#9251,.F.);
#9251 = EDGE_LOOP('',(#9252,#9275,#9302,#9303));
#9252 = ORIENTED_EDGE('',*,*,#9253,.T.);
#9253 = EDGE_CURVE('',#8644,#9254,#9256,.T.);
#9254 = VERTEX_POINT('',#9255);
#9255 = CARTESIAN_POINT('',(-1.3271,-9.488563399794E-17,5.4));
#9256 = SEAM_CURVE('',#9257,(#9261,#9268),.PCURVE_S1.);
#9257 = LINE('',#9258,#9259);
#9258 = CARTESIAN_POINT('',(-1.3271,-9.488563399794E-17,0.3));
#9259 = VECTOR('',#9260,1.);
#9260 = DIRECTION('',(0.,0.,1.));
#9261 = PCURVE('',#8660,#9262);
#9262 = DEFINITIONAL_REPRESENTATION('',(#9263),#9267);
#9263 = LINE('',#9264,#9265);
#9264 = CARTESIAN_POINT('',(6.28318530718,-0.));
#9265 = VECTOR('',#9266,1.);
#9266 = DIRECTION('',(0.,1.));
#9267 = ( GEOMETRIC_REPRESENTATION_CONTEXT(2) 
PARAMETRIC_REPRESENTATION_CONTEXT() REPRESENTATION_CONTEXT('2D SPACE',''
  ) );
#9268 = PCURVE('',#8660,#9269);
#9269 = DEFINITIONAL_REPRESENTATION('',(#9270),#9274);
#9270 = LINE('',#9271,#9272);
#9271 = CARTESIAN_POINT('',(0.,-0.));
#9272 = VECTOR('',#9273,1.);
#9273 = DIRECTION('',(0.,1.));
#9274 = ( GEOMETRIC_REPRESENTATION_CONTEXT(2) 
PARAMETRIC_REPRESENTATION_CONTEXT() REPRESENTATION_CONTEXT('2D SPACE',''
  ) );
#9275 = ORIENTED_EDGE('',*,*,#9276,.F.);
#9276 = EDGE_CURVE('',#9254,#9254,#9277,.T.);
#9277 = SURFACE_CURVE('',#9278,(#9283,#9290),.PCURVE_S1.);
#9278 = CIRCLE('',#9279,0.3874);
#9279 = AXIS2_PLACEMENT_3D('',#9280,#9281,#9282);
#9280 = CARTESIAN_POINT('',(-1.7145,0.,5.4));
#9281 = DIRECTION('',(0.,0.,1.));
#9282 = DIRECTION('',(1.,0.,-0.));
#9283 = PCURVE('',#8660,#9284);
#9284 = DEFINITIONAL_REPRESENTATION('',(#9285),#9289);
#9285 = LINE('',#9286,#9287);
#9286 = CARTESIAN_POINT('',(0.,5.1));
#9287 = VECTOR('',#9288,1.);
#9288 = DIRECTION('',(1.,0.));
#9289 = ( GEOMETRIC_REPRESENTATION_CONTEXT(2) 
PARAMETRIC_REPRESENTATION_CONTEXT() REPRESENTATION_CONTEXT('2D SPACE',''
  ) );
#9290 = PCURVE('',#9291,#9296);
#9291 = PLANE('',#9292);
#9292 = AXIS2_PLACEMENT_3D('',#9293,#9294,#9295);
#9293 = CARTESIAN_POINT('',(-1.7145,0.,5.4));
#9294 = DIRECTION('',(0.,0.,1.));
#9295 = DIRECTION('',(1.,0.,-0.));
#9296 = DEFINITIONAL_REPRESENTATION('',(#9297),#9301);
#9297 = CIRCLE('',#9298,0.3874);
#9298 = AXIS2_PLACEMENT_2D('',#9299,#9300);
#9299 = CARTESIAN_POINT('',(0.,0.));
#9300 = DIRECTION('',(1.,0.));
#9301 = ( GEOMETRIC_REPRESENTATION_CONTEXT(2) 
PARAMETRIC_REPRESENTATION_CONTEXT() REPRESENTATION_CONTEXT('2D SPACE',''
  ) );
#9302 = ORIENTED_EDGE('',*,*,#9253,.F.);
#9303 = ORIENTED_EDGE('',*,*,#8643,.T.);
#9304 = ADVANCED_FACE('',(#9305),#8691,.F.);
#9305 = FACE_BOUND('',#9306,.F.);
#9306 = EDGE_LOOP('',(#9307,#9330,#9357,#9358));
#9307 = ORIENTED_EDGE('',*,*,#9308,.T.);
#9308 = EDGE_CURVE('',#8675,#9309,#9311,.T.);
#9309 = VERTEX_POINT('',#9310);
#9310 = CARTESIAN_POINT('',(-4.7561,1.981,5.4));
#9311 = SEAM_CURVE('',#9312,(#9316,#9323),.PCURVE_S1.);
#9312 = LINE('',#9313,#9314);
#9313 = CARTESIAN_POINT('',(-4.7561,1.981,0.3));
#9314 = VECTOR('',#9315,1.);
#9315 = DIRECTION('',(0.,0.,1.));
#9316 = PCURVE('',#8691,#9317);
#9317 = DEFINITIONAL_REPRESENTATION('',(#9318),#9322);
#9318 = LINE('',#9319,#9320);
#9319 = CARTESIAN_POINT('',(6.28318530718,-0.));
#9320 = VECTOR('',#9321,1.);
#9321 = DIRECTION('',(0.,1.));
#9322 = ( GEOMETRIC_REPRESENTATION_CONTEXT(2) 
PARAMETRIC_REPRESENTATION_CONTEXT() REPRESENTATION_CONTEXT('2D SPACE',''
  ) );
#9323 = PCURVE('',#8691,#9324);
#9324 = DEFINITIONAL_REPRESENTATION('',(#9325),#9329);
#9325 = LINE('',#9326,#9327);
#9326 = CARTESIAN_POINT('',(0.,-0.));
#9327 = VECTOR('',#9328,1.);
#9328 = DIRECTION('',(0.,1.));
#9329 = ( GEOMETRIC_REPRESENTATION_CONTEXT(2) 
PARAMETRIC_REPRESENTATION_CONTEXT() REPRESENTATION_CONTEXT('2D SPACE',''
  ) );
#9330 = ORIENTED_EDGE('',*,*,#9331,.F.);
#9331 = EDGE_CURVE('',#9309,#9309,#9332,.T.);
#9332 = SURFACE_CURVE('',#9333,(#9338,#9345),.PCURVE_S1.);
#9333 = CIRCLE('',#9334,0.3874);
#9334 = AXIS2_PLACEMENT_3D('',#9335,#9336,#9337);
#9335 = CARTESIAN_POINT('',(-5.1435,1.981,5.4));
#9336 = DIRECTION('',(0.,0.,1.));
#9337 = DIRECTION('',(1.,0.,-0.));
#9338 = PCURVE('',#8691,#9339);
#9339 = DEFINITIONAL_REPRESENTATION('',(#9340),#9344);
#9340 = LINE('',#9341,#9342);
#9341 = CARTESIAN_POINT('',(0.,5.1));
#9342 = VECTOR('',#9343,1.);
#9343 = DIRECTION('',(1.,0.));
#9344 = ( GEOMETRIC_REPRESENTATION_CONTEXT(2) 
PARAMETRIC_REPRESENTATION_CONTEXT() REPRESENTATION_CONTEXT('2D SPACE',''
  ) );
#9345 = PCURVE('',#9346,#9351);
#9346 = PLANE('',#9347);
#9347 = AXIS2_PLACEMENT_3D('',#9348,#9349,#9350);
#9348 = CARTESIAN_POINT('',(-5.1435,1.981,5.4));
#9349 = DIRECTION('',(0.,0.,1.));
#9350 = DIRECTION('',(1.,0.,-0.));
#9351 = DEFINITIONAL_REPRESENTATION('',(#9352),#9356);
#9352 = CIRCLE('',#9353,0.3874);
#9353 = AXIS2_PLACEMENT_2D('',#9354,#9355);
#9354 = CARTESIAN_POINT('',(0.,0.));
#9355 = DIRECTION('',(1.,0.));
#9356 = ( GEOMETRIC_REPRESENTATION_CONTEXT(2) 
PARAMETRIC_REPRESENTATION_CONTEXT() REPRESENTATION_CONTEXT('2D SPACE',''
  ) );
#9357 = ORIENTED_EDGE('',*,*,#9308,.F.);
#9358 = ORIENTED_EDGE('',*,*,#8674,.T.);
#9359 = ADVANCED_FACE('',(#9360),#8722,.F.);
#9360 = FACE_BOUND('',#9361,.F.);
#9361 = EDGE_LOOP('',(#9362,#9385,#9412,#9413));
#9362 = ORIENTED_EDGE('',*,*,#9363,.T.);
#9363 = EDGE_CURVE('',#8706,#9364,#9366,.T.);
#9364 = VERTEX_POINT('',#9365);
#9365 = CARTESIAN_POINT('',(-2.4701,1.981,5.4));
#9366 = SEAM_CURVE('',#9367,(#9371,#9378),.PCURVE_S1.);
#9367 = LINE('',#9368,#9369);
#9368 = CARTESIAN_POINT('',(-2.4701,1.981,0.3));
#9369 = VECTOR('',#9370,1.);
#9370 = DIRECTION('',(0.,0.,1.));
#9371 = PCURVE('',#8722,#9372);
#9372 = DEFINITIONAL_REPRESENTATION('',(#9373),#9377);
#9373 = LINE('',#9374,#9375);
#9374 = CARTESIAN_POINT('',(6.28318530718,-0.));
#9375 = VECTOR('',#9376,1.);
#9376 = DIRECTION('',(0.,1.));
#9377 = ( GEOMETRIC_REPRESENTATION_CONTEXT(2) 
PARAMETRIC_REPRESENTATION_CONTEXT() REPRESENTATION_CONTEXT('2D SPACE',''
  ) );
#9378 = PCURVE('',#8722,#9379);
#9379 = DEFINITIONAL_REPRESENTATION('',(#9380),#9384);
#9380 = LINE('',#9381,#9382);
#9381 = CARTESIAN_POINT('',(0.,-0.));
#9382 = VECTOR('',#9383,1.);
#9383 = DIRECTION('',(0.,1.));
#9384 = ( GEOMETRIC_REPRESENTATION_CONTEXT(2) 
PARAMETRIC_REPRESENTATION_CONTEXT() REPRESENTATION_CONTEXT('2D SPACE',''
  ) );
#9385 = ORIENTED_EDGE('',*,*,#9386,.F.);
#9386 = EDGE_CURVE('',#9364,#9364,#9387,.T.);
#9387 = SURFACE_CURVE('',#9388,(#9393,#9400),.PCURVE_S1.);
#9388 = CIRCLE('',#9389,0.3874);
#9389 = AXIS2_PLACEMENT_3D('',#9390,#9391,#9392);
#9390 = CARTESIAN_POINT('',(-2.8575,1.981,5.4));
#9391 = DIRECTION('',(0.,0.,1.));
#9392 = DIRECTION('',(1.,0.,-0.));
#9393 = PCURVE('',#8722,#9394);
#9394 = DEFINITIONAL_REPRESENTATION('',(#9395),#9399);
#9395 = LINE('',#9396,#9397);
#9396 = CARTESIAN_POINT('',(0.,5.1));
#9397 = VECTOR('',#9398,1.);
#9398 = DIRECTION('',(1.,0.));
#9399 = ( GEOMETRIC_REPRESENTATION_CONTEXT(2) 
PARAMETRIC_REPRESENTATION_CONTEXT() REPRESENTATION_CONTEXT('2D SPACE',''
  ) );
#9400 = PCURVE('',#9401,#9406);
#9401 = PLANE('',#9402);
#9402 = AXIS2_PLACEMENT_3D('',#9403,#9404,#9405);
#9403 = CARTESIAN_POINT('',(-2.8575,1.981,5.4));
#9404 = DIRECTION('',(0.,0.,1.));
#9405 = DIRECTION('',(1.,0.,-0.));
#9406 = DEFINITIONAL_REPRESENTATION('',(#9407),#9411);
#9407 = CIRCLE('',#9408,0.3874);
#9408 = AXIS2_PLACEMENT_2D('',#9409,#9410);
#9409 = CARTESIAN_POINT('',(0.,0.));
#9410 = DIRECTION('',(1.,0.));
#9411 = ( GEOMETRIC_REPRESENTATION_CONTEXT(2) 
PARAMETRIC_REPRESENTATION_CONTEXT() REPRESENTATION_CONTEXT('2D SPACE',''
  ) );
#9412 = ORIENTED_EDGE('',*,*,#9363,.F.);
#9413 = ORIENTED_EDGE('',*,*,#8705,.T.);
#9414 = ADVANCED_FACE('',(#9415),#8753,.F.);
#9415 = FACE_BOUND('',#9416,.F.);
#9416 = EDGE_LOOP('',(#9417,#9440,#9467,#9468));
#9417 = ORIENTED_EDGE('',*,*,#9418,.T.);
#9418 = EDGE_CURVE('',#8737,#9419,#9421,.T.);
#9419 = VERTEX_POINT('',#9420);
#9420 = CARTESIAN_POINT('',(-0.1841,1.981,5.4));
#9421 = SEAM_CURVE('',#9422,(#9426,#9433),.PCURVE_S1.);
#9422 = LINE('',#9423,#9424);
#9423 = CARTESIAN_POINT('',(-0.1841,1.981,0.3));
#9424 = VECTOR('',#9425,1.);
#9425 = DIRECTION('',(0.,0.,1.));
#9426 = PCURVE('',#8753,#9427);
#9427 = DEFINITIONAL_REPRESENTATION('',(#9428),#9432);
#9428 = LINE('',#9429,#9430);
#9429 = CARTESIAN_POINT('',(6.28318530718,-0.));
#9430 = VECTOR('',#9431,1.);
#9431 = DIRECTION('',(0.,1.));
#9432 = ( GEOMETRIC_REPRESENTATION_CONTEXT(2) 
PARAMETRIC_REPRESENTATION_CONTEXT() REPRESENTATION_CONTEXT('2D SPACE',''
  ) );
#9433 = PCURVE('',#8753,#9434);
#9434 = DEFINITIONAL_REPRESENTATION('',(#9435),#9439);
#9435 = LINE('',#9436,#9437);
#9436 = CARTESIAN_POINT('',(0.,-0.));
#9437 = VECTOR('',#9438,1.);
#9438 = DIRECTION('',(0.,1.));
#9439 = ( GEOMETRIC_REPRESENTATION_CONTEXT(2) 
PARAMETRIC_REPRESENTATION_CONTEXT() REPRESENTATION_CONTEXT('2D SPACE',''
  ) );
#9440 = ORIENTED_EDGE('',*,*,#9441,.F.);
#9441 = EDGE_CURVE('',#9419,#9419,#9442,.T.);
#9442 = SURFACE_CURVE('',#9443,(#9448,#9455),.PCURVE_S1.);
#9443 = CIRCLE('',#9444,0.3874);
#9444 = AXIS2_PLACEMENT_3D('',#9445,#9446,#9447);
#9445 = CARTESIAN_POINT('',(-0.5715,1.981,5.4));
#9446 = DIRECTION('',(0.,0.,1.));
#9447 = DIRECTION('',(1.,0.,-0.));
#9448 = PCURVE('',#8753,#9449);
#9449 = DEFINITIONAL_REPRESENTATION('',(#9450),#9454);
#9450 = LINE('',#9451,#9452);
#9451 = CARTESIAN_POINT('',(0.,5.1));
#9452 = VECTOR('',#9453,1.);
#9453 = DIRECTION('',(1.,0.));
#9454 = ( GEOMETRIC_REPRESENTATION_CONTEXT(2) 
PARAMETRIC_REPRESENTATION_CONTEXT() REPRESENTATION_CONTEXT('2D SPACE',''
  ) );
#9455 = PCURVE('',#9456,#9461);
#9456 = PLANE('',#9457);
#9457 = AXIS2_PLACEMENT_3D('',#9458,#9459,#9460);
#9458 = CARTESIAN_POINT('',(-0.5715,1.981,5.4));
#9459 = DIRECTION('',(0.,0.,1.));
#9460 = DIRECTION('',(1.,0.,-0.));
#9461 = DEFINITIONAL_REPRESENTATION('',(#9462),#9466);
#9462 = CIRCLE('',#9463,0.3874);
#9463 = AXIS2_PLACEMENT_2D('',#9464,#9465);
#9464 = CARTESIAN_POINT('',(0.,0.));
#9465 = DIRECTION('',(1.,0.));
#9466 = ( GEOMETRIC_REPRESENTATION_CONTEXT(2) 
PARAMETRIC_REPRESENTATION_CONTEXT() REPRESENTATION_CONTEXT('2D SPACE',''
  ) );
#9467 = ORIENTED_EDGE('',*,*,#9418,.F.);
#9468 = ORIENTED_EDGE('',*,*,#8736,.T.);
#9469 = ADVANCED_FACE('',(#9470),#8784,.F.);
#9470 = FACE_BOUND('',#9471,.F.);
#9471 = EDGE_LOOP('',(#9472,#9495,#9522,#9523));
#9472 = ORIENTED_EDGE('',*,*,#9473,.T.);
#9473 = EDGE_CURVE('',#8768,#9474,#9476,.T.);
#9474 = VERTEX_POINT('',#9475);
#9475 = CARTESIAN_POINT('',(0.9589,-9.488563399794E-17,5.4));
#9476 = SEAM_CURVE('',#9477,(#9481,#9488),.PCURVE_S1.);
#9477 = LINE('',#9478,#9479);
#9478 = CARTESIAN_POINT('',(0.9589,-9.488563399794E-17,0.3));
#9479 = VECTOR('',#9480,1.);
#9480 = DIRECTION('',(0.,0.,1.));
#9481 = PCURVE('',#8784,#9482);
#9482 = DEFINITIONAL_REPRESENTATION('',(#9483),#9487);
#9483 = LINE('',#9484,#9485);
#9484 = CARTESIAN_POINT('',(6.28318530718,-0.));
#9485 = VECTOR('',#9486,1.);
#9486 = DIRECTION('',(0.,1.));
#9487 = ( GEOMETRIC_REPRESENTATION_CONTEXT(2) 
PARAMETRIC_REPRESENTATION_CONTEXT() REPRESENTATION_CONTEXT('2D SPACE',''
  ) );
#9488 = PCURVE('',#8784,#9489);
#9489 = DEFINITIONAL_REPRESENTATION('',(#9490),#9494);
#9490 = LINE('',#9491,#9492);
#9491 = CARTESIAN_POINT('',(0.,-0.));
#9492 = VECTOR('',#9493,1.);
#9493 = DIRECTION('',(0.,1.));
#9494 = ( GEOMETRIC_REPRESENTATION_CONTEXT(2) 
PARAMETRIC_REPRESENTATION_CONTEXT() REPRESENTATION_CONTEXT('2D SPACE',''
  ) );
#9495 = ORIENTED_EDGE('',*,*,#9496,.F.);
#9496 = EDGE_CURVE('',#9474,#9474,#9497,.T.);
#9497 = SURFACE_CURVE('',#9498,(#9503,#9510),.PCURVE_S1.);
#9498 = CIRCLE('',#9499,0.3874);
#9499 = AXIS2_PLACEMENT_3D('',#9500,#9501,#9502);
#9500 = CARTESIAN_POINT('',(0.5715,0.,5.4));
#9501 = DIRECTION('',(0.,0.,1.));
#9502 = DIRECTION('',(1.,0.,-0.));
#9503 = PCURVE('',#8784,#9504);
#9504 = DEFINITIONAL_REPRESENTATION('',(#9505),#9509);
#9505 = LINE('',#9506,#9507);
#9506 = CARTESIAN_POINT('',(0.,5.1));
#9507 = VECTOR('',#9508,1.);
#9508 = DIRECTION('',(1.,0.));
#9509 = ( GEOMETRIC_REPRESENTATION_CONTEXT(2) 
PARAMETRIC_REPRESENTATION_CONTEXT() REPRESENTATION_CONTEXT('2D SPACE',''
  ) );
#9510 = PCURVE('',#9511,#9516);
#9511 = PLANE('',#9512);
#9512 = AXIS2_PLACEMENT_3D('',#9513,#9514,#9515);
#9513 = CARTESIAN_POINT('',(0.5715,0.,5.4));
#9514 = DIRECTION('',(0.,0.,1.));
#9515 = DIRECTION('',(1.,0.,-0.));
#9516 = DEFINITIONAL_REPRESENTATION('',(#9517),#9521);
#9517 = CIRCLE('',#9518,0.3874);
#9518 = AXIS2_PLACEMENT_2D('',#9519,#9520);
#9519 = CARTESIAN_POINT('',(0.,0.));
#9520 = DIRECTION('',(1.,0.));
#9521 = ( GEOMETRIC_REPRESENTATION_CONTEXT(2) 
PARAMETRIC_REPRESENTATION_CONTEXT() REPRESENTATION_CONTEXT('2D SPACE',''
  ) );
#9522 = ORIENTED_EDGE('',*,*,#9473,.F.);
#9523 = ORIENTED_EDGE('',*,*,#8767,.T.);
#9524 = ADVANCED_FACE('',(#9525),#8815,.F.);
#9525 = FACE_BOUND('',#9526,.F.);
#9526 = EDGE_LOOP('',(#9527,#9550,#9577,#9578));
#9527 = ORIENTED_EDGE('',*,*,#9528,.T.);
#9528 = EDGE_CURVE('',#8799,#9529,#9531,.T.);
#9529 = VERTEX_POINT('',#9530);
#9530 = CARTESIAN_POINT('',(3.2449,-9.488563399794E-17,5.4));
#9531 = SEAM_CURVE('',#9532,(#9536,#9543),.PCURVE_S1.);
#9532 = LINE('',#9533,#9534);
#9533 = CARTESIAN_POINT('',(3.2449,-9.488563399794E-17,0.3));
#9534 = VECTOR('',#9535,1.);
#9535 = DIRECTION('',(0.,0.,1.));
#9536 = PCURVE('',#8815,#9537);
#9537 = DEFINITIONAL_REPRESENTATION('',(#9538),#9542);
#9538 = LINE('',#9539,#9540);
#9539 = CARTESIAN_POINT('',(6.28318530718,-0.));
#9540 = VECTOR('',#9541,1.);
#9541 = DIRECTION('',(0.,1.));
#9542 = ( GEOMETRIC_REPRESENTATION_CONTEXT(2) 
PARAMETRIC_REPRESENTATION_CONTEXT() REPRESENTATION_CONTEXT('2D SPACE',''
  ) );
#9543 = PCURVE('',#8815,#9544);
#9544 = DEFINITIONAL_REPRESENTATION('',(#9545),#9549);
#9545 = LINE('',#9546,#9547);
#9546 = CARTESIAN_POINT('',(0.,-0.));
#9547 = VECTOR('',#9548,1.);
#9548 = DIRECTION('',(0.,1.));
#9549 = ( GEOMETRIC_REPRESENTATION_CONTEXT(2) 
PARAMETRIC_REPRESENTATION_CONTEXT() REPRESENTATION_CONTEXT('2D SPACE',''
  ) );
#9550 = ORIENTED_EDGE('',*,*,#9551,.F.);
#9551 = EDGE_CURVE('',#9529,#9529,#9552,.T.);
#9552 = SURFACE_CURVE('',#9553,(#9558,#9565),.PCURVE_S1.);
#9553 = CIRCLE('',#9554,0.3874);
#9554 = AXIS2_PLACEMENT_3D('',#9555,#9556,#9557);
#9555 = CARTESIAN_POINT('',(2.8575,0.,5.4));
#9556 = DIRECTION('',(0.,0.,1.));
#9557 = DIRECTION('',(1.,0.,-0.));
#9558 = PCURVE('',#8815,#9559);
#9559 = DEFINITIONAL_REPRESENTATION('',(#9560),#9564);
#9560 = LINE('',#9561,#9562);
#9561 = CARTESIAN_POINT('',(0.,5.1));
#9562 = VECTOR('',#9563,1.);
#9563 = DIRECTION('',(1.,0.));
#9564 = ( GEOMETRIC_REPRESENTATION_CONTEXT(2) 
PARAMETRIC_REPRESENTATION_CONTEXT() REPRESENTATION_CONTEXT('2D SPACE',''
  ) );
#9565 = PCURVE('',#9566,#9571);
#9566 = PLANE('',#9567);
#9567 = AXIS2_PLACEMENT_3D('',#9568,#9569,#9570);
#9568 = CARTESIAN_POINT('',(2.8575,0.,5.4));
#9569 = DIRECTION('',(0.,0.,1.));
#9570 = DIRECTION('',(1.,0.,-0.));
#9571 = DEFINITIONAL_REPRESENTATION('',(#9572),#9576);
#9572 = CIRCLE('',#9573,0.3874);
#9573 = AXIS2_PLACEMENT_2D('',#9574,#9575);
#9574 = CARTESIAN_POINT('',(0.,0.));
#9575 = DIRECTION('',(1.,0.));
#9576 = ( GEOMETRIC_REPRESENTATION_CONTEXT(2) 
PARAMETRIC_REPRESENTATION_CONTEXT() REPRESENTATION_CONTEXT('2D SPACE',''
  ) );
#9577 = ORIENTED_EDGE('',*,*,#9528,.F.);
#9578 = ORIENTED_EDGE('',*,*,#8798,.T.);
#9579 = ADVANCED_FACE('',(#9580),#8846,.F.);
#9580 = FACE_BOUND('',#9581,.F.);
#9581 = EDGE_LOOP('',(#9582,#9605,#9632,#9633));
#9582 = ORIENTED_EDGE('',*,*,#9583,.T.);
#9583 = EDGE_CURVE('',#8830,#9584,#9586,.T.);
#9584 = VERTEX_POINT('',#9585);
#9585 = CARTESIAN_POINT('',(5.5309,-9.488563399794E-17,5.4));
#9586 = SEAM_CURVE('',#9587,(#9591,#9598),.PCURVE_S1.);
#9587 = LINE('',#9588,#9589);
#9588 = CARTESIAN_POINT('',(5.5309,-9.488563399794E-17,0.3));
#9589 = VECTOR('',#9590,1.);
#9590 = DIRECTION('',(0.,0.,1.));
#9591 = PCURVE('',#8846,#9592);
#9592 = DEFINITIONAL_REPRESENTATION('',(#9593),#9597);
#9593 = LINE('',#9594,#9595);
#9594 = CARTESIAN_POINT('',(6.28318530718,-0.));
#9595 = VECTOR('',#9596,1.);
#9596 = DIRECTION('',(0.,1.));
#9597 = ( GEOMETRIC_REPRESENTATION_CONTEXT(2) 
PARAMETRIC_REPRESENTATION_CONTEXT() REPRESENTATION_CONTEXT('2D SPACE',''
  ) );
#9598 = PCURVE('',#8846,#9599);
#9599 = DEFINITIONAL_REPRESENTATION('',(#9600),#9604);
#9600 = LINE('',#9601,#9602);
#9601 = CARTESIAN_POINT('',(0.,-0.));
#9602 = VECTOR('',#9603,1.);
#9603 = DIRECTION('',(0.,1.));
#9604 = ( GEOMETRIC_REPRESENTATION_CONTEXT(2) 
PARAMETRIC_REPRESENTATION_CONTEXT() REPRESENTATION_CONTEXT('2D SPACE',''
  ) );
#9605 = ORIENTED_EDGE('',*,*,#9606,.F.);
#9606 = EDGE_CURVE('',#9584,#9584,#9607,.T.);
#9607 = SURFACE_CURVE('',#9608,(#9613,#9620),.PCURVE_S1.);
#9608 = CIRCLE('',#9609,0.3874);
#9609 = AXIS2_PLACEMENT_3D('',#9610,#9611,#9612);
#9610 = CARTESIAN_POINT('',(5.1435,0.,5.4));
#9611 = DIRECTION('',(0.,0.,1.));
#9612 = DIRECTION('',(1.,0.,-0.));
#9613 = PCURVE('',#8846,#9614);
#9614 = DEFINITIONAL_REPRESENTATION('',(#9615),#9619);
#9615 = LINE('',#9616,#9617);
#9616 = CARTESIAN_POINT('',(0.,5.1));
#9617 = VECTOR('',#9618,1.);
#9618 = DIRECTION('',(1.,0.));
#9619 = ( GEOMETRIC_REPRESENTATION_CONTEXT(2) 
PARAMETRIC_REPRESENTATION_CONTEXT() REPRESENTATION_CONTEXT('2D SPACE',''
  ) );
#9620 = PCURVE('',#9621,#9626);
#9621 = PLANE('',#9622);
#9622 = AXIS2_PLACEMENT_3D('',#9623,#9624,#9625);
#9623 = CARTESIAN_POINT('',(5.1435,0.,5.4));
#9624 = DIRECTION('',(0.,0.,1.));
#9625 = DIRECTION('',(1.,0.,-0.));
#9626 = DEFINITIONAL_REPRESENTATION('',(#9627),#9631);
#9627 = CIRCLE('',#9628,0.3874);
#9628 = AXIS2_PLACEMENT_2D('',#9629,#9630);
#9629 = CARTESIAN_POINT('',(0.,0.));
#9630 = DIRECTION('',(1.,0.));
#9631 = ( GEOMETRIC_REPRESENTATION_CONTEXT(2) 
PARAMETRIC_REPRESENTATION_CONTEXT() REPRESENTATION_CONTEXT('2D SPACE',''
  ) );
#9632 = ORIENTED_EDGE('',*,*,#9583,.F.);
#9633 = ORIENTED_EDGE('',*,*,#8829,.T.);
#9634 = ADVANCED_FACE('',(#9635),#8877,.F.);
#9635 = FACE_BOUND('',#9636,.F.);
#9636 = EDGE_LOOP('',(#9637,#9660,#9687,#9688));
#9637 = ORIENTED_EDGE('',*,*,#9638,.T.);
#9638 = EDGE_CURVE('',#8861,#9639,#9641,.T.);
#9639 = VERTEX_POINT('',#9640);
#9640 = CARTESIAN_POINT('',(2.1019,1.981,5.4));
#9641 = SEAM_CURVE('',#9642,(#9646,#9653),.PCURVE_S1.);
#9642 = LINE('',#9643,#9644);
#9643 = CARTESIAN_POINT('',(2.1019,1.981,0.3));
#9644 = VECTOR('',#9645,1.);
#9645 = DIRECTION('',(0.,0.,1.));
#9646 = PCURVE('',#8877,#9647);
#9647 = DEFINITIONAL_REPRESENTATION('',(#9648),#9652);
#9648 = LINE('',#9649,#9650);
#9649 = CARTESIAN_POINT('',(6.28318530718,-0.));
#9650 = VECTOR('',#9651,1.);
#9651 = DIRECTION('',(0.,1.));
#9652 = ( GEOMETRIC_REPRESENTATION_CONTEXT(2) 
PARAMETRIC_REPRESENTATION_CONTEXT() REPRESENTATION_CONTEXT('2D SPACE',''
  ) );
#9653 = PCURVE('',#8877,#9654);
#9654 = DEFINITIONAL_REPRESENTATION('',(#9655),#9659);
#9655 = LINE('',#9656,#9657);
#9656 = CARTESIAN_POINT('',(0.,-0.));
#9657 = VECTOR('',#9658,1.);
#9658 = DIRECTION('',(0.,1.));
#9659 = ( GEOMETRIC_REPRESENTATION_CONTEXT(2) 
PARAMETRIC_REPRESENTATION_CONTEXT() REPRESENTATION_CONTEXT('2D SPACE',''
  ) );
#9660 = ORIENTED_EDGE('',*,*,#9661,.F.);
#9661 = EDGE_CURVE('',#9639,#9639,#9662,.T.);
#9662 = SURFACE_CURVE('',#9663,(#9668,#9675),.PCURVE_S1.);
#9663 = CIRCLE('',#9664,0.3874);
#9664 = AXIS2_PLACEMENT_3D('',#9665,#9666,#9667);
#9665 = CARTESIAN_POINT('',(1.7145,1.981,5.4));
#9666 = DIRECTION('',(0.,0.,1.));
#9667 = DIRECTION('',(1.,0.,-0.));
#9668 = PCURVE('',#8877,#9669);
#9669 = DEFINITIONAL_REPRESENTATION('',(#9670),#9674);
#9670 = LINE('',#9671,#9672);
#9671 = CARTESIAN_POINT('',(0.,5.1));
#9672 = VECTOR('',#9673,1.);
#9673 = DIRECTION('',(1.,0.));
#9674 = ( GEOMETRIC_REPRESENTATION_CONTEXT(2) 
PARAMETRIC_REPRESENTATION_CONTEXT() REPRESENTATION_CONTEXT('2D SPACE',''
  ) );
#9675 = PCURVE('',#9676,#9681);
#9676 = PLANE('',#9677);
#9677 = AXIS2_PLACEMENT_3D('',#9678,#9679,#9680);
#9678 = CARTESIAN_POINT('',(1.7145,1.981,5.4));
#9679 = DIRECTION('',(0.,0.,1.));
#9680 = DIRECTION('',(1.,0.,-0.));
#9681 = DEFINITIONAL_REPRESENTATION('',(#9682),#9686);
#9682 = CIRCLE('',#9683,0.3874);
#9683 = AXIS2_PLACEMENT_2D('',#9684,#9685);
#9684 = CARTESIAN_POINT('',(0.,0.));
#9685 = DIRECTION('',(1.,0.));
#9686 = ( GEOMETRIC_REPRESENTATION_CONTEXT(2) 
PARAMETRIC_REPRESENTATION_CONTEXT() REPRESENTATION_CONTEXT('2D SPACE',''
  ) );
#9687 = ORIENTED_EDGE('',*,*,#9638,.F.);
#9688 = ORIENTED_EDGE('',*,*,#8860,.T.);
#9689 = ADVANCED_FACE('',(#9690),#8908,.F.);
#9690 = FACE_BOUND('',#9691,.F.);
#9691 = EDGE_LOOP('',(#9692,#9715,#9742,#9743));
#9692 = ORIENTED_EDGE('',*,*,#9693,.T.);
#9693 = EDGE_CURVE('',#8892,#9694,#9696,.T.);
#9694 = VERTEX_POINT('',#9695);
#9695 = CARTESIAN_POINT('',(4.3879,1.981,5.4));
#9696 = SEAM_CURVE('',#9697,(#9701,#9708),.PCURVE_S1.);
#9697 = LINE('',#9698,#9699);
#9698 = CARTESIAN_POINT('',(4.3879,1.981,0.3));
#9699 = VECTOR('',#9700,1.);
#9700 = DIRECTION('',(0.,0.,1.));
#9701 = PCURVE('',#8908,#9702);
#9702 = DEFINITIONAL_REPRESENTATION('',(#9703),#9707);
#9703 = LINE('',#9704,#9705);
#9704 = CARTESIAN_POINT('',(6.28318530718,-0.));
#9705 = VECTOR('',#9706,1.);
#9706 = DIRECTION('',(0.,1.));
#9707 = ( GEOMETRIC_REPRESENTATION_CONTEXT(2) 
PARAMETRIC_REPRESENTATION_CONTEXT() REPRESENTATION_CONTEXT('2D SPACE',''
  ) );
#9708 = PCURVE('',#8908,#9709);
#9709 = DEFINITIONAL_REPRESENTATION('',(#9710),#9714);
#9710 = LINE('',#9711,#9712);
#9711 = CARTESIAN_POINT('',(0.,-0.));
#9712 = VECTOR('',#9713,1.);
#9713 = DIRECTION('',(0.,1.));
#9714 = ( GEOMETRIC_REPRESENTATION_CONTEXT(2) 
PARAMETRIC_REPRESENTATION_CONTEXT() REPRESENTATION_CONTEXT('2D SPACE',''
  ) );
#9715 = ORIENTED_EDGE('',*,*,#9716,.F.);
#9716 = EDGE_CURVE('',#9694,#9694,#9717,.T.);
#9717 = SURFACE_CURVE('',#9718,(#9723,#9730),.PCURVE_S1.);
#9718 = CIRCLE('',#9719,0.3874);
#9719 = AXIS2_PLACEMENT_3D('',#9720,#9721,#9722);
#9720 = CARTESIAN_POINT('',(4.0005,1.981,5.4));
#9721 = DIRECTION('',(0.,0.,1.));
#9722 = DIRECTION('',(1.,0.,-0.));
#9723 = PCURVE('',#8908,#9724);
#9724 = DEFINITIONAL_REPRESENTATION('',(#9725),#9729);
#9725 = LINE('',#9726,#9727);
#9726 = CARTESIAN_POINT('',(0.,5.1));
#9727 = VECTOR('',#9728,1.);
#9728 = DIRECTION('',(1.,0.));
#9729 = ( GEOMETRIC_REPRESENTATION_CONTEXT(2) 
PARAMETRIC_REPRESENTATION_CONTEXT() REPRESENTATION_CONTEXT('2D SPACE',''
  ) );
#9730 = PCURVE('',#9731,#9736);
#9731 = PLANE('',#9732);
#9732 = AXIS2_PLACEMENT_3D('',#9733,#9734,#9735);
#9733 = CARTESIAN_POINT('',(4.0005,1.981,5.4));
#9734 = DIRECTION('',(0.,0.,1.));
#9735 = DIRECTION('',(1.,0.,-0.));
#9736 = DEFINITIONAL_REPRESENTATION('',(#9737),#9741);
#9737 = CIRCLE('',#9738,0.3874);
#9738 = AXIS2_PLACEMENT_2D('',#9739,#9740);
#9739 = CARTESIAN_POINT('',(0.,0.));
#9740 = DIRECTION('',(1.,0.));
#9741 = ( GEOMETRIC_REPRESENTATION_CONTEXT(2) 
PARAMETRIC_REPRESENTATION_CONTEXT() REPRESENTATION_CONTEXT('2D SPACE',''
  ) );
#9742 = ORIENTED_EDGE('',*,*,#9693,.F.);
#9743 = ORIENTED_EDGE('',*,*,#8891,.T.);
#9744 = ADVANCED_FACE('',(#9745),#8961,.F.);
#9745 = FACE_BOUND('',#9746,.F.);
#9746 = EDGE_LOOP('',(#9747));
#9747 = ORIENTED_EDGE('',*,*,#8946,.T.);
#9748 = ADVANCED_FACE('',(#9749),#9016,.F.);
#9749 = FACE_BOUND('',#9750,.F.);
#9750 = EDGE_LOOP('',(#9751));
#9751 = ORIENTED_EDGE('',*,*,#9001,.T.);
#9752 = ADVANCED_FACE('',(#9753),#9071,.F.);
#9753 = FACE_BOUND('',#9754,.F.);
#9754 = EDGE_LOOP('',(#9755));
#9755 = ORIENTED_EDGE('',*,*,#9056,.T.);
#9756 = ADVANCED_FACE('',(#9757),#9126,.F.);
#9757 = FACE_BOUND('',#9758,.F.);
#9758 = EDGE_LOOP('',(#9759));
#9759 = ORIENTED_EDGE('',*,*,#9111,.T.);
#9760 = ADVANCED_FACE('',(#9761),#9181,.F.);
#9761 = FACE_BOUND('',#9762,.F.);
#9762 = EDGE_LOOP('',(#9763));
#9763 = ORIENTED_EDGE('',*,*,#9166,.T.);
#9764 = ADVANCED_FACE('',(#9765),#9236,.F.);
#9765 = FACE_BOUND('',#9766,.F.);
#9766 = EDGE_LOOP('',(#9767));
#9767 = ORIENTED_EDGE('',*,*,#9221,.T.);
#9768 = ADVANCED_FACE('',(#9769),#9291,.F.);
#9769 = FACE_BOUND('',#9770,.F.);
#9770 = EDGE_LOOP('',(#9771));
#9771 = ORIENTED_EDGE('',*,*,#9276,.T.);
#9772 = ADVANCED_FACE('',(#9773),#9346,.F.);
#9773 = FACE_BOUND('',#9774,.F.);
#9774 = EDGE_LOOP('',(#9775));
#9775 = ORIENTED_EDGE('',*,*,#9331,.T.);
#9776 = ADVANCED_FACE('',(#9777),#9401,.F.);
#9777 = FACE_BOUND('',#9778,.F.);
#9778 = EDGE_LOOP('',(#9779));
#9779 = ORIENTED_EDGE('',*,*,#9386,.T.);
#9780 = ADVANCED_FACE('',(#9781),#9456,.F.);
#9781 = FACE_BOUND('',#9782,.F.);
#9782 = EDGE_LOOP('',(#9783));
#9783 = ORIENTED_EDGE('',*,*,#9441,.T.);
#9784 = ADVANCED_FACE('',(#9785),#9511,.F.);
#9785 = FACE_BOUND('',#9786,.F.);
#9786 = EDGE_LOOP('',(#9787));
#9787 = ORIENTED_EDGE('',*,*,#9496,.T.);
#9788 = ADVANCED_FACE('',(#9789),#9566,.F.);
#9789 = FACE_BOUND('',#9790,.F.);
#9790 = EDGE_LOOP('',(#9791));
#9791 = ORIENTED_EDGE('',*,*,#9551,.T.);
#9792 = ADVANCED_FACE('',(#9793),#9621,.F.);
#9793 = FACE_BOUND('',#9794,.F.);
#9794 = EDGE_LOOP('',(#9795));
#9795 = ORIENTED_EDGE('',*,*,#9606,.T.);
#9796 = ADVANCED_FACE('',(#9797),#9676,.F.);
#9797 = FACE_BOUND('',#9798,.F.);
#9798 = EDGE_LOOP('',(#9799));
#9799 = ORIENTED_EDGE('',*,*,#9661,.T.);
#9800 = ADVANCED_FACE('',(#9801),#9731,.F.);
#9801 = FACE_BOUND('',#9802,.F.);
#9802 = EDGE_LOOP('',(#9803));
#9803 = ORIENTED_EDGE('',*,*,#9716,.T.);
#9804 = ( GEOMETRIC_REPRESENTATION_CONTEXT(3) 
GLOBAL_UNCERTAINTY_ASSIGNED_CONTEXT((#9808)) 
GLOBAL_UNIT_ASSIGNED_CONTEXT((#9805,#9806,#9807)) REPRESENTATION_CONTEXT
('Context #1','3D Context with UNIT and UNCERTAINTY') );
#9805 = ( LENGTH_UNIT() NAMED_UNIT(*) SI_UNIT(.MILLI.,.METRE.) );
#9806 = ( NAMED_UNIT(*) PLANE_ANGLE_UNIT() SI_UNIT($,.RADIAN.) );
#9807 = ( NAMED_UNIT(*) SI_UNIT($,.STERADIAN.) SOLID_ANGLE_UNIT() );
#9808 = UNCERTAINTY_MEASURE_WITH_UNIT(LENGTH_MEASURE(1.E-07),#9805,
  'distance_accuracy_value','confusion accuracy');
#9809 = PRODUCT_RELATED_PRODUCT_CATEGORY('part',$,(#7));
ENDSEC;
END-ISO-10303-21;
